발생년월일시,주야,요일,사망자수,중상자수,경상자수,사고유형_대분류,사고유형_중분류,사고유형,도로형태_대분류,도로형태,당사자종별_1당_대분류,당사자종별_2당_대분류
2017.1.22 16:00,주간,일,1,0,8,차대차,추돌,추돌,단일로,기타단일로,승합차,승합차
2017.1.22 16:00,주간,일,1,0,0,차대사람,기타,기타,단일로,기타단일로,승합차,보행자
2017.1.22 17:00,주간,일,1,0,0,차량단독,전도전복,전도전복,단일로,기타단일로,승용차,없음
2017.1.22 17:00,주간,일,1,1,0,차대차,기타,기타,단일로,기타단일로,승용차,화물차
2017.1.22 18:00,야간,일,1,0,0,차대사람,횡단중,횡단중,단일로,기타단일로,승용차,보행자
2017.1.22 19:00,야간,일,1,0,0,차대사람,보도통행중,보도통행중,교차로,교차로횡단보도내,승용차,보행자
2017.1.22 21:00,야간,일,1,0,0,차대사람,횡단중,횡단중,단일로,기타단일로,승합차,보행자
2017.1.22 22:00,야간,일,1,0,0,차대사람,기타,기타,단일로,기타단일로,승용차,보행자
2017.1.23 6:00,주간,월,1,0,0,차대사람,횡단중,횡단중,교차로,교차로부근,승용차,보행자
2017.1.23 7:00,주간,월,1,0,0,차대사람,횡단중,횡단중,교차로,교차로내,화물차,보행자
2017.1.23 9:00,주간,월,1,0,0,차대사람,횡단중,횡단중,단일로,기타단일로,화물차,보행자
2017.1.23 9:00,주간,월,1,0,0,차대사람,기타,기타,단일로,기타단일로,승용차,보행자
2017.1.23 10:00,주간,월,1,0,0,차량단독,공작물충돌,공작물충돌,단일로,기타단일로,화물차,없음
2017.1.23 11:00,주간,월,1,0,0,차대사람,횡단중,횡단중,단일로,기타단일로,승용차,보행자
2017.1.23 16:00,주간,월,1,4,1,차대차,기타,기타,단일로,지하차도(도로)내,화물차,승용차
2017.1.23 16:00,주간,월,1,0,0,차대사람,기타,기타,교차로,교차로횡단보도내,승용차,보행자
2017.1.23 18:00,야간,월,1,0,0,차대사람,횡단중,횡단중,교차로,교차로부근,승용차,보행자
2017.1.24 6:00,주간,화,1,0,0,차량단독,공작물충돌,공작물충돌,단일로,기타단일로,승용차,없음
2017.1.24 6:00,주간,화,1,0,0,차대사람,횡단중,횡단중,단일로,기타단일로,승용차,보행자
2017.1.24 10:00,주간,화,1,0,0,차량단독,전도,전도,단일로,기타단일로,승용차,없음
2017.1.24 13:00,주간,화,1,0,0,차대차,측면충돌,측면충돌,단일로,기타단일로,승용차,이륜차
2017.1.24 14:00,주간,화,1,0,0,차대차,측면충돌,측면충돌,단일로,기타단일로,화물차,자전거
2017.1.24 15:00,주간,화,1,1,0,차량단독,전도전복,전도전복,불명,불명,승용차,없음
2017.1.24 15:00,주간,화,1,0,0,차대차,측면충돌,측면충돌,기타,기타,이륜차,화물차
2017.1.24 17:00,주간,화,1,0,0,차대사람,기타,기타,단일로,기타단일로,승용차,보행자
2017.1.24 19:00,야간,화,1,0,0,차대사람,횡단중,횡단중,교차로,교차로부근,승용차,보행자
2017.1.25 0:00,야간,수,1,0,0,차대차,기타,기타,단일로,기타단일로,승합차,승용차
2017.1.25 4:00,야간,수,2,0,0,차대사람,횡단중,횡단중,교차로,교차로횡단보도내,승용차,보행자
2017.1.25 4:00,야간,수,1,0,0,차대사람,횡단중,횡단중,단일로,기타단일로,승용차,보행자
2017.1.25 5:00,야간,수,1,0,0,차대차,기타,기타,단일로,기타단일로,승용차,승용차
2017.1.25 14:00,주간,수,1,0,0,차량단독,전도,전도,단일로,교량위,화물차,없음
2017.1.25 16:00,주간,수,1,0,0,차대사람,기타,기타,단일로,기타단일로,승합차,보행자
2017.1.25 16:00,주간,수,1,0,0,차대사람,길가장자리구역통행중,길가장자리구역통행중,단일로,기타단일로,승용차,보행자
2017.1.25 18:00,야간,수,1,0,0,차대사람,기타,기타,단일로,기타단일로,화물차,보행자
2017.1.25 22:00,야간,수,1,0,0,차대사람,횡단중,횡단중,단일로,기타단일로,승용차,보행자
2017.1.25 23:00,야간,수,1,0,3,차대차,추돌,추돌,단일로,기타단일로,승용차,승용차
2017.1.25 23:00,야간,수,1,0,4,차대차,측면충돌,측면충돌,단일로,기타단일로,승용차,승용차
2017.1.26 0:00,야간,목,1,0,0,차대사람,횡단중,횡단중,교차로,교차로횡단보도내,승용차,보행자
2017.1.26 2:00,야간,목,1,0,0,차대사람,횡단중,횡단중,교차로,교차로내,승용차,보행자
2017.1.26 5:00,야간,목,1,0,0,차대사람,횡단중,횡단중,교차로,교차로내,승용차,보행자
2017.1.26 6:00,주간,목,1,0,0,차대사람,횡단중,횡단중,교차로,교차로부근,승용차,보행자
2017.1.26 7:00,주간,목,1,0,0,차대사람,횡단중,횡단중,교차로,교차로부근,승용차,보행자
2017.1.26 8:00,주간,목,1,0,0,차대차,추돌,추돌,단일로,기타단일로,승용차,화물차
2017.1.26 8:00,주간,목,1,0,0,차대차,측면충돌,측면충돌,단일로,기타단일로,화물차,승용차
2017.1.26 14:00,주간,목,1,0,0,차대차,기타,기타,단일로,교량위,화물차,이륜차
2017.1.26 14:00,주간,목,1,1,1,차대차,추돌,추돌,단일로,기타단일로,화물차,승용차
2017.1.26 14:00,주간,목,1,0,0,차대사람,횡단중,횡단중,단일로,기타단일로,건설기계,보행자
2017.1.26 17:00,주간,목,1,0,0,차대차,측면충돌,측면충돌,교차로,교차로내,화물차,원동기장치자전거
2017.1.26 18:00,야간,목,1,0,0,차대사람,횡단중,횡단중,교차로,교차로내,승합차,보행자
2017.1.26 22:00,야간,목,1,0,0,차대사람,차도통행중,차도통행중,단일로,기타단일로,승용차,보행자
2017.1.27 3:00,야간,금,1,0,0,차대사람,기타,기타,단일로,기타단일로,승용차,보행자
2017.1.27 4:00,야간,금,1,0,0,차대차,측면충돌,측면충돌,단일로,기타단일로,승용차,이륜차
2017.1.27 5:00,야간,금,1,0,0,차대사람,횡단중,횡단중,단일로,기타단일로,승용차,보행자
2017.1.27 6:00,주간,금,1,0,3,차량단독,전도,전도,단일로,기타단일로,승용차,없음
2017.1.27 10:00,주간,금,1,0,1,차대사람,횡단중,횡단중,단일로,기타단일로,승용차,보행자
2017.1.27 14:00,주간,금,1,0,0,차대차,측면충돌,측면충돌,단일로,기타단일로,승용차,이륜차
2017.1.27 17:00,주간,금,1,0,0,차대사람,차도통행중,차도통행중,단일로,기타단일로,승용차,보행자
2017.1.27 20:00,야간,금,1,0,0,차대사람,횡단중,횡단중,교차로,교차로부근,승용차,보행자
2017.1.27 20:00,야간,금,1,0,0,차대사람,차도통행중,차도통행중,단일로,기타단일로,승용차,보행자
2017.1.27 22:00,야간,금,1,0,0,차대사람,횡단중,횡단중,단일로,기타단일로,승용차,보행자
2017.1.27 23:00,야간,금,1,0,0,차대차,기타,기타,단일로,기타단일로,승용차,승용차
2017.1.28 2:00,야간,토,1,0,0,차량단독,전도,전도,단일로,기타단일로,승용차,없음
2017.1.28 6:00,주간,토,1,0,1,차대차,정면충돌,정면충돌,교차로,교차로내,승용차,승용차
2017.1.29 2:00,야간,일,1,0,0,차량단독,공작물충돌,공작물충돌,단일로,기타단일로,화물차,없음
2017.1.29 3:00,야간,일,2,1,1,차대차,추돌,추돌,단일로,기타단일로,승용차,승용차
2017.1.29 16:00,주간,일,1,0,0,차량단독,공작물충돌,공작물충돌,단일로,기타단일로,승용차,없음
2017.1.29 18:00,야간,일,1,2,0,차대차,추돌,추돌,단일로,기타단일로,승용차,승용차
2017.1.29 18:00,야간,일,1,0,0,차대차,기타,기타,단일로,기타단일로,승합차,승용차
2017.1.29 19:00,야간,일,1,0,0,차대사람,횡단중,횡단중,단일로,기타단일로,화물차,보행자
2017.1.30 2:00,야간,월,1,0,0,차량단독,전도전복,전도전복,단일로,기타단일로,승용차,없음
2017.1.30 2:00,야간,월,2,1,0,차대차,측면충돌,측면충돌,단일로,기타단일로,승용차,승합차
2017.1.30 15:00,주간,월,1,0,0,차대차,측면충돌,측면충돌,단일로,기타단일로,승용차,원동기장치자전거
2017.1.30 16:00,주간,월,1,5,1,차대차,측면충돌,측면충돌,교차로,교차로내,승용차,승용차
2017.1.30 16:00,주간,월,1,0,0,차대사람,횡단중,횡단중,교차로,교차로부근,승용차,보행자
2017.1.30 18:00,야간,월,1,0,0,차대사람,차도통행중,차도통행중,단일로,기타단일로,승합차,보행자
2017.1.30 20:00,야간,월,1,0,0,차대사람,횡단중,횡단중,교차로,교차로횡단보도내,승합차,보행자
2017.1.30 20:00,야간,월,1,0,0,차대사람,횡단중,횡단중,교차로,교차로내,승용차,보행자
2017.1.30 21:00,야간,월,1,1,0,차대차,추돌,추돌,단일로,기타단일로,화물차,화물차
2017.1.31 4:00,야간,화,1,0,0,차량단독,공작물충돌,공작물충돌,단일로,기타단일로,승용차,없음
2017.1.31 6:00,주간,화,1,0,0,차대사람,횡단중,횡단중,단일로,기타단일로,승용차,보행자
2017.1.31 9:00,주간,화,1,0,0,차대차,측면충돌,측면충돌,단일로,기타단일로,승용차,원동기장치자전거
2017.1.31 10:00,주간,화,1,0,0,차대차,추돌,추돌,단일로,기타단일로,승용차,화물차
2017.1.31 14:00,주간,화,1,1,0,차대사람,횡단중,횡단중,단일로,기타단일로,화물차,보행자
2017.1.31 17:00,주간,화,1,0,0,차대사람,횡단중,횡단중,교차로,교차로내,화물차,보행자
2017.1.31 19:00,야간,화,1,0,0,차량단독,공작물충돌,공작물충돌,단일로,기타단일로,승용차,없음
2017.1.31 23:00,야간,화,1,0,0,차대차,추돌,추돌,단일로,기타단일로,승용차,화물차
2017.2.1 7:00,주간,수,1,0,0,차대사람,길가장자리구역통행중,길가장자리구역통행중,단일로,기타단일로,승용차,보행자
2017.2.1 11:00,주간,수,1,1,0,차대차,추돌,추돌,단일로,기타단일로,화물차,화물차
2017.2.1 15:00,주간,수,1,0,0,차대차,추돌,추돌,단일로,기타단일로,화물차,화물차
2017.2.1 15:00,주간,수,1,0,0,차량단독,전도전복,전도전복,단일로,기타단일로,이륜차,없음
2017.2.1 16:00,주간,수,1,0,6,차대차,추돌,추돌,단일로,기타단일로,화물차,승용차
2017.2.1 17:00,주간,수,1,4,2,차대차,정면충돌,정면충돌,단일로,기타단일로,승용차,승합차
2017.2.1 18:00,야간,수,1,0,0,차대사람,횡단중,횡단중,단일로,기타단일로,화물차,보행자
2017.2.1 19:00,야간,수,1,2,0,차대차,추돌,추돌,단일로,기타단일로,승용차,이륜차
2017.2.1 22:00,야간,수,1,0,1,차량단독,공작물충돌,공작물충돌,단일로,기타단일로,승용차,없음
2017.2.2 3:00,야간,목,1,1,0,차대차,기타,기타,단일로,기타단일로,승용차,승용차
2017.2.2 5:00,야간,목,1,0,0,차대사람,횡단중,횡단중,단일로,기타단일로,화물차,보행자
2017.2.2 6:00,주간,목,1,0,0,차대사람,횡단중,횡단중,단일로,기타단일로,승용차,보행자
2017.2.2 9:00,주간,목,1,0,0,차대사람,보도통행중,보도통행중,단일로,기타단일로,건설기계,보행자
2017.2.2 9:00,주간,목,1,0,0,차대차,측면충돌,측면충돌,단일로,기타단일로,승용차,자전거
2017.2.2 15:00,주간,목,1,0,0,차량단독,공작물충돌,공작물충돌,단일로,기타단일로,승용차,없음
2017.2.2 16:00,주간,목,1,1,0,차대차,정면충돌,정면충돌,기타,기타,승용차,승용차
2017.2.2 17:00,주간,목,1,0,0,차대차,정면충돌,정면충돌,단일로,기타단일로,승용차,화물차
2017.2.2 18:00,야간,목,1,0,0,차대차,측면충돌,측면충돌,단일로,기타단일로,이륜차,승합차
2017.2.2 18:00,야간,목,1,0,0,차대사람,횡단중,횡단중,단일로,기타단일로,승용차,보행자
2017.2.2 18:00,야간,목,1,0,0,차량단독,전도전복,전도전복,단일로,기타단일로,승용차,없음
2017.2.2 18:00,야간,목,1,0,0,차량단독,전도,전도,단일로,기타단일로,화물차,없음
2017.2.2 19:00,야간,목,1,0,0,차대사람,차도통행중,차도통행중,교차로,교차로내,승용차,보행자
2017.2.2 21:00,야간,목,1,0,1,차대차,정면충돌,정면충돌,단일로,고가도로위,승용차,승용차
2017.2.2 23:00,야간,목,1,0,0,차대사람,횡단중,횡단중,교차로,교차로부근,화물차,보행자
2017.2.3 0:00,야간,금,1,0,0,차량단독,전도,전도,단일로,기타단일로,이륜차,없음
2017.2.3 0:00,야간,금,1,0,0,차대사람,횡단중,횡단중,단일로,기타단일로,승용차,보행자
2017.2.3 1:00,야간,금,1,0,2,차대차,정면충돌,정면충돌,단일로,기타단일로,승용차,승용차
2017.2.3 2:00,야간,금,1,0,1,차대차,추돌,추돌,단일로,교량위,승합차,승용차
2017.2.3 8:00,주간,금,1,0,0,차대사람,횡단중,횡단중,단일로,기타단일로,화물차,보행자
2017.2.3 11:00,주간,금,1,0,0,차대차,측면충돌,측면충돌,교차로,교차로부근,화물차,원동기장치자전거
2017.2.3 13:00,주간,금,1,0,0,차대사람,횡단중,횡단중,단일로,기타단일로,화물차,보행자
2017.2.3 14:00,주간,금,1,0,0,차대차,측면충돌,측면충돌,교차로,교차로내,화물차,원동기장치자전거
2017.2.3 16:00,주간,금,1,0,0,차량단독,공작물충돌,공작물충돌,단일로,기타단일로,이륜차,없음
2017.2.3 18:00,야간,금,1,0,0,차대사람,횡단중,횡단중,단일로,기타단일로,화물차,보행자
2017.2.3 19:00,야간,금,1,0,0,차대차,추돌,추돌,단일로,기타단일로,승용차,승용차
2017.2.3 19:00,야간,금,1,0,0,차대사람,횡단중,횡단중,단일로,기타단일로,승용차,보행자
2017.2.3 20:00,야간,금,1,0,0,차대차,기타,기타,교차로,교차로내,원동기장치자전거,승합차
2017.2.3 21:00,야간,금,1,0,0,차대차,추돌,추돌,교차로,교차로부근,승합차,자전거
2017.2.3 22:00,야간,금,1,1,0,차대차,기타,기타,단일로,기타단일로,승합차,승용차
2017.2.3 23:00,야간,금,1,0,0,차량단독,기타,기타,기타,기타,승용차,없음
2017.2.4 2:00,야간,토,1,0,0,차량단독,기타,기타,단일로,기타단일로,승용차,없음
2017.2.4 7:00,주간,토,1,0,0,차대차,정면충돌,정면충돌,교차로,교차로내,건설기계,승용차
2017.2.4 8:00,주간,토,1,0,0,차대사람,횡단중,횡단중,교차로,교차로횡단보도내,화물차,보행자
2017.2.4 15:00,주간,토,1,0,0,차량단독,기타,기타,단일로,기타단일로,사륜오토바이(ATV),없음
2017.2.4 17:00,주간,토,1,0,0,차대차,측면충돌,측면충돌,단일로,기타단일로,자전거,승합차
2017.2.4 17:00,주간,토,1,1,0,차대차,측면충돌,측면충돌,교차로,교차로내,승용차,이륜차
2017.2.4 18:00,야간,토,1,0,0,차대사람,횡단중,횡단중,교차로,교차로부근,승용차,보행자
2017.2.4 18:00,야간,토,1,0,0,차대차,정면충돌,정면충돌,교차로,교차로내,승용차,이륜차
2017.2.4 19:00,야간,토,1,0,0,차대사람,횡단중,횡단중,교차로,교차로횡단보도내,승합차,보행자
2017.2.4 19:00,야간,토,1,0,0,차대차,측면충돌,측면충돌,교차로,교차로내,승용차,이륜차
2017.2.4 19:00,야간,토,1,0,0,차대사람,횡단중,횡단중,단일로,기타단일로,승용차,보행자
2017.2.4 23:00,야간,토,1,0,0,차대차,측면충돌,측면충돌,단일로,터널안,승용차,승합차
2017.2.5 1:00,야간,일,1,1,0,차량단독,전도,전도,단일로,기타단일로,승용차,없음
2017.2.5 1:00,야간,일,1,0,1,차대차,측면충돌,측면충돌,교차로,교차로내,원동기장치자전거,승용차
2017.2.5 3:00,야간,일,1,0,0,차대사람,기타,기타,단일로,기타단일로,승용차,보행자
2017.2.5 6:00,주간,일,1,0,0,차대차,정면충돌,정면충돌,교차로,교차로내,화물차,승합차
2017.2.5 7:00,주간,일,1,0,0,차대사람,횡단중,횡단중,교차로,교차로횡단보도내,승용차,보행자
2017.2.5 17:00,주간,일,1,0,0,차대사람,횡단중,횡단중,교차로,교차로내,승용차,보행자
2017.2.5 20:00,야간,일,1,0,0,차량단독,전도,전도,교차로,교차로내,이륜차,없음
2017.2.5 22:00,야간,일,1,0,0,차대사람,횡단중,횡단중,단일로,기타단일로,승용차,보행자
2017.2.6 0:00,야간,월,1,0,0,차대사람,횡단중,횡단중,기타,기타,승용차,보행자
2017.2.6 5:00,야간,월,1,0,0,차대사람,횡단중,횡단중,교차로,교차로횡단보도내,승용차,보행자
2017.2.6 6:00,주간,월,1,0,0,차대사람,횡단중,횡단중,교차로,교차로부근,화물차,보행자
2017.2.6 12:00,주간,월,1,0,0,차대사람,길가장자리구역통행중,길가장자리구역통행중,단일로,기타단일로,승합차,보행자
2017.2.6 18:00,야간,월,1,0,0,차대사람,횡단중,횡단중,단일로,기타단일로,승용차,보행자
2017.2.6 18:00,야간,월,1,0,0,차대차,측면충돌,측면충돌,교차로,교차로내,승용차,이륜차
2017.2.7 6:00,주간,화,1,1,0,차대차,측면충돌,측면충돌,교차로,교차로내,자전거,승용차
2017.2.7 6:00,주간,화,1,0,0,차대사람,횡단중,횡단중,단일로,기타단일로,승용차,보행자
2017.2.7 6:00,주간,화,1,1,0,차대차,추돌,추돌,교차로,교차로내,승용차,승용차
2017.2.7 6:00,주간,화,1,0,0,차대차,측면충돌,측면충돌,교차로,교차로내,건설기계,자전거
2017.2.7 7:00,주간,화,1,0,0,차대사람,횡단중,횡단중,교차로,교차로내,화물차,보행자
2017.2.7 14:00,주간,화,1,0,0,차대차,기타,기타,교차로,교차로부근,원동기장치자전거,승합차
2017.2.7 17:00,주간,화,1,0,0,차량단독,공작물충돌,공작물충돌,단일로,기타단일로,승용차,없음
2017.2.7 18:00,야간,화,1,0,0,차대사람,횡단중,횡단중,교차로,교차로횡단보도내,승합차,보행자
2017.2.7 21:00,야간,화,1,0,0,차대사람,횡단중,횡단중,교차로,교차로부근,승용차,보행자
2017.2.7 22:00,야간,화,1,0,0,차량단독,공작물충돌,공작물충돌,단일로,기타단일로,화물차,없음
2017.2.7 23:00,야간,화,1,0,0,차대사람,차도통행중,차도통행중,단일로,기타단일로,화물차,보행자
2017.2.8 5:00,야간,수,1,0,0,차대차,측면충돌,측면충돌,단일로,기타단일로,승용차,승용차
2017.2.8 11:00,주간,수,1,0,0,차대사람,횡단중,횡단중,단일로,기타단일로,화물차,보행자
2017.2.8 13:00,주간,수,1,0,1,차대차,추돌,추돌,교차로,교차로내,화물차,화물차
2017.2.8 15:00,주간,수,1,0,0,차대차,추돌,추돌,단일로,기타단일로,승용차,자전거
2017.2.8 16:00,주간,수,1,0,0,차대차,기타,기타,교차로,교차로부근,화물차,특수차
2017.2.8 18:00,야간,수,1,0,0,차대차,추돌,추돌,단일로,기타단일로,이륜차,화물차
2017.2.8 19:00,야간,수,1,0,0,차대차,후진중충돌,후진중충돌,단일로,기타단일로,승용차,승용차
2017.2.8 19:00,야간,수,1,1,0,차대차,추돌,추돌,교차로,교차로부근,승용차,승합차
2017.2.9 5:00,야간,목,1,0,0,차대차,측면충돌,측면충돌,교차로,교차로내,건설기계,승합차
2017.2.9 6:00,주간,목,1,0,0,차대차,기타,기타,단일로,기타단일로,화물차,승용차
2017.2.9 12:00,주간,목,1,0,0,차대사람,횡단중,횡단중,단일로,기타단일로,승용차,보행자
2017.2.9 13:00,주간,목,1,0,3,차대차,정면충돌,정면충돌,교차로,교차로부근,화물차,화물차
2017.2.9 14:00,주간,목,1,0,0,차대사람,횡단중,횡단중,교차로,교차로횡단보도내,승합차,보행자
2017.2.9 18:00,야간,목,1,0,0,차대사람,횡단중,횡단중,교차로,교차로내,승합차,보행자
2017.2.10 4:00,야간,금,1,0,0,차대사람,차도통행중,차도통행중,단일로,기타단일로,승용차,보행자
2017.2.10 4:00,야간,금,1,0,1,차대차,추돌,추돌,단일로,기타단일로,승용차,화물차
2017.2.10 5:00,야간,금,1,0,0,차량단독,전도,전도,단일로,기타단일로,이륜차,없음
2017.2.10 7:00,주간,금,1,3,0,차량단독,공작물충돌,공작물충돌,단일로,기타단일로,화물차,없음
2017.2.10 9:00,주간,금,1,0,0,차대사람,횡단중,횡단중,교차로,교차로내,화물차,보행자
2017.2.10 10:00,주간,금,1,0,0,차대사람,기타,기타,단일로,기타단일로,승합차,보행자
2017.2.10 11:00,주간,금,1,4,0,차대차,정면충돌,정면충돌,단일로,기타단일로,승용차,승용차
2017.2.10 12:00,주간,금,1,0,0,차대사람,횡단중,횡단중,단일로,기타단일로,화물차,보행자
2017.2.10 15:00,주간,금,1,0,0,차대차,추돌,추돌,교차로,교차로내,승합차,자전거
2017.2.10 17:00,주간,금,1,0,0,차대차,정면충돌,정면충돌,단일로,기타단일로,승용차,이륜차
2017.2.10 18:00,야간,금,1,0,0,차대사람,횡단중,횡단중,단일로,기타단일로,승용차,보행자
2017.2.10 18:00,야간,금,1,0,0,차대사람,횡단중,횡단중,교차로,교차로횡단보도내,승용차,보행자
2017.2.11 0:00,야간,토,1,0,0,차량단독,기타,기타,단일로,기타단일로,원동기장치자전거,없음
2017.2.11 1:00,야간,토,1,1,0,차대차,측면충돌,측면충돌,교차로,교차로내,화물차,승용차
2017.2.11 2:00,야간,토,1,0,0,차대사람,횡단중,횡단중,단일로,기타단일로,승용차,보행자
2017.2.11 2:00,야간,토,1,0,0,차대사람,차도통행중,차도통행중,교차로,교차로내,승용차,보행자
2017.2.11 4:00,야간,토,1,0,0,차대사람,횡단중,횡단중,교차로,교차로횡단보도내,승용차,보행자
2017.2.11 5:00,야간,토,1,0,0,차대사람,횡단중,횡단중,교차로,교차로횡단보도내,승용차,보행자
2017.2.11 10:00,주간,토,1,0,0,차대사람,횡단중,횡단중,교차로,교차로내,승용차,보행자
2017.2.11 17:00,주간,토,1,0,0,차량단독,전도전복,전도전복,단일로,기타단일로,이륜차,없음
2017.2.12 0:00,야간,일,1,0,0,차대사람,횡단중,횡단중,교차로,교차로횡단보도내,승용차,보행자
2017.2.12 1:00,야간,일,1,0,0,차대차,추돌,추돌,교차로,교차로부근,승용차,이륜차
2017.2.12 2:00,야간,일,1,0,0,차량단독,도로이탈,도로이탈 기타,단일로,기타단일로,승용차,없음
2017.2.12 2:00,야간,일,1,0,0,차대사람,횡단중,횡단중,교차로,교차로내,승용차,보행자
2017.2.12 3:00,야간,일,1,0,0,차량단독,공작물충돌,공작물충돌,단일로,기타단일로,승용차,없음
2017.2.12 5:00,야간,일,1,1,0,차대차,정면충돌,정면충돌,교차로,교차로부근,승용차,승용차
2017.2.12 6:00,주간,일,1,0,0,차대사람,차도통행중,차도통행중,단일로,기타단일로,승용차,보행자
2017.2.12 13:00,주간,일,1,0,0,차대차,기타,기타,단일로,기타단일로,승용차,승합차
2017.2.12 17:00,주간,일,1,0,0,차대사람,횡단중,횡단중,단일로,기타단일로,화물차,보행자
2017.2.12 19:00,야간,일,1,0,0,차대사람,기타,기타,단일로,기타단일로,승용차,보행자
2017.2.12 20:00,야간,일,1,0,0,차대사람,횡단중,횡단중,교차로,교차로부근,승용차,보행자
2017.2.12 20:00,야간,일,1,0,0,차량단독,전도전복,전도전복,교차로,교차로내,원동기장치자전거,없음
2017.2.12 20:00,야간,일,1,0,0,차대사람,횡단중,횡단중,교차로,교차로내,승용차,보행자
2017.2.12 23:00,야간,일,1,0,0,차대사람,길가장자리구역통행중,길가장자리구역통행중,단일로,고가도로위,승용차,보행자
2017.2.13 5:00,야간,월,1,0,1,차대차,정면충돌,정면충돌,단일로,기타단일로,화물차,승합차
2017.2.13 7:00,주간,월,1,0,0,차대차,측면충돌,측면충돌,단일로,기타단일로,화물차,자전거
2017.2.13 10:00,주간,월,1,0,0,차대차,측면충돌,측면충돌,교차로,교차로횡단보도내,자전거,승용차
2017.2.13 13:00,주간,월,1,0,1,차대차,측면충돌,측면충돌,단일로,기타단일로,사륜오토바이(ATV),이륜차
2017.2.13 14:00,주간,월,1,0,0,차량단독,공작물충돌,공작물충돌,단일로,기타단일로,화물차,없음
2017.2.13 16:00,주간,월,1,0,0,차량단독,전도전복,전도전복,단일로,기타단일로,이륜차,없음
2017.2.13 20:00,야간,월,1,2,1,차대차,기타,기타,단일로,기타단일로,화물차,화물차
2017.2.13 22:00,야간,월,1,1,1,차대차,정면충돌,정면충돌,단일로,기타단일로,원동기장치자전거,승용차
2017.2.13 23:00,야간,월,1,0,0,차대사람,기타,기타,단일로,기타단일로,승용차,보행자
2017.2.14 0:00,야간,화,1,0,0,차량단독,공작물충돌,공작물충돌,단일로,기타단일로,승용차,없음
2017.2.14 4:00,야간,화,1,0,0,차대사람,횡단중,횡단중,단일로,기타단일로,승용차,보행자
2017.2.14 7:00,주간,화,1,0,2,차대차,추돌,추돌,단일로,터널안,승용차,화물차
2017.2.14 8:00,주간,화,1,0,1,차대차,추돌,추돌,교차로,교차로내,화물차,화물차
2017.2.14 11:00,주간,화,1,0,0,차대차,추돌,추돌,단일로,기타단일로,승용차,자전거
2017.2.14 13:00,주간,화,1,1,0,차대사람,횡단중,횡단중,단일로,기타단일로,화물차,보행자
2017.2.14 16:00,주간,화,1,0,0,차대차,추돌,추돌,단일로,기타단일로,건설기계,원동기장치자전거
2017.2.14 17:00,주간,화,1,0,0,차대차,정면충돌,정면충돌,단일로,기타단일로,승용차,이륜차
2017.2.14 18:00,야간,화,1,0,0,차대사람,횡단중,횡단중,단일로,기타단일로,승용차,보행자
2017.2.14 19:00,야간,화,1,1,0,차대사람,길가장자리구역통행중,길가장자리구역통행중,단일로,기타단일로,승용차,보행자
2017.2.14 19:00,야간,화,1,0,0,차대사람,횡단중,횡단중,단일로,기타단일로,승용차,보행자
2017.2.14 21:00,야간,화,1,0,0,차대사람,기타,기타,단일로,기타단일로,승용차,보행자
2017.2.14 21:00,야간,화,1,0,0,차대차,기타,기타,단일로,기타단일로,화물차,화물차
2017.2.14 23:00,야간,화,1,0,0,차대사람,횡단중,횡단중,단일로,기타단일로,화물차,보행자
2017.2.15 8:00,주간,수,1,0,0,차대차,정면충돌,정면충돌,교차로,교차로내,승용차,승용차
2017.2.15 12:00,주간,수,1,0,0,차대사람,횡단중,횡단중,단일로,기타단일로,화물차,보행자
2017.2.15 15:00,주간,수,1,0,0,차대사람,횡단중,횡단중,단일로,기타단일로,승용차,보행자
2017.2.15 19:00,야간,수,1,0,1,차대차,추돌,추돌,단일로,기타단일로,승용차,화물차
2017.2.15 19:00,야간,수,1,0,0,차대사람,횡단중,횡단중,교차로,교차로내,승용차,보행자
2017.2.15 19:00,야간,수,1,0,0,차대사람,횡단중,횡단중,교차로,교차로내,승용차,보행자
2017.2.15 22:00,야간,수,1,0,0,차대사람,횡단중,횡단중,단일로,기타단일로,승용차,보행자
2017.2.16 2:00,야간,목,1,0,0,차대사람,차도통행중,차도통행중,단일로,기타단일로,화물차,보행자
2017.2.16 2:00,야간,목,1,0,0,차대사람,차도통행중,차도통행중,단일로,기타단일로,승용차,보행자
2017.2.16 5:00,야간,목,1,0,0,차대사람,횡단중,횡단중,단일로,교량위,화물차,보행자
2017.2.16 5:00,야간,목,1,0,0,차량단독,공작물충돌,공작물충돌,단일로,기타단일로,화물차,없음
2017.2.16 5:00,야간,목,1,0,0,차량단독,전도전복,전도전복,단일로,기타단일로,승용차,없음
2017.2.16 6:00,주간,목,1,0,0,차대사람,횡단중,횡단중,단일로,기타단일로,화물차,보행자
2017.2.16 9:00,주간,목,1,0,0,차대사람,횡단중,횡단중,교차로,교차로내,승합차,보행자
2017.2.16 12:00,주간,목,1,0,0,차대사람,횡단중,횡단중,교차로,교차로내,승용차,보행자
2017.2.16 15:00,주간,목,1,0,0,차대사람,횡단중,횡단중,단일로,기타단일로,화물차,보행자
2017.2.16 18:00,야간,목,1,0,0,차대사람,횡단중,횡단중,교차로,교차로부근,승용차,보행자
2017.2.16 18:00,야간,목,2,0,1,차대사람,횡단중,횡단중,교차로,교차로횡단보도내,승용차,보행자
2017.2.16 19:00,야간,목,1,0,0,차대사람,횡단중,횡단중,단일로,기타단일로,승용차,보행자
2017.2.16 20:00,야간,목,1,0,0,차대차,추돌,추돌,단일로,기타단일로,승용차,원동기장치자전거
2017.2.16 23:00,야간,목,1,0,0,차대차,기타,기타,교차로,교차로내,승용차,승용차