발생년월일시,주야,요일,사망자수,중상자수,경상자수,사고유형_대분류,사고유형_중분류,사고유형,도로형태_대분류,도로형태,당사자종별_1당_대분류,당사자종별_2당_대분류
2017.2.17 1:00,야간,금,1,0,0,차량단독,전도,전도,단일로,기타단일로,승용차,없음
2017.2.17 12:00,주간,금,1,0,0,차량단독,전도,전도,교차로,교차로부근,승용차,없음
2017.2.17 18:00,야간,금,1,1,3,차대차,추돌,추돌,단일로,기타단일로,화물차,승용차
2017.2.17 19:00,야간,금,1,1,0,차대차,측면충돌,측면충돌,단일로,기타단일로,화물차,승용차
2017.2.17 19:00,야간,금,1,0,0,차대사람,차도통행중,차도통행중,단일로,기타단일로,승용차,보행자
2017.2.18 0:00,야간,토,1,0,0,차대사람,횡단중,횡단중,교차로,교차로횡단보도내,승용차,보행자
2017.2.18 1:00,야간,토,1,0,0,차량단독,전도전복,전도전복,단일로,기타단일로,이륜차,없음
2017.2.18 1:00,야간,토,1,2,0,차대차,추돌,추돌,단일로,기타단일로,승용차,승용차
2017.2.18 5:00,야간,토,1,3,2,차대차,정면충돌,정면충돌,단일로,기타단일로,승용차,승용차
2017.2.18 6:00,주간,토,1,0,0,차대사람,길가장자리구역통행중,길가장자리구역통행중,단일로,기타단일로,승용차,보행자
2017.2.18 10:00,주간,토,1,0,0,차대사람,기타,기타,단일로,기타단일로,건설기계,보행자
2017.2.18 11:00,주간,토,1,0,0,차대사람,횡단중,횡단중,단일로,고가도로위,특수차,보행자
2017.2.18 12:00,주간,토,1,1,1,차대차,측면충돌,측면충돌,교차로,교차로내,승용차,특수차
2017.2.18 14:00,주간,토,1,0,0,차대사람,횡단중,횡단중,교차로,교차로부근,승용차,보행자
2017.2.18 15:00,주간,토,1,0,0,차대차,정면충돌,정면충돌,교차로,교차로내,승용차,이륜차
2017.2.18 16:00,주간,토,1,0,2,차대차,추돌,추돌,단일로,기타단일로,이륜차,승용차
2017.2.19 0:00,야간,일,2,0,0,차대사람,횡단중,횡단중,단일로,기타단일로,승용차,보행자
2017.2.19 2:00,야간,일,1,0,0,차량단독,전도,전도,단일로,고가도로위,승용차,없음
2017.2.19 4:00,야간,일,1,0,0,차대사람,기타,기타,단일로,기타단일로,승용차,보행자
2017.2.19 17:00,주간,일,1,0,0,차대차,측면충돌,측면충돌,교차로,교차로내,승용차,이륜차
2017.2.19 19:00,야간,일,1,0,0,차대차,추돌,추돌,단일로,기타단일로,승용차,사륜오토바이(ATV)
2017.2.19 20:00,야간,일,1,0,4,차대차,정면충돌,정면충돌,단일로,기타단일로,화물차,승합차
2017.2.19 21:00,야간,일,1,0,0,차대차,정면충돌,정면충돌,교차로,교차로횡단보도내,승용차,승용차
2017.2.20 6:00,주간,월,1,0,1,차량단독,전도,전도,단일로,기타단일로,승용차,없음
2017.2.20 10:00,주간,월,1,0,0,차대차,측면충돌,측면충돌,단일로,기타단일로,승용차,화물차
2017.2.20 11:00,주간,월,1,0,0,차대사람,길가장자리구역통행중,길가장자리구역통행중,단일로,기타단일로,승용차,보행자
2017.2.20 14:00,주간,월,1,0,0,차대사람,횡단중,횡단중,교차로,교차로부근,승용차,보행자
2017.2.20 19:00,야간,월,1,0,0,차대사람,기타,기타,교차로,교차로내,화물차,보행자
2017.2.20 20:00,야간,월,1,0,1,차대사람,횡단중,횡단중,교차로,교차로내,승용차,보행자
2017.2.20 20:00,야간,월,1,0,0,차량단독,공작물충돌,공작물충돌,단일로,기타단일로,승용차,없음
2017.2.20 21:00,야간,월,1,3,0,차대차,측면충돌,측면충돌,단일로,기타단일로,승용차,승용차
2017.2.20 22:00,야간,월,1,0,0,차대사람,횡단중,횡단중,단일로,기타단일로,승합차,보행자
2017.2.21 4:00,야간,화,1,0,0,차대차,추돌,추돌,단일로,기타단일로,승용차,승합차
2017.2.21 6:00,주간,화,1,0,0,차대차,측면충돌,측면충돌,단일로,기타단일로,특수차,원동기장치자전거
2017.2.21 6:00,주간,화,1,0,0,차대사람,횡단중,횡단중,단일로,기타단일로,승용차,보행자
2017.2.21 11:00,주간,화,3,0,0,차대차,측면충돌,측면충돌,단일로,기타단일로,화물차,화물차
2017.2.21 16:00,주간,화,1,0,0,차대차,측면충돌,측면충돌,교차로,교차로내,승용차,이륜차
2017.2.21 18:00,야간,화,1,0,0,차대사람,기타,기타,교차로,교차로내,승용차,보행자
2017.2.21 19:00,야간,화,1,0,0,차대차,기타,기타,단일로,기타단일로,승합차,화물차
2017.2.21 23:00,야간,화,1,0,0,차대사람,횡단중,횡단중,단일로,기타단일로,승용차,보행자
2017.2.22 6:00,주간,수,1,0,0,차대사람,횡단중,횡단중,교차로,교차로내,승용차,보행자
2017.2.22 6:00,주간,수,1,0,0,차대사람,횡단중,횡단중,단일로,기타단일로,승용차,보행자
2017.2.22 13:00,주간,수,1,0,0,차량단독,기타,기타,단일로,기타단일로,화물차,없음
2017.2.22 14:00,주간,수,1,1,0,차대차,정면충돌,정면충돌,단일로,기타단일로,화물차,특수차
2017.2.22 14:00,주간,수,3,0,0,차대차,추돌,추돌,단일로,기타단일로,화물차,승용차
2017.2.22 15:00,주간,수,1,0,0,차대차,추돌,추돌,단일로,기타단일로,이륜차,승용차
2017.2.22 17:00,주간,수,1,1,41,차량단독,기타,기타,단일로,기타단일로,승합차,없음
2017.2.22 19:00,야간,수,1,0,0,차대사람,횡단중,횡단중,교차로,교차로횡단보도내,승합차,보행자
2017.2.22 20:00,야간,수,1,0,0,차대차,측면충돌,측면충돌,교차로,교차로내,원동기장치자전거,화물차
2017.2.22 20:00,야간,수,1,1,1,차대차,정면충돌,정면충돌,단일로,기타단일로,승용차,승용차
2017.2.23 2:00,야간,목,1,0,0,차대사람,횡단중,횡단중,단일로,기타단일로,승용차,보행자
2017.2.23 4:00,야간,목,1,0,0,차대사람,횡단중,횡단중,교차로,교차로내,승용차,보행자
2017.2.23 6:00,주간,목,1,0,0,차대사람,횡단중,횡단중,교차로,교차로횡단보도내,승용차,보행자
2017.2.23 10:00,주간,목,1,0,0,차량단독,전도전복,전도전복,단일로,기타단일로,건설기계,없음
2017.2.23 12:00,주간,목,1,0,0,차대사람,횡단중,횡단중,교차로,교차로횡단보도내,승합차,보행자
2017.2.23 17:00,주간,목,1,0,0,차대차,측면충돌,측면충돌,교차로,교차로내,건설기계,자전거
2017.2.23 22:00,야간,목,1,0,0,차대차,기타,기타,단일로,기타단일로,승용차,승용차
2017.2.24 1:00,야간,금,1,0,0,차대차,기타,기타,단일로,기타단일로,승용차,승용차
2017.2.24 3:00,야간,금,1,0,0,차량단독,전도전복,전도전복,단일로,기타단일로,승용차,없음
2017.2.24 6:00,주간,금,1,0,0,차대사람,횡단중,횡단중,교차로,교차로횡단보도내,승합차,보행자
2017.2.24 10:00,주간,금,1,0,0,차대사람,횡단중,횡단중,교차로,교차로내,승용차,보행자
2017.2.24 11:00,주간,금,1,0,0,차량단독,전도전복,전도전복,단일로,기타단일로,화물차,없음
2017.2.24 13:00,주간,금,1,1,0,차량단독,공작물충돌,공작물충돌,교차로,교차로내,화물차,없음
2017.2.24 13:00,주간,금,1,0,0,차대차,측면충돌,측면충돌,교차로,교차로내,원동기장치자전거,승용차
2017.2.24 15:00,주간,금,1,2,0,차대차,정면충돌,정면충돌,단일로,교량위,화물차,화물차
2017.2.24 19:00,야간,금,1,0,0,차대사람,횡단중,횡단중,교차로,교차로횡단보도내,승용차,보행자
2017.2.24 20:00,야간,금,1,1,1,차대차,측면충돌,측면충돌,단일로,기타단일로,승용차,승용차
2017.2.25 1:00,야간,토,1,0,0,차대차,기타,기타,교차로,교차로부근,승용차,화물차
2017.2.25 1:00,야간,토,1,0,0,차량단독,공작물충돌,공작물충돌,단일로,기타단일로,화물차,없음
2017.2.25 3:00,야간,토,1,0,0,차대사람,횡단중,횡단중,교차로,교차로부근,화물차,보행자
2017.2.25 14:00,주간,토,1,0,1,차량단독,전도,전도,단일로,기타단일로,사륜오토바이(ATV),없음
2017.2.25 15:00,주간,토,1,1,1,차대차,추돌,추돌,교차로,교차로부근,승합차,승용차
2017.2.25 17:00,주간,토,1,0,0,차대사람,횡단중,횡단중,단일로,기타단일로,승용차,보행자
2017.2.25 17:00,주간,토,1,0,1,차량단독,전도,전도,단일로,기타단일로,승용차,없음
2017.2.25 18:00,야간,토,1,0,0,차대사람,횡단중,횡단중,교차로,교차로내,승용차,보행자
2017.2.26 0:00,야간,일,1,0,0,차대차,추돌,추돌,단일로,기타단일로,원동기장치자전거,승합차
2017.2.26 2:00,야간,일,1,0,0,차량단독,전도,전도,단일로,기타단일로,승용차,없음
2017.2.26 20:00,야간,일,1,0,0,차대사람,횡단중,횡단중,단일로,기타단일로,승용차,보행자
2017.2.26 20:00,야간,일,1,0,0,차대사람,기타,기타,단일로,기타단일로,승용차,보행자
2017.2.27 2:00,야간,월,1,0,0,차량단독,전도전복,전도전복,단일로,기타단일로,이륜차,없음
2017.2.27 4:00,야간,월,1,0,1,차대차,추돌,추돌,단일로,기타단일로,승용차,화물차
2017.2.27 6:00,주간,월,1,0,0,차대사람,차도통행중,차도통행중,단일로,기타단일로,승용차,보행자
2017.2.27 7:00,주간,월,1,0,0,차량단독,전도전복,전도전복,단일로,기타단일로,승용차,없음
2017.2.27 10:00,주간,월,1,0,0,차대차,후진중충돌,후진중충돌,단일로,기타단일로,건설기계,자전거
2017.2.27 11:00,주간,월,1,0,0,차량단독,기타,기타,단일로,기타단일로,자전거,없음
2017.2.27 14:00,주간,월,1,0,0,차대차,정면충돌,정면충돌,교차로,교차로내,승용차,이륜차
2017.2.27 14:00,주간,월,1,4,0,차대차,정면충돌,정면충돌,단일로,기타단일로,승용차,승용차
2017.2.27 15:00,주간,월,1,2,0,차대차,추돌,추돌,단일로,기타단일로,화물차,승용차
2017.2.27 17:00,주간,월,1,0,0,차대차,추돌,추돌,교차로,교차로부근,화물차,원동기장치자전거
2017.2.27 19:00,야간,월,1,0,0,차대사람,차도통행중,차도통행중,기타,기타,화물차,보행자
2017.2.27 21:00,야간,월,1,0,0,차대사람,횡단중,횡단중,교차로,교차로내,화물차,보행자
2017.2.27 22:00,야간,월,1,0,0,차대사람,차도통행중,차도통행중,단일로,기타단일로,승합차,보행자
2017.2.28 1:00,야간,화,1,0,0,차대차,추돌,추돌,단일로,기타단일로,승용차,승용차
2017.2.28 3:00,야간,화,1,0,0,차대차,기타,기타,단일로,기타단일로,승용차,승용차
2017.2.28 5:00,야간,화,1,0,0,차대사람,횡단중,횡단중,교차로,교차로내,승용차,보행자
2017.2.28 9:00,주간,화,1,0,0,차대사람,횡단중,횡단중,단일로,기타단일로,승용차,보행자
2017.2.28 10:00,주간,화,1,3,0,차대차,정면충돌,정면충돌,단일로,기타단일로,승용차,승합차
2017.2.28 11:00,주간,화,1,0,0,차량단독,전도,전도,교차로,교차로부근,이륜차,없음
2017.2.28 12:00,주간,화,1,0,0,차대차,측면충돌,측면충돌,교차로,교차로내,원동기장치자전거,화물차
2017.2.28 12:00,주간,화,1,1,0,차대차,측면충돌,측면충돌,교차로,교차로내,이륜차,승용차
2017.2.28 14:00,주간,화,1,1,0,차량단독,전도전복,전도전복,단일로,기타단일로,건설기계,없음
2017.2.28 15:00,주간,화,1,0,3,차대차,추돌,추돌,단일로,기타단일로,화물차,특수차
2017.2.28 18:00,야간,화,1,0,0,차대사람,횡단중,횡단중,교차로,교차로부근,승용차,보행자
2017.2.28 19:00,야간,화,1,0,0,차대사람,횡단중,횡단중,단일로,기타단일로,승용차,보행자
2017.2.28 23:00,야간,화,1,1,0,차대차,기타,기타,교차로,교차로부근,원동기장치자전거,승합차
2017.3.1 0:00,야간,수,1,0,0,차대차,측면충돌,측면충돌,교차로,교차로내,승용차,승용차
2017.3.1 0:00,야간,수,1,0,0,차량단독,전도,전도,교차로,교차로부근,승용차,없음
2017.3.1 1:00,야간,수,1,2,0,차대사람,횡단중,횡단중,단일로,기타단일로,승용차,보행자
2017.3.1 2:00,야간,수,1,0,0,차대차,측면충돌,측면충돌,단일로,기타단일로,승용차,이륜차
2017.3.1 5:00,야간,수,1,0,0,차대사람,보도통행중,보도통행중,교차로,교차로횡단보도내,승용차,보행자
2017.3.1 6:00,주간,수,1,0,0,차대사람,횡단중,횡단중,교차로,교차로부근,승합차,보행자
2017.3.1 14:00,주간,수,1,0,0,차량단독,전도,전도,교차로,교차로부근,승용차,없음
2017.3.1 19:00,야간,수,1,0,0,차대사람,횡단중,횡단중,교차로,교차로내,승용차,보행자
2017.3.1 19:00,야간,수,1,0,0,차량단독,기타,기타,단일로,기타단일로,이륜차,없음
2017.3.1 20:00,야간,수,1,0,0,차대차,추돌,추돌,교차로,교차로내,승용차,자전거
2017.3.1 23:00,야간,수,1,0,0,차대사람,기타,기타,단일로,기타단일로,승용차,보행자
2017.3.2 6:00,주간,목,1,0,0,차대사람,횡단중,횡단중,단일로,기타단일로,화물차,보행자
2017.3.2 8:00,주간,목,1,0,0,차대차,측면충돌,측면충돌,교차로,교차로내,화물차,원동기장치자전거
2017.3.2 12:00,주간,목,1,0,1,차대사람,횡단중,횡단중,단일로,기타단일로,자전거,보행자
2017.3.2 13:00,주간,목,1,1,0,차대차,측면충돌,측면충돌,단일로,기타단일로,사륜오토바이(ATV),화물차
2017.3.2 18:00,야간,목,1,1,2,차대차,추돌,추돌,단일로,기타단일로,화물차,승용차
2017.3.2 18:00,야간,목,1,0,0,차대차,측면충돌,측면충돌,교차로,교차로내,사륜오토바이(ATV),승용차
2017.3.2 19:00,야간,목,1,0,0,차대사람,횡단중,횡단중,단일로,기타단일로,승용차,보행자
2017.3.2 20:00,야간,목,1,0,0,차대사람,횡단중,횡단중,교차로,교차로부근,승용차,보행자
2017.3.3 2:00,야간,금,1,0,0,차량단독,공작물충돌,공작물충돌,단일로,기타단일로,이륜차,없음
2017.3.3 8:00,주간,금,1,0,0,차대사람,횡단중,횡단중,교차로,교차로내,화물차,보행자
2017.3.3 9:00,주간,금,1,0,0,차대사람,횡단중,횡단중,교차로,교차로내,화물차,보행자
2017.3.3 9:00,주간,금,1,0,0,차대차,측면충돌,측면충돌,교차로,교차로내,승용차,자전거
2017.3.3 10:00,주간,금,1,0,0,차대사람,횡단중,횡단중,단일로,기타단일로,승용차,보행자
2017.3.3 10:00,주간,금,1,0,0,차대사람,횡단중,횡단중,교차로,교차로부근,건설기계,보행자
2017.3.3 12:00,주간,금,1,0,0,차대사람,길가장자리구역통행중,길가장자리구역통행중,교차로,교차로내,승용차,보행자
2017.3.3 18:00,야간,금,1,0,0,차대사람,횡단중,횡단중,교차로,교차로내,승용차,보행자
2017.3.3 19:00,야간,금,1,0,0,차대차,기타,기타,기타,기타,승용차,화물차
2017.3.3 19:00,야간,금,1,0,0,차대사람,횡단중,횡단중,단일로,기타단일로,이륜차,보행자
2017.3.4 11:00,주간,토,1,0,1,차대차,정면충돌,정면충돌,단일로,기타단일로,승용차,화물차
2017.3.4 11:00,주간,토,1,0,0,차대차,기타,기타,교차로,교차로내,자전거,건설기계
2017.3.4 11:00,주간,토,1,0,1,차량단독,전도,전도,교차로,교차로내,원동기장치자전거,없음
2017.3.4 12:00,주간,토,1,0,2,차대차,추돌,추돌,교차로,교차로부근,화물차,승용차
2017.3.4 12:00,주간,토,1,0,0,차대차,측면충돌,측면충돌,단일로,기타단일로,화물차,이륜차
2017.3.4 14:00,주간,토,1,0,0,차대차,기타,기타,단일로,기타단일로,자전거,화물차
2017.3.4 17:00,주간,토,1,0,0,차대차,정면충돌,정면충돌,단일로,기타단일로,승용차,승용차
2017.3.4 21:00,야간,토,1,0,1,차대차,추돌,추돌,단일로,기타단일로,승용차,승합차
2017.3.4 23:00,야간,토,1,0,0,차량단독,전도전복,전도전복,단일로,기타단일로,이륜차,없음
2017.3.5 0:00,야간,일,1,0,0,차량단독,전도전복,전도전복,단일로,기타단일로,승용차,없음
2017.3.5 6:00,주간,일,1,0,0,차량단독,공작물충돌,공작물충돌,단일로,기타단일로,승용차,없음
2017.3.5 12:00,주간,일,1,0,2,차대차,측면충돌,측면충돌,교차로,교차로내,승용차,승용차
2017.3.5 14:00,주간,일,1,0,0,차대사람,보도통행중,보도통행중,단일로,기타단일로,승용차,보행자
2017.3.5 16:00,주간,일,1,0,0,차량단독,전도전복,전도전복,단일로,기타단일로,원동기장치자전거,없음
2017.3.5 18:00,야간,일,1,0,0,차대사람,횡단중,횡단중,단일로,기타단일로,승용차,보행자
2017.3.5 18:00,야간,일,1,0,0,차대차,정면충돌,정면충돌,단일로,기타단일로,화물차,원동기장치자전거
2017.3.5 20:00,야간,일,1,0,0,차대사람,횡단중,횡단중,교차로,교차로부근,승용차,보행자
2017.3.5 21:00,야간,일,1,0,0,차량단독,전도전복,전도전복,단일로,기타단일로,원동기장치자전거,없음
2017.3.5 21:00,야간,일,1,2,0,차대차,측면충돌,측면충돌,교차로,교차로부근,승용차,승용차
2017.3.6 0:00,야간,월,1,0,1,차대차,측면충돌,측면충돌,교차로,교차로내,원동기장치자전거,승용차
2017.3.6 0:00,야간,월,1,0,0,차대차,측면충돌,측면충돌,단일로,기타단일로,승용차,화물차
2017.3.6 4:00,야간,월,1,0,0,차대차,추돌,추돌,단일로,기타단일로,승용차,화물차
2017.3.6 5:00,야간,월,1,0,1,차대차,추돌,추돌,단일로,기타단일로,화물차,화물차
2017.3.6 7:00,주간,월,1,1,0,차대차,측면충돌,측면충돌,교차로,교차로내,화물차,승용차
2017.3.6 9:00,주간,월,1,0,0,차대사람,기타,기타,단일로,기타단일로,승합차,보행자
2017.3.6 10:00,주간,월,1,0,0,차대사람,기타,기타,단일로,기타단일로,화물차,보행자
2017.3.6 13:00,주간,월,1,0,0,차량단독,전도,전도,단일로,기타단일로,농기계,없음
2017.3.6 18:00,야간,월,1,0,0,차대사람,횡단중,횡단중,교차로,교차로횡단보도내,건설기계,보행자
2017.3.6 23:00,야간,월,1,0,0,차대차,기타,기타,단일로,기타단일로,승용차,특수차
2017.3.6 23:00,야간,월,1,0,0,차량단독,전도,전도,단일로,기타단일로,화물차,없음
2017.3.7 1:00,야간,화,1,0,0,차량단독,전도,전도,단일로,기타단일로,이륜차,없음
2017.3.7 2:00,야간,화,1,0,0,차대차,추돌,추돌,교차로,교차로부근,승용차,건설기계
2017.3.7 4:00,야간,화,1,0,0,차대사람,횡단중,횡단중,단일로,기타단일로,승용차,보행자
2017.3.7 5:00,야간,화,1,0,0,차대사람,횡단중,횡단중,교차로,교차로부근,승용차,보행자
2017.3.7 9:00,주간,화,1,0,0,차대차,측면충돌,측면충돌,교차로,교차로부근,자전거,건설기계
2017.3.7 11:00,주간,화,1,0,0,차대차,측면충돌,측면충돌,단일로,기타단일로,자전거,승용차
2017.3.7 11:00,주간,화,1,1,0,차대차,추돌,추돌,단일로,기타단일로,화물차,승용차
2017.3.7 13:00,주간,화,1,1,0,차대차,정면충돌,정면충돌,단일로,기타단일로,화물차,화물차
2017.3.7 16:00,주간,화,1,0,0,차량단독,전도,전도,단일로,기타단일로,화물차,없음
2017.3.7 17:00,주간,화,1,0,0,차대차,측면충돌,측면충돌,교차로,교차로내,화물차,이륜차
2017.3.7 19:00,야간,화,1,0,0,차대사람,횡단중,횡단중,단일로,기타단일로,승합차,보행자
2017.3.7 20:00,야간,화,1,0,0,차대사람,기타,기타,단일로,기타단일로,승용차,보행자
2017.3.8 1:00,야간,수,1,0,0,차대차,추돌,추돌,단일로,기타단일로,승용차,자전거
2017.3.8 1:00,야간,수,1,0,0,차대사람,기타,기타,단일로,기타단일로,승용차,보행자
2017.3.8 1:00,야간,수,1,0,0,차대사람,횡단중,횡단중,단일로,기타단일로,승용차,보행자
2017.3.8 6:00,주간,수,1,5,1,차대차,측면충돌,측면충돌,교차로,교차로내,화물차,승합차
2017.3.8 7:00,주간,수,1,0,0,차대차,추돌,추돌,단일로,기타단일로,이륜차,화물차
2017.3.8 12:00,주간,수,1,0,0,차대차,추돌,추돌,단일로,기타단일로,화물차,화물차
2017.3.8 15:00,주간,수,1,0,1,차대차,추돌,추돌,단일로,기타단일로,화물차,화물차
2017.3.8 18:00,야간,수,1,0,0,차량단독,전도,전도,단일로,기타단일로,원동기장치자전거,없음
2017.3.8 20:00,야간,수,1,0,0,차대사람,횡단중,횡단중,단일로,기타단일로,승용차,보행자
2017.3.8 20:00,야간,수,1,1,0,차대차,추돌,추돌,교차로,교차로부근,승용차,승용차
2017.3.9 1:00,야간,목,1,0,0,차량단독,전도,전도,단일로,기타단일로,이륜차,없음
2017.3.9 3:00,야간,목,1,0,0,차량단독,전도,전도,단일로,기타단일로,화물차,없음
2017.3.9 5:00,야간,목,1,0,0,차대사람,횡단중,횡단중,교차로,교차로부근,화물차,보행자
2017.3.9 6:00,주간,목,1,0,1,차대차,정면충돌,정면충돌,단일로,기타단일로,승용차,승용차
2017.3.9 8:00,주간,목,1,1,0,차대사람,횡단중,횡단중,단일로,기타단일로,승용차,보행자
2017.3.9 13:00,주간,목,1,0,0,차대차,정면충돌,정면충돌,교차로,교차로부근,건설기계,승용차
2017.3.9 20:00,야간,목,1,0,0,차대사람,횡단중,횡단중,단일로,기타단일로,승용차,보행자
2017.3.9 23:00,야간,목,1,0,0,차대차,추돌,추돌,단일로,기타단일로,화물차,화물차
2017.3.9 23:00,야간,목,1,0,0,차대차,측면충돌,측면충돌,교차로,교차로횡단보도내,이륜차,이륜차
2017.3.10 0:00,야간,금,1,0,0,차대차,정면충돌,정면충돌,교차로,교차로부근,승용차,특수차
2017.3.10 0:00,야간,금,1,0,0,차대사람,차도통행중,차도통행중,단일로,기타단일로,화물차,보행자
2017.3.10 3:00,야간,금,3,0,0,차대차,정면충돌,정면충돌,단일로,교량위,승용차,승용차
2017.3.10 6:00,주간,금,2,1,0,차대차,추돌,추돌,단일로,터널안,화물차,화물차
2017.3.10 6:00,주간,금,1,0,0,차대사람,차도통행중,차도통행중,단일로,기타단일로,승용차,보행자
2017.3.10 14:00,주간,금,1,0,0,차대사람,횡단중,횡단중,교차로,교차로횡단보도내,특수차,보행자
2017.3.10 18:00,야간,금,1,0,0,차대차,측면충돌,측면충돌,단일로,기타단일로,특수차,승용차
2017.3.10 20:00,야간,금,1,0,0,차대사람,길가장자리구역통행중,길가장자리구역통행중,단일로,기타단일로,승용차,보행자
2017.3.10 21:00,야간,금,1,0,0,차대사람,기타,기타,단일로,기타단일로,승합차,보행자
2017.3.10 21:00,야간,금,1,0,0,차대사람,차도통행중,차도통행중,단일로,기타단일로,화물차,보행자
2017.3.10 22:00,야간,금,1,0,0,차량단독,전도,전도,단일로,기타단일로,이륜차,없음
2017.3.10 22:00,야간,금,1,0,0,차량단독,공작물충돌,공작물충돌,단일로,기타단일로,원동기장치자전거,없음
2017.3.11 0:00,야간,토,1,0,0,차대사람,횡단중,횡단중,기타,기타,승용차,보행자
2017.3.11 3:00,야간,토,1,0,0,차대사람,기타,기타,단일로,기타단일로,화물차,보행자
2017.3.11 4:00,야간,토,1,0,0,차대사람,횡단중,횡단중,교차로,교차로횡단보도내,승용차,보행자
2017.3.11 13:00,주간,토,1,0,0,차대차,정면충돌,정면충돌,교차로,교차로내,승용차,원동기장치자전거
2017.3.11 15:00,주간,토,1,0,0,차대차,정면충돌,정면충돌,교차로,교차로내,이륜차,건설기계
2017.3.11 19:00,야간,토,1,0,0,차대사람,횡단중,횡단중,교차로,교차로내,승용차,보행자
2017.3.11 19:00,야간,토,1,0,0,차대사람,횡단중,횡단중,단일로,기타단일로,승용차,보행자
2017.3.11 19:00,야간,토,1,3,6,차대차,측면충돌,측면충돌,교차로,교차로내,화물차,승합차
2017.3.12 4:00,야간,일,1,0,0,차량단독,전도전복,전도전복,단일로,기타단일로,원동기장치자전거,없음
2017.3.12 11:00,주간,일,1,0,0,차량단독,전도전복,전도전복,단일로,기타단일로,이륜차,없음
2017.3.12 11:00,주간,일,1,0,0,차량단독,전도,전도,교차로,교차로내,특수차,없음
2017.3.12 13:00,주간,일,1,0,0,차대차,측면충돌,측면충돌,단일로,기타단일로,원동기장치자전거,승용차
2017.3.12 18:00,야간,일,1,0,0,차대차,측면충돌,측면충돌,교차로,교차로내,승용차,이륜차
2017.3.12 19:00,야간,일,1,2,0,차대차,추돌,추돌,교차로,교차로부근,화물차,승합차
2017.3.12 21:00,야간,일,1,0,0,차대사람,기타,기타,단일로,기타단일로,승합차,보행자
2017.3.12 22:00,야간,일,1,0,0,차대차,기타,기타,교차로,교차로내,이륜차,화물차
2017.3.13 4:00,야간,월,2,0,0,차대차,추돌,추돌,단일로,기타단일로,승용차,화물차
2017.3.13 5:00,야간,월,1,1,0,차대차,정면충돌,정면충돌,교차로,교차로내,승용차,원동기장치자전거
2017.3.13 8:00,주간,월,1,0,2,차대차,측면충돌,측면충돌,단일로,교량위,화물차,승용차
2017.3.13 8:00,주간,월,1,2,0,차대차,추돌,추돌,단일로,교량위,승용차,승용차
2017.3.13 10:00,주간,월,1,0,0,차대사람,횡단중,횡단중,교차로,교차로부근,승용차,보행자
2017.3.13 11:00,주간,월,1,0,0,차대차,기타,기타,교차로,교차로내,승용차,이륜차
2017.3.13 12:00,주간,월,1,0,0,차량단독,전도,전도,기타,기타,화물차,없음
2017.3.13 12:00,주간,월,1,0,1,차대차,측면충돌,측면충돌,교차로,교차로내,원동기장치자전거,화물차
2017.3.13 16:00,주간,월,1,0,0,차대차,측면충돌,측면충돌,교차로,교차로부근,화물차,농기계
2017.3.13 19:00,야간,월,1,0,0,차대사람,기타,기타,단일로,기타단일로,승용차,보행자
2017.3.14 0:00,야간,화,1,0,0,차대사람,차도통행중,차도통행중,교차로,교차로부근,승용차,보행자
2017.3.14 0:00,야간,화,1,0,0,차량단독,전도전복,전도전복,교차로,교차로부근,이륜차,없음
2017.3.14 3:00,야간,화,1,0,0,차대차,정면충돌,정면충돌,교차로,교차로내,화물차,승용차
2017.3.14 7:00,주간,화,1,1,3,차대차,추돌,추돌,단일로,기타단일로,화물차,승용차
2017.3.14 8:00,주간,화,1,0,0,차대사람,차도통행중,차도통행중,교차로,교차로부근,승용차,보행자
2017.3.14 10:00,주간,화,1,0,0,차량단독,도로이탈,도로이탈 기타,단일로,기타단일로,승용차,없음
2017.3.14 14:00,주간,화,1,0,0,차대사람,횡단중,횡단중,교차로,교차로부근,승합차,보행자
2017.3.14 19:00,야간,화,1,0,0,차대사람,횡단중,횡단중,교차로,교차로내,화물차,보행자
2017.3.14 22:00,야간,화,1,0,0,차대차,기타,기타,단일로,기타단일로,화물차,화물차
2017.3.14 23:00,야간,화,1,0,0,차대사람,횡단중,횡단중,단일로,기타단일로,승용차,보행자
2017.3.15 0:00,야간,수,1,0,0,차대사람,횡단중,횡단중,교차로,교차로횡단보도내,승용차,보행자
2017.3.15 0:00,야간,수,1,0,0,차대사람,기타,기타,단일로,기타단일로,승용차,보행자
2017.3.15 2:00,야간,수,1,0,0,차량단독,기타,기타,단일로,기타단일로,승용차,없음
2017.3.15 6:00,주간,수,1,0,4,차대차,추돌,추돌,단일로,기타단일로,화물차,화물차
2017.3.15 7:00,주간,수,1,0,0,차대차,정면충돌,정면충돌,교차로,교차로내,승합차,자전거
2017.3.15 12:00,주간,수,1,0,0,차대차,측면충돌,측면충돌,교차로,교차로내,이륜차,건설기계
2017.3.15 13:00,주간,수,1,0,0,차대차,측면충돌,측면충돌,교차로,교차로내,화물차,자전거
2017.3.15 14:00,주간,수,1,0,0,차대차,정면충돌,정면충돌,단일로,기타단일로,화물차,화물차
2017.3.15 14:00,주간,수,1,0,0,차대차,추돌,추돌,교차로,교차로부근,이륜차,승합차
2017.3.15 20:00,야간,수,1,0,0,차대사람,횡단중,횡단중,단일로,기타단일로,화물차,보행자
2017.3.15 22:00,야간,수,1,0,0,차대차,추돌,추돌,단일로,기타단일로,화물차,자전거
2017.3.15 23:00,야간,수,1,0,0,차대차,정면충돌,정면충돌,단일로,기타단일로,이륜차,승합차
2017.3.16 1:00,야간,목,1,0,0,차대차,추돌,추돌,교차로,교차로부근,승용차,승합차