발생년월일시,주야,요일,사망자수,중상자수,경상자수,사고유형_대분류,사고유형_중분류,사고유형,도로형태_대분류,도로형태,당사자종별_1당_대분류,당사자종별_2당_대분류
2017.3.16 6:00,주간,목,1,0,2,차량단독,공작물충돌,공작물충돌,단일로,기타단일로,승용차,없음
2017.3.16 8:00,주간,목,1,0,0,차대사람,횡단중,횡단중,단일로,기타단일로,화물차,보행자
2017.3.16 9:00,주간,목,1,0,0,차대사람,횡단중,횡단중,교차로,교차로부근,화물차,보행자
2017.3.16 11:00,주간,목,1,0,0,차대사람,횡단중,횡단중,교차로,교차로횡단보도내,화물차,보행자
2017.3.16 13:00,주간,목,1,0,0,차대차,추돌,추돌,단일로,기타단일로,화물차,화물차
2017.3.16 18:00,야간,목,1,0,1,차대차,측면충돌,측면충돌,단일로,기타단일로,화물차,승용차
2017.3.16 19:00,야간,목,1,0,0,차대사람,횡단중,횡단중,단일로,기타단일로,승용차,보행자
2017.3.16 21:00,야간,목,1,0,0,차량단독,전복,전복,단일로,기타단일로,화물차,없음
2017.3.16 23:00,야간,목,1,0,0,차대사람,기타,기타,단일로,기타단일로,승용차,보행자
2017.3.17 2:00,야간,금,1,0,0,차대사람,횡단중,횡단중,교차로,교차로내,승용차,보행자
2017.3.17 3:00,야간,금,1,1,1,차대차,추돌,추돌,교차로,교차로내,화물차,원동기장치자전거
2017.3.17 4:00,야간,금,1,0,0,차대차,기타,기타,교차로,교차로부근,승용차,화물차
2017.3.17 5:00,야간,금,1,0,0,차대차,추돌,추돌,단일로,기타단일로,승용차,화물차
2017.3.17 9:00,주간,금,1,0,0,차대차,측면충돌,측면충돌,교차로,교차로부근,화물차,자전거
2017.3.17 14:00,주간,금,1,0,0,차대차,정면충돌,정면충돌,교차로,교차로내,승용차,이륜차
2017.3.17 14:00,주간,금,1,0,0,차대차,기타,기타,단일로,기타단일로,승용차,이륜차
2017.3.17 15:00,주간,금,1,0,0,차대차,추돌,추돌,단일로,기타단일로,이륜차,승용차
2017.3.17 19:00,야간,금,1,0,0,차대차,정면충돌,정면충돌,단일로,기타단일로,화물차,이륜차
2017.3.17 19:00,야간,금,1,0,0,차대차,측면충돌,측면충돌,교차로,교차로내,이륜차,승합차
2017.3.17 23:00,야간,금,1,0,1,차대차,정면충돌,정면충돌,교차로,교차로내,승용차,이륜차
2017.3.18 0:00,야간,토,1,0,0,차대사람,횡단중,횡단중,교차로,교차로횡단보도내,승용차,보행자
2017.3.18 1:00,야간,토,1,1,0,차대차,측면충돌,측면충돌,단일로,기타단일로,승합차,승용차
2017.3.18 1:00,야간,토,1,2,1,차대차,추돌,추돌,단일로,기타단일로,승용차,승용차
2017.3.18 2:00,야간,토,1,0,1,차대사람,차도통행중,차도통행중,단일로,기타단일로,승용차,보행자
2017.3.18 4:00,야간,토,1,0,0,차대사람,횡단중,횡단중,단일로,기타단일로,승용차,보행자
2017.3.18 5:00,야간,토,1,0,0,차대차,정면충돌,정면충돌,교차로,교차로내,승용차,이륜차
2017.3.18 6:00,주간,토,1,0,0,차대차,정면충돌,정면충돌,교차로,교차로내,이륜차,화물차
2017.3.18 9:00,주간,토,1,0,0,차대사람,횡단중,횡단중,교차로,교차로횡단보도내,승용차,보행자
2017.3.18 11:00,주간,토,2,4,0,차대차,정면충돌,정면충돌,교차로,교차로부근,승용차,화물차
2017.3.18 15:00,주간,토,1,0,0,차대사람,차도통행중,차도통행중,단일로,기타단일로,승용차,보행자
2017.3.18 16:00,주간,토,1,4,6,차대차,추돌,추돌,단일로,터널안,화물차,화물차
2017.3.18 19:00,야간,토,2,0,0,차대차,추돌,추돌,단일로,기타단일로,화물차,건설기계
2017.3.18 20:00,야간,토,1,0,0,차대사람,횡단중,횡단중,단일로,기타단일로,승용차,보행자
2017.3.19 0:00,야간,일,1,0,0,차대차,측면충돌,측면충돌,단일로,기타단일로,승용차,승용차
2017.3.19 1:00,야간,일,1,0,0,차량단독,도로이탈,도로이탈 기타,단일로,기타단일로,승용차,없음
2017.3.19 2:00,야간,일,1,0,0,차대사람,횡단중,횡단중,단일로,기타단일로,승용차,보행자
2017.3.19 3:00,야간,일,1,0,0,차량단독,전도전복,전도전복,단일로,기타단일로,이륜차,없음
2017.3.19 9:00,주간,일,1,0,0,차대차,측면충돌,측면충돌,교차로,교차로내,승용차,원동기장치자전거
2017.3.19 14:00,주간,일,1,0,1,차량단독,전도,전도,단일로,기타단일로,승용차,없음
2017.3.19 20:00,야간,일,1,0,0,차대사람,횡단중,횡단중,교차로,교차로내,승용차,보행자
2017.3.19 21:00,야간,일,1,0,0,차대차,측면충돌,측면충돌,교차로,교차로부근,승용차,자전거
2017.3.19 21:00,야간,일,1,0,0,차대사람,횡단중,횡단중,교차로,교차로부근,승용차,보행자
2017.3.19 22:00,야간,일,1,0,0,차대사람,횡단중,횡단중,단일로,기타단일로,승합차,보행자
2017.3.20 9:00,주간,월,1,0,2,차대차,추돌,추돌,교차로,교차로부근,승용차,화물차
2017.3.20 15:00,주간,월,1,1,0,차대차,측면충돌,측면충돌,기타,기타,화물차,화물차
2017.3.20 15:00,주간,월,1,0,0,차대차,추돌,추돌,교차로,교차로부근,승용차,이륜차
2017.3.20 18:00,야간,월,1,0,0,차대사람,횡단중,횡단중,단일로,기타단일로,승용차,보행자
2017.3.20 20:00,야간,월,1,0,0,차대사람,횡단중,횡단중,단일로,기타단일로,화물차,보행자
2017.3.20 21:00,야간,월,1,0,0,차량단독,공작물충돌,공작물충돌,단일로,기타단일로,승용차,없음
2017.3.20 21:00,야간,월,1,0,0,차대차,추돌,추돌,단일로,기타단일로,화물차,자전거
2017.3.21 1:00,야간,화,1,0,0,차대사람,횡단중,횡단중,단일로,기타단일로,승용차,보행자
2017.3.21 3:00,야간,화,1,0,1,차대차,추돌,추돌,단일로,교량위,승용차,화물차
2017.3.21 19:00,야간,화,1,0,0,차대사람,기타,기타,단일로,기타단일로,화물차,보행자
2017.3.21 19:00,야간,화,1,0,0,차대차,측면충돌,측면충돌,단일로,기타단일로,화물차,이륜차
2017.3.21 20:00,야간,화,1,0,0,차량단독,전도전복,전도전복,단일로,기타단일로,원동기장치자전거,없음
2017.3.21 21:00,야간,화,1,0,1,차대차,정면충돌,정면충돌,단일로,기타단일로,화물차,화물차
2017.3.21 21:00,야간,화,1,0,0,차대사람,횡단중,횡단중,교차로,교차로부근,승용차,보행자
2017.3.21 22:00,야간,화,1,0,0,차대사람,차도통행중,차도통행중,단일로,기타단일로,승용차,보행자
2017.3.21 23:00,야간,화,1,1,0,차대차,측면충돌,측면충돌,단일로,기타단일로,화물차,이륜차
2017.3.22 0:00,야간,수,1,1,0,차량단독,공작물충돌,공작물충돌,교차로,교차로내,승용차,없음
2017.3.22 6:00,주간,수,1,0,0,차대차,기타,기타,교차로,교차로횡단보도내,승용차,자전거
2017.3.22 6:00,주간,수,1,0,0,차대사람,횡단중,횡단중,교차로,교차로부근,승용차,보행자
2017.3.22 8:00,주간,수,1,1,1,차대차,기타,기타,교차로,교차로부근,승용차,승용차
2017.3.22 9:00,주간,수,1,0,0,차대사람,횡단중,횡단중,교차로,교차로내,승용차,보행자
2017.3.22 12:00,주간,수,1,0,0,차량단독,공작물충돌,공작물충돌,단일로,기타단일로,이륜차,없음
2017.3.22 14:00,주간,수,1,0,0,차대차,측면충돌,측면충돌,교차로,교차로부근,이륜차,화물차
2017.3.22 18:00,야간,수,1,0,0,차대사람,기타,기타,단일로,기타단일로,승용차,보행자
2017.3.22 19:00,야간,수,1,0,0,차대차,추돌,추돌,단일로,기타단일로,화물차,농기계
2017.3.22 22:00,야간,수,1,0,0,차대사람,횡단중,횡단중,단일로,기타단일로,승용차,보행자
2017.3.23 2:00,야간,목,1,0,0,차대사람,횡단중,횡단중,단일로,기타단일로,승용차,보행자
2017.3.23 8:00,주간,목,1,0,1,차대차,측면충돌,측면충돌,단일로,기타단일로,자전거,승합차
2017.3.23 9:00,주간,목,1,0,0,차대차,측면충돌,측면충돌,교차로,교차로내,원동기장치자전거,화물차
2017.3.23 11:00,주간,목,1,0,0,차대사람,횡단중,횡단중,교차로,교차로부근,화물차,보행자
2017.3.23 11:00,주간,목,1,0,0,차대사람,횡단중,횡단중,교차로,교차로부근,화물차,보행자
2017.3.23 13:00,주간,목,1,0,0,차대차,측면충돌,측면충돌,단일로,기타단일로,이륜차,승용차
2017.3.23 16:00,주간,목,1,1,0,차대차,정면충돌,정면충돌,단일로,기타단일로,승용차,승용차
2017.3.23 16:00,주간,목,1,0,0,차량단독,공작물충돌,공작물충돌,단일로,교량위,이륜차,없음
2017.3.23 20:00,야간,목,1,0,0,차대사람,횡단중,횡단중,교차로,교차로내,승용차,보행자
2017.3.23 21:00,야간,목,1,0,0,차량단독,공작물충돌,공작물충돌,교차로,교차로부근,이륜차,없음
2017.3.24 0:00,야간,금,1,0,0,차대사람,차도통행중,차도통행중,단일로,기타단일로,승용차,보행자
2017.3.24 5:00,야간,금,1,3,6,차대차,기타,기타,단일로,기타단일로,화물차,승용차
2017.3.24 18:00,야간,금,1,0,0,차대사람,횡단중,횡단중,교차로,교차로부근,승용차,보행자
2017.3.24 22:00,야간,금,1,0,0,차대사람,횡단중,횡단중,단일로,기타단일로,승용차,보행자
2017.3.25 2:00,야간,토,1,0,0,차대사람,기타,기타,단일로,기타단일로,승용차,보행자
2017.3.25 3:00,야간,토,1,0,0,차대차,추돌,추돌,단일로,기타단일로,승용차,특수차
2017.3.25 8:00,주간,토,1,0,2,차대차,정면충돌,정면충돌,교차로,교차로내,승용차,화물차
2017.3.25 10:00,주간,토,4,1,0,차대차,정면충돌,정면충돌,단일로,기타단일로,화물차,화물차
2017.3.25 16:00,주간,토,1,3,0,차량단독,공작물충돌,공작물충돌,기타,기타,승합차,없음
2017.3.25 17:00,주간,토,1,0,0,차량단독,전도,전도,단일로,기타단일로,승용차,없음
2017.3.25 19:00,야간,토,1,0,0,차대사람,횡단중,횡단중,단일로,기타단일로,화물차,보행자
2017.3.26 2:00,야간,일,1,0,0,차대사람,횡단중,횡단중,단일로,기타단일로,승용차,보행자
2017.3.26 4:00,야간,일,1,1,1,차대차,정면충돌,정면충돌,교차로,교차로부근,승용차,승용차
2017.3.26 10:00,주간,일,1,0,0,차대차,측면충돌,측면충돌,교차로,교차로내,이륜차,승용차
2017.3.26 21:00,야간,일,1,0,0,차량단독,전도전복,전도전복,단일로,기타단일로,이륜차,없음
2017.3.26 22:00,야간,일,1,0,0,차대사람,횡단중,횡단중,교차로,교차로부근,승용차,보행자
2017.3.26 22:00,야간,일,1,0,0,차대사람,기타,기타,단일로,기타단일로,승합차,보행자
2017.3.27 6:00,주간,월,1,0,0,차대사람,횡단중,횡단중,단일로,기타단일로,화물차,보행자
2017.3.27 8:00,주간,월,1,4,0,차량단독,공작물충돌,공작물충돌,단일로,기타단일로,화물차,없음
2017.3.27 9:00,주간,월,1,0,1,차대차,정면충돌,정면충돌,단일로,기타단일로,화물차,승용차
2017.3.27 16:00,주간,월,1,0,0,차대사람,기타,기타,단일로,기타단일로,건설기계,보행자
2017.3.27 16:00,주간,월,1,0,0,차대차,측면충돌,측면충돌,교차로,교차로내,이륜차,승용차
2017.3.27 17:00,주간,월,1,0,0,차량단독,전도전복,전도전복,단일로,기타단일로,농기계,없음
2017.3.27 17:00,주간,월,1,0,0,차대차,측면충돌,측면충돌,교차로,교차로내,화물차,이륜차
2017.3.27 19:00,야간,월,1,0,0,차대차,추돌,추돌,교차로,교차로부근,자전거,화물차
2017.3.27 20:00,야간,월,1,0,0,차량단독,전도전복,전도전복,교차로,교차로부근,화물차,없음
2017.3.27 20:00,야간,월,1,0,0,차대사람,기타,기타,단일로,기타단일로,승용차,보행자
2017.3.28 3:00,야간,화,1,0,0,차대차,정면충돌,정면충돌,단일로,기타단일로,화물차,승용차
2017.3.28 5:00,야간,화,1,0,0,차대차,측면충돌,측면충돌,교차로,교차로내,승용차,자전거
2017.3.28 10:00,주간,화,1,1,0,차대차,추돌,추돌,단일로,기타단일로,화물차,화물차
2017.3.28 17:00,주간,화,1,0,0,차대사람,기타,기타,교차로,교차로부근,승용차,보행자
2017.3.28 18:00,야간,화,1,0,0,차대차,기타,기타,단일로,기타단일로,자전거,화물차
2017.3.28 19:00,야간,화,1,0,0,차대사람,횡단중,횡단중,단일로,기타단일로,승용차,보행자
2017.3.28 20:00,야간,화,1,0,0,차대사람,횡단중,횡단중,교차로,교차로부근,승용차,보행자
2017.3.29 1:00,야간,수,1,0,0,차량단독,기타,기타,기타,기타,화물차,없음
2017.3.29 6:00,주간,수,1,0,0,차대사람,횡단중,횡단중,단일로,기타단일로,승합차,보행자
2017.3.29 6:00,주간,수,1,1,0,차대차,정면충돌,정면충돌,교차로,교차로내,승합차,화물차
2017.3.29 8:00,주간,수,1,0,0,차대차,추돌,추돌,단일로,교량위,원동기장치자전거,화물차
2017.3.29 9:00,주간,수,1,0,0,차대차,측면충돌,측면충돌,교차로,교차로내,승용차,자전거
2017.3.29 15:00,주간,수,1,0,0,차대사람,길가장자리구역통행중,길가장자리구역통행중,단일로,기타단일로,승용차,보행자
2017.3.29 16:00,주간,수,1,1,1,차대차,기타,기타,교차로,교차로내,화물차,승합차
2017.3.30 0:00,야간,목,1,0,0,차대차,정면충돌,정면충돌,교차로,교차로내,이륜차,승용차
2017.3.30 1:00,야간,목,1,0,0,차량단독,기타,기타,교차로,교차로부근,승용차,없음
2017.3.30 2:00,야간,목,1,0,0,차대사람,기타,기타,단일로,기타단일로,승용차,보행자
2017.3.30 2:00,야간,목,1,0,0,차량단독,주/정차차량 충돌,주/정차차량 충돌,교차로,교차로부근,승용차,승용차
2017.3.30 4:00,야간,목,1,0,4,차대차,정면충돌,정면충돌,교차로,교차로내,승용차,승용차
2017.3.30 4:00,야간,목,1,0,0,차대사람,길가장자리구역통행중,길가장자리구역통행중,단일로,기타단일로,승용차,보행자
2017.3.30 8:00,주간,목,1,0,0,차대차,측면충돌,측면충돌,단일로,기타단일로,자전거,승용차
2017.3.30 10:00,주간,목,1,0,0,차대사람,횡단중,횡단중,단일로,기타단일로,승용차,보행자
2017.3.30 15:00,주간,목,1,0,0,차량단독,도로이탈,도로이탈 추락,단일로,기타단일로,원동기장치자전거,없음
2017.3.30 17:00,주간,목,1,0,0,차량단독,전도전복,전도전복,단일로,기타단일로,화물차,없음
2017.3.30 18:00,야간,목,1,0,0,차량단독,전도,전도,단일로,기타단일로,승용차,없음
2017.3.30 19:00,야간,목,1,1,1,차대차,측면충돌,측면충돌,교차로,교차로내,승용차,승합차
2017.3.31 11:00,주간,금,1,1,0,차대차,추돌,추돌,단일로,지하차도(도로)내,화물차,농기계
2017.3.31 20:00,야간,금,1,0,0,차대사람,횡단중,횡단중,단일로,기타단일로,승합차,보행자
2017.3.31 23:00,야간,금,1,2,0,차대차,추돌,추돌,단일로,기타단일로,승용차,승합차
2017.4.1 0:00,야간,토,1,0,0,차대사람,횡단중,횡단중,교차로,교차로부근,승용차,보행자
2017.4.1 6:00,주간,토,1,0,1,차량단독,공작물충돌,공작물충돌,단일로,기타단일로,승용차,없음
2017.4.1 8:00,주간,토,1,0,0,차대차,측면충돌,측면충돌,단일로,기타단일로,화물차,승용차
2017.4.1 8:00,주간,토,2,1,0,차대차,측면충돌,측면충돌,교차로,교차로내,승용차,승합차
2017.4.1 9:00,주간,토,1,0,0,차대차,측면충돌,측면충돌,단일로,기타단일로,화물차,원동기장치자전거
2017.4.1 11:00,주간,토,1,0,0,차대차,후진중충돌,후진중충돌,교차로,교차로내,건설기계,원동기장치자전거
2017.4.1 14:00,주간,토,1,0,2,차대사람,횡단중,횡단중,단일로,기타단일로,승합차,보행자
2017.4.1 14:00,주간,토,1,1,0,차량단독,공작물충돌,공작물충돌,단일로,기타단일로,승용차,없음
2017.4.1 16:00,주간,토,1,0,0,차대차,측면충돌,측면충돌,교차로,교차로내,원동기장치자전거,승용차
2017.4.1 21:00,야간,토,1,0,0,차대차,측면충돌,측면충돌,교차로,교차로내,승용차,이륜차
2017.4.2 3:00,야간,일,1,0,0,차대사람,차도통행중,차도통행중,단일로,기타단일로,승용차,보행자
2017.4.2 5:00,야간,일,1,0,0,차대사람,횡단중,횡단중,교차로,교차로부근,승용차,보행자
2017.4.2 7:00,주간,일,1,0,0,차대사람,횡단중,횡단중,단일로,기타단일로,승용차,보행자
2017.4.2 9:00,주간,일,1,0,0,차량단독,전도,전도,단일로,기타단일로,이륜차,없음
2017.4.2 12:00,주간,일,1,0,0,차대차,측면충돌,측면충돌,단일로,기타단일로,승용차,승용차
2017.4.2 18:00,야간,일,1,0,0,차량단독,전도,전도,단일로,기타단일로,화물차,없음
2017.4.2 21:00,야간,일,1,0,0,차량단독,공작물충돌,공작물충돌,단일로,기타단일로,원동기장치자전거,없음
2017.4.2 21:00,야간,일,1,0,0,차대차,기타,기타,교차로,교차로내,승용차,화물차
2017.4.3 2:00,야간,월,1,0,0,차대사람,기타,기타,단일로,기타단일로,승용차,보행자
2017.4.3 5:00,야간,월,1,0,0,차대차,추돌,추돌,단일로,기타단일로,승용차,화물차
2017.4.3 18:00,야간,월,1,0,0,차량단독,전도,전도,교차로,교차로부근,건설기계,없음
2017.4.3 19:00,야간,월,1,0,0,차대차,추돌,추돌,교차로,교차로내,승합차,사륜오토바이(ATV)
2017.4.3 22:00,야간,월,1,0,0,차대차,측면충돌,측면충돌,단일로,기타단일로,승용차,승용차
2017.4.4 8:00,주간,화,1,0,0,차대사람,기타,기타,단일로,기타단일로,화물차,보행자
2017.4.4 8:00,주간,화,1,0,0,차량단독,공작물충돌,공작물충돌,단일로,기타단일로,승용차,없음
2017.4.4 11:00,주간,화,1,0,0,차량단독,전복,전복,단일로,기타단일로,화물차,없음
2017.4.4 12:00,주간,화,1,0,1,차대사람,횡단중,횡단중,단일로,기타단일로,화물차,보행자
2017.4.4 12:00,주간,화,1,0,0,차량단독,전도,전도,단일로,기타단일로,자전거,없음
2017.4.4 23:00,야간,화,1,0,0,차대차,정면충돌,정면충돌,단일로,기타단일로,이륜차,화물차
2017.4.5 0:00,야간,수,1,0,0,차대사람,횡단중,횡단중,교차로,교차로횡단보도내,승용차,보행자
2017.4.5 2:00,야간,수,1,0,0,차량단독,공작물충돌,공작물충돌,교차로,교차로내,이륜차,없음
2017.4.5 5:00,야간,수,1,0,1,차대차,기타,기타,단일로,터널안,승용차,화물차
2017.4.5 6:00,주간,수,1,0,1,차대차,정면충돌,정면충돌,단일로,기타단일로,건설기계,건설기계
2017.4.5 6:00,주간,수,1,1,0,차대차,기타,기타,단일로,기타단일로,승용차,화물차
2017.4.5 9:00,주간,수,1,0,0,차대차,정면충돌,정면충돌,단일로,기타단일로,승용차,화물차
2017.4.5 11:00,주간,수,1,0,0,차량단독,전도전복,전도전복,단일로,기타단일로,원동기장치자전거,없음
2017.4.5 14:00,주간,수,1,0,0,차대차,측면충돌,측면충돌,교차로,교차로내,승용차,자전거
2017.4.5 14:00,주간,수,1,0,0,차대사람,횡단중,횡단중,교차로,교차로횡단보도내,화물차,보행자
2017.4.5 15:00,주간,수,1,0,0,차량단독,전도전복,전도전복,단일로,기타단일로,승용차,없음
2017.4.5 19:00,야간,수,1,0,0,차대사람,횡단중,횡단중,교차로,교차로내,승용차,보행자
2017.4.5 20:00,야간,수,1,0,0,차대사람,횡단중,횡단중,단일로,기타단일로,승용차,보행자
2017.4.5 21:00,야간,수,1,0,1,차대차,정면충돌,정면충돌,단일로,기타단일로,승용차,이륜차
2017.4.6 3:00,야간,목,2,0,0,차대차,측면충돌,측면충돌,단일로,기타단일로,원동기장치자전거,승용차
2017.4.6 3:00,야간,목,1,0,0,차대차,기타,기타,단일로,기타단일로,화물차,승용차
2017.4.6 6:00,주간,목,1,0,0,차대사람,횡단중,횡단중,교차로,교차로내,승용차,보행자
2017.4.6 12:00,주간,목,1,0,0,차대사람,횡단중,횡단중,단일로,기타단일로,승용차,보행자
2017.4.6 13:00,주간,목,1,0,0,차량단독,전도전복,전도전복,단일로,기타단일로,승용차,없음
2017.4.6 18:00,야간,목,1,0,0,차대사람,횡단중,횡단중,단일로,기타단일로,승용차,보행자
2017.4.7 0:00,야간,금,1,1,0,차대사람,기타,기타,단일로,기타단일로,승용차,보행자
2017.4.7 5:00,야간,금,1,0,0,차대사람,차도통행중,차도통행중,교차로,교차로부근,승용차,보행자
2017.4.7 11:00,주간,금,1,0,0,차대차,정면충돌,정면충돌,교차로,교차로내,자전거,승용차
2017.4.7 12:00,주간,금,1,0,0,차대차,정면충돌,정면충돌,단일로,기타단일로,승용차,승용차
2017.4.7 14:00,주간,금,1,0,0,차량단독,전도,전도,기타,기타,원동기장치자전거,없음
2017.4.7 15:00,주간,금,1,0,0,차량단독,전도전복,전도전복,단일로,기타단일로,이륜차,없음
2017.4.7 17:00,주간,금,1,0,0,차량단독,전도전복,전도전복,단일로,기타단일로,화물차,없음
2017.4.7 17:00,주간,금,2,0,0,차대차,정면충돌,정면충돌,단일로,기타단일로,승용차,이륜차
2017.4.7 19:00,야간,금,2,0,0,차대차,측면충돌,측면충돌,단일로,기타단일로,승용차,승용차
2017.4.7 19:00,야간,금,1,0,0,차대차,측면충돌,측면충돌,단일로,터널안,이륜차,화물차
2017.4.7 20:00,야간,금,1,0,0,차대사람,차도통행중,차도통행중,단일로,기타단일로,승용차,보행자
2017.4.7 20:00,야간,금,1,0,0,차대사람,횡단중,횡단중,단일로,기타단일로,승용차,보행자
2017.4.7 21:00,야간,금,1,1,0,차대차,측면충돌,측면충돌,단일로,기타단일로,원동기장치자전거,승용차
2017.4.7 23:00,야간,금,1,0,0,차대사람,횡단중,횡단중,단일로,기타단일로,승용차,보행자
2017.4.8 1:00,야간,토,1,1,0,차량단독,전도,전도,단일로,기타단일로,승용차,없음
2017.4.8 5:00,야간,토,1,0,0,차량단독,공작물충돌,공작물충돌,단일로,기타단일로,이륜차,없음
2017.4.8 5:00,야간,토,1,0,1,차대차,추돌,추돌,단일로,기타단일로,화물차,화물차
2017.4.8 10:00,주간,토,1,0,0,차량단독,기타,기타,단일로,기타단일로,승용차,없음
2017.4.8 11:00,주간,토,1,0,0,차대차,정면충돌,정면충돌,교차로,교차로내,이륜차,승용차
2017.4.8 14:00,주간,토,1,0,0,차량단독,전도전복,전도전복,단일로,기타단일로,승용차,없음
2017.4.8 19:00,야간,토,1,2,1,차대차,추돌,추돌,교차로,교차로내,승용차,승용차
2017.4.8 19:00,야간,토,1,0,0,차대차,측면충돌,측면충돌,단일로,기타단일로,승용차,이륜차
2017.4.9 2:00,야간,일,1,0,0,차대사람,횡단중,횡단중,기타,기타,승용차,보행자
2017.4.9 2:00,야간,일,1,0,0,차량단독,전도전복,전도전복,단일로,기타단일로,승용차,없음
2017.4.9 14:00,주간,일,1,0,0,차량단독,전도,전도,단일로,기타단일로,승용차,없음
2017.4.9 17:00,주간,일,1,0,0,차량단독,공작물충돌,공작물충돌,단일로,기타단일로,이륜차,없음
2017.4.9 19:00,야간,일,1,0,0,차대사람,횡단중,횡단중,단일로,기타단일로,승용차,보행자
2017.4.10 11:00,주간,월,1,0,0,차대사람,횡단중,횡단중,단일로,기타단일로,승용차,보행자
2017.4.10 13:00,주간,월,1,2,0,차대차,정면충돌,정면충돌,교차로,교차로내,화물차,화물차
2017.4.10 14:00,주간,월,1,0,0,차대사람,기타,기타,교차로,교차로내,화물차,보행자
2017.4.10 15:00,주간,월,1,0,0,차대사람,횡단중,횡단중,교차로,교차로부근,승용차,보행자
2017.4.10 15:00,주간,월,2,1,0,차대차,정면충돌,정면충돌,단일로,기타단일로,화물차,화물차
2017.4.10 15:00,주간,월,1,0,0,차대사람,횡단중,횡단중,교차로,교차로부근,건설기계,보행자
2017.4.10 16:00,주간,월,1,0,0,차대사람,횡단중,횡단중,단일로,기타단일로,화물차,보행자
2017.4.10 19:00,야간,월,1,0,1,차대사람,횡단중,횡단중,단일로,기타단일로,원동기장치자전거,보행자
2017.4.10 22:00,야간,월,1,1,2,차대차,정면충돌,정면충돌,교차로,교차로내,승합차,원동기장치자전거
2017.4.11 0:00,야간,화,1,2,0,차량단독,공작물충돌,공작물충돌,단일로,기타단일로,승용차,없음
2017.4.11 9:00,주간,화,1,0,0,차대차,측면충돌,측면충돌,단일로,기타단일로,이륜차,승용차
2017.4.11 10:00,주간,화,1,1,0,차량단독,전도,전도,단일로,기타단일로,원동기장치자전거,없음
2017.4.11 11:00,주간,화,1,0,0,차대사람,횡단중,횡단중,교차로,교차로횡단보도내,화물차,보행자
2017.4.11 12:00,주간,화,1,0,0,차대차,측면충돌,측면충돌,교차로,교차로내,이륜차,승합차
2017.4.11 14:00,주간,화,1,2,0,차대차,추돌,추돌,단일로,기타단일로,승용차,화물차
2017.4.11 17:00,주간,화,1,0,1,차량단독,기타,기타,단일로,기타단일로,사륜오토바이(ATV),없음
2017.4.11 18:00,야간,화,1,0,1,차대차,측면충돌,측면충돌,단일로,기타단일로,이륜차,승용차
2017.4.11 21:00,야간,화,1,0,0,차대차,측면충돌,측면충돌,단일로,기타단일로,화물차,화물차
2017.4.11 22:00,야간,화,1,0,0,차대차,측면충돌,측면충돌,단일로,기타단일로,승용차,승용차
2017.4.11 23:00,야간,화,1,1,2,차대차,측면충돌,측면충돌,단일로,기타단일로,화물차,승용차
2017.4.11 23:00,야간,화,1,0,0,차량단독,전도전복,전도전복,단일로,기타단일로,승용차,없음
2017.4.12 0:00,야간,수,2,0,0,차대차,정면충돌,정면충돌,단일로,기타단일로,승용차,승용차
2017.4.12 7:00,주간,수,1,0,0,차대차,측면충돌,측면충돌,교차로,교차로내,승용차,자전거
2017.4.12 7:00,주간,수,1,0,0,차대사람,횡단중,횡단중,단일로,기타단일로,화물차,보행자
2017.4.12 10:00,주간,수,1,0,0,차대사람,횡단중,횡단중,단일로,기타단일로,화물차,보행자
2017.4.12 15:00,주간,수,1,1,0,차량단독,공작물충돌,공작물충돌,단일로,기타단일로,승용차,없음
2017.4.12 19:00,야간,수,1,0,0,차대사람,횡단중,횡단중,단일로,기타단일로,승용차,보행자
2017.4.12 19:00,야간,수,1,0,0,차대사람,차도통행중,차도통행중,단일로,기타단일로,승용차,보행자
2017.4.12 19:00,야간,수,1,0,0,차대사람,횡단중,횡단중,교차로,교차로부근,승용차,보행자
2017.4.12 20:00,야간,수,1,0,0,차대차,추돌,추돌,단일로,기타단일로,승용차,자전거
2017.4.12 20:00,야간,수,1,0,0,차대사람,횡단중,횡단중,교차로,교차로부근,화물차,보행자
2017.4.12 22:00,야간,수,1,0,0,차대사람,횡단중,횡단중,단일로,기타단일로,승용차,보행자
2017.4.12 23:00,야간,수,1,0,0,차량단독,공작물충돌,공작물충돌,교차로,교차로부근,승용차,없음
2017.4.13 0:00,야간,목,1,0,0,차대사람,횡단중,횡단중,교차로,교차로부근,승용차,보행자
2017.4.13 5:00,야간,목,1,0,0,차대사람,기타,기타,단일로,기타단일로,건설기계,보행자
2017.4.13 5:00,야간,목,1,1,0,차대차,정면충돌,정면충돌,교차로,교차로내,화물차,화물차
2017.4.13 6:00,주간,목,1,1,0,차대차,측면충돌,측면충돌,단일로,기타단일로,승용차,화물차
2017.4.13 8:00,주간,목,1,0,0,차대차,추돌,추돌,단일로,기타단일로,승용차,화물차
2017.4.13 11:00,주간,목,1,0,0,차량단독,기타,기타,단일로,기타단일로,사륜오토바이(ATV),없음
2017.4.13 11:00,주간,목,1,0,0,차량단독,전도,전도,단일로,기타단일로,화물차,없음
2017.4.13 12:00,주간,목,1,2,1,차대차,정면충돌,정면충돌,기타,기타,승용차,화물차
2017.4.13 13:00,주간,목,1,0,0,차대사람,차도통행중,차도통행중,단일로,기타단일로,승용차,보행자
2017.4.13 15:00,주간,목,1,0,0,차대차,추돌,추돌,단일로,기타단일로,승용차,자전거
2017.4.13 16:00,주간,목,1,0,0,차량단독,전도,전도,교차로,교차로부근,이륜차,없음
2017.4.13 17:00,주간,목,1,0,0,차량단독,기타,기타,교차로,교차로내,이륜차,없음