발생년월일시,주야,요일,사망자수,중상자수,경상자수,사고유형_대분류,사고유형_중분류,사고유형,도로형태_대분류,도로형태,당사자종별_1당_대분류,당사자종별_2당_대분류
2017.4.14 4:00,야간,금,1,0,0,차량단독,전도,전도,교차로,교차로부근,화물차,없음
2017.4.14 6:00,주간,금,1,1,0,차대차,측면충돌,측면충돌,단일로,기타단일로,화물차,화물차
2017.4.14 7:00,주간,금,1,0,0,차량단독,전도전복,전도전복,단일로,기타단일로,화물차,없음
2017.4.14 8:00,주간,금,1,0,1,차대차,정면충돌,정면충돌,교차로,교차로내,이륜차,승합차
2017.4.14 10:00,주간,금,1,0,0,차대사람,횡단중,횡단중,단일로,기타단일로,화물차,보행자
2017.4.14 10:00,주간,금,1,0,4,차대차,추돌,추돌,교차로,교차로내,화물차,승용차
2017.4.14 13:00,주간,금,1,0,0,차대차,측면충돌,측면충돌,교차로,교차로부근,이륜차,승용차
2017.4.14 17:00,주간,금,1,3,0,차량단독,전도,전도,단일로,기타단일로,승용차,없음
2017.4.14 22:00,야간,금,1,0,0,차대사람,횡단중,횡단중,단일로,기타단일로,승용차,보행자
2017.4.15 1:00,야간,토,2,0,1,차대차,정면충돌,정면충돌,교차로,교차로횡단보도내,승용차,승용차
2017.4.15 1:00,야간,토,1,0,0,차량단독,도로이탈,도로이탈 추락,단일로,기타단일로,화물차,없음
2017.4.15 3:00,야간,토,1,0,0,차대사람,횡단중,횡단중,단일로,기타단일로,화물차,보행자
2017.4.15 7:00,주간,토,1,0,0,차대사람,보도통행중,보도통행중,단일로,기타단일로,화물차,보행자
2017.4.15 7:00,주간,토,1,0,2,차량단독,공작물충돌,공작물충돌,단일로,기타단일로,승용차,없음
2017.4.15 9:00,주간,토,1,0,0,차대사람,횡단중,횡단중,교차로,교차로내,화물차,보행자
2017.4.15 10:00,주간,토,1,0,0,차량단독,전도전복,전도전복,단일로,기타단일로,승용차,없음
2017.4.15 15:00,주간,토,1,0,0,차대차,기타,기타,단일로,기타단일로,원동기장치자전거,승합차
2017.4.15 18:00,야간,토,1,0,0,차량단독,전도전복,전도전복,단일로,기타단일로,이륜차,없음
2017.4.16 0:00,야간,일,3,1,0,차대사람,길가장자리구역통행중,길가장자리구역통행중,단일로,기타단일로,화물차,보행자
2017.4.16 0:00,야간,일,1,0,0,차량단독,공작물충돌,공작물충돌,단일로,기타단일로,승용차,없음
2017.4.16 0:00,야간,일,1,1,0,차대차,기타,기타,교차로,교차로부근,승용차,원동기장치자전거
2017.4.16 5:00,야간,일,1,0,0,차량단독,전도전복,전도전복,단일로,기타단일로,이륜차,없음
2017.4.16 8:00,주간,일,1,0,2,차대차,측면충돌,측면충돌,교차로,교차로내,승용차,농기계
2017.4.16 9:00,주간,일,1,0,0,차대차,측면충돌,측면충돌,단일로,기타단일로,승용차,자전거
2017.4.16 11:00,주간,일,1,8,17,차대차,측면충돌,측면충돌,단일로,기타단일로,승합차,승용차
2017.4.16 11:00,주간,일,1,0,0,차대사람,횡단중,횡단중,교차로,교차로횡단보도내,승용차,보행자
2017.4.16 13:00,주간,일,1,0,0,차대차,기타,기타,단일로,기타단일로,이륜차,화물차
2017.4.16 15:00,주간,일,1,2,0,차대차,측면충돌,측면충돌,교차로,교차로내,승용차,승합차
2017.4.16 19:00,야간,일,1,0,1,차대사람,횡단중,횡단중,교차로,교차로내,이륜차,보행자
2017.4.16 20:00,야간,일,1,0,0,차대사람,횡단중,횡단중,교차로,교차로횡단보도내,승용차,보행자
2017.4.16 20:00,야간,일,1,0,0,차대사람,기타,기타,교차로,교차로부근,승용차,보행자
2017.4.17 0:00,야간,월,1,0,2,차대차,추돌,추돌,단일로,고가도로위,화물차,건설기계
2017.4.17 8:00,주간,월,1,0,0,차대사람,횡단중,횡단중,단일로,기타단일로,승용차,보행자
2017.4.17 9:00,주간,월,1,0,0,차량단독,전도전복,전도전복,단일로,기타단일로,사륜오토바이(ATV),없음
2017.4.17 10:00,주간,월,1,2,2,차대차,추돌,추돌,단일로,기타단일로,승용차,승용차
2017.4.17 10:00,주간,월,1,0,1,차대차,추돌,추돌,교차로,교차로부근,승용차,화물차
2017.4.17 11:00,주간,월,1,0,0,차량단독,전도,전도,단일로,기타단일로,화물차,없음
2017.4.17 14:00,주간,월,1,0,0,차량단독,전도전복,전도전복,단일로,기타단일로,승용차,없음
2017.4.17 18:00,야간,월,1,0,0,차량단독,공작물충돌,공작물충돌,단일로,기타단일로,승용차,없음
2017.4.17 22:00,야간,월,1,0,0,차량단독,공작물충돌,공작물충돌,교차로,교차로내,승용차,없음
2017.4.18 6:00,주간,화,1,0,0,차대차,측면충돌,측면충돌,단일로,기타단일로,자전거,승용차
2017.4.18 9:00,주간,화,1,0,0,차대사람,횡단중,횡단중,기타,기타,승용차,보행자
2017.4.18 13:00,주간,화,1,0,0,차대차,측면충돌,측면충돌,교차로,교차로부근,자전거,승용차
2017.4.18 16:00,주간,화,1,0,0,차대사람,횡단중,횡단중,단일로,기타단일로,화물차,보행자
2017.4.18 16:00,주간,화,1,0,0,차대차,측면충돌,측면충돌,교차로,교차로내,건설기계,자전거
2017.4.19 2:00,야간,수,1,0,0,차대차,정면충돌,정면충돌,교차로,교차로내,이륜차,화물차
2017.4.19 3:00,야간,수,1,0,0,차대사람,차도통행중,차도통행중,단일로,기타단일로,승용차,보행자
2017.4.19 4:00,야간,수,1,0,0,차량단독,공작물충돌,공작물충돌,교차로,교차로부근,승용차,없음
2017.4.19 5:00,야간,수,1,0,0,차대차,추돌,추돌,단일로,기타단일로,승용차,건설기계
2017.4.19 5:00,야간,수,1,2,0,차대차,추돌,추돌,교차로,교차로내,화물차,승용차
2017.4.19 10:00,주간,수,1,0,0,차대차,기타,기타,단일로,기타단일로,화물차,화물차
2017.4.19 14:00,주간,수,1,0,2,차대차,정면충돌,정면충돌,단일로,기타단일로,이륜차,승용차
2017.4.19 17:00,주간,수,1,0,0,차대사람,길가장자리구역통행중,길가장자리구역통행중,단일로,기타단일로,승용차,보행자
2017.4.20 0:00,야간,목,1,0,1,차대사람,횡단중,횡단중,교차로,교차로부근,승용차,보행자
2017.4.20 2:00,야간,목,1,0,0,차대사람,기타,기타,단일로,기타단일로,화물차,보행자
2017.4.20 2:00,야간,목,1,0,1,차대차,측면충돌,측면충돌,교차로,교차로내,승용차,승합차
2017.4.20 4:00,야간,목,1,0,0,차대사람,횡단중,횡단중,단일로,기타단일로,승용차,보행자
2017.4.20 17:00,주간,목,1,1,1,차대차,추돌,추돌,단일로,기타단일로,특수차,화물차
2017.4.20 21:00,야간,목,1,0,0,차대차,측면충돌,측면충돌,교차로,교차로내,화물차,이륜차
2017.4.20 21:00,야간,목,1,0,0,차대차,추돌,추돌,단일로,기타단일로,승용차,원동기장치자전거
2017.4.21 8:00,주간,금,1,0,0,차대사람,횡단중,횡단중,단일로,기타단일로,이륜차,보행자
2017.4.21 9:00,주간,금,1,0,0,차대사람,기타,기타,교차로,교차로내,건설기계,보행자
2017.4.21 11:00,주간,금,1,1,1,차대차,측면충돌,측면충돌,교차로,교차로내,농기계,화물차
2017.4.21 13:00,주간,금,1,0,1,차대차,추돌,추돌,단일로,기타단일로,화물차,승용차
2017.4.21 14:00,주간,금,1,0,0,차대사람,차도통행중,차도통행중,단일로,기타단일로,승합차,보행자
2017.4.21 16:00,주간,금,1,0,0,차대차,측면충돌,측면충돌,교차로,교차로내,화물차,자전거
2017.4.21 20:00,야간,금,1,0,0,차대사람,차도통행중,차도통행중,교차로,교차로부근,승용차,보행자
2017.4.21 21:00,야간,금,1,0,0,차대차,추돌,추돌,단일로,기타단일로,승용차,원동기장치자전거
2017.4.22 2:00,야간,토,1,0,0,차량단독,전도전복,전도전복,단일로,기타단일로,원동기장치자전거,없음
2017.4.22 2:00,야간,토,1,0,0,차량단독,공작물충돌,공작물충돌,단일로,기타단일로,승용차,없음
2017.4.22 2:00,야간,토,1,0,0,차대사람,차도통행중,차도통행중,단일로,기타단일로,승용차,보행자
2017.4.22 3:00,야간,토,1,0,0,차대사람,횡단중,횡단중,단일로,기타단일로,승용차,보행자
2017.4.22 19:00,야간,토,1,0,0,차대사람,횡단중,횡단중,단일로,기타단일로,승용차,보행자
2017.4.22 19:00,야간,토,1,0,0,차대차,정면충돌,정면충돌,단일로,기타단일로,이륜차,화물차
2017.4.22 21:00,야간,토,1,0,0,차대사람,횡단중,횡단중,단일로,기타단일로,승용차,보행자
2017.4.22 21:00,야간,토,1,0,0,차대사람,횡단중,횡단중,단일로,기타단일로,승용차,보행자
2017.4.23 4:00,야간,일,3,1,0,차대차,측면충돌,측면충돌,단일로,기타단일로,승용차,화물차
2017.4.23 18:00,야간,일,1,0,0,차대사람,횡단중,횡단중,교차로,교차로내,승합차,보행자
2017.4.24 4:00,야간,월,1,0,0,차대사람,횡단중,횡단중,교차로,교차로내,승용차,보행자
2017.4.24 5:00,야간,월,1,0,0,차대차,측면충돌,측면충돌,교차로,교차로횡단보도내,자전거,승용차
2017.4.24 7:00,주간,월,1,0,0,차량단독,공작물충돌,공작물충돌,단일로,기타단일로,승용차,없음
2017.4.24 8:00,주간,월,1,0,0,차대차,측면충돌,측면충돌,교차로,교차로횡단보도내,화물차,자전거
2017.4.24 8:00,주간,월,2,0,0,차량단독,전도,전도,단일로,기타단일로,승용차,없음
2017.4.24 9:00,주간,월,1,0,0,차량단독,공작물충돌,공작물충돌,단일로,기타단일로,자전거,없음
2017.4.24 9:00,주간,월,1,0,0,차대사람,횡단중,횡단중,교차로,교차로부근,건설기계,보행자
2017.4.24 11:00,주간,월,1,0,0,차량단독,전도전복,전도전복,단일로,기타단일로,이륜차,없음
2017.4.24 11:00,주간,월,1,0,0,차대차,정면충돌,정면충돌,교차로,교차로내,건설기계,농기계
2017.4.24 19:00,야간,월,1,0,0,차량단독,전도전복,전도전복,단일로,기타단일로,이륜차,없음
2017.4.24 20:00,야간,월,1,0,0,차량단독,기타,기타,단일로,기타단일로,사륜오토바이(ATV),없음
2017.4.24 20:00,야간,월,1,0,0,차량단독,전도전복,전도전복,단일로,기타단일로,이륜차,없음
2017.4.24 21:00,야간,월,1,0,0,차대차,추돌,추돌,단일로,기타단일로,승용차,특수차
2017.4.24 21:00,야간,월,1,0,0,차대사람,기타,기타,단일로,기타단일로,화물차,보행자
2017.4.24 22:00,야간,월,1,0,0,차량단독,전도,전도,교차로,교차로내,승용차,없음
2017.4.24 22:00,야간,월,1,0,0,차대차,측면충돌,측면충돌,교차로,교차로내,승용차,원동기장치자전거
2017.4.25 3:00,야간,화,2,1,0,차대차,정면충돌,정면충돌,단일로,기타단일로,승용차,승용차
2017.4.25 6:00,주간,화,1,0,0,차대차,기타,기타,단일로,기타단일로,자전거,승합차
2017.4.25 16:00,주간,화,1,0,0,차량단독,전도,전도,단일로,기타단일로,승용차,없음
2017.4.25 16:00,주간,화,2,2,1,차대차,추돌,추돌,단일로,기타단일로,승용차,승합차
2017.4.25 18:00,야간,화,1,0,0,차대사람,기타,기타,단일로,기타단일로,승합차,보행자
2017.4.25 20:00,야간,화,1,0,0,차대사람,횡단중,횡단중,단일로,기타단일로,승용차,보행자
2017.4.25 22:00,야간,화,1,0,1,차대차,측면충돌,측면충돌,단일로,기타단일로,승용차,승용차
2017.4.26 4:00,야간,수,1,0,0,차대사람,기타,기타,단일로,기타단일로,승용차,보행자
2017.4.26 5:00,야간,수,1,0,0,차대차,기타,기타,단일로,기타단일로,승용차,승합차
2017.4.26 11:00,주간,수,1,0,0,차대차,기타,기타,단일로,기타단일로,승용차,화물차
2017.4.26 12:00,주간,수,1,0,0,차대사람,횡단중,횡단중,단일로,기타단일로,승용차,보행자
2017.4.26 14:00,주간,수,1,0,0,차대차,측면충돌,측면충돌,단일로,기타단일로,건설기계,자전거
2017.4.26 17:00,주간,수,1,0,0,차대차,추돌,추돌,단일로,기타단일로,화물차,농기계
2017.4.26 19:00,야간,수,1,0,0,차대사람,길가장자리구역통행중,길가장자리구역통행중,단일로,기타단일로,승용차,보행자
2017.4.27 2:00,야간,목,1,0,0,차대사람,횡단중,횡단중,단일로,기타단일로,화물차,보행자
2017.4.27 5:00,야간,목,1,0,0,차대차,측면충돌,측면충돌,교차로,교차로내,이륜차,화물차
2017.4.27 6:00,주간,목,1,0,0,차대차,측면충돌,측면충돌,교차로,교차로내,이륜차,승합차
2017.4.27 7:00,주간,목,1,0,0,차대차,정면충돌,정면충돌,교차로,교차로내,이륜차,승용차
2017.4.27 9:00,주간,목,1,0,0,차대차,측면충돌,측면충돌,교차로,교차로내,자전거,승용차
2017.4.27 10:00,주간,목,1,1,2,차대차,정면충돌,정면충돌,단일로,기타단일로,승용차,승용차
2017.4.27 13:00,주간,목,1,0,0,차대사람,횡단중,횡단중,교차로,교차로내,화물차,보행자
2017.4.27 16:00,주간,목,1,0,0,차량단독,전도,전도,교차로,교차로부근,이륜차,없음
2017.4.27 17:00,주간,목,1,1,1,차대차,정면충돌,정면충돌,교차로,교차로내,화물차,승합차
2017.4.27 18:00,야간,목,1,0,0,차대차,추돌,추돌,교차로,교차로부근,원동기장치자전거,승용차
2017.4.27 21:00,야간,목,1,0,0,차대차,정면충돌,정면충돌,교차로,교차로내,승용차,이륜차
2017.4.27 21:00,야간,목,1,0,0,차대사람,횡단중,횡단중,교차로,교차로부근,승용차,보행자
2017.4.27 21:00,야간,목,1,1,0,차대차,추돌,추돌,단일로,기타단일로,화물차,화물차
2017.4.28 0:00,야간,금,1,0,0,차대사람,횡단중,횡단중,단일로,교량위,승합차,보행자
2017.4.28 5:00,야간,금,1,0,0,차대사람,횡단중,횡단중,교차로,교차로횡단보도내,화물차,보행자
2017.4.28 9:00,주간,금,1,0,0,차량단독,전도전복,전도전복,단일로,기타단일로,이륜차,없음
2017.4.28 13:00,주간,금,1,0,0,차량단독,기타,기타,단일로,기타단일로,농기계,없음
2017.4.28 15:00,주간,금,1,1,0,차량단독,전도,전도,단일로,기타단일로,화물차,없음
2017.4.28 19:00,야간,금,1,0,0,차량단독,전도,전도,단일로,기타단일로,원동기장치자전거,없음
2017.4.28 21:00,야간,금,1,0,0,차대사람,횡단중,횡단중,교차로,교차로부근,승용차,보행자
2017.4.28 23:00,야간,금,1,0,0,차대차,측면충돌,측면충돌,교차로,교차로내,이륜차,승용차
2017.4.29 7:00,주간,토,1,0,0,차대차,측면충돌,측면충돌,단일로,기타단일로,건설기계,자전거
2017.4.29 12:00,주간,토,1,0,0,차대차,측면충돌,측면충돌,교차로,교차로부근,이륜차,화물차
2017.4.29 13:00,주간,토,1,0,1,차대차,정면충돌,정면충돌,단일로,기타단일로,화물차,건설기계
2017.4.29 14:00,주간,토,2,0,3,차대차,측면충돌,측면충돌,교차로,교차로내,승용차,건설기계
2017.4.29 16:00,주간,토,1,1,0,차대차,후진중충돌,후진중충돌,단일로,기타단일로,화물차,이륜차
2017.4.29 17:00,주간,토,1,2,0,차량단독,공작물충돌,공작물충돌,교차로,교차로부근,승용차,없음
2017.4.29 17:00,주간,토,1,0,0,차대사람,횡단중,횡단중,교차로,교차로내,화물차,보행자
2017.4.29 18:00,야간,토,1,0,0,차량단독,전도,전도,단일로,터널안,이륜차,없음
2017.4.29 19:00,야간,토,1,0,0,차대사람,기타,기타,단일로,기타단일로,화물차,보행자
2017.4.29 19:00,야간,토,1,0,0,차대차,정면충돌,정면충돌,교차로,교차로부근,화물차,자전거
2017.4.29 20:00,야간,토,1,0,0,차대사람,횡단중,횡단중,교차로,교차로횡단보도내,승용차,보행자
2017.4.29 20:00,야간,토,1,0,0,차대사람,횡단중,횡단중,단일로,기타단일로,건설기계,보행자
2017.4.29 20:00,야간,토,1,0,0,차대사람,횡단중,횡단중,기타,기타,화물차,보행자
2017.4.29 22:00,야간,토,1,0,0,차대사람,횡단중,횡단중,단일로,기타단일로,화물차,보행자
2017.4.30 0:00,야간,일,1,1,0,차량단독,공작물충돌,공작물충돌,교차로,교차로내,승합차,없음
2017.4.30 1:00,야간,일,1,0,0,차대사람,기타,기타,교차로,교차로부근,승용차,보행자
2017.4.30 6:00,주간,일,1,1,0,차대차,기타,기타,단일로,기타단일로,승용차,승용차
2017.4.30 8:00,주간,일,1,1,2,차대차,정면충돌,정면충돌,기타,기타,승용차,승용차
2017.4.30 9:00,주간,일,1,0,0,차대사람,길가장자리구역통행중,길가장자리구역통행중,단일로,기타단일로,승용차,보행자
2017.4.30 10:00,주간,일,1,0,2,차대차,측면충돌,측면충돌,단일로,기타단일로,이륜차,승용차
2017.4.30 10:00,주간,일,1,0,0,차대사람,횡단중,횡단중,단일로,기타단일로,승용차,보행자
2017.4.30 13:00,주간,일,1,0,1,차량단독,도로이탈,도로이탈 기타,단일로,기타단일로,승용차,없음
2017.4.30 14:00,주간,일,1,3,0,차량단독,전도전복,전도전복,단일로,기타단일로,승용차,없음
2017.4.30 14:00,주간,일,1,0,0,차대사람,횡단중,횡단중,교차로,교차로횡단보도내,승합차,보행자
2017.4.30 18:00,야간,일,1,0,0,차량단독,전도전복,전도전복,교차로,교차로부근,사륜오토바이(ATV),없음
2017.4.30 19:00,야간,일,1,0,0,차대사람,횡단중,횡단중,단일로,기타단일로,승용차,보행자
2017.4.30 19:00,야간,일,1,0,0,차대사람,횡단중,횡단중,교차로,교차로부근,승용차,보행자
2017.4.30 20:00,야간,일,1,0,0,차대사람,횡단중,횡단중,단일로,기타단일로,승용차,보행자
2017.4.30 21:00,야간,일,1,1,0,차대차,추돌,추돌,단일로,기타단일로,승용차,원동기장치자전거
2017.5.1 0:00,야간,월,1,1,1,차대사람,차도통행중,차도통행중,단일로,기타단일로,이륜차,보행자
2017.5.1 2:00,야간,월,1,0,1,차대사람,횡단중,횡단중,교차로,교차로내,승용차,보행자
2017.5.1 3:00,야간,월,1,0,0,차대사람,횡단중,횡단중,교차로,교차로내,화물차,보행자
2017.5.1 8:00,주간,월,1,0,0,차량단독,전도,전도,단일로,기타단일로,승용차,없음
2017.5.1 9:00,주간,월,1,0,0,차대차,측면충돌,측면충돌,교차로,교차로내,승용차,이륜차
2017.5.1 11:00,주간,월,1,0,0,차대사람,차도통행중,차도통행중,단일로,기타단일로,화물차,보행자
2017.5.1 16:00,주간,월,1,0,0,차대사람,횡단중,횡단중,교차로,교차로내,화물차,보행자
2017.5.1 17:00,주간,월,1,0,0,차량단독,전도,전도,교차로,교차로내,이륜차,없음
2017.5.1 19:00,야간,월,1,0,0,차대사람,횡단중,횡단중,단일로,기타단일로,승용차,보행자
2017.5.1 21:00,야간,월,1,0,0,차대사람,기타,기타,기타,기타,승용차,보행자
2017.5.1 23:00,야간,월,1,0,0,차량단독,전도전복,전도전복,단일로,기타단일로,승용차,없음
2017.5.1 23:00,야간,월,2,5,1,차대차,기타,기타,단일로,기타단일로,승합차,승용차
2017.5.2 0:00,야간,화,1,0,0,차량단독,전도전복,전도전복,단일로,교량위,승용차,없음
2017.5.2 0:00,야간,화,2,0,0,차량단독,공작물충돌,공작물충돌,단일로,기타단일로,승용차,없음
2017.5.2 0:00,야간,화,1,0,1,차대차,추돌,추돌,교차로,교차로내,승용차,화물차
2017.5.2 4:00,야간,화,1,1,0,차대차,측면충돌,측면충돌,단일로,기타단일로,승합차,승용차
2017.5.2 7:00,주간,화,1,0,0,차대사람,횡단중,횡단중,단일로,기타단일로,승용차,보행자
2017.5.2 9:00,주간,화,1,2,0,차대차,정면충돌,정면충돌,단일로,기타단일로,승용차,건설기계
2017.5.3 0:00,야간,수,1,0,0,차량단독,전도,전도,단일로,기타단일로,이륜차,없음
2017.5.3 0:00,야간,수,1,0,0,차대사람,차도통행중,차도통행중,단일로,기타단일로,승용차,보행자
2017.5.3 2:00,야간,수,1,0,1,차대차,추돌,추돌,단일로,기타단일로,화물차,화물차
2017.5.3 3:00,야간,수,1,0,0,차량단독,공작물충돌,공작물충돌,단일로,교량위,이륜차,없음
2017.5.3 7:00,주간,수,1,2,1,차대차,측면충돌,측면충돌,교차로,교차로내,건설기계,화물차
2017.5.3 9:00,주간,수,1,0,0,차대사람,길가장자리구역통행중,길가장자리구역통행중,단일로,기타단일로,승용차,보행자
2017.5.3 16:00,주간,수,1,0,0,차대차,기타,기타,교차로,교차로부근,화물차,화물차
2017.5.3 16:00,주간,수,1,0,0,차대차,측면충돌,측면충돌,단일로,기타단일로,자전거,승용차
2017.5.3 18:00,야간,수,1,0,0,차량단독,기타,기타,교차로,교차로내,화물차,없음
2017.5.3 18:00,야간,수,1,0,0,차량단독,공작물충돌,공작물충돌,단일로,기타단일로,사륜오토바이(ATV),없음
2017.5.4 1:00,야간,목,1,0,0,차량단독,전도,전도,단일로,기타단일로,원동기장치자전거,없음
2017.5.4 1:00,야간,목,1,0,0,차대차,정면충돌,정면충돌,단일로,기타단일로,승용차,화물차
2017.5.4 1:00,야간,목,1,0,0,차대사람,횡단중,횡단중,단일로,기타단일로,승용차,보행자
2017.5.4 5:00,야간,목,1,0,0,차대사람,횡단중,횡단중,교차로,교차로부근,화물차,보행자
2017.5.4 6:00,주간,목,1,0,0,차대사람,횡단중,횡단중,교차로,교차로부근,화물차,보행자
2017.5.4 10:00,주간,목,1,0,0,차대차,기타,기타,단일로,기타단일로,자전거,화물차
2017.5.4 13:00,주간,목,1,0,0,차대차,기타,기타,교차로,교차로부근,자전거,화물차
2017.5.4 13:00,주간,목,1,0,0,차량단독,전도,전도,단일로,기타단일로,농기계,없음
2017.5.4 13:00,주간,목,1,1,0,차대차,측면충돌,측면충돌,교차로,교차로내,승용차,화물차
2017.5.4 13:00,주간,목,1,0,0,차량단독,도로이탈,도로이탈 추락,단일로,기타단일로,농기계,없음
2017.5.4 14:00,주간,목,1,0,0,차대사람,기타,기타,단일로,기타단일로,화물차,보행자
2017.5.4 18:00,야간,목,1,0,0,차량단독,전도전복,전도전복,단일로,기타단일로,승용차,없음
2017.5.4 23:00,야간,목,1,0,0,차대사람,차도통행중,차도통행중,교차로,교차로내,승용차,보행자
2017.5.5 0:00,야간,금,1,1,0,차량단독,전복,전복,교차로,교차로부근,승용차,없음
2017.5.5 1:00,야간,금,1,0,0,차량단독,전도전복,전도전복,교차로,교차로내,승용차,없음
2017.5.5 6:00,주간,금,1,0,0,차량단독,공작물충돌,공작물충돌,단일로,기타단일로,승용차,없음
2017.5.5 6:00,주간,금,1,0,0,차량단독,기타,기타,단일로,기타단일로,승용차,없음
2017.5.5 7:00,주간,금,1,0,0,차량단독,공작물충돌,공작물충돌,단일로,기타단일로,화물차,없음
2017.5.5 11:00,주간,금,1,0,3,차대차,추돌,추돌,단일로,기타단일로,승합차,승용차
2017.5.5 12:00,주간,금,1,1,0,차대차,추돌,추돌,단일로,기타단일로,화물차,승합차
2017.5.5 13:00,주간,금,1,1,1,차대차,정면충돌,정면충돌,단일로,기타단일로,승용차,승용차
2017.5.5 17:00,주간,금,1,0,0,차량단독,도로이탈,도로이탈 기타,기타,기타,자전거,없음
2017.5.5 20:00,야간,금,1,0,0,차대사람,횡단중,횡단중,단일로,기타단일로,화물차,보행자
2017.5.5 20:00,야간,금,1,0,0,차대사람,횡단중,횡단중,교차로,교차로횡단보도내,화물차,보행자
2017.5.5 21:00,야간,금,1,0,0,차대사람,횡단중,횡단중,단일로,기타단일로,승용차,보행자
2017.5.6 1:00,야간,토,1,0,0,차대사람,횡단중,횡단중,단일로,기타단일로,승용차,보행자
2017.5.6 2:00,야간,토,1,0,1,차대차,추돌,추돌,단일로,기타단일로,승용차,특수차
2017.5.6 3:00,야간,토,1,0,1,차대차,추돌,추돌,단일로,기타단일로,승용차,화물차
2017.5.6 3:00,야간,토,1,0,0,차대사람,횡단중,횡단중,교차로,교차로내,승용차,보행자
2017.5.6 4:00,야간,토,1,0,0,차량단독,전도,전도,단일로,기타단일로,이륜차,없음
2017.5.6 6:00,주간,토,1,0,1,차대차,측면충돌,측면충돌,교차로,교차로내,화물차,승합차
2017.5.6 9:00,주간,토,1,0,0,차량단독,전도,전도,단일로,기타단일로,화물차,없음
2017.5.6 10:00,주간,토,1,0,0,차대차,기타,기타,교차로,교차로내,이륜차,화물차
2017.5.6 11:00,주간,토,1,1,1,차대차,측면충돌,측면충돌,단일로,기타단일로,승용차,승용차
2017.5.6 13:00,주간,토,1,0,0,차대차,측면충돌,측면충돌,교차로,교차로부근,승용차,자전거
2017.5.6 14:00,주간,토,1,0,1,차대차,측면충돌,측면충돌,교차로,교차로부근,원동기장치자전거,승합차
2017.5.6 15:00,주간,토,1,0,1,차대차,기타,기타,교차로,교차로내,승용차,건설기계
2017.5.6 17:00,주간,토,1,0,0,차대사람,횡단중,횡단중,교차로,교차로횡단보도내,건설기계,보행자
2017.5.6 18:00,야간,토,1,0,2,차대차,기타,기타,단일로,기타단일로,승용차,승용차
2017.5.6 21:00,야간,토,1,0,0,차대사람,횡단중,횡단중,교차로,교차로부근,화물차,보행자
2017.5.6 21:00,야간,토,1,0,0,차대사람,기타,기타,기타,기타,승용차,보행자
2017.5.6 22:00,야간,토,1,0,0,차대사람,횡단중,횡단중,교차로,교차로횡단보도내,화물차,보행자
2017.5.6 22:00,야간,토,1,0,0,차량단독,전도전복,전도전복,단일로,기타단일로,화물차,없음
2017.5.7 2:00,야간,일,1,0,0,차량단독,공작물충돌,공작물충돌,단일로,기타단일로,이륜차,없음
2017.5.7 4:00,야간,일,1,0,0,차대사람,횡단중,횡단중,단일로,기타단일로,승용차,보행자
2017.5.7 5:00,야간,일,1,0,0,차대사람,횡단중,횡단중,단일로,기타단일로,승용차,보행자
2017.5.7 8:00,주간,일,1,1,2,차대차,정면충돌,정면충돌,교차로,교차로내,이륜차,화물차
2017.5.7 10:00,주간,일,1,0,0,차대사람,기타,기타,교차로,교차로내,승용차,보행자
2017.5.7 14:00,주간,일,1,1,0,차량단독,전도,전도,교차로,교차로내,승용차,없음
2017.5.7 19:00,야간,일,1,0,0,차대차,기타,기타,단일로,기타단일로,이륜차,화물차
2017.5.7 22:00,야간,일,1,0,0,차대사람,횡단중,횡단중,교차로,교차로부근,승합차,보행자
2017.5.8 0:00,야간,월,1,0,0,차량단독,전도,전도,교차로,교차로부근,이륜차,없음
2017.5.8 0:00,야간,월,1,1,0,차량단독,전도전복,전도전복,단일로,지하차도(도로)내,승용차,없음
2017.5.8 5:00,야간,월,1,0,0,차대차,추돌,추돌,단일로,기타단일로,승합차,농기계
2017.5.8 6:00,주간,월,1,0,0,차대차,정면충돌,정면충돌,교차로,교차로내,화물차,원동기장치자전거
2017.5.8 13:00,주간,월,1,0,0,차대차,측면충돌,측면충돌,교차로,교차로내,사륜오토바이(ATV),화물차
2017.5.8 14:00,주간,월,1,0,0,차대차,기타,기타,교차로,교차로내,화물차,원동기장치자전거
2017.5.8 14:00,주간,월,1,0,0,차량단독,전도,전도,단일로,기타단일로,농기계,없음
2017.5.8 14:00,주간,월,1,2,1,차대차,측면충돌,측면충돌,교차로,교차로내,승용차,승용차
2017.5.8 14:00,주간,월,1,0,0,차대차,측면충돌,측면충돌,교차로,교차로내,화물차,이륜차
2017.5.8 15:00,주간,월,1,0,1,차대차,측면충돌,측면충돌,교차로,교차로내,승용차,승용차
2017.5.8 15:00,주간,월,1,0,0,차대사람,횡단중,횡단중,교차로,교차로부근,화물차,보행자
2017.5.8 17:00,주간,월,1,1,0,차대차,정면충돌,정면충돌,교차로,교차로내,승용차,이륜차
2017.5.8 18:00,야간,월,1,0,0,차대차,측면충돌,측면충돌,교차로,교차로내,자전거,승용차
2017.5.9 0:00,야간,화,1,0,0,차대사람,횡단중,횡단중,교차로,교차로부근,승용차,보행자
2017.5.9 2:00,야간,화,1,0,0,차대사람,횡단중,횡단중,단일로,기타단일로,화물차,보행자
2017.5.9 4:00,야간,화,1,0,0,차대사람,횡단중,횡단중,교차로,교차로내,이륜차,보행자
2017.5.9 7:00,주간,화,1,0,0,차대사람,차도통행중,차도통행중,교차로,교차로부근,승합차,보행자
2017.5.9 10:00,주간,화,1,0,0,차대사람,차도통행중,차도통행중,단일로,기타단일로,화물차,보행자