발생년월일시,주야,요일,사망자수,중상자수,경상자수,사고유형_대분류,사고유형_중분류,사고유형,도로형태_대분류,도로형태,당사자종별_1당_대분류,당사자종별_2당_대분류
2017.5.9 10:00,주간,화,1,0,0,차대차,기타,기타,단일로,기타단일로,자전거,승용차
2017.5.9 14:00,주간,화,1,0,0,차대사람,횡단중,횡단중,교차로,교차로내,승용차,보행자
2017.5.9 15:00,주간,화,1,0,0,차대사람,횡단중,횡단중,교차로,교차로내,승용차,보행자
2017.5.9 16:00,주간,화,1,0,0,차대사람,횡단중,횡단중,단일로,기타단일로,승용차,보행자
2017.5.9 17:00,주간,화,1,0,0,차량단독,전도전복,전도전복,단일로,기타단일로,화물차,없음
2017.5.9 17:00,주간,화,1,0,0,차대차,측면충돌,측면충돌,교차로,교차로부근,화물차,자전거
2017.5.9 19:00,야간,화,1,0,1,차대사람,기타,기타,단일로,기타단일로,승용차,보행자
2017.5.9 19:00,야간,화,1,0,0,차대사람,보도통행중,보도통행중,교차로,교차로횡단보도내,승합차,보행자
2017.5.9 23:00,야간,화,1,0,0,차대사람,횡단중,횡단중,단일로,기타단일로,승용차,보행자
2017.5.10 0:00,야간,수,1,0,0,차량단독,공작물충돌,공작물충돌,교차로,교차로부근,승용차,없음
2017.5.10 3:00,야간,수,1,0,0,차대차,추돌,추돌,단일로,기타단일로,승용차,건설기계
2017.5.10 11:00,주간,수,1,0,0,차대사람,횡단중,횡단중,단일로,기타단일로,승용차,보행자
2017.5.10 11:00,주간,수,1,1,0,차대차,추돌,추돌,단일로,지하차도(도로)내,승용차,화물차
2017.5.10 11:00,주간,수,1,0,0,차량단독,전도,전도,단일로,기타단일로,승용차,없음
2017.5.10 13:00,주간,수,1,1,0,차대차,정면충돌,정면충돌,단일로,기타단일로,승용차,승용차
2017.5.10 13:00,주간,수,1,0,0,차량단독,전도전복,전도전복,단일로,기타단일로,농기계,없음
2017.5.10 15:00,주간,수,1,0,0,차대사람,횡단중,횡단중,교차로,교차로횡단보도내,건설기계,보행자
2017.5.10 16:00,주간,수,1,1,0,차대차,기타,기타,교차로,교차로내,이륜차,승용차
2017.5.10 20:00,야간,수,1,0,0,차대사람,횡단중,횡단중,단일로,교량위,승용차,보행자
2017.5.11 4:00,야간,목,1,1,0,차대차,기타,기타,단일로,기타단일로,승용차,화물차
2017.5.11 6:00,주간,목,1,0,0,차대차,기타,기타,단일로,기타단일로,화물차,이륜차
2017.5.11 9:00,주간,목,1,0,0,차량단독,전도전복,전도전복,단일로,기타단일로,이륜차,없음
2017.5.11 11:00,주간,목,1,0,0,차대사람,횡단중,횡단중,교차로,교차로부근,화물차,보행자
2017.5.11 12:00,주간,목,1,1,0,차대차,추돌,추돌,단일로,교량위,이륜차,화물차
2017.5.11 14:00,주간,목,1,0,0,차량단독,공작물충돌,공작물충돌,단일로,기타단일로,이륜차,없음
2017.5.11 14:00,주간,목,1,1,0,차대사람,횡단중,횡단중,교차로,교차로부근,승용차,보행자
2017.5.11 15:00,주간,목,5,1,8,차대차,추돌,추돌,단일로,기타단일로,승합차,승합차
2017.5.11 18:00,야간,목,1,1,0,차량단독,전도전복,전도전복,단일로,기타단일로,이륜차,없음
2017.5.11 20:00,야간,목,1,0,0,차대사람,횡단중,횡단중,단일로,기타단일로,화물차,보행자
2017.5.11 22:00,야간,목,1,0,0,차대차,정면충돌,정면충돌,단일로,기타단일로,화물차,화물차
2017.5.12 2:00,야간,금,1,0,0,차대사람,차도통행중,차도통행중,단일로,기타단일로,화물차,보행자
2017.5.12 10:00,주간,금,1,0,0,차대사람,횡단중,횡단중,교차로,교차로내,승용차,보행자
2017.5.12 11:00,주간,금,1,0,0,차량단독,전도전복,전도전복,단일로,기타단일로,승용차,없음
2017.5.12 15:00,주간,금,1,0,2,차대차,추돌,추돌,단일로,기타단일로,승용차,화물차
2017.5.12 15:00,주간,금,1,0,5,차대차,측면충돌,측면충돌,단일로,기타단일로,승용차,승용차
2017.5.12 17:00,주간,금,1,1,0,차량단독,전도전복,전도전복,단일로,기타단일로,화물차,없음
2017.5.12 17:00,주간,금,1,0,0,차대차,측면충돌,측면충돌,교차로,교차로내,화물차,이륜차
2017.5.12 18:00,야간,금,1,0,0,차대차,추돌,추돌,단일로,기타단일로,화물차,자전거
2017.5.13 1:00,야간,토,1,0,0,차량단독,전도,전도,단일로,기타단일로,승용차,없음
2017.5.13 1:00,야간,토,1,0,0,차대사람,횡단중,횡단중,단일로,기타단일로,승용차,보행자
2017.5.13 2:00,야간,토,1,0,0,차대사람,차도통행중,차도통행중,단일로,기타단일로,승용차,보행자
2017.5.13 4:00,야간,토,1,0,0,차대사람,기타,기타,단일로,기타단일로,화물차,보행자
2017.5.13 10:00,주간,토,1,0,1,차대차,측면충돌,측면충돌,교차로,교차로내,승용차,승용차
2017.5.13 11:00,주간,토,1,0,1,차량단독,전복,전복,단일로,기타단일로,승용차,없음
2017.5.13 15:00,주간,토,1,0,0,차량단독,전도,전도,단일로,기타단일로,사륜오토바이(ATV),없음
2017.5.13 17:00,주간,토,1,0,0,차량단독,전도,전도,단일로,기타단일로,자전거,없음
2017.5.13 19:00,야간,토,1,0,0,차대차,추돌,추돌,단일로,기타단일로,승용차,화물차
2017.5.13 22:00,야간,토,1,0,0,차량단독,전도,전도,교차로,교차로내,이륜차,없음
2017.5.13 23:00,야간,토,1,0,0,차대사람,차도통행중,차도통행중,단일로,기타단일로,화물차,보행자
2017.5.14 0:00,야간,일,1,1,0,차대차,측면충돌,측면충돌,단일로,기타단일로,승용차,승용차
2017.5.14 0:00,야간,일,1,0,0,차대차,추돌,추돌,단일로,기타단일로,승용차,승용차
2017.5.14 3:00,야간,일,1,0,0,차량단독,전도,전도,단일로,기타단일로,이륜차,없음
2017.5.14 10:00,주간,일,1,0,0,차대차,정면충돌,정면충돌,단일로,기타단일로,화물차,이륜차
2017.5.14 11:00,주간,일,1,0,0,차량단독,공작물충돌,공작물충돌,단일로,기타단일로,이륜차,없음
2017.5.14 20:00,야간,일,1,0,0,차대사람,횡단중,횡단중,교차로,교차로횡단보도내,승용차,보행자
2017.5.14 21:00,야간,일,1,0,0,차대사람,횡단중,횡단중,단일로,기타단일로,승합차,보행자
2017.5.15 3:00,야간,월,1,0,0,차량단독,도로이탈,도로이탈 기타,단일로,기타단일로,승용차,없음
2017.5.15 4:00,야간,월,1,1,1,차량단독,공작물충돌,공작물충돌,단일로,기타단일로,승용차,없음
2017.5.15 6:00,주간,월,1,0,0,차대차,측면충돌,측면충돌,교차로,교차로내,승용차,사륜오토바이(ATV)
2017.5.15 8:00,주간,월,1,0,0,차대사람,횡단중,횡단중,교차로,교차로횡단보도내,승용차,보행자
2017.5.15 9:00,주간,월,1,0,1,차대차,기타,기타,단일로,기타단일로,원동기장치자전거,자전거
2017.5.15 9:00,주간,월,1,0,0,차대사람,보도통행중,보도통행중,단일로,기타단일로,화물차,보행자
2017.5.15 11:00,주간,월,1,0,0,차대차,측면충돌,측면충돌,교차로,교차로횡단보도내,특수차,자전거
2017.5.15 11:00,주간,월,1,2,0,차대차,기타,기타,교차로,교차로내,원동기장치자전거,화물차
2017.5.15 13:00,주간,월,1,0,0,차대사람,횡단중,횡단중,단일로,기타단일로,화물차,보행자
2017.5.15 15:00,주간,월,1,2,1,차대차,추돌,추돌,단일로,기타단일로,화물차,화물차
2017.5.15 16:00,주간,월,1,0,1,차대사람,횡단중,횡단중,교차로,교차로횡단보도내,승용차,보행자
2017.5.15 17:00,주간,월,1,0,0,차량단독,전도전복,전도전복,교차로,교차로부근,이륜차,없음
2017.5.15 19:00,야간,월,1,0,0,차대사람,횡단중,횡단중,교차로,교차로부근,승용차,보행자
2017.5.15 20:00,야간,월,1,0,0,차대사람,횡단중,횡단중,단일로,기타단일로,승용차,보행자
2017.5.15 21:00,야간,월,1,1,0,차대차,측면충돌,측면충돌,단일로,기타단일로,화물차,승용차
2017.5.15 23:00,야간,월,1,2,1,차대차,추돌,추돌,단일로,기타단일로,화물차,화물차
2017.5.16 2:00,야간,화,1,0,0,차대사람,횡단중,횡단중,교차로,교차로횡단보도내,승용차,보행자
2017.5.16 2:00,야간,화,1,0,0,차대차,측면충돌,측면충돌,교차로,교차로내,승용차,이륜차
2017.5.16 4:00,야간,화,1,0,0,차대차,추돌,추돌,교차로,교차로내,승용차,농기계
2017.5.16 4:00,야간,화,1,0,1,차량단독,공작물충돌,공작물충돌,단일로,기타단일로,이륜차,없음
2017.5.16 6:00,주간,화,1,0,0,차대차,측면충돌,측면충돌,교차로,교차로내,특수차,화물차
2017.5.16 8:00,주간,화,1,0,0,차대사람,횡단중,횡단중,기타,기타,승용차,보행자
2017.5.16 10:00,주간,화,1,0,0,차대차,측면충돌,측면충돌,단일로,기타단일로,이륜차,승합차
2017.5.16 10:00,주간,화,1,0,0,차대차,측면충돌,측면충돌,단일로,기타단일로,이륜차,승용차
2017.5.16 17:00,주간,화,1,0,0,차대차,정면충돌,정면충돌,단일로,기타단일로,이륜차,승용차
2017.5.16 18:00,야간,화,1,3,1,차대차,측면충돌,측면충돌,교차로,교차로내,화물차,화물차
2017.5.16 18:00,야간,화,1,0,0,차량단독,전도전복,전도전복,기타,기타,농기계,없음
2017.5.16 20:00,야간,화,1,0,0,차대사람,횡단중,횡단중,단일로,기타단일로,화물차,보행자
2017.5.16 20:00,야간,화,1,0,0,차대사람,차도통행중,차도통행중,단일로,기타단일로,승용차,보행자
2017.5.16 23:00,야간,화,1,0,0,차대사람,기타,기타,교차로,교차로내,승용차,보행자
2017.5.17 0:00,야간,수,1,0,0,차대사람,횡단중,횡단중,교차로,교차로내,승용차,보행자
2017.5.17 5:00,야간,수,1,1,2,차대차,정면충돌,정면충돌,단일로,기타단일로,화물차,화물차
2017.5.17 8:00,주간,수,1,0,0,차대차,측면충돌,측면충돌,교차로,교차로내,화물차,이륜차
2017.5.17 12:00,주간,수,1,0,0,차량단독,전도,전도,단일로,기타단일로,이륜차,없음
2017.5.17 12:00,주간,수,1,0,1,차대차,측면충돌,측면충돌,교차로,교차로부근,이륜차,특수차
2017.5.17 13:00,주간,수,1,0,0,차대차,후진중충돌,후진중충돌,단일로,터널안,화물차,농기계
2017.5.17 16:00,주간,수,1,0,0,차대사람,횡단중,횡단중,교차로,교차로횡단보도내,승합차,보행자
2017.5.17 16:00,주간,수,1,0,1,차량단독,전도,전도,단일로,기타단일로,승용차,없음
2017.5.17 20:00,야간,수,1,0,0,차대사람,기타,기타,단일로,기타단일로,승합차,보행자
2017.5.18 0:00,야간,목,1,0,0,차대사람,횡단중,횡단중,교차로,교차로횡단보도내,승용차,보행자
2017.5.18 3:00,야간,목,1,0,0,차대사람,횡단중,횡단중,단일로,기타단일로,승용차,보행자
2017.5.18 4:00,야간,목,1,0,0,차대사람,횡단중,횡단중,교차로,교차로내,승용차,보행자
2017.5.18 6:00,주간,목,1,0,0,차대사람,횡단중,횡단중,단일로,기타단일로,승용차,보행자
2017.5.18 6:00,주간,목,1,0,0,차대차,측면충돌,측면충돌,단일로,기타단일로,자전거,승용차
2017.5.18 6:00,주간,목,1,0,0,차량단독,전도전복,전도전복,단일로,기타단일로,승용차,없음
2017.5.18 8:00,주간,목,1,0,0,차대차,측면충돌,측면충돌,단일로,기타단일로,승용차,농기계
2017.5.18 12:00,주간,목,1,0,0,차대사람,길가장자리구역통행중,길가장자리구역통행중,단일로,기타단일로,화물차,보행자
2017.5.18 12:00,주간,목,1,0,0,차대차,측면충돌,측면충돌,단일로,기타단일로,자전거,자전거
2017.5.18 12:00,주간,목,1,0,0,차량단독,전도,전도,주차장,주차장,승용차,없음
2017.5.18 15:00,주간,목,1,0,1,차대차,추돌,추돌,단일로,터널안,화물차,건설기계
2017.5.18 15:00,주간,목,1,0,0,차량단독,전도,전도,기타,기타,승용차,없음
2017.5.18 17:00,주간,목,1,1,0,차대사람,횡단중,횡단중,교차로,교차로내,승용차,보행자
2017.5.18 18:00,야간,목,1,0,0,차대차,측면충돌,측면충돌,교차로,교차로내,승용차,이륜차
2017.5.18 19:00,야간,목,1,0,0,차대차,측면충돌,측면충돌,교차로,교차로내,이륜차,화물차
2017.5.18 22:00,야간,목,1,0,0,차대차,측면충돌,측면충돌,교차로,교차로부근,승용차,이륜차
2017.5.19 4:00,야간,금,1,0,0,차대차,추돌,추돌,단일로,기타단일로,승용차,화물차
2017.5.19 4:00,야간,금,1,0,0,차대사람,길가장자리구역통행중,길가장자리구역통행중,단일로,기타단일로,화물차,보행자
2017.5.19 5:00,야간,금,1,1,1,차대차,측면충돌,측면충돌,단일로,기타단일로,승용차,승용차
2017.5.19 6:00,주간,금,1,0,0,차대차,추돌,추돌,단일로,기타단일로,이륜차,화물차
2017.5.19 12:00,주간,금,1,0,0,차대차,측면충돌,측면충돌,단일로,기타단일로,사륜오토바이(ATV),건설기계
2017.5.19 13:00,주간,금,1,1,0,차량단독,전도,전도,단일로,기타단일로,사륜오토바이(ATV),없음
2017.5.19 13:00,주간,금,2,0,0,차량단독,전도,전도,교차로,교차로부근,승용차,없음
2017.5.19 14:00,주간,금,1,1,0,차량단독,전도,전도,단일로,기타단일로,승용차,없음
2017.5.19 15:00,주간,금,1,0,1,차대사람,횡단중,횡단중,교차로,교차로내,화물차,보행자
2017.5.19 19:00,야간,금,1,1,0,차대차,측면충돌,측면충돌,교차로,교차로내,화물차,이륜차
2017.5.19 19:00,야간,금,1,0,0,차대차,정면충돌,정면충돌,단일로,기타단일로,이륜차,화물차
2017.5.19 20:00,야간,금,1,2,2,차대차,정면충돌,정면충돌,단일로,기타단일로,승용차,화물차
2017.5.19 21:00,야간,금,1,0,0,차대사람,횡단중,횡단중,교차로,교차로횡단보도내,승합차,보행자
2017.5.19 21:00,야간,금,1,0,0,차량단독,전도전복,전도전복,교차로,교차로내,화물차,없음
2017.5.19 23:00,야간,금,1,0,0,차량단독,공작물충돌,공작물충돌,교차로,교차로내,승용차,없음
2017.5.19 23:00,야간,금,1,0,0,차대사람,횡단중,횡단중,단일로,기타단일로,화물차,보행자
2017.5.20 0:00,야간,토,1,0,0,차대사람,횡단중,횡단중,단일로,기타단일로,승합차,보행자
2017.5.20 6:00,주간,토,1,2,1,차대차,정면충돌,정면충돌,교차로,교차로내,승용차,승용차
2017.5.20 8:00,주간,토,1,0,0,차대차,측면충돌,측면충돌,교차로,교차로내,화물차,자전거
2017.5.20 9:00,주간,토,1,8,2,차대차,측면충돌,측면충돌,교차로,교차로내,승합차,화물차
2017.5.20 10:00,주간,토,1,0,0,차대차,기타,기타,단일로,기타단일로,화물차,자전거
2017.5.20 10:00,주간,토,1,0,0,차대차,정면충돌,정면충돌,단일로,기타단일로,승용차,이륜차
2017.5.20 13:00,주간,토,1,0,0,차량단독,전도전복,전도전복,단일로,기타단일로,승용차,없음
2017.5.20 15:00,주간,토,1,0,0,차량단독,전도전복,전도전복,단일로,기타단일로,자전거,없음
2017.5.20 18:00,야간,토,1,0,0,차대차,정면충돌,정면충돌,단일로,기타단일로,자전거,승용차
2017.5.20 21:00,야간,토,1,0,0,차대차,추돌,추돌,단일로,기타단일로,승용차,자전거
2017.5.20 23:00,야간,토,1,0,0,차대차,추돌,추돌,단일로,기타단일로,승용차,화물차
2017.5.21 5:00,야간,일,1,1,1,차대차,기타,기타,교차로,교차로내,승용차,승용차
2017.5.21 7:00,주간,일,1,0,0,차량단독,전도전복,전도전복,단일로,기타단일로,농기계,없음
2017.5.21 7:00,주간,일,1,0,0,차량단독,전도전복,전도전복,단일로,기타단일로,자전거,없음
2017.5.21 8:00,주간,일,1,0,0,차대사람,길가장자리구역통행중,길가장자리구역통행중,단일로,기타단일로,화물차,보행자
2017.5.21 12:00,주간,일,1,0,0,차대차,측면충돌,측면충돌,단일로,기타단일로,농기계,승용차
2017.5.21 13:00,주간,일,1,0,0,차량단독,공작물충돌,공작물충돌,단일로,기타단일로,이륜차,없음
2017.5.21 13:00,주간,일,1,0,0,차량단독,전도전복,전도전복,단일로,기타단일로,이륜차,없음
2017.5.21 14:00,주간,일,1,0,0,차량단독,전도전복,전도전복,교차로,교차로부근,이륜차,없음
2017.5.21 18:00,야간,일,1,0,0,차량단독,공작물충돌,공작물충돌,교차로,교차로부근,승용차,없음
2017.5.21 20:00,야간,일,1,0,0,차량단독,전도,전도,단일로,기타단일로,이륜차,없음
2017.5.21 21:00,야간,일,1,0,0,차대사람,횡단중,횡단중,단일로,기타단일로,화물차,보행자
2017.5.21 22:00,야간,일,1,0,0,차대차,측면충돌,측면충돌,교차로,교차로내,원동기장치자전거,승용차
2017.5.22 1:00,야간,월,1,0,0,차대사람,횡단중,횡단중,단일로,기타단일로,승용차,보행자
2017.5.22 6:00,주간,월,1,0,0,차대사람,횡단중,횡단중,교차로,교차로내,화물차,보행자
2017.5.22 9:00,주간,월,1,4,1,차대사람,보도통행중,보도통행중,교차로,교차로내,화물차,보행자
2017.5.22 11:00,주간,월,2,1,1,차대차,정면충돌,정면충돌,교차로,교차로부근,화물차,이륜차
2017.5.22 11:00,주간,월,1,0,0,차대사람,횡단중,횡단중,교차로,교차로부근,건설기계,보행자
2017.5.22 14:00,주간,월,1,0,0,차대차,측면충돌,측면충돌,단일로,기타단일로,승합차,이륜차
2017.5.22 15:00,주간,월,1,0,1,차대차,측면충돌,측면충돌,교차로,교차로내,화물차,승용차
2017.5.22 15:00,주간,월,1,0,0,차대차,측면충돌,측면충돌,교차로,교차로내,화물차,이륜차
2017.5.22 21:00,야간,월,1,2,1,차대차,정면충돌,정면충돌,단일로,기타단일로,화물차,승용차
2017.5.22 21:00,야간,월,1,0,0,차대차,정면충돌,정면충돌,교차로,교차로내,이륜차,원동기장치자전거
2017.5.23 2:00,야간,화,1,0,0,차량단독,전도전복,전도전복,교차로,교차로부근,이륜차,없음
2017.5.23 2:00,야간,화,1,0,0,차대사람,기타,기타,단일로,기타단일로,승용차,보행자
2017.5.23 4:00,야간,화,1,0,0,차대사람,횡단중,횡단중,단일로,기타단일로,화물차,보행자
2017.5.23 8:00,주간,화,1,0,0,차대차,측면충돌,측면충돌,교차로,교차로내,화물차,사륜오토바이(ATV)
2017.5.23 9:00,주간,화,1,0,0,차대사람,횡단중,횡단중,단일로,기타단일로,화물차,보행자
2017.5.23 9:00,주간,화,1,1,0,차대차,측면충돌,측면충돌,교차로,교차로내,화물차,이륜차
2017.5.23 9:00,주간,화,1,1,0,차대차,정면충돌,정면충돌,단일로,기타단일로,승용차,승용차
2017.5.23 10:00,주간,화,1,0,1,차대차,정면충돌,정면충돌,기타,기타,자전거,자전거
2017.5.23 11:00,주간,화,1,0,0,차량단독,전도,전도,단일로,기타단일로,농기계,없음
2017.5.23 15:00,주간,화,1,0,0,차량단독,전도,전도,단일로,기타단일로,이륜차,없음
2017.5.23 15:00,주간,화,2,0,1,차대차,정면충돌,정면충돌,단일로,기타단일로,화물차,건설기계
2017.5.23 20:00,야간,화,1,0,1,차대차,정면충돌,정면충돌,단일로,기타단일로,화물차,이륜차
2017.5.23 23:00,야간,화,1,0,0,차대사람,횡단중,횡단중,단일로,교량위,승용차,보행자
2017.5.24 0:00,야간,수,1,0,0,차대사람,기타,기타,단일로,기타단일로,승용차,보행자
2017.5.24 1:00,야간,수,1,0,0,차대사람,횡단중,횡단중,단일로,기타단일로,승용차,보행자
2017.5.24 1:00,야간,수,1,0,0,차대사람,횡단중,횡단중,교차로,교차로부근,승용차,보행자
2017.5.24 2:00,야간,수,1,0,0,차대차,정면충돌,정면충돌,교차로,교차로부근,승용차,이륜차
2017.5.24 4:00,야간,수,2,0,0,차대차,측면충돌,측면충돌,교차로,교차로내,이륜차,화물차
2017.5.24 8:00,주간,수,1,1,0,차대차,정면충돌,정면충돌,교차로,교차로내,승용차,승용차
2017.5.24 9:00,주간,수,1,0,0,차대차,추돌,추돌,교차로,교차로부근,이륜차,화물차
2017.5.24 14:00,주간,수,1,0,0,차대차,측면충돌,측면충돌,교차로,교차로내,화물차,원동기장치자전거
2017.5.24 15:00,주간,수,1,0,1,차량단독,공작물충돌,공작물충돌,교차로,교차로내,승용차,없음
2017.5.24 17:00,주간,수,1,0,0,차대사람,횡단중,횡단중,단일로,기타단일로,승용차,보행자
2017.5.24 18:00,야간,수,1,0,0,차량단독,전도,전도,단일로,기타단일로,원동기장치자전거,없음
2017.5.24 23:00,야간,수,1,0,0,차대차,추돌,추돌,단일로,기타단일로,이륜차,화물차
2017.5.25 0:00,야간,목,1,1,0,차대사람,횡단중,횡단중,교차로,교차로횡단보도내,승용차,보행자
2017.5.25 0:00,야간,목,1,0,1,차대차,추돌,추돌,단일로,기타단일로,승용차,화물차
2017.5.25 0:00,야간,목,1,1,0,차량단독,도로이탈,도로이탈 추락,단일로,교량위,화물차,없음
2017.5.25 1:00,야간,목,1,1,1,차대사람,기타,기타,단일로,기타단일로,승용차,보행자
2017.5.25 7:00,주간,목,1,0,0,차량단독,전도전복,전도전복,단일로,기타단일로,승용차,없음
2017.5.25 7:00,주간,목,1,0,0,차대차,정면충돌,정면충돌,교차로,교차로내,화물차,이륜차
2017.5.25 8:00,주간,목,1,0,0,차대차,정면충돌,정면충돌,단일로,기타단일로,이륜차,화물차
2017.5.25 12:00,주간,목,1,0,0,차량단독,전도전복,전도전복,기타,기타,농기계,없음
2017.5.25 14:00,주간,목,1,0,0,차량단독,도로이탈,도로이탈 추락,단일로,기타단일로,화물차,없음
2017.5.25 14:00,주간,목,1,0,0,차대차,측면충돌,측면충돌,교차로,교차로내,자전거,승용차
2017.5.25 23:00,야간,목,1,0,0,차대차,추돌,추돌,단일로,기타단일로,승용차,화물차
2017.5.25 23:00,야간,목,2,0,0,차량단독,전도,전도,단일로,기타단일로,승합차,없음
2017.5.26 9:00,주간,금,1,0,0,차대사람,기타,기타,교차로,교차로횡단보도내,승합차,보행자
2017.5.26 10:00,주간,금,1,0,0,차대차,추돌,추돌,단일로,기타단일로,승합차,농기계
2017.5.26 10:00,주간,금,1,0,2,차대차,정면충돌,정면충돌,단일로,기타단일로,승용차,승용차
2017.5.26 13:00,주간,금,1,0,1,차대차,정면충돌,정면충돌,교차로,교차로내,승합차,승용차
2017.5.26 15:00,주간,금,1,0,0,차량단독,기타,기타,단일로,기타단일로,승합차,없음
2017.5.26 18:00,야간,금,1,2,2,차량단독,기타,기타,단일로,기타단일로,승용차,없음
2017.5.26 20:00,야간,금,1,0,0,차대차,추돌,추돌,단일로,기타단일로,화물차,농기계
2017.5.26 20:00,야간,금,1,0,0,차대차,측면충돌,측면충돌,단일로,기타단일로,승용차,자전거
2017.5.26 21:00,야간,금,1,0,0,차량단독,전도전복,전도전복,주차장,주차장,원동기장치자전거,없음
2017.5.26 22:00,야간,금,1,0,0,차대사람,기타,기타,단일로,기타단일로,승용차,보행자
2017.5.26 22:00,야간,금,1,0,0,차대사람,횡단중,횡단중,단일로,기타단일로,승용차,보행자
2017.5.26 22:00,야간,금,1,1,0,차량단독,전도,전도,단일로,기타단일로,원동기장치자전거,없음
2017.5.26 23:00,야간,금,1,0,0,차대차,정면충돌,정면충돌,단일로,기타단일로,이륜차,승용차
2017.5.26 23:00,야간,금,1,0,0,차대사람,차도통행중,차도통행중,단일로,기타단일로,승용차,보행자
2017.5.27 3:00,야간,토,1,0,0,차대사람,차도통행중,차도통행중,단일로,기타단일로,특수차,보행자
2017.5.27 3:00,야간,토,1,0,0,차량단독,공작물충돌,공작물충돌,단일로,기타단일로,화물차,없음
2017.5.27 4:00,야간,토,1,0,0,차대사람,기타,기타,기타,기타,화물차,보행자
2017.5.27 11:00,주간,토,1,0,0,차대차,측면충돌,측면충돌,교차로,교차로내,승용차,이륜차
2017.5.27 11:00,주간,토,1,0,0,차대차,측면충돌,측면충돌,교차로,교차로내,화물차,이륜차
2017.5.27 14:00,주간,토,1,0,0,차대차,추돌,추돌,단일로,기타단일로,화물차,자전거
2017.5.27 16:00,주간,토,1,0,1,차대차,측면충돌,측면충돌,단일로,기타단일로,자전거,화물차
2017.5.27 21:00,야간,토,1,0,0,차대차,추돌,추돌,단일로,기타단일로,승용차,승용차
2017.5.27 21:00,야간,토,1,0,0,차대사람,차도통행중,차도통행중,교차로,교차로부근,승용차,보행자
2017.5.27 22:00,야간,토,1,0,0,차대사람,횡단중,횡단중,교차로,교차로내,승용차,보행자
2017.5.27 23:00,야간,토,1,0,0,차대사람,횡단중,횡단중,단일로,기타단일로,승용차,보행자
2017.5.28 2:00,야간,일,1,0,0,차대사람,횡단중,횡단중,교차로,교차로내,승용차,보행자
2017.5.28 7:00,주간,일,1,1,0,차량단독,전도,전도,단일로,기타단일로,농기계,없음
2017.5.28 9:00,주간,일,1,0,0,차량단독,도로이탈,도로이탈 추락,교차로,교차로부근,화물차,없음
2017.5.28 11:00,주간,일,1,0,0,차대사람,기타,기타,단일로,기타단일로,승용차,보행자
2017.5.28 18:00,야간,일,1,0,0,차대차,기타,기타,단일로,기타단일로,이륜차,승용차
2017.5.28 20:00,야간,일,1,0,0,차대차,정면충돌,정면충돌,교차로,교차로내,승합차,이륜차
2017.5.28 20:00,야간,일,1,0,1,차대차,정면충돌,정면충돌,교차로,교차로내,화물차,이륜차
2017.5.28 21:00,야간,일,1,1,0,차대차,정면충돌,정면충돌,교차로,교차로내,승용차,승합차
2017.5.29 9:00,주간,월,1,0,0,차대사람,횡단중,횡단중,단일로,기타단일로,화물차,보행자
2017.5.29 11:00,주간,월,1,0,0,차대사람,횡단중,횡단중,단일로,기타단일로,화물차,보행자
2017.5.29 12:00,주간,월,1,0,0,차대사람,기타,기타,단일로,기타단일로,화물차,보행자
2017.5.29 16:00,주간,월,1,0,0,차대사람,기타,기타,단일로,기타단일로,화물차,보행자
2017.5.29 16:00,주간,월,1,0,0,차대사람,횡단중,횡단중,기타,기타,승용차,보행자
2017.5.29 17:00,주간,월,1,0,0,차량단독,전도전복,전도전복,단일로,기타단일로,화물차,없음
2017.5.29 17:00,주간,월,1,0,0,차대사람,차도통행중,차도통행중,교차로,교차로내,화물차,보행자
2017.5.29 22:00,야간,월,1,0,0,차대사람,횡단중,횡단중,교차로,교차로내,승용차,보행자
2017.5.30 0:00,야간,화,1,0,0,차대사람,횡단중,횡단중,교차로,교차로횡단보도내,승용차,보행자
2017.5.30 4:00,야간,화,1,1,0,차대차,측면충돌,측면충돌,교차로,교차로내,자전거,승용차
2017.5.30 5:00,야간,화,1,0,1,차량단독,전도,전도,단일로,기타단일로,승용차,없음
2017.5.30 8:00,주간,화,1,0,0,차량단독,도로이탈,도로이탈 추락,단일로,기타단일로,화물차,없음
2017.5.30 9:00,주간,화,1,0,0,차대차,추돌,추돌,단일로,기타단일로,화물차,승용차
2017.5.30 10:00,주간,화,1,0,0,차대차,측면충돌,측면충돌,교차로,교차로내,화물차,화물차
2017.5.30 14:00,주간,화,1,2,1,차대차,추돌,추돌,단일로,기타단일로,화물차,승용차
2017.5.30 14:00,주간,화,1,0,0,차대차,정면충돌,정면충돌,단일로,기타단일로,화물차,이륜차
2017.5.30 20:00,야간,화,1,0,0,차대사람,차도통행중,차도통행중,단일로,기타단일로,화물차,보행자
2017.5.30 21:00,야간,화,1,2,0,차대차,기타,기타,단일로,기타단일로,승용차,승용차
2017.5.31 0:00,야간,수,1,0,0,차대사람,기타,기타,단일로,기타단일로,화물차,보행자
2017.5.31 3:00,야간,수,1,0,0,차대사람,횡단중,횡단중,교차로,교차로내,승용차,보행자
2017.5.31 9:00,주간,수,1,0,0,차대사람,기타,기타,교차로,교차로내,승합차,보행자
2017.5.31 9:00,주간,수,1,0,0,차대사람,횡단중,횡단중,교차로,교차로내,화물차,보행자
2017.5.31 10:00,주간,수,1,0,0,차대차,기타,기타,교차로,교차로내,화물차,이륜차
2017.5.31 11:00,주간,수,1,0,0,차대차,측면충돌,측면충돌,교차로,교차로내,이륜차,화물차
2017.5.31 17:00,주간,수,1,0,0,차대사람,차도통행중,차도통행중,단일로,기타단일로,농기계,보행자