발생년월일시,주야,요일,사망자수,중상자수,경상자수,사고유형_대분류,사고유형_중분류,사고유형,도로형태_대분류,도로형태,당사자종별_1당_대분류,당사자종별_2당_대분류
2017.5.31 17:00,주간,수,1,0,0,차대차,측면충돌,측면충돌,교차로,교차로내,이륜차,화물차
2017.5.31 19:00,야간,수,1,4,1,차대사람,기타,기타,단일로,기타단일로,승용차,보행자
2017.5.31 19:00,야간,수,1,0,1,차대사람,기타,기타,교차로,교차로부근,화물차,보행자
2017.6.1 5:00,야간,목,1,0,0,차대차,기타,기타,교차로,교차로부근,자전거,화물차
2017.6.1 9:00,주간,목,1,1,1,차대차,정면충돌,정면충돌,교차로,교차로부근,화물차,화물차
2017.6.1 9:00,주간,목,1,0,0,차량단독,전도,전도,단일로,기타단일로,자전거,없음
2017.6.1 12:00,주간,목,1,0,0,차량단독,전도전복,전도전복,단일로,기타단일로,승용차,없음
2017.6.1 13:00,주간,목,1,1,0,차대차,측면충돌,측면충돌,교차로,교차로내,승용차,이륜차
2017.6.1 17:00,주간,목,1,0,0,차대사람,횡단중,횡단중,단일로,기타단일로,승용차,보행자
2017.6.1 20:00,야간,목,1,0,2,차대차,추돌,추돌,단일로,기타단일로,화물차,건설기계
2017.6.1 21:00,야간,목,1,0,0,차대사람,기타,기타,단일로,기타단일로,승용차,보행자
2017.6.1 21:00,야간,목,1,1,0,차대차,측면충돌,측면충돌,단일로,기타단일로,승용차,승용차
2017.6.1 23:00,야간,목,1,0,0,차량단독,전도,전도,교차로,교차로부근,원동기장치자전거,없음
2017.6.1 23:00,야간,목,1,0,0,차대사람,횡단중,횡단중,단일로,기타단일로,승합차,보행자
2017.6.2 3:00,야간,금,1,1,0,차대사람,차도통행중,차도통행중,단일로,기타단일로,승용차,보행자
2017.6.2 8:00,주간,금,1,0,0,차대사람,횡단중,횡단중,교차로,교차로내,화물차,보행자
2017.6.2 15:00,주간,금,1,0,1,차대사람,횡단중,횡단중,단일로,기타단일로,승용차,보행자
2017.6.2 15:00,주간,금,1,0,0,차량단독,전도,전도,단일로,기타단일로,화물차,없음
2017.6.2 16:00,주간,금,1,0,0,차량단독,전도,전도,단일로,기타단일로,건설기계,없음
2017.6.2 18:00,야간,금,1,0,0,차대차,기타,기타,교차로,교차로내,자전거,승용차
2017.6.2 20:00,야간,금,1,0,2,차대차,정면충돌,정면충돌,단일로,기타단일로,화물차,승용차
2017.6.3 3:00,야간,토,1,0,0,차대사람,횡단중,횡단중,교차로,교차로부근,화물차,보행자
2017.6.3 5:00,야간,토,1,0,0,차대차,측면충돌,측면충돌,교차로,교차로내,이륜차,화물차
2017.6.3 5:00,야간,토,1,0,2,차대차,측면충돌,측면충돌,교차로,교차로내,승용차,승용차
2017.6.3 6:00,주간,토,1,0,0,차대차,기타,기타,단일로,기타단일로,이륜차,승용차
2017.6.3 8:00,주간,토,1,0,0,차대사람,횡단중,횡단중,단일로,기타단일로,승용차,보행자
2017.6.3 11:00,주간,토,1,1,0,차대차,정면충돌,정면충돌,단일로,기타단일로,승합차,이륜차
2017.6.3 13:00,주간,토,1,0,0,차량단독,전도전복,전도전복,단일로,기타단일로,화물차,없음
2017.6.3 15:00,주간,토,1,0,1,차대차,정면충돌,정면충돌,단일로,기타단일로,이륜차,승용차
2017.6.3 17:00,주간,토,1,0,0,차대사람,횡단중,횡단중,단일로,기타단일로,화물차,보행자
2017.6.3 20:00,야간,토,1,0,0,차대차,측면충돌,측면충돌,단일로,기타단일로,화물차,농기계
2017.6.3 20:00,야간,토,1,0,0,차대사람,횡단중,횡단중,단일로,기타단일로,승용차,보행자
2017.6.3 20:00,야간,토,1,0,0,차대사람,기타,기타,단일로,기타단일로,화물차,보행자
2017.6.3 21:00,야간,토,1,0,0,차대사람,차도통행중,차도통행중,기타,기타,이륜차,보행자
2017.6.4 0:00,야간,일,1,0,0,차대사람,기타,기타,교차로,교차로내,승용차,보행자
2017.6.4 2:00,야간,일,1,0,2,차대사람,보도통행중,보도통행중,교차로,교차로횡단보도내,승용차,보행자
2017.6.4 4:00,야간,일,1,0,0,차대사람,횡단중,횡단중,단일로,기타단일로,승용차,보행자
2017.6.4 7:00,주간,일,1,0,0,차량단독,전복,전복,단일로,기타단일로,승용차,없음
2017.6.4 8:00,주간,일,1,0,0,차량단독,전도전복,전도전복,단일로,기타단일로,이륜차,없음
2017.6.4 10:00,주간,일,1,0,0,차량단독,전도전복,전도전복,단일로,기타단일로,이륜차,없음
2017.6.4 11:00,주간,일,1,0,0,차량단독,전도전복,전도전복,단일로,기타단일로,이륜차,없음
2017.6.4 12:00,주간,일,1,0,0,차량단독,전도,전도,교차로,교차로내,승용차,없음
2017.6.4 13:00,주간,일,1,1,1,차대차,추돌,추돌,교차로,교차로부근,이륜차,이륜차
2017.6.4 14:00,주간,일,1,0,0,차대사람,차도통행중,차도통행중,단일로,기타단일로,건설기계,보행자
2017.6.4 14:00,주간,일,1,0,0,차대사람,차도통행중,차도통행중,단일로,기타단일로,승용차,보행자
2017.6.4 15:00,주간,일,1,0,0,차대사람,횡단중,횡단중,단일로,기타단일로,승용차,보행자
2017.6.4 15:00,주간,일,1,0,1,차대차,추돌,추돌,단일로,기타단일로,승용차,승용차
2017.6.4 17:00,주간,일,1,1,0,차대차,정면충돌,정면충돌,교차로,교차로부근,이륜차,승용차
2017.6.4 18:00,야간,일,1,0,0,차량단독,전도전복,전도전복,단일로,기타단일로,이륜차,없음
2017.6.4 19:00,야간,일,1,0,0,차대차,정면충돌,정면충돌,교차로,교차로부근,원동기장치자전거,승용차
2017.6.5 1:00,야간,월,1,0,0,차대사람,기타,기타,단일로,기타단일로,승용차,보행자
2017.6.5 7:00,주간,월,1,0,0,차대사람,기타,기타,기타,기타,건설기계,보행자
2017.6.5 8:00,주간,월,1,0,0,차량단독,전도전복,전도전복,단일로,기타단일로,화물차,없음
2017.6.5 9:00,주간,월,1,0,0,차대차,기타,기타,교차로,교차로내,화물차,이륜차
2017.6.5 9:00,주간,월,1,0,0,차량단독,전도전복,전도전복,기타,기타,이륜차,없음
2017.6.5 13:00,주간,월,1,1,0,차대사람,횡단중,횡단중,단일로,기타단일로,승용차,보행자
2017.6.5 13:00,주간,월,1,0,0,차량단독,전도전복,전도전복,단일로,기타단일로,화물차,없음
2017.6.5 16:00,주간,월,1,0,0,차대사람,보도통행중,보도통행중,단일로,기타단일로,화물차,보행자
2017.6.5 18:00,야간,월,1,0,5,차대차,추돌,추돌,단일로,기타단일로,화물차,승용차
2017.6.5 19:00,야간,월,1,0,0,차량단독,전도,전도,교차로,교차로부근,승합차,없음
2017.6.5 20:00,야간,월,1,0,0,차대사람,횡단중,횡단중,단일로,기타단일로,승합차,보행자
2017.6.5 21:00,야간,월,1,0,1,차대차,추돌,추돌,단일로,기타단일로,화물차,화물차
2017.6.6 1:00,야간,화,2,0,0,차대사람,차도통행중,차도통행중,단일로,교량위,승합차,보행자
2017.6.6 3:00,야간,화,1,0,0,차대사람,횡단중,횡단중,교차로,교차로내,화물차,보행자
2017.6.6 7:00,주간,화,1,0,2,차대차,정면충돌,정면충돌,단일로,기타단일로,승용차,승용차
2017.6.6 10:00,주간,화,1,0,0,차대차,추돌,추돌,단일로,기타단일로,화물차,화물차
2017.6.6 13:00,주간,화,1,0,0,차량단독,기타,기타,교차로,교차로부근,화물차,없음
2017.6.6 21:00,야간,화,1,0,0,차대사람,횡단중,횡단중,단일로,기타단일로,승용차,보행자
2017.6.7 2:00,야간,수,1,0,0,차대차,기타,기타,단일로,기타단일로,승용차,이륜차
2017.6.7 11:00,주간,수,1,2,1,차대차,정면충돌,정면충돌,단일로,기타단일로,승용차,승합차
2017.6.7 14:00,주간,수,1,0,0,차대사람,횡단중,횡단중,교차로,교차로부근,승용차,보행자
2017.6.7 17:00,주간,수,1,0,0,차대차,추돌,추돌,교차로,교차로부근,원동기장치자전거,화물차
2017.6.7 20:00,야간,수,1,0,0,차대사람,횡단중,횡단중,단일로,기타단일로,화물차,보행자
2017.6.7 21:00,야간,수,1,0,0,차대사람,횡단중,횡단중,교차로,교차로내,승용차,보행자
2017.6.7 22:00,야간,수,1,0,0,차량단독,공작물충돌,공작물충돌,단일로,기타단일로,승용차,없음
2017.6.7 23:00,야간,수,1,1,0,차대차,측면충돌,측면충돌,단일로,기타단일로,승용차,이륜차
2017.6.8 1:00,야간,목,1,1,0,차량단독,공작물충돌,공작물충돌,단일로,기타단일로,승용차,없음
2017.6.8 5:00,야간,목,1,1,1,차량단독,기타,기타,단일로,기타단일로,이륜차,없음
2017.6.8 15:00,주간,목,1,0,0,차량단독,도로이탈,도로이탈 추락,단일로,기타단일로,농기계,없음
2017.6.8 15:00,주간,목,1,0,0,차대사람,기타,기타,단일로,기타단일로,화물차,보행자
2017.6.8 16:00,주간,목,1,0,0,차대사람,횡단중,횡단중,교차로,교차로내,승용차,보행자
2017.6.8 20:00,야간,목,1,0,0,차량단독,전도전복,전도전복,단일로,기타단일로,이륜차,없음
2017.6.9 1:00,야간,금,1,0,0,차대차,측면충돌,측면충돌,교차로,교차로내,이륜차,승용차
2017.6.9 7:00,주간,금,1,0,0,차대사람,횡단중,횡단중,단일로,기타단일로,화물차,보행자
2017.6.9 10:00,주간,금,1,1,0,차대차,측면충돌,측면충돌,교차로,교차로부근,이륜차,화물차
2017.6.9 14:00,주간,금,1,0,0,차대사람,보도통행중,보도통행중,단일로,기타단일로,특수차,보행자
2017.6.9 15:00,주간,금,1,0,1,차대차,정면충돌,정면충돌,단일로,기타단일로,승용차,승용차
2017.6.9 17:00,주간,금,1,3,0,차대차,정면충돌,정면충돌,단일로,기타단일로,승용차,화물차
2017.6.9 18:00,야간,금,1,0,0,차량단독,전도전복,전도전복,단일로,기타단일로,원동기장치자전거,없음
2017.6.9 20:00,야간,금,1,0,0,차대사람,횡단중,횡단중,교차로,교차로부근,승용차,보행자
2017.6.10 2:00,야간,토,1,0,0,차대사람,기타,기타,단일로,기타단일로,승용차,보행자
2017.6.10 2:00,야간,토,1,0,0,차대차,추돌,추돌,교차로,교차로내,승용차,이륜차
2017.6.10 3:00,야간,토,1,0,0,차량단독,전도,전도,단일로,기타단일로,승용차,없음
2017.6.10 3:00,야간,토,1,1,0,차량단독,공작물충돌,공작물충돌,단일로,기타단일로,승용차,없음
2017.6.10 6:00,주간,토,1,0,0,차대차,측면충돌,측면충돌,단일로,기타단일로,승용차,자전거
2017.6.10 9:00,주간,토,1,0,0,차대차,측면충돌,측면충돌,교차로,교차로내,특수차,화물차
2017.6.10 11:00,주간,토,1,0,0,차대사람,기타,기타,단일로,기타단일로,승용차,보행자
2017.6.10 13:00,주간,토,1,0,0,차량단독,전도,전도,단일로,기타단일로,이륜차,없음
2017.6.10 15:00,주간,토,1,0,0,차대사람,기타,기타,단일로,기타단일로,승용차,보행자
2017.6.10 20:00,야간,토,1,0,0,차대사람,기타,기타,단일로,기타단일로,승용차,보행자
2017.6.10 21:00,야간,토,1,0,0,차대사람,횡단중,횡단중,단일로,기타단일로,승용차,보행자
2017.6.10 23:00,야간,토,1,0,0,차대사람,횡단중,횡단중,단일로,기타단일로,승용차,보행자
2017.6.11 7:00,주간,일,1,0,0,차대차,측면충돌,측면충돌,교차로,교차로내,화물차,승용차
2017.6.11 8:00,주간,일,1,0,0,차대차,측면충돌,측면충돌,단일로,기타단일로,승용차,원동기장치자전거
2017.6.11 13:00,주간,일,1,0,0,차대차,측면충돌,측면충돌,단일로,기타단일로,승용차,이륜차
2017.6.11 15:00,주간,일,1,0,0,차대차,측면충돌,측면충돌,교차로,교차로내,자전거,승합차
2017.6.11 17:00,주간,일,1,0,0,차대차,기타,기타,단일로,기타단일로,이륜차,승합차
2017.6.12 2:00,야간,월,1,0,1,차대사람,기타,기타,단일로,기타단일로,승용차,보행자
2017.6.12 8:00,주간,월,1,0,0,차대차,측면충돌,측면충돌,교차로,교차로내,이륜차,화물차
2017.6.12 8:00,주간,월,1,0,0,차대차,측면충돌,측면충돌,단일로,기타단일로,원동기장치자전거,승용차
2017.6.12 10:00,주간,월,1,0,0,차대사람,횡단중,횡단중,교차로,교차로횡단보도내,승용차,보행자
2017.6.12 10:00,주간,월,1,0,0,차량단독,전도전복,전도전복,단일로,기타단일로,이륜차,없음
2017.6.12 11:00,주간,월,1,1,0,차대차,추돌,추돌,단일로,기타단일로,화물차,화물차
2017.6.12 13:00,주간,월,1,0,0,차대차,정면충돌,정면충돌,기타,기타,화물차,자전거
2017.6.12 20:00,야간,월,1,0,0,차대사람,횡단중,횡단중,단일로,기타단일로,화물차,보행자
2017.6.12 20:00,야간,월,1,0,0,차대사람,기타,기타,단일로,기타단일로,승용차,보행자
2017.6.12 22:00,야간,월,1,0,0,차대차,정면충돌,정면충돌,단일로,기타단일로,승용차,승용차
2017.6.12 23:00,야간,월,1,0,0,차대차,측면충돌,측면충돌,교차로,교차로횡단보도내,승용차,자전거
2017.6.13 0:00,야간,화,1,0,0,차대사람,횡단중,횡단중,단일로,기타단일로,승용차,보행자
2017.6.13 0:00,야간,화,1,0,0,차량단독,공작물충돌,공작물충돌,단일로,기타단일로,화물차,없음
2017.6.13 4:00,야간,화,1,1,0,차대차,측면충돌,측면충돌,교차로,교차로내,이륜차,화물차
2017.6.13 5:00,야간,화,1,0,0,차대사람,횡단중,횡단중,단일로,기타단일로,화물차,보행자
2017.6.13 13:00,주간,화,1,0,0,차량단독,전도전복,전도전복,단일로,기타단일로,농기계,없음
2017.6.13 14:00,주간,화,1,0,1,차대차,측면충돌,측면충돌,단일로,기타단일로,화물차,승용차
2017.6.13 15:00,주간,화,1,7,2,차대차,정면충돌,정면충돌,단일로,기타단일로,승합차,건설기계
2017.6.13 15:00,주간,화,1,0,0,차량단독,전도전복,전도전복,단일로,기타단일로,개인형이동수단(PM),없음
2017.6.13 18:00,야간,화,1,0,0,차대차,측면충돌,측면충돌,단일로,기타단일로,이륜차,승용차
2017.6.13 19:00,야간,화,1,0,0,차대차,정면충돌,정면충돌,단일로,기타단일로,승용차,화물차
2017.6.13 20:00,야간,화,1,0,0,차대사람,횡단중,횡단중,단일로,기타단일로,승용차,보행자
2017.6.13 22:00,야간,화,1,0,0,차대사람,횡단중,횡단중,단일로,기타단일로,승용차,보행자
2017.6.13 23:00,야간,화,1,0,1,차대차,추돌,추돌,교차로,교차로부근,승용차,승합차
2017.6.13 23:00,야간,화,1,2,0,차대차,추돌,추돌,단일로,기타단일로,승용차,승용차
2017.6.14 6:00,주간,수,1,0,0,차대사람,횡단중,횡단중,단일로,기타단일로,승용차,보행자
2017.6.14 10:00,주간,수,1,0,0,차대사람,길가장자리구역통행중,길가장자리구역통행중,단일로,기타단일로,승용차,보행자
2017.6.14 12:00,주간,수,1,0,1,차대차,측면충돌,측면충돌,단일로,기타단일로,승용차,화물차
2017.6.14 12:00,주간,수,1,0,0,차대사람,기타,기타,교차로,교차로내,승합차,보행자
2017.6.14 15:00,주간,수,1,2,0,차대차,정면충돌,정면충돌,단일로,기타단일로,화물차,화물차
2017.6.14 16:00,주간,수,1,0,0,차량단독,전도전복,전도전복,단일로,기타단일로,농기계,없음
2017.6.14 17:00,주간,수,1,0,0,차량단독,도로이탈,도로이탈 추락,단일로,기타단일로,원동기장치자전거,없음
2017.6.14 17:00,주간,수,1,1,1,차량단독,공작물충돌,공작물충돌,단일로,기타단일로,화물차,없음
2017.6.15 2:00,야간,목,1,0,0,차대사람,차도통행중,차도통행중,단일로,기타단일로,승용차,보행자
2017.6.15 3:00,야간,목,1,0,0,차량단독,도로이탈,도로이탈 기타,단일로,기타단일로,이륜차,없음
2017.6.15 3:00,야간,목,1,0,0,차대사람,횡단중,횡단중,교차로,교차로내,승용차,보행자
2017.6.15 13:00,주간,목,1,0,0,차대사람,횡단중,횡단중,단일로,기타단일로,승용차,보행자
2017.6.15 13:00,주간,목,1,0,0,차대사람,횡단중,횡단중,교차로,교차로내,화물차,보행자
2017.6.15 14:00,주간,목,1,0,0,차대차,측면충돌,측면충돌,단일로,기타단일로,사륜오토바이(ATV),승용차
2017.6.15 15:00,주간,목,1,0,0,차대사람,횡단중,횡단중,교차로,교차로부근,승합차,보행자
2017.6.15 15:00,주간,목,1,0,0,차대사람,보도통행중,보도통행중,단일로,기타단일로,승합차,보행자
2017.6.15 15:00,주간,목,1,0,0,차대사람,횡단중,횡단중,교차로,교차로내,승합차,보행자
2017.6.15 16:00,주간,목,1,2,7,차대차,추돌,추돌,단일로,기타단일로,화물차,화물차
2017.6.15 20:00,야간,목,1,0,0,차대사람,기타,기타,교차로,교차로내,승용차,보행자
2017.6.15 20:00,야간,목,1,0,0,차대사람,횡단중,횡단중,단일로,기타단일로,화물차,보행자
2017.6.15 20:00,야간,목,1,0,0,차량단독,전도전복,전도전복,단일로,기타단일로,이륜차,없음
2017.6.15 21:00,야간,목,1,2,0,차대차,추돌,추돌,단일로,기타단일로,승용차,화물차
2017.6.15 23:00,야간,목,1,0,0,차대사람,기타,기타,단일로,기타단일로,승용차,보행자
2017.6.15 23:00,야간,목,1,0,0,차량단독,전도전복,전도전복,단일로,기타단일로,자전거,없음
2017.6.16 0:00,야간,금,1,0,0,차대사람,기타,기타,단일로,기타단일로,승용차,보행자
2017.6.16 0:00,야간,금,2,3,3,차대차,추돌,추돌,단일로,기타단일로,승용차,승용차
2017.6.16 4:00,야간,금,1,0,0,차대사람,횡단중,횡단중,단일로,기타단일로,승용차,보행자
2017.6.16 5:00,야간,금,1,0,1,차대사람,기타,기타,단일로,기타단일로,승용차,보행자
2017.6.16 7:00,주간,금,1,0,0,차량단독,전도전복,전도전복,단일로,기타단일로,승용차,없음
2017.6.16 8:00,주간,금,1,0,0,차대차,측면충돌,측면충돌,교차로,교차로내,승용차,원동기장치자전거
2017.6.16 8:00,주간,금,1,0,0,차대사람,차도통행중,차도통행중,단일로,기타단일로,승용차,보행자
2017.6.16 9:00,주간,금,1,2,0,차대차,추돌,추돌,단일로,기타단일로,화물차,승합차
2017.6.16 10:00,주간,금,1,0,0,차대차,기타,기타,교차로,교차로부근,농기계,화물차
2017.6.16 10:00,주간,금,1,0,0,차대사람,횡단중,횡단중,단일로,기타단일로,승용차,보행자
2017.6.16 12:00,주간,금,1,0,0,차대차,측면충돌,측면충돌,교차로,교차로부근,자전거,승용차
2017.6.16 14:00,주간,금,1,0,0,차대사람,기타,기타,단일로,기타단일로,승용차,보행자
2017.6.16 15:00,주간,금,1,0,1,차대차,측면충돌,측면충돌,단일로,기타단일로,이륜차,승용차
2017.6.16 16:00,주간,금,1,0,0,차대사람,횡단중,횡단중,교차로,교차로내,승합차,보행자
2017.6.16 17:00,주간,금,1,0,0,차대사람,횡단중,횡단중,교차로,교차로부근,화물차,보행자
2017.6.16 19:00,야간,금,1,0,0,차대사람,횡단중,횡단중,단일로,기타단일로,화물차,보행자
2017.6.17 4:00,야간,토,1,1,0,차대차,기타,기타,단일로,지하차도(도로)내,이륜차,승용차
2017.6.17 8:00,주간,토,1,0,0,차량단독,기타,기타,단일로,기타단일로,농기계,없음
2017.6.17 11:00,주간,토,1,0,0,차대차,측면충돌,측면충돌,단일로,기타단일로,자전거,승합차
2017.6.17 15:00,주간,토,1,0,0,차량단독,전도전복,전도전복,단일로,기타단일로,이륜차,없음
2017.6.17 16:00,주간,토,1,0,0,차대사람,보도통행중,보도통행중,교차로,교차로횡단보도내,승용차,보행자
2017.6.17 20:00,야간,토,1,0,1,차대차,정면충돌,정면충돌,교차로,교차로내,이륜차,승용차
2017.6.17 23:00,야간,토,1,0,1,차대차,추돌,추돌,교차로,교차로부근,승용차,승합차
2017.6.18 0:00,야간,일,1,0,0,차대사람,차도통행중,차도통행중,단일로,기타단일로,승용차,보행자
2017.6.18 0:00,야간,일,1,2,0,차량단독,공작물충돌,공작물충돌,단일로,기타단일로,승용차,없음
2017.6.18 4:00,야간,일,1,2,0,차대차,정면충돌,정면충돌,단일로,기타단일로,승용차,승용차
2017.6.18 6:00,주간,일,1,0,1,차대차,측면충돌,측면충돌,교차로,교차로내,승용차,원동기장치자전거
2017.6.18 10:00,주간,일,1,0,0,차대사람,길가장자리구역통행중,길가장자리구역통행중,단일로,기타단일로,화물차,보행자
2017.6.18 12:00,주간,일,1,0,0,차량단독,전도,전도,단일로,기타단일로,이륜차,없음
2017.6.18 17:00,주간,일,1,0,0,차대차,측면충돌,측면충돌,단일로,기타단일로,이륜차,승용차
2017.6.18 21:00,야간,일,1,0,0,차대사람,횡단중,횡단중,교차로,교차로내,승용차,보행자
2017.6.19 3:00,야간,월,1,0,0,차대사람,기타,기타,교차로,교차로부근,승용차,보행자
2017.6.19 4:00,야간,월,1,0,0,차대차,기타,기타,단일로,기타단일로,승합차,승용차
2017.6.19 5:00,야간,월,1,0,0,차량단독,기타,기타,단일로,기타단일로,이륜차,없음
2017.6.19 6:00,주간,월,1,0,0,차대차,측면충돌,측면충돌,교차로,교차로내,화물차,자전거
2017.6.19 6:00,주간,월,1,0,0,차량단독,공작물충돌,공작물충돌,단일로,기타단일로,승용차,없음
2017.6.19 6:00,주간,월,1,0,0,차량단독,전도,전도,단일로,기타단일로,사륜오토바이(ATV),없음
2017.6.19 7:00,주간,월,1,0,0,차대차,측면충돌,측면충돌,단일로,기타단일로,승합차,자전거
2017.6.19 12:00,주간,월,1,0,0,차량단독,도로이탈,도로이탈 추락,단일로,기타단일로,원동기장치자전거,없음
2017.6.19 20:00,야간,월,1,0,0,차량단독,전도전복,전도전복,단일로,기타단일로,화물차,없음
2017.6.19 22:00,야간,월,1,0,0,차대사람,횡단중,횡단중,단일로,기타단일로,승용차,보행자
2017.6.19 23:00,야간,월,1,2,0,차량단독,공작물충돌,공작물충돌,기타,기타,승용차,없음
2017.6.20 5:00,야간,화,1,0,0,차대사람,횡단중,횡단중,교차로,교차로내,승용차,보행자
2017.6.20 6:00,주간,화,1,0,0,차대차,측면충돌,측면충돌,교차로,교차로내,농기계,승용차
2017.6.20 8:00,주간,화,1,1,0,차대차,측면충돌,측면충돌,교차로,교차로횡단보도내,승합차,자전거
2017.6.20 9:00,주간,화,1,0,0,차대사람,기타,기타,교차로,교차로내,화물차,보행자
2017.6.20 9:00,주간,화,1,0,0,차대차,측면충돌,측면충돌,교차로,교차로횡단보도내,이륜차,화물차
2017.6.20 10:00,주간,화,1,0,0,차량단독,공작물충돌,공작물충돌,단일로,기타단일로,승용차,없음
2017.6.20 11:00,주간,화,1,0,0,차량단독,전도전복,전도전복,단일로,기타단일로,이륜차,없음
2017.6.20 11:00,주간,화,1,0,0,차대사람,횡단중,횡단중,단일로,기타단일로,승용차,보행자
2017.6.20 16:00,주간,화,1,1,0,차대차,기타,기타,단일로,기타단일로,이륜차,승용차
2017.6.20 19:00,야간,화,1,0,0,차대차,측면충돌,측면충돌,단일로,기타단일로,화물차,자전거
2017.6.20 20:00,야간,화,1,0,0,차대사람,차도통행중,차도통행중,단일로,기타단일로,승용차,보행자
2017.6.20 23:00,야간,화,1,0,0,차대사람,기타,기타,단일로,기타단일로,승용차,보행자
2017.6.21 0:00,야간,수,1,0,0,차량단독,전도전복,전도전복,단일로,기타단일로,승용차,없음
2017.6.21 1:00,야간,수,1,0,0,차대사람,횡단중,횡단중,단일로,기타단일로,승용차,보행자
2017.6.21 1:00,야간,수,1,0,0,차대사람,횡단중,횡단중,단일로,기타단일로,승용차,보행자
2017.6.21 10:00,주간,수,1,0,0,차량단독,전도전복,전도전복,단일로,기타단일로,화물차,없음
2017.6.21 14:00,주간,수,1,0,0,차대차,측면충돌,측면충돌,교차로,교차로내,사륜오토바이(ATV),승용차
2017.6.21 21:00,야간,수,1,0,0,차대차,추돌,추돌,단일로,기타단일로,이륜차,화물차
2017.6.21 23:00,야간,수,1,0,0,차대사람,길가장자리구역통행중,길가장자리구역통행중,단일로,교량위,승용차,보행자
2017.6.22 6:00,주간,목,1,0,0,차대차,측면충돌,측면충돌,교차로,교차로내,화물차,이륜차
2017.6.22 8:00,주간,목,1,0,0,차대차,측면충돌,측면충돌,교차로,교차로내,이륜차,승용차
2017.6.22 13:00,주간,목,1,0,0,차대차,추돌,추돌,기타,기타,화물차,농기계
2017.6.22 13:00,주간,목,1,0,0,차대차,측면충돌,측면충돌,교차로,교차로내,이륜차,건설기계
2017.6.22 14:00,주간,목,1,0,0,차대차,측면충돌,측면충돌,교차로,교차로부근,이륜차,화물차
2017.6.22 15:00,주간,목,1,0,0,차대사람,기타,기타,교차로,교차로부근,건설기계,보행자
2017.6.22 17:00,주간,목,1,0,0,차대차,정면충돌,정면충돌,교차로,교차로내,승용차,이륜차
2017.6.22 18:00,야간,목,1,0,0,차대사람,횡단중,횡단중,단일로,기타단일로,화물차,보행자
2017.6.22 20:00,야간,목,1,0,0,차대사람,횡단중,횡단중,교차로,교차로내,승합차,보행자
2017.6.22 21:00,야간,목,1,0,0,차대차,측면충돌,측면충돌,교차로,교차로부근,이륜차,승용차
2017.6.22 21:00,야간,목,1,0,1,차대차,추돌,추돌,단일로,기타단일로,승용차,불명
2017.6.22 23:00,야간,목,1,0,0,차대사람,차도통행중,차도통행중,단일로,기타단일로,승용차,보행자
2017.6.23 4:00,야간,금,1,0,0,차량단독,공작물충돌,공작물충돌,단일로,기타단일로,승용차,없음
2017.6.23 6:00,주간,금,1,0,0,차대차,측면충돌,측면충돌,교차로,교차로부근,승용차,원동기장치자전거
2017.6.23 8:00,주간,금,1,0,0,차량단독,전도전복,전도전복,단일로,기타단일로,농기계,없음
2017.6.23 10:00,주간,금,1,1,0,차대차,측면충돌,측면충돌,단일로,기타단일로,승용차,건설기계
2017.6.23 10:00,주간,금,1,0,0,차대사람,횡단중,횡단중,단일로,기타단일로,화물차,보행자
2017.6.23 10:00,주간,금,1,0,0,차량단독,전도전복,전도전복,단일로,기타단일로,사륜오토바이(ATV),없음
2017.6.23 12:00,주간,금,1,0,0,차량단독,전도,전도,단일로,기타단일로,농기계,없음
2017.6.23 16:00,주간,금,1,0,0,차대차,정면충돌,정면충돌,단일로,기타단일로,이륜차,승합차
2017.6.23 19:00,야간,금,1,0,0,차대사람,횡단중,횡단중,교차로,교차로내,화물차,보행자
2017.6.23 20:00,야간,금,1,0,1,차대차,기타,기타,단일로,기타단일로,화물차,사륜오토바이(ATV)
2017.6.24 5:00,야간,토,1,2,0,차대차,측면충돌,측면충돌,교차로,교차로내,화물차,화물차
2017.6.24 6:00,주간,토,1,0,0,차대차,추돌,추돌,단일로,기타단일로,화물차,농기계
2017.6.24 8:00,주간,토,1,0,0,차대사람,기타,기타,교차로,교차로부근,건설기계,보행자
2017.6.24 8:00,주간,토,1,0,0,차대차,기타,기타,단일로,기타단일로,원동기장치자전거,승용차
2017.6.24 14:00,주간,토,1,0,0,차대차,측면충돌,측면충돌,교차로,교차로내,이륜차,승용차
2017.6.24 16:00,주간,토,1,0,0,차대차,추돌,추돌,교차로,교차로부근,화물차,이륜차
2017.6.24 16:00,주간,토,1,0,0,차량단독,전도전복,전도전복,단일로,기타단일로,사륜오토바이(ATV),없음
2017.6.24 23:00,야간,토,1,1,0,차대사람,기타,기타,단일로,기타단일로,승용차,보행자
2017.6.25 11:00,주간,일,1,0,0,차량단독,전도,전도,단일로,기타단일로,화물차,없음
2017.6.25 13:00,주간,일,1,0,0,차대차,추돌,추돌,단일로,기타단일로,이륜차,승용차
2017.6.25 13:00,주간,일,1,0,0,차대사람,횡단중,횡단중,단일로,기타단일로,화물차,보행자
2017.6.25 15:00,주간,일,1,0,0,차량단독,전도,전도,단일로,기타단일로,화물차,없음
2017.6.25 20:00,야간,일,1,0,0,차대사람,횡단중,횡단중,교차로,교차로횡단보도내,승용차,보행자
2017.6.25 23:00,야간,일,1,1,0,차대사람,횡단중,횡단중,교차로,교차로부근,이륜차,보행자
2017.6.26 9:00,주간,월,2,1,0,차대차,정면충돌,정면충돌,단일로,기타단일로,승용차,화물차