발생년월일시,주야,요일,사망자수,중상자수,경상자수,사고유형_대분류,사고유형_중분류,사고유형,도로형태_대분류,도로형태,당사자종별_1당_대분류,당사자종별_2당_대분류
2017.6.26 11:00,주간,월,1,1,2,차대차,기타,기타,단일로,기타단일로,승합차,자전거
2017.6.26 12:00,주간,월,1,0,0,차량단독,공작물충돌,공작물충돌,단일로,기타단일로,승용차,없음
2017.6.26 14:00,주간,월,1,1,0,차대차,기타,기타,단일로,기타단일로,승용차,승용차
2017.6.26 16:00,주간,월,1,0,0,차량단독,전복,전복,단일로,기타단일로,사륜오토바이(ATV),없음
2017.6.26 19:00,야간,월,1,0,0,차대사람,횡단중,횡단중,단일로,기타단일로,화물차,보행자
2017.6.26 20:00,야간,월,1,2,1,차대차,측면충돌,측면충돌,단일로,기타단일로,승합차,농기계
2017.6.26 21:00,야간,월,1,0,0,차대차,측면충돌,측면충돌,교차로,교차로내,이륜차,화물차
2017.6.26 22:00,야간,월,1,0,0,차대사람,기타,기타,교차로,교차로내,승합차,보행자
2017.6.27 3:00,야간,화,1,0,0,차량단독,전도전복,전도전복,단일로,기타단일로,이륜차,없음
2017.6.27 4:00,야간,화,1,0,0,차대사람,횡단중,횡단중,단일로,기타단일로,승용차,보행자
2017.6.27 11:00,주간,화,1,0,3,차대차,추돌,추돌,단일로,기타단일로,화물차,화물차
2017.6.27 12:00,주간,화,1,0,0,차대사람,기타,기타,단일로,기타단일로,화물차,보행자
2017.6.27 12:00,주간,화,1,0,2,차대차,측면충돌,측면충돌,교차로,교차로내,승용차,승용차
2017.6.27 15:00,주간,화,1,0,0,차량단독,전도전복,전도전복,단일로,기타단일로,승용차,없음
2017.6.27 15:00,주간,화,1,0,0,차대사람,횡단중,횡단중,교차로,교차로내,화물차,보행자
2017.6.27 16:00,주간,화,1,0,2,차대차,측면충돌,측면충돌,교차로,교차로내,이륜차,승합차
2017.6.27 16:00,주간,화,1,0,1,차대차,기타,기타,교차로,교차로부근,승용차,화물차
2017.6.27 17:00,주간,화,1,0,1,차대차,기타,기타,단일로,기타단일로,승용차,농기계
2017.6.27 21:00,야간,화,1,0,0,차대사람,횡단중,횡단중,기타,기타,승용차,보행자
2017.6.27 22:00,야간,화,1,0,0,차대사람,횡단중,횡단중,단일로,기타단일로,승용차,보행자
2017.6.28 0:00,야간,수,1,1,0,차대차,기타,기타,교차로,교차로내,승용차,원동기장치자전거
2017.6.28 8:00,주간,수,1,1,0,차대차,측면충돌,측면충돌,교차로,교차로내,승용차,농기계
2017.6.28 8:00,주간,수,1,0,0,차대차,기타,기타,단일로,기타단일로,승용차,이륜차
2017.6.28 13:00,주간,수,1,0,0,차량단독,도로이탈,도로이탈 추락,단일로,기타단일로,사륜오토바이(ATV),없음
2017.6.28 15:00,주간,수,1,2,0,차대차,추돌,추돌,단일로,기타단일로,화물차,화물차
2017.6.28 16:00,주간,수,1,0,0,차대차,정면충돌,정면충돌,단일로,기타단일로,이륜차,화물차
2017.6.28 17:00,주간,수,1,0,2,차대차,추돌,추돌,교차로,교차로부근,승용차,승용차
2017.6.28 17:00,주간,수,1,1,1,차대차,측면충돌,측면충돌,교차로,교차로내,승용차,승용차
2017.6.28 19:00,야간,수,1,1,3,차대차,측면충돌,측면충돌,교차로,교차로내,승용차,화물차
2017.6.28 20:00,야간,수,1,0,1,차대차,정면충돌,정면충돌,단일로,고가도로위,이륜차,승용차
2017.6.28 20:00,야간,수,1,0,0,차대사람,횡단중,횡단중,교차로,교차로부근,승합차,보행자
2017.6.28 21:00,야간,수,1,0,0,차대차,기타,기타,단일로,기타단일로,원동기장치자전거,승용차
2017.6.28 22:00,야간,수,1,0,0,차량단독,공작물충돌,공작물충돌,교차로,교차로내,승용차,없음
2017.6.28 23:00,야간,수,1,0,1,차대차,측면충돌,측면충돌,단일로,기타단일로,이륜차,이륜차
2017.6.29 0:00,야간,목,1,0,0,차량단독,기타,기타,단일로,기타단일로,원동기장치자전거,없음
2017.6.29 1:00,야간,목,1,0,0,차량단독,공작물충돌,공작물충돌,기타,기타,승용차,없음
2017.6.29 1:00,야간,목,1,0,0,차대사람,횡단중,횡단중,단일로,기타단일로,승용차,보행자
2017.6.29 2:00,야간,목,1,0,0,차대사람,기타,기타,단일로,기타단일로,화물차,보행자
2017.6.29 3:00,야간,목,1,0,0,차대사람,횡단중,횡단중,단일로,기타단일로,승용차,보행자
2017.6.29 3:00,야간,목,1,1,0,차대차,측면충돌,측면충돌,단일로,기타단일로,화물차,화물차
2017.6.29 4:00,야간,목,1,1,0,차량단독,전도,전도,단일로,기타단일로,승용차,없음
2017.6.29 8:00,주간,목,1,2,0,차대사람,길가장자리구역통행중,길가장자리구역통행중,단일로,기타단일로,승용차,보행자
2017.6.29 8:00,주간,목,1,0,7,차대사람,횡단중,횡단중,교차로,교차로횡단보도내,승합차,보행자
2017.6.29 13:00,주간,목,1,0,0,차대차,추돌,추돌,단일로,기타단일로,특수차,이륜차
2017.6.29 13:00,주간,목,1,0,0,차대사람,기타,기타,단일로,기타단일로,화물차,보행자
2017.6.29 14:00,주간,목,1,0,0,차량단독,전도,전도,단일로,기타단일로,자전거,없음
2017.6.29 18:00,야간,목,1,0,0,차대사람,횡단중,횡단중,단일로,기타단일로,승용차,보행자
2017.6.29 22:00,야간,목,1,0,0,차량단독,전도,전도,단일로,기타단일로,승용차,없음
2017.6.30 0:00,야간,금,1,0,0,차량단독,도로이탈,도로이탈 기타,교차로,교차로부근,승용차,없음
2017.6.30 2:00,야간,금,1,0,0,차대사람,기타,기타,단일로,기타단일로,승용차,보행자
2017.6.30 4:00,야간,금,1,0,1,차대차,기타,기타,단일로,기타단일로,화물차,승용차
2017.6.30 4:00,야간,금,1,0,0,차량단독,전도,전도,단일로,고가도로위,승용차,없음
2017.6.30 6:00,주간,금,1,0,0,차대차,측면충돌,측면충돌,단일로,기타단일로,화물차,이륜차
2017.6.30 8:00,주간,금,1,0,0,차대사람,횡단중,횡단중,단일로,기타단일로,화물차,보행자
2017.6.30 9:00,주간,금,1,2,0,차대차,측면충돌,측면충돌,교차로,교차로내,승용차,화물차
2017.6.30 10:00,주간,금,1,0,0,차대차,측면충돌,측면충돌,단일로,기타단일로,이륜차,승용차
2017.6.30 17:00,주간,금,1,1,0,차대차,측면충돌,측면충돌,단일로,교량위,이륜차,화물차
2017.6.30 19:00,야간,금,1,0,0,차대차,측면충돌,측면충돌,교차로,교차로부근,승용차,이륜차
2017.6.30 21:00,야간,금,1,2,1,차대차,추돌,추돌,단일로,기타단일로,승용차,승용차
2017.6.30 21:00,야간,금,1,0,0,차대사람,차도통행중,차도통행중,단일로,기타단일로,승용차,보행자
2017.6.30 23:00,야간,금,1,0,0,차대사람,횡단중,횡단중,단일로,기타단일로,승용차,보행자
2017.7.1 4:00,야간,토,1,0,0,차대사람,횡단중,횡단중,단일로,기타단일로,승용차,보행자
2017.7.1 11:00,주간,토,1,0,0,차대차,측면충돌,측면충돌,교차로,교차로내,승용차,이륜차
2017.7.1 16:00,주간,토,1,0,0,차대차,측면충돌,측면충돌,단일로,기타단일로,자전거,승용차
2017.7.1 16:00,주간,토,1,0,0,차량단독,전도,전도,단일로,기타단일로,화물차,없음
2017.7.1 20:00,야간,토,1,0,0,차대차,추돌,추돌,단일로,기타단일로,자전거,화물차
2017.7.1 22:00,야간,토,1,0,0,차대사람,기타,기타,단일로,기타단일로,승용차,보행자
2017.7.1 22:00,야간,토,1,0,0,차대사람,기타,기타,교차로,교차로내,승용차,보행자
2017.7.2 1:00,야간,일,1,0,0,차대사람,기타,기타,단일로,기타단일로,승용차,보행자
2017.7.2 1:00,야간,일,1,1,1,차대차,추돌,추돌,단일로,기타단일로,승용차,화물차
2017.7.2 1:00,야간,일,1,0,0,차량단독,전도전복,전도전복,단일로,기타단일로,승용차,없음
2017.7.2 1:00,야간,일,1,1,0,차대차,추돌,추돌,단일로,기타단일로,승용차,이륜차
2017.7.2 1:00,야간,일,1,0,0,차량단독,전도,전도,교차로,교차로내,승합차,없음
2017.7.2 2:00,야간,일,1,0,1,차대차,측면충돌,측면충돌,교차로,교차로내,이륜차,승용차
2017.7.2 13:00,주간,일,1,0,0,차량단독,공작물충돌,공작물충돌,단일로,기타단일로,승용차,없음
2017.7.2 13:00,주간,일,1,0,0,차대사람,횡단중,횡단중,단일로,기타단일로,승용차,보행자
2017.7.3 0:00,야간,월,1,0,0,차대사람,횡단중,횡단중,교차로,교차로부근,승합차,보행자
2017.7.3 9:00,주간,월,1,0,0,차대차,측면충돌,측면충돌,단일로,고가도로위,승합차,자전거
2017.7.3 9:00,주간,월,1,0,2,차대차,정면충돌,정면충돌,교차로,교차로내,화물차,승합차
2017.7.3 9:00,주간,월,1,0,0,차량단독,전도전복,전도전복,교차로,교차로부근,화물차,없음
2017.7.3 9:00,주간,월,1,0,0,차대사람,횡단중,횡단중,기타,기타,승용차,보행자
2017.7.3 10:00,주간,월,1,0,0,차대차,측면충돌,측면충돌,교차로,교차로내,원동기장치자전거,화물차
2017.7.3 10:00,주간,월,1,1,2,차대차,추돌,추돌,단일로,터널안,화물차,화물차
2017.7.3 11:00,주간,월,1,0,0,차대사람,횡단중,횡단중,단일로,기타단일로,승용차,보행자
2017.7.3 12:00,주간,월,1,0,0,차량단독,공작물충돌,공작물충돌,단일로,기타단일로,이륜차,없음
2017.7.3 13:00,주간,월,1,0,0,차대차,측면충돌,측면충돌,교차로,교차로내,건설기계,승용차
2017.7.3 13:00,주간,월,1,0,0,차대사람,횡단중,횡단중,단일로,기타단일로,화물차,보행자
2017.7.3 18:00,야간,월,1,0,1,차대차,측면충돌,측면충돌,교차로,교차로내,원동기장치자전거,화물차
2017.7.3 20:00,야간,월,1,0,0,차대차,측면충돌,측면충돌,단일로,기타단일로,화물차,승용차
2017.7.3 22:00,야간,월,1,0,0,차대사람,길가장자리구역통행중,길가장자리구역통행중,단일로,기타단일로,화물차,보행자
2017.7.4 2:00,야간,화,1,0,0,차량단독,공작물충돌,공작물충돌,교차로,교차로내,승용차,없음
2017.7.4 7:00,주간,화,1,1,0,차대차,추돌,추돌,단일로,기타단일로,승용차,화물차
2017.7.4 8:00,주간,화,1,0,0,차량단독,전도전복,전도전복,교차로,교차로부근,승합차,없음
2017.7.4 13:00,주간,화,1,0,0,차대차,기타,기타,교차로,교차로내,자전거,승용차
2017.7.4 14:00,주간,화,1,0,0,차대사람,횡단중,횡단중,교차로,교차로내,승용차,보행자
2017.7.4 19:00,야간,화,1,0,0,차대차,측면충돌,측면충돌,교차로,교차로내,화물차,화물차
2017.7.4 22:00,야간,화,1,0,0,차대사람,횡단중,횡단중,단일로,기타단일로,승용차,보행자
2017.7.5 0:00,야간,수,1,0,1,차대차,정면충돌,정면충돌,단일로,기타단일로,승용차,승합차
2017.7.5 2:00,야간,수,1,0,0,차대사람,차도통행중,차도통행중,단일로,기타단일로,승용차,보행자
2017.7.5 2:00,야간,수,1,0,0,차대차,측면충돌,측면충돌,교차로,교차로내,이륜차,승용차
2017.7.5 3:00,야간,수,1,1,0,차대차,정면충돌,정면충돌,단일로,기타단일로,승용차,승용차
2017.7.5 4:00,야간,수,1,0,0,차량단독,공작물충돌,공작물충돌,단일로,기타단일로,승용차,없음
2017.7.5 9:00,주간,수,1,0,1,차대차,정면충돌,정면충돌,단일로,기타단일로,자전거,이륜차
2017.7.5 10:00,주간,수,1,0,0,차대사람,횡단중,횡단중,교차로,교차로내,승합차,보행자
2017.7.5 11:00,주간,수,1,0,0,차대차,정면충돌,정면충돌,단일로,기타단일로,화물차,이륜차
2017.7.5 12:00,주간,수,2,5,0,차대차,추돌,추돌,단일로,기타단일로,화물차,승용차
2017.7.5 12:00,주간,수,2,1,9,차대사람,기타,기타,교차로,교차로내,승합차,보행자
2017.7.5 17:00,주간,수,2,1,0,차대차,정면충돌,정면충돌,단일로,기타단일로,화물차,화물차
2017.7.5 17:00,주간,수,1,0,0,차대차,측면충돌,측면충돌,단일로,기타단일로,화물차,이륜차
2017.7.5 18:00,야간,수,1,0,1,차대차,추돌,추돌,단일로,기타단일로,화물차,화물차
2017.7.5 18:00,야간,수,1,0,0,차량단독,전도전복,전도전복,단일로,기타단일로,건설기계,없음
2017.7.5 21:00,야간,수,1,0,0,차대사람,횡단중,횡단중,교차로,교차로부근,승용차,보행자
2017.7.5 22:00,야간,수,1,0,0,차대사람,횡단중,횡단중,단일로,기타단일로,승합차,보행자
2017.7.5 22:00,야간,수,1,0,0,차대사람,횡단중,횡단중,단일로,기타단일로,화물차,보행자
2017.7.5 23:00,야간,수,1,0,0,차대사람,횡단중,횡단중,교차로,교차로횡단보도내,승용차,보행자
2017.7.5 23:00,야간,수,1,0,1,차량단독,공작물충돌,공작물충돌,단일로,기타단일로,승용차,없음
2017.7.5 23:00,야간,수,1,0,0,차대사람,횡단중,횡단중,단일로,기타단일로,승용차,보행자
2017.7.6 1:00,야간,목,1,0,1,차대차,추돌,추돌,단일로,기타단일로,화물차,화물차
2017.7.6 4:00,야간,목,1,0,1,차대차,기타,기타,기타,기타,화물차,화물차
2017.7.6 5:00,야간,목,1,0,0,차대차,측면충돌,측면충돌,교차로,교차로내,화물차,원동기장치자전거
2017.7.6 11:00,주간,목,1,0,0,차대차,추돌,추돌,단일로,기타단일로,화물차,농기계
2017.7.6 12:00,주간,목,1,0,0,차대차,추돌,추돌,단일로,기타단일로,화물차,화물차
2017.7.6 13:00,주간,목,1,0,0,차대차,기타,기타,교차로,교차로내,승용차,승용차
2017.7.6 15:00,주간,목,1,0,2,차대차,정면충돌,정면충돌,단일로,기타단일로,승용차,원동기장치자전거
2017.7.6 16:00,주간,목,1,0,0,차대사람,횡단중,횡단중,교차로,교차로횡단보도내,승합차,보행자
2017.7.6 20:00,야간,목,1,0,0,차대사람,횡단중,횡단중,단일로,기타단일로,승용차,보행자
2017.7.6 21:00,야간,목,1,0,0,차대차,측면충돌,측면충돌,교차로,교차로내,승합차,이륜차
2017.7.6 22:00,야간,목,1,0,0,차대사람,차도통행중,차도통행중,기타,기타,승용차,보행자
2017.7.7 0:00,야간,금,1,1,1,차대차,추돌,추돌,단일로,기타단일로,화물차,화물차
2017.7.7 0:00,야간,금,1,0,0,차대사람,횡단중,횡단중,교차로,교차로내,이륜차,보행자
2017.7.7 2:00,야간,금,1,0,0,차대사람,횡단중,횡단중,교차로,교차로내,화물차,보행자
2017.7.7 15:00,주간,금,1,1,6,차대차,추돌,추돌,단일로,기타단일로,승용차,승용차
2017.7.7 21:00,야간,금,1,0,2,차대차,추돌,추돌,단일로,고가도로위,승용차,승용차
2017.7.7 21:00,야간,금,1,0,0,차대사람,횡단중,횡단중,교차로,교차로내,승합차,보행자
2017.7.8 0:00,야간,토,1,3,0,차량단독,기타,기타,교차로,교차로부근,승용차,없음
2017.7.8 4:00,야간,토,1,0,1,차량단독,공작물충돌,공작물충돌,단일로,기타단일로,원동기장치자전거,없음
2017.7.8 7:00,주간,토,1,1,2,차대차,정면충돌,정면충돌,단일로,기타단일로,승용차,승용차
2017.7.8 8:00,주간,토,1,0,0,차량단독,도로이탈,도로이탈 기타,단일로,기타단일로,농기계,없음
2017.7.8 15:00,주간,토,2,1,3,차대차,측면충돌,측면충돌,교차로,교차로내,승용차,화물차
2017.7.8 16:00,주간,토,1,0,0,차대차,추돌,추돌,교차로,교차로부근,이륜차,승용차
2017.7.8 17:00,주간,토,1,0,0,차대사람,기타,기타,교차로,교차로내,승용차,보행자
2017.7.8 17:00,주간,토,1,5,0,차대차,정면충돌,정면충돌,기타,기타,승용차,승용차
2017.7.8 17:00,주간,토,1,0,0,차대사람,횡단중,횡단중,교차로,교차로횡단보도내,승합차,보행자
2017.7.8 19:00,야간,토,1,0,0,차대사람,차도통행중,차도통행중,단일로,기타단일로,승용차,보행자
2017.7.8 19:00,야간,토,1,1,0,차대차,정면충돌,정면충돌,교차로,교차로내,승합차,화물차
2017.7.8 21:00,야간,토,1,0,0,차량단독,전도전복,전도전복,단일로,교량위,승용차,없음
2017.7.8 22:00,야간,토,1,0,0,차대사람,횡단중,횡단중,단일로,기타단일로,승용차,보행자
2017.7.8 22:00,야간,토,1,0,0,차대사람,횡단중,횡단중,교차로,교차로내,승용차,보행자
2017.7.9 0:00,야간,일,1,0,0,차대차,추돌,추돌,단일로,기타단일로,승용차,이륜차
2017.7.9 3:00,야간,일,1,0,0,차량단독,전도전복,전도전복,기타,기타,이륜차,없음
2017.7.9 8:00,주간,일,1,0,0,차대차,측면충돌,측면충돌,교차로,교차로내,이륜차,화물차
2017.7.9 12:00,주간,일,1,0,0,차대차,추돌,추돌,단일로,기타단일로,건설기계,이륜차
2017.7.9 14:00,주간,일,2,4,9,차대차,추돌,추돌,단일로,기타단일로,승합차,승용차
2017.7.9 14:00,주간,일,1,0,0,차대차,기타,기타,단일로,기타단일로,이륜차,자전거
2017.7.9 16:00,주간,일,1,0,0,차대사람,기타,기타,단일로,기타단일로,승합차,보행자
2017.7.10 0:00,야간,월,1,0,0,차대차,측면충돌,측면충돌,단일로,기타단일로,이륜차,승용차
2017.7.10 0:00,야간,월,1,0,0,차대사람,횡단중,횡단중,교차로,교차로내,화물차,보행자
2017.7.10 10:00,주간,월,1,0,1,차대차,측면충돌,측면충돌,단일로,기타단일로,농기계,승용차
2017.7.10 11:00,주간,월,1,0,0,차대차,기타,기타,단일로,기타단일로,화물차,이륜차
2017.7.10 16:00,주간,월,1,0,2,차대차,추돌,추돌,단일로,터널안,승용차,승용차
2017.7.10 17:00,주간,월,1,0,0,차대사람,기타,기타,교차로,교차로내,승용차,보행자
2017.7.10 18:00,야간,월,1,1,0,차대차,측면충돌,측면충돌,단일로,기타단일로,승합차,승용차
2017.7.10 19:00,야간,월,1,0,1,차대차,측면충돌,측면충돌,단일로,기타단일로,승용차,승용차
2017.7.10 19:00,야간,월,1,0,0,차량단독,도로이탈,도로이탈 추락,기타,기타,자전거,없음
2017.7.10 20:00,야간,월,1,0,0,차대차,측면충돌,측면충돌,단일로,기타단일로,승합차,자전거
2017.7.10 21:00,야간,월,1,0,0,차대차,기타,기타,단일로,기타단일로,승용차,원동기장치자전거
2017.7.10 22:00,야간,월,1,3,5,차대차,측면충돌,측면충돌,단일로,기타단일로,승용차,승합차
2017.7.10 22:00,야간,월,2,1,0,차량단독,전도전복,전도전복,단일로,기타단일로,승용차,없음
2017.7.11 4:00,야간,화,1,0,0,차량단독,공작물충돌,공작물충돌,기타,기타,승용차,없음
2017.7.11 4:00,야간,화,1,1,1,차대차,측면충돌,측면충돌,단일로,기타단일로,승용차,승용차
2017.7.11 7:00,주간,화,1,0,0,차대차,추돌,추돌,단일로,기타단일로,화물차,농기계
2017.7.11 8:00,주간,화,1,0,0,차대사람,횡단중,횡단중,교차로,교차로부근,승용차,보행자
2017.7.11 12:00,주간,화,1,3,2,차대차,측면충돌,측면충돌,교차로,교차로내,화물차,승용차
2017.7.11 17:00,주간,화,1,0,0,차량단독,전도전복,전도전복,단일로,기타단일로,화물차,없음
2017.7.11 22:00,야간,화,1,0,0,차대사람,횡단중,횡단중,교차로,교차로내,화물차,보행자
2017.7.11 22:00,야간,화,1,0,0,차대사람,차도통행중,차도통행중,교차로,교차로내,화물차,보행자
2017.7.11 23:00,야간,화,1,0,0,차대사람,횡단중,횡단중,단일로,기타단일로,이륜차,보행자
2017.7.12 0:00,야간,수,1,0,0,차대사람,차도통행중,차도통행중,단일로,기타단일로,승용차,보행자
2017.7.12 0:00,야간,수,1,1,2,차대차,추돌,추돌,단일로,기타단일로,화물차,특수차
2017.7.12 2:00,야간,수,1,1,0,차대차,기타,기타,단일로,기타단일로,이륜차,화물차
2017.7.12 3:00,야간,수,1,0,0,차대차,측면충돌,측면충돌,교차로,교차로내,승용차,이륜차
2017.7.12 4:00,야간,수,1,0,0,차대사람,횡단중,횡단중,단일로,기타단일로,화물차,보행자
2017.7.12 8:00,주간,수,1,0,0,차대사람,차도통행중,차도통행중,단일로,기타단일로,승용차,보행자
2017.7.12 9:00,주간,수,1,0,0,차대사람,횡단중,횡단중,교차로,교차로부근,승합차,보행자
2017.7.12 9:00,주간,수,1,0,0,차대사람,횡단중,횡단중,교차로,교차로횡단보도내,화물차,보행자
2017.7.12 9:00,주간,수,1,0,0,차량단독,전도전복,전도전복,단일로,기타단일로,이륜차,없음
2017.7.12 10:00,주간,수,1,0,0,철길건널목,철길건널목,철길건널목,철길건널목,철길건널목,자전거,기타
2017.7.12 17:00,주간,수,1,0,0,차대사람,횡단중,횡단중,교차로,교차로내,화물차,보행자
2017.7.12 17:00,주간,수,1,0,0,차대사람,횡단중,횡단중,교차로,교차로횡단보도내,승용차,보행자
2017.7.12 18:00,야간,수,1,0,0,차대차,기타,기타,교차로,교차로부근,이륜차,승합차
2017.7.12 20:00,야간,수,1,0,0,차대사람,기타,기타,단일로,기타단일로,화물차,보행자
2017.7.12 21:00,야간,수,1,0,0,차대사람,횡단중,횡단중,교차로,교차로횡단보도내,화물차,보행자
2017.7.12 21:00,야간,수,1,1,0,차대사람,횡단중,횡단중,단일로,기타단일로,승용차,보행자
2017.7.12 22:00,야간,수,1,0,0,차대사람,횡단중,횡단중,단일로,기타단일로,승용차,보행자
2017.7.12 22:00,야간,수,1,0,0,차대사람,차도통행중,차도통행중,단일로,기타단일로,화물차,보행자
2017.7.13 1:00,야간,목,1,0,0,차대사람,횡단중,횡단중,단일로,기타단일로,화물차,보행자
2017.7.13 2:00,야간,목,1,1,0,차대사람,기타,기타,단일로,기타단일로,승용차,보행자
2017.7.13 8:00,주간,목,1,0,0,차대차,기타,기타,단일로,기타단일로,원동기장치자전거,건설기계
2017.7.13 9:00,주간,목,1,0,0,차량단독,기타,기타,교차로,교차로내,농기계,없음
2017.7.13 10:00,주간,목,1,0,0,차대사람,차도통행중,차도통행중,단일로,기타단일로,승용차,보행자
2017.7.13 11:00,주간,목,1,1,2,차대사람,횡단중,횡단중,기타,기타,승용차,보행자
2017.7.13 12:00,주간,목,1,0,0,차대차,측면충돌,측면충돌,단일로,기타단일로,승용차,이륜차
2017.7.13 15:00,주간,목,1,0,0,차대차,측면충돌,측면충돌,교차로,교차로내,자전거,승용차
2017.7.13 16:00,주간,목,1,1,0,차대차,기타,기타,단일로,터널안,승용차,화물차
2017.7.13 18:00,야간,목,1,1,0,차대차,측면충돌,측면충돌,교차로,교차로내,승용차,승용차
2017.7.13 20:00,야간,목,1,0,0,차대사람,차도통행중,차도통행중,단일로,기타단일로,승합차,보행자
2017.7.14 2:00,야간,금,1,1,0,차대차,정면충돌,정면충돌,단일로,기타단일로,승용차,승용차
2017.7.14 2:00,야간,금,1,0,0,차대사람,횡단중,횡단중,단일로,기타단일로,승용차,보행자
2017.7.14 7:00,주간,금,1,0,0,차대사람,횡단중,횡단중,단일로,기타단일로,건설기계,보행자
2017.7.14 7:00,주간,금,1,0,2,차대차,측면충돌,측면충돌,단일로,기타단일로,승용차,화물차
2017.7.14 9:00,주간,금,1,0,0,차대사람,횡단중,횡단중,교차로,교차로횡단보도내,건설기계,보행자
2017.7.14 11:00,주간,금,1,0,0,차량단독,전도,전도,단일로,기타단일로,이륜차,없음
2017.7.14 11:00,주간,금,1,0,1,차대차,추돌,추돌,단일로,기타단일로,화물차,승용차
2017.7.14 12:00,주간,금,1,0,0,차대차,측면충돌,측면충돌,교차로,교차로부근,이륜차,건설기계
2017.7.14 17:00,주간,금,1,0,0,차량단독,도로이탈,도로이탈 추락,단일로,기타단일로,승용차,없음
2017.7.14 21:00,야간,금,1,0,0,차대사람,횡단중,횡단중,교차로,교차로횡단보도내,화물차,보행자
2017.7.14 22:00,야간,금,1,0,0,차대차,기타,기타,단일로,교량위,이륜차,승용차
2017.7.14 22:00,야간,금,1,0,0,차대사람,횡단중,횡단중,단일로,기타단일로,승용차,보행자
2017.7.14 23:00,야간,금,1,0,0,차량단독,기타,기타,단일로,기타단일로,화물차,없음
2017.7.15 8:00,주간,토,1,0,0,차대차,기타,기타,교차로,교차로횡단보도내,화물차,원동기장치자전거
2017.7.15 11:00,주간,토,1,0,0,차대사람,기타,기타,교차로,교차로내,화물차,보행자
2017.7.15 15:00,주간,토,1,0,0,차대사람,기타,기타,교차로,교차로부근,승용차,보행자
2017.7.15 16:00,주간,토,1,0,1,차대차,정면충돌,정면충돌,단일로,기타단일로,화물차,화물차
2017.7.15 18:00,야간,토,1,0,0,차량단독,전도전복,전도전복,교차로,교차로부근,화물차,없음
2017.7.15 21:00,야간,토,1,0,0,차대사람,횡단중,횡단중,단일로,기타단일로,승용차,보행자
2017.7.15 21:00,야간,토,1,0,0,차량단독,도로이탈,도로이탈 추락,교차로,교차로내,화물차,없음
2017.7.15 22:00,야간,토,1,0,0,차대사람,횡단중,횡단중,교차로,교차로부근,승합차,보행자
2017.7.16 4:00,야간,일,1,0,0,차대사람,횡단중,횡단중,교차로,교차로횡단보도내,승용차,보행자
2017.7.16 4:00,야간,일,1,0,0,차량단독,공작물충돌,공작물충돌,교차로,교차로내,승용차,없음
2017.7.16 8:00,주간,일,2,0,0,차량단독,공작물충돌,공작물충돌,단일로,기타단일로,승용차,없음
2017.7.16 13:00,주간,일,2,0,0,차대차,측면충돌,측면충돌,교차로,교차로내,승용차,승합차
2017.7.16 15:00,주간,일,1,2,6,차대차,추돌,추돌,단일로,기타단일로,승용차,승용차
2017.7.16 15:00,주간,일,1,0,3,차대차,측면충돌,측면충돌,단일로,기타단일로,화물차,승합차
2017.7.16 16:00,주간,일,1,0,0,차량단독,전도전복,전도전복,단일로,기타단일로,화물차,없음
2017.7.16 16:00,주간,일,1,0,0,차대차,측면충돌,측면충돌,단일로,기타단일로,원동기장치자전거,승용차
2017.7.16 18:00,야간,일,1,0,0,차대사람,횡단중,횡단중,단일로,기타단일로,승용차,보행자
2017.7.16 22:00,야간,일,1,0,0,차량단독,전도,전도,단일로,기타단일로,원동기장치자전거,없음
2017.7.17 0:00,야간,월,1,0,0,차대차,측면충돌,측면충돌,교차로,교차로내,승용차,이륜차
2017.7.17 2:00,야간,월,1,0,0,차대차,측면충돌,측면충돌,단일로,기타단일로,승용차,화물차
2017.7.17 7:00,주간,월,1,0,0,차대차,측면충돌,측면충돌,교차로,교차로내,화물차,승용차
2017.7.17 9:00,주간,월,1,0,0,차량단독,전도,전도,단일로,기타단일로,농기계,없음
2017.7.17 9:00,주간,월,1,0,0,차대사람,횡단중,횡단중,기타,기타,승용차,보행자
2017.7.17 11:00,주간,월,1,0,0,차대사람,횡단중,횡단중,교차로,교차로횡단보도내,화물차,보행자
2017.7.17 15:00,주간,월,1,0,0,차대사람,횡단중,횡단중,단일로,기타단일로,승합차,보행자
2017.7.17 15:00,주간,월,1,0,0,차대차,측면충돌,측면충돌,단일로,기타단일로,이륜차,승용차
2017.7.17 16:00,주간,월,1,0,0,차대차,측면충돌,측면충돌,교차로,교차로내,건설기계,자전거
2017.7.17 19:00,야간,월,1,0,0,차대차,측면충돌,측면충돌,교차로,교차로부근,승용차,승용차
2017.7.17 19:00,야간,월,2,0,0,차량단독,전도전복,전도전복,단일로,기타단일로,승용차,없음
2017.7.17 21:00,야간,월,2,0,0,차대차,정면충돌,정면충돌,단일로,기타단일로,승용차,원동기장치자전거
2017.7.18 1:00,야간,화,1,0,0,차대사람,횡단중,횡단중,교차로,교차로내,승용차,보행자
2017.7.18 3:00,야간,화,1,0,0,차량단독,공작물충돌,공작물충돌,단일로,기타단일로,승용차,없음
2017.7.18 4:00,야간,화,1,0,0,차대차,기타,기타,단일로,기타단일로,승용차,농기계
2017.7.18 10:00,주간,화,1,0,0,차대차,기타,기타,교차로,교차로내,화물차,농기계
2017.7.18 11:00,주간,화,1,0,1,차대차,정면충돌,정면충돌,교차로,교차로내,이륜차,승용차
2017.7.18 12:00,주간,화,1,0,0,차대차,측면충돌,측면충돌,교차로,교차로내,원동기장치자전거,승용차
2017.7.18 12:00,주간,화,1,1,0,차대사람,횡단중,횡단중,단일로,기타단일로,승용차,보행자
2017.7.18 12:00,주간,화,1,0,0,차대차,측면충돌,측면충돌,단일로,기타단일로,화물차,이륜차