발생년월일시,주야,요일,사망자수,중상자수,경상자수,사고유형_대분류,사고유형_중분류,사고유형,도로형태_대분류,도로형태,당사자종별_1당_대분류,당사자종별_2당_대분류
2017.7.18 14:00,주간,화,1,0,0,차대차,측면충돌,측면충돌,단일로,기타단일로,승용차,화물차
2017.7.18 16:00,주간,화,1,0,0,차대사람,보도통행중,보도통행중,단일로,기타단일로,자전거,보행자
2017.7.18 17:00,주간,화,1,0,2,차대차,측면충돌,측면충돌,교차로,교차로내,이륜차,승용차
2017.7.18 17:00,주간,화,1,0,0,차대차,측면충돌,측면충돌,기타,기타,화물차,이륜차
2017.7.18 18:00,야간,화,1,0,1,차량단독,공작물충돌,공작물충돌,단일로,교량위,이륜차,없음
2017.7.18 19:00,야간,화,1,0,0,차대사람,기타,기타,교차로,교차로횡단보도내,화물차,보행자
2017.7.19 2:00,야간,수,1,0,0,차대사람,차도통행중,차도통행중,단일로,기타단일로,화물차,보행자
2017.7.19 5:00,야간,수,1,0,0,차량단독,전도전복,전도전복,단일로,기타단일로,화물차,없음
2017.7.19 10:00,주간,수,1,0,1,차대차,측면충돌,측면충돌,교차로,교차로내,승용차,화물차
2017.7.19 15:00,주간,수,1,0,0,차대사람,횡단중,횡단중,교차로,교차로횡단보도내,화물차,보행자
2017.7.19 17:00,주간,수,1,0,0,차대차,측면충돌,측면충돌,단일로,기타단일로,사륜오토바이(ATV),화물차
2017.7.19 17:00,주간,수,1,0,0,차대차,측면충돌,측면충돌,단일로,기타단일로,승용차,원동기장치자전거
2017.7.19 19:00,야간,수,1,0,0,차량단독,전도전복,전도전복,단일로,기타단일로,사륜오토바이(ATV),없음
2017.7.19 20:00,야간,수,1,1,0,차대차,기타,기타,단일로,기타단일로,승용차,이륜차
2017.7.20 0:00,야간,목,1,0,0,차대사람,횡단중,횡단중,교차로,교차로횡단보도내,승용차,보행자
2017.7.20 0:00,야간,목,1,0,0,차대차,측면충돌,측면충돌,교차로,교차로부근,승용차,자전거
2017.7.20 0:00,야간,목,1,0,0,차대차,기타,기타,교차로,교차로횡단보도내,자전거,승용차
2017.7.20 3:00,야간,목,1,0,0,차대사람,횡단중,횡단중,교차로,교차로부근,화물차,보행자
2017.7.20 5:00,야간,목,1,0,0,차대사람,길가장자리구역통행중,길가장자리구역통행중,단일로,기타단일로,화물차,보행자
2017.7.20 8:00,주간,목,1,0,0,차대사람,횡단중,횡단중,교차로,교차로내,승용차,보행자
2017.7.20 8:00,주간,목,1,0,0,차량단독,전도전복,전도전복,단일로,기타단일로,농기계,없음
2017.7.20 10:00,주간,목,1,0,0,차대차,추돌,추돌,단일로,기타단일로,화물차,화물차
2017.7.20 12:00,주간,목,1,0,0,차량단독,전도,전도,단일로,기타단일로,건설기계,없음
2017.7.20 17:00,주간,목,1,0,0,차량단독,전도전복,전도전복,단일로,기타단일로,건설기계,없음
2017.7.20 18:00,야간,목,1,1,0,차대차,정면충돌,정면충돌,단일로,기타단일로,승용차,승용차
2017.7.20 21:00,야간,목,1,1,0,차대차,추돌,추돌,단일로,기타단일로,승용차,화물차
2017.7.20 21:00,야간,목,1,0,0,차량단독,전도전복,전도전복,단일로,기타단일로,이륜차,없음
2017.7.20 22:00,야간,목,1,1,0,차대차,측면충돌,측면충돌,교차로,교차로내,화물차,화물차
2017.7.20 22:00,야간,목,1,0,0,차대사람,횡단중,횡단중,교차로,교차로횡단보도내,승용차,보행자
2017.7.21 0:00,야간,금,1,0,0,차량단독,전도전복,전도전복,단일로,기타단일로,화물차,없음
2017.7.21 1:00,야간,금,1,2,0,차량단독,전도전복,전도전복,단일로,기타단일로,승용차,없음
2017.7.21 5:00,야간,금,1,0,1,차량단독,공작물충돌,공작물충돌,단일로,기타단일로,화물차,없음
2017.7.21 8:00,주간,금,1,0,0,차대사람,횡단중,횡단중,단일로,기타단일로,건설기계,보행자
2017.7.21 9:00,주간,금,1,0,0,차대사람,횡단중,횡단중,단일로,기타단일로,화물차,보행자
2017.7.21 10:00,주간,금,1,0,0,차대사람,횡단중,횡단중,교차로,교차로횡단보도내,승합차,보행자
2017.7.21 12:00,주간,금,1,0,0,차량단독,공작물충돌,공작물충돌,단일로,기타단일로,화물차,없음
2017.7.21 21:00,야간,금,1,0,0,차대사람,기타,기타,단일로,기타단일로,자전거,보행자
2017.7.21 23:00,야간,금,1,0,0,차대차,정면충돌,정면충돌,교차로,교차로내,승용차,승합차
2017.7.22 1:00,야간,토,1,2,0,차대차,측면충돌,측면충돌,교차로,교차로내,승용차,특수차
2017.7.22 1:00,야간,토,1,0,0,차량단독,전도전복,전도전복,단일로,기타단일로,개인형이동수단(PM),없음
2017.7.22 3:00,야간,토,1,0,1,차대사람,기타,기타,단일로,기타단일로,승용차,보행자
2017.7.22 3:00,야간,토,1,0,0,차대사람,횡단중,횡단중,단일로,기타단일로,승용차,보행자
2017.7.22 7:00,주간,토,1,0,0,차량단독,전도전복,전도전복,단일로,기타단일로,원동기장치자전거,없음
2017.7.22 8:00,주간,토,1,0,0,차대사람,기타,기타,교차로,교차로부근,건설기계,보행자
2017.7.22 10:00,주간,토,1,0,0,차량단독,전도,전도,단일로,기타단일로,자전거,없음
2017.7.22 12:00,주간,토,1,0,0,차량단독,공작물충돌,공작물충돌,교차로,교차로부근,자전거,없음
2017.7.22 12:00,주간,토,1,1,2,차대차,추돌,추돌,단일로,기타단일로,승용차,승용차
2017.7.22 20:00,야간,토,1,0,0,차대사람,기타,기타,단일로,기타단일로,승용차,보행자
2017.7.22 20:00,야간,토,1,0,0,차대사람,횡단중,횡단중,단일로,기타단일로,승용차,보행자
2017.7.22 23:00,야간,토,1,2,0,차대차,추돌,추돌,단일로,기타단일로,승용차,승합차
2017.7.23 0:00,야간,일,1,0,0,차대사람,횡단중,횡단중,교차로,교차로내,승용차,보행자
2017.7.23 9:00,주간,일,1,2,4,차대차,기타,기타,단일로,기타단일로,승합차,승합차
2017.7.23 9:00,주간,일,1,0,0,차대차,측면충돌,측면충돌,교차로,교차로내,특수차,이륜차
2017.7.23 9:00,주간,일,1,0,0,차량단독,도로이탈,도로이탈 기타,단일로,기타단일로,승용차,없음
2017.7.23 11:00,주간,일,1,0,2,차대차,정면충돌,정면충돌,교차로,교차로내,승용차,승용차
2017.7.23 14:00,주간,일,1,1,0,차량단독,전도,전도,단일로,터널안,승용차,없음
2017.7.23 17:00,주간,일,2,1,1,차대차,기타,기타,교차로,교차로내,이륜차,승용차
2017.7.23 19:00,야간,일,1,0,0,차대사람,기타,기타,교차로,교차로내,화물차,보행자
2017.7.23 21:00,야간,일,2,0,0,차대사람,길가장자리구역통행중,길가장자리구역통행중,단일로,기타단일로,승용차,보행자
2017.7.23 23:00,야간,일,1,0,1,차량단독,공작물충돌,공작물충돌,단일로,기타단일로,승용차,없음
2017.7.24 1:00,야간,월,1,0,0,차량단독,전도전복,전도전복,단일로,기타단일로,승용차,없음
2017.7.24 3:00,야간,월,1,0,0,차대사람,횡단중,횡단중,교차로,교차로부근,승용차,보행자
2017.7.24 8:00,주간,월,1,0,0,차량단독,기타,기타,단일로,기타단일로,화물차,없음
2017.7.24 10:00,주간,월,1,0,0,차대사람,횡단중,횡단중,교차로,교차로내,화물차,보행자
2017.7.24 10:00,주간,월,1,0,0,차대사람,횡단중,횡단중,교차로,교차로내,승용차,보행자
2017.7.24 14:00,주간,월,1,0,0,차량단독,기타,기타,단일로,기타단일로,화물차,없음
2017.7.24 14:00,주간,월,1,0,0,차대사람,횡단중,횡단중,교차로,교차로횡단보도내,화물차,보행자
2017.7.24 15:00,주간,월,1,0,0,차량단독,전도,전도,단일로,기타단일로,이륜차,없음
2017.7.24 16:00,주간,월,1,0,0,차대사람,횡단중,횡단중,교차로,교차로부근,화물차,보행자
2017.7.24 22:00,야간,월,1,0,0,차대사람,횡단중,횡단중,교차로,교차로횡단보도내,화물차,보행자
2017.7.24 23:00,야간,월,1,0,0,차량단독,공작물충돌,공작물충돌,단일로,기타단일로,승용차,없음
2017.7.25 0:00,야간,화,1,0,0,차대사람,횡단중,횡단중,교차로,교차로부근,승용차,보행자
2017.7.25 4:00,야간,화,1,0,0,차량단독,공작물충돌,공작물충돌,교차로,교차로부근,승용차,없음
2017.7.25 5:00,야간,화,1,1,0,차대차,측면충돌,측면충돌,단일로,기타단일로,이륜차,승용차
2017.7.25 5:00,야간,화,1,0,0,차량단독,전도전복,전도전복,단일로,기타단일로,화물차,없음
2017.7.25 6:00,주간,화,1,0,0,차대차,정면충돌,정면충돌,단일로,기타단일로,기타,승용차
2017.7.25 12:00,주간,화,1,0,0,차대사람,횡단중,횡단중,단일로,기타단일로,화물차,보행자
2017.7.25 14:00,주간,화,1,0,0,차대사람,차도통행중,차도통행중,단일로,기타단일로,승용차,보행자
2017.7.25 19:00,야간,화,1,0,0,차대차,측면충돌,측면충돌,교차로,교차로내,승용차,원동기장치자전거
2017.7.25 20:00,야간,화,1,0,0,차대차,추돌,추돌,단일로,기타단일로,특수차,이륜차
2017.7.25 21:00,야간,화,1,0,0,차대사람,기타,기타,단일로,기타단일로,자전거,보행자
2017.7.25 21:00,야간,화,1,0,0,차대차,기타,기타,단일로,기타단일로,승용차,자전거
2017.7.25 22:00,야간,화,1,0,0,차대차,추돌,추돌,단일로,기타단일로,화물차,화물차
2017.7.25 22:00,야간,화,1,0,0,차대차,추돌,추돌,단일로,기타단일로,승용차,이륜차
2017.7.26 4:00,야간,수,1,0,0,차대사람,길가장자리구역통행중,길가장자리구역통행중,단일로,기타단일로,화물차,보행자
2017.7.26 4:00,야간,수,1,0,0,차대사람,기타,기타,단일로,기타단일로,승용차,보행자
2017.7.26 5:00,야간,수,1,0,1,차대차,추돌,추돌,단일로,기타단일로,승용차,화물차
2017.7.26 9:00,주간,수,1,1,0,차대차,기타,기타,단일로,기타단일로,승용차,화물차
2017.7.26 13:00,주간,수,2,0,2,차대차,측면충돌,측면충돌,단일로,기타단일로,승합차,화물차
2017.7.26 14:00,주간,수,1,0,0,차량단독,공작물충돌,공작물충돌,단일로,기타단일로,승용차,없음
2017.7.26 16:00,주간,수,1,0,0,차대차,측면충돌,측면충돌,단일로,기타단일로,화물차,승용차
2017.7.26 17:00,주간,수,1,1,0,차대차,측면충돌,측면충돌,단일로,기타단일로,화물차,승용차
2017.7.26 19:00,야간,수,1,0,0,차량단독,전도전복,전도전복,단일로,기타단일로,농기계,없음
2017.7.26 19:00,야간,수,1,0,0,차대사람,횡단중,횡단중,교차로,교차로내,승용차,보행자
2017.7.26 21:00,야간,수,1,0,1,차대차,정면충돌,정면충돌,단일로,기타단일로,승용차,승용차
2017.7.26 23:00,야간,수,1,0,0,차대사람,횡단중,횡단중,교차로,교차로부근,승용차,보행자
2017.7.27 2:00,야간,목,1,0,0,차대사람,횡단중,횡단중,단일로,기타단일로,승용차,보행자
2017.7.27 4:00,야간,목,1,0,0,차량단독,주/정차차량 충돌,주/정차차량 충돌,단일로,기타단일로,승용차,승합차
2017.7.27 6:00,주간,목,1,0,0,차량단독,전도,전도,단일로,기타단일로,화물차,없음
2017.7.27 7:00,주간,목,2,1,0,차대차,정면충돌,정면충돌,단일로,기타단일로,화물차,건설기계
2017.7.27 13:00,주간,목,1,0,0,차대차,기타,기타,교차로,교차로내,승용차,이륜차
2017.7.27 22:00,야간,목,1,0,1,차대차,측면충돌,측면충돌,단일로,기타단일로,승용차,승용차
2017.7.27 23:00,야간,목,1,0,0,차량단독,기타,기타,기타,기타,자전거,없음
2017.7.27 23:00,야간,목,1,0,0,차대사람,횡단중,횡단중,교차로,교차로내,승합차,보행자
2017.7.28 4:00,야간,금,1,0,0,차대차,측면충돌,측면충돌,단일로,기타단일로,승용차,자전거
2017.7.28 7:00,주간,금,1,3,0,차대차,기타,기타,단일로,기타단일로,승용차,화물차
2017.7.28 9:00,주간,금,1,0,0,차대사람,횡단중,횡단중,단일로,기타단일로,승용차,보행자
2017.7.28 10:00,주간,금,1,0,0,차량단독,전도,전도,교차로,교차로내,이륜차,없음
2017.7.28 17:00,주간,금,1,0,0,차대사람,길가장자리구역통행중,길가장자리구역통행중,단일로,기타단일로,승합차,보행자
2017.7.28 23:00,야간,금,1,0,0,차대차,추돌,추돌,단일로,기타단일로,특수차,자전거
2017.7.29 0:00,야간,토,1,0,3,차대차,추돌,추돌,단일로,기타단일로,화물차,화물차
2017.7.29 1:00,야간,토,1,1,0,차대차,정면충돌,정면충돌,단일로,기타단일로,승용차,승용차
2017.7.29 2:00,야간,토,1,0,0,차대사람,기타,기타,단일로,기타단일로,승용차,보행자
2017.7.29 2:00,야간,토,1,0,0,차대사람,횡단중,횡단중,교차로,교차로부근,승용차,보행자
2017.7.29 2:00,야간,토,1,0,0,차대사람,횡단중,횡단중,단일로,기타단일로,승용차,보행자
2017.7.29 4:00,야간,토,1,0,0,차량단독,전도전복,전도전복,단일로,기타단일로,화물차,없음
2017.7.29 5:00,야간,토,1,0,0,차대사람,기타,기타,단일로,기타단일로,승용차,보행자
2017.7.29 5:00,야간,토,1,0,0,차량단독,공작물충돌,공작물충돌,단일로,기타단일로,이륜차,없음
2017.7.29 8:00,주간,토,1,0,0,차대사람,차도통행중,차도통행중,교차로,교차로부근,승용차,보행자
2017.7.29 9:00,주간,토,1,0,0,차대사람,기타,기타,단일로,기타단일로,승용차,보행자
2017.7.29 9:00,주간,토,1,0,2,차대차,측면충돌,측면충돌,단일로,기타단일로,사륜오토바이(ATV),승용차
2017.7.29 12:00,주간,토,1,0,0,차량단독,전도전복,전도전복,단일로,기타단일로,농기계,없음
2017.7.29 15:00,주간,토,1,0,0,차량단독,공작물충돌,공작물충돌,단일로,기타단일로,승용차,없음
2017.7.29 19:00,야간,토,1,1,0,차량단독,기타,기타,단일로,기타단일로,승용차,없음
2017.7.29 22:00,야간,토,1,0,0,차대차,측면충돌,측면충돌,교차로,교차로부근,승용차,자전거
2017.7.30 1:00,야간,일,1,6,11,차대차,추돌,추돌,기타,기타,화물차,승용차
2017.7.30 1:00,야간,일,1,0,1,차대차,기타,기타,단일로,기타단일로,화물차,승용차
2017.7.30 3:00,야간,일,1,0,0,차대사람,기타,기타,교차로,교차로횡단보도내,승용차,보행자
2017.7.30 5:00,야간,일,1,0,0,차대차,측면충돌,측면충돌,단일로,기타단일로,건설기계,자전거
2017.7.30 6:00,주간,일,1,0,0,차대사람,횡단중,횡단중,단일로,기타단일로,화물차,보행자
2017.7.30 9:00,주간,일,1,1,1,차대차,정면충돌,정면충돌,교차로,교차로부근,승용차,승합차
2017.7.30 14:00,주간,일,1,0,2,차대차,측면충돌,측면충돌,교차로,교차로내,승용차,화물차
2017.7.30 14:00,주간,일,1,1,0,차대사람,차도통행중,차도통행중,단일로,기타단일로,승용차,보행자
2017.7.30 17:00,주간,일,1,0,0,차대사람,횡단중,횡단중,단일로,기타단일로,화물차,보행자
2017.7.30 19:00,야간,일,1,0,0,차대사람,횡단중,횡단중,단일로,기타단일로,승용차,보행자
2017.7.30 21:00,야간,일,1,0,0,차대차,측면충돌,측면충돌,단일로,기타단일로,자전거,승용차
2017.7.31 1:00,야간,월,1,0,0,차량단독,전도전복,전도전복,단일로,기타단일로,승용차,없음
2017.7.31 5:00,야간,월,1,0,0,차대차,기타,기타,교차로,교차로내,승용차,자전거
2017.7.31 6:00,주간,월,1,0,0,차대사람,횡단중,횡단중,교차로,교차로내,승용차,보행자
2017.7.31 10:00,주간,월,1,0,0,차대차,측면충돌,측면충돌,교차로,교차로내,승용차,이륜차
2017.7.31 16:00,주간,월,1,0,1,차대차,측면충돌,측면충돌,교차로,교차로내,승용차,화물차
2017.7.31 16:00,주간,월,1,0,0,차대사람,횡단중,횡단중,교차로,교차로내,화물차,보행자
2017.7.31 17:00,주간,월,1,0,0,차량단독,전도,전도,단일로,기타단일로,이륜차,없음
2017.7.31 18:00,야간,월,1,0,0,차대사람,기타,기타,단일로,기타단일로,승용차,보행자
2017.7.31 19:00,야간,월,1,0,0,차대차,측면충돌,측면충돌,교차로,교차로횡단보도내,자전거,승용차
2017.7.31 21:00,야간,월,1,0,0,차대사람,횡단중,횡단중,교차로,교차로내,승용차,보행자
2017.7.31 23:00,야간,월,1,3,1,차대차,추돌,추돌,단일로,고가도로위,승합차,승용차
2017.8.1 3:00,야간,화,1,0,0,차대사람,차도통행중,차도통행중,교차로,교차로횡단보도내,승용차,보행자
2017.8.1 4:00,야간,화,1,0,0,차대사람,횡단중,횡단중,교차로,교차로횡단보도내,승용차,보행자
2017.8.1 6:00,주간,화,1,0,1,차대사람,보도통행중,보도통행중,단일로,기타단일로,승용차,보행자
2017.8.1 7:00,주간,화,1,0,0,차량단독,전도전복,전도전복,단일로,기타단일로,농기계,없음
2017.8.1 8:00,주간,화,1,2,0,차량단독,전도전복,전도전복,교차로,교차로부근,승용차,없음
2017.8.1 11:00,주간,화,1,0,1,차대차,측면충돌,측면충돌,단일로,기타단일로,승합차,화물차
2017.8.1 15:00,주간,화,1,0,0,차대사람,횡단중,횡단중,교차로,교차로부근,승합차,보행자
2017.8.1 17:00,주간,화,1,0,0,차대사람,횡단중,횡단중,교차로,교차로부근,승합차,보행자
2017.8.1 17:00,주간,화,1,0,3,차대차,정면충돌,정면충돌,단일로,기타단일로,승용차,승용차
2017.8.1 17:00,주간,화,1,0,0,차량단독,전도,전도,단일로,기타단일로,이륜차,없음
2017.8.1 20:00,야간,화,1,0,1,차대사람,횡단중,횡단중,단일로,기타단일로,화물차,보행자
2017.8.2 6:00,주간,수,1,0,0,차대차,측면충돌,측면충돌,단일로,기타단일로,자전거,승용차
2017.8.2 16:00,주간,수,1,0,0,차대차,추돌,추돌,단일로,기타단일로,이륜차,화물차
2017.8.2 17:00,주간,수,1,0,0,차대차,기타,기타,단일로,기타단일로,화물차,화물차
2017.8.2 20:00,야간,수,1,0,0,차대사람,횡단중,횡단중,단일로,기타단일로,승용차,보행자
2017.8.2 21:00,야간,수,1,0,0,차대사람,횡단중,횡단중,단일로,기타단일로,승용차,보행자
2017.8.3 3:00,야간,목,1,0,0,차대사람,차도통행중,차도통행중,단일로,기타단일로,화물차,보행자
2017.8.3 7:00,주간,목,1,0,0,차대사람,기타,기타,단일로,터널안,승용차,보행자
2017.8.3 11:00,주간,목,1,0,0,차대차,추돌,추돌,교차로,교차로부근,화물차,승용차
2017.8.3 11:00,주간,목,1,2,12,차대차,정면충돌,정면충돌,단일로,기타단일로,승용차,승합차
2017.8.3 12:00,주간,목,1,0,0,차량단독,전도전복,전도전복,단일로,기타단일로,승용차,없음
2017.8.3 14:00,주간,목,1,0,0,차대차,측면충돌,측면충돌,단일로,기타단일로,화물차,이륜차
2017.8.3 15:00,주간,목,1,0,0,차대사람,횡단중,횡단중,교차로,교차로횡단보도내,승용차,보행자
2017.8.3 17:00,주간,목,1,1,0,차대차,측면충돌,측면충돌,단일로,기타단일로,화물차,승용차
2017.8.3 18:00,야간,목,1,0,0,차량단독,전복,전복,단일로,기타단일로,사륜오토바이(ATV),없음
2017.8.3 20:00,야간,목,1,0,0,차대사람,횡단중,횡단중,교차로,교차로횡단보도내,승용차,보행자
2017.8.4 5:00,야간,금,1,0,0,차대차,추돌,추돌,단일로,교량위,승용차,농기계
2017.8.4 6:00,주간,금,1,0,0,차대차,측면충돌,측면충돌,교차로,교차로내,화물차,원동기장치자전거
2017.8.4 7:00,주간,금,1,2,4,차대차,추돌,추돌,단일로,기타단일로,화물차,화물차
2017.8.4 8:00,주간,금,1,0,0,차대차,추돌,추돌,단일로,기타단일로,승용차,화물차
2017.8.4 9:00,주간,금,1,0,0,차대사람,차도통행중,차도통행중,교차로,교차로내,화물차,보행자
2017.8.4 11:00,주간,금,1,0,0,차량단독,기타,기타,단일로,기타단일로,이륜차,없음
2017.8.4 11:00,주간,금,1,0,0,차대사람,횡단중,횡단중,교차로,교차로내,승용차,보행자
2017.8.4 13:00,주간,금,1,0,0,차량단독,공작물충돌,공작물충돌,단일로,기타단일로,이륜차,없음
2017.8.4 18:00,야간,금,1,0,0,차량단독,기타,기타,교차로,교차로내,화물차,없음
2017.8.4 18:00,야간,금,1,0,0,차대차,추돌,추돌,단일로,기타단일로,승용차,농기계
2017.8.4 20:00,야간,금,1,0,0,차대차,측면충돌,측면충돌,교차로,교차로내,승용차,이륜차
2017.8.4 22:00,야간,금,1,1,1,차대차,측면충돌,측면충돌,단일로,기타단일로,승합차,승합차
2017.8.4 23:00,야간,금,1,0,0,차대차,측면충돌,측면충돌,단일로,기타단일로,자전거,승용차
2017.8.5 0:00,야간,토,1,1,0,차대차,추돌,추돌,단일로,기타단일로,승용차,승용차
2017.8.5 0:00,야간,토,1,0,0,차대사람,횡단중,횡단중,단일로,기타단일로,승용차,보행자
2017.8.5 1:00,야간,토,1,0,0,차대차,추돌,추돌,단일로,기타단일로,화물차,화물차
2017.8.5 3:00,야간,토,1,0,0,차대사람,횡단중,횡단중,단일로,기타단일로,승용차,보행자
2017.8.5 7:00,주간,토,1,0,1,차대차,측면충돌,측면충돌,단일로,기타단일로,승용차,화물차
2017.8.5 10:00,주간,토,1,0,0,차량단독,기타,기타,단일로,기타단일로,농기계,없음
2017.8.5 10:00,주간,토,1,0,1,차대차,측면충돌,측면충돌,단일로,기타단일로,화물차,화물차
2017.8.5 10:00,주간,토,1,0,0,차대차,측면충돌,측면충돌,교차로,교차로내,건설기계,자전거
2017.8.5 11:00,주간,토,1,0,0,차량단독,전도전복,전도전복,단일로,기타단일로,승용차,없음
2017.8.5 11:00,주간,토,1,0,0,차량단독,기타,기타,기타,기타,자전거,없음
2017.8.5 12:00,주간,토,1,1,0,차대차,추돌,추돌,단일로,기타단일로,승용차,화물차
2017.8.5 15:00,주간,토,1,0,0,차대차,측면충돌,측면충돌,교차로,교차로내,자전거,화물차
2017.8.5 18:00,야간,토,1,0,0,차대차,기타,기타,단일로,기타단일로,이륜차,승용차
2017.8.5 20:00,야간,토,1,0,0,차대사람,길가장자리구역통행중,길가장자리구역통행중,단일로,기타단일로,승용차,보행자
2017.8.5 20:00,야간,토,1,0,0,차대사람,횡단중,횡단중,단일로,기타단일로,승용차,보행자
2017.8.5 21:00,야간,토,1,0,0,차대사람,횡단중,횡단중,교차로,교차로내,승용차,보행자
2017.8.5 23:00,야간,토,1,0,0,차대사람,차도통행중,차도통행중,교차로,교차로내,승용차,보행자
2017.8.5 23:00,야간,토,1,2,3,차대차,추돌,추돌,단일로,기타단일로,승용차,승용차
2017.8.6 0:00,야간,일,1,0,0,차대차,측면충돌,측면충돌,교차로,교차로내,자전거,승용차
2017.8.6 4:00,야간,일,1,0,0,차량단독,전도전복,전도전복,단일로,터널안,이륜차,없음
2017.8.6 7:00,주간,일,1,0,0,차량단독,공작물충돌,공작물충돌,단일로,기타단일로,이륜차,없음
2017.8.6 9:00,주간,일,1,0,0,차대차,측면충돌,측면충돌,단일로,기타단일로,이륜차,승용차
2017.8.6 10:00,주간,일,1,0,0,차대차,측면충돌,측면충돌,단일로,기타단일로,승용차,이륜차
2017.8.6 10:00,주간,일,1,0,0,차대차,측면충돌,측면충돌,교차로,교차로내,승용차,이륜차
2017.8.6 10:00,주간,일,1,1,0,차량단독,공작물충돌,공작물충돌,단일로,기타단일로,승용차,없음
2017.8.6 11:00,주간,일,1,0,0,차량단독,공작물충돌,공작물충돌,단일로,기타단일로,자전거,없음
2017.8.6 14:00,주간,일,1,0,0,차량단독,공작물충돌,공작물충돌,단일로,기타단일로,이륜차,없음
2017.8.6 15:00,주간,일,1,0,0,차대차,측면충돌,측면충돌,교차로,교차로횡단보도내,자전거,승용차
2017.8.6 19:00,야간,일,1,0,0,차량단독,전도,전도,단일로,기타단일로,원동기장치자전거,없음
2017.8.6 22:00,야간,일,1,0,0,차량단독,전도전복,전도전복,단일로,기타단일로,승합차,없음
2017.8.6 23:00,야간,일,1,0,0,차대차,추돌,추돌,단일로,기타단일로,승용차,자전거
2017.8.7 1:00,야간,월,1,0,0,차량단독,전도,전도,단일로,기타단일로,이륜차,없음
2017.8.7 3:00,야간,월,1,0,1,차대차,정면충돌,정면충돌,단일로,기타단일로,승용차,화물차
2017.8.7 5:00,야간,월,1,0,0,차대사람,기타,기타,단일로,기타단일로,화물차,보행자
2017.8.7 6:00,주간,월,1,0,0,차대차,측면충돌,측면충돌,단일로,기타단일로,승용차,자전거
2017.8.7 8:00,주간,월,1,0,0,차대차,추돌,추돌,교차로,교차로내,원동기장치자전거,농기계
2017.8.7 10:00,주간,월,1,0,0,차대차,기타,기타,단일로,기타단일로,화물차,화물차
2017.8.7 13:00,주간,월,1,0,0,차대차,추돌,추돌,단일로,기타단일로,화물차,농기계
2017.8.7 14:00,주간,월,1,0,0,차대사람,차도통행중,차도통행중,단일로,기타단일로,화물차,보행자
2017.8.7 14:00,주간,월,1,0,0,차량단독,전도전복,전도전복,단일로,기타단일로,화물차,없음
2017.8.7 15:00,주간,월,1,0,0,차대사람,횡단중,횡단중,단일로,기타단일로,승합차,보행자
2017.8.7 20:00,야간,월,1,0,0,차대사람,기타,기타,교차로,교차로부근,원동기장치자전거,보행자
2017.8.7 21:00,야간,월,1,0,0,차대사람,횡단중,횡단중,단일로,기타단일로,승용차,보행자
2017.8.8 0:00,야간,화,1,0,0,차대사람,횡단중,횡단중,단일로,기타단일로,승용차,보행자
2017.8.8 5:00,야간,화,1,0,0,차대사람,횡단중,횡단중,교차로,교차로횡단보도내,승용차,보행자
2017.8.8 6:00,주간,화,1,0,0,차량단독,전도전복,전도전복,단일로,기타단일로,자전거,없음
2017.8.8 8:00,주간,화,1,0,0,차량단독,전도,전도,교차로,교차로부근,화물차,없음
2017.8.8 9:00,주간,화,1,0,0,차대차,측면충돌,측면충돌,단일로,기타단일로,이륜차,승합차
2017.8.8 11:00,주간,화,1,0,0,차대사람,횡단중,횡단중,단일로,기타단일로,화물차,보행자
2017.8.8 13:00,주간,화,1,0,0,차대차,정면충돌,정면충돌,교차로,교차로내,승용차,이륜차
2017.8.8 13:00,주간,화,1,0,0,차대사람,차도통행중,차도통행중,단일로,기타단일로,승용차,보행자
2017.8.8 15:00,주간,화,1,0,0,차대사람,기타,기타,교차로,교차로내,특수차,보행자
2017.8.8 16:00,주간,화,1,0,0,차량단독,전도전복,전도전복,단일로,기타단일로,화물차,없음
2017.8.8 18:00,야간,화,1,1,0,차대차,기타,기타,교차로,교차로내,원동기장치자전거,원동기장치자전거
2017.8.8 18:00,야간,화,1,0,2,차대차,추돌,추돌,단일로,기타단일로,화물차,승용차
2017.8.9 10:00,주간,수,1,0,0,차량단독,기타,기타,교차로,교차로부근,특수차,없음
2017.8.9 11:00,주간,수,1,0,0,차대차,기타,기타,기타,기타,이륜차,화물차
2017.8.9 12:00,주간,수,1,0,0,차대차,정면충돌,정면충돌,단일로,기타단일로,승용차,자전거
2017.8.9 13:00,주간,수,1,1,0,차대차,정면충돌,정면충돌,단일로,기타단일로,화물차,화물차
2017.8.9 15:00,주간,수,1,0,0,차대차,추돌,추돌,단일로,기타단일로,승용차,이륜차
2017.8.9 15:00,주간,수,2,0,10,차대차,정면충돌,정면충돌,단일로,기타단일로,승용차,승합차
2017.8.9 15:00,주간,수,1,0,0,차대차,측면충돌,측면충돌,단일로,기타단일로,화물차,자전거
2017.8.9 16:00,주간,수,1,0,0,차량단독,전도,전도,단일로,기타단일로,기타,없음
2017.8.9 19:00,야간,수,1,0,0,차대차,측면충돌,측면충돌,단일로,기타단일로,이륜차,승용차
2017.8.9 20:00,야간,수,1,2,1,차대차,정면충돌,정면충돌,단일로,기타단일로,승용차,이륜차
2017.8.9 23:00,야간,수,1,2,2,차대차,정면충돌,정면충돌,교차로,교차로내,승용차,승용차
2017.8.10 0:00,야간,목,1,0,0,차대사람,기타,기타,단일로,기타단일로,승용차,보행자
2017.8.10 5:00,야간,목,1,1,0,차대차,추돌,추돌,단일로,기타단일로,화물차,농기계
2017.8.10 10:00,주간,목,1,0,1,차대차,측면충돌,측면충돌,교차로,교차로내,화물차,승용차