발생년월일시,주야,요일,사망자수,중상자수,경상자수,사고유형_대분류,사고유형_중분류,사고유형,도로형태_대분류,도로형태,당사자종별_1당_대분류,당사자종별_2당_대분류
2017.8.10 10:00,주간,목,1,0,0,차대사람,횡단중,횡단중,단일로,기타단일로,승용차,보행자
2017.8.10 13:00,주간,목,1,0,0,차대차,측면충돌,측면충돌,단일로,기타단일로,화물차,기타
2017.8.10 14:00,주간,목,1,0,3,차대차,기타,기타,단일로,기타단일로,승용차,화물차
2017.8.10 16:00,주간,목,1,0,0,차대사람,차도통행중,차도통행중,단일로,기타단일로,승합차,보행자
2017.8.10 18:00,야간,목,1,0,0,차대차,정면충돌,정면충돌,단일로,기타단일로,화물차,화물차
2017.8.10 21:00,야간,목,1,0,0,차대사람,횡단중,횡단중,단일로,기타단일로,승합차,보행자
2017.8.11 0:00,야간,금,1,0,0,차대사람,횡단중,횡단중,교차로,교차로부근,승용차,보행자
2017.8.11 2:00,야간,금,1,0,0,차대사람,기타,기타,교차로,교차로부근,승용차,보행자
2017.8.11 3:00,야간,금,1,0,0,차대사람,횡단중,횡단중,단일로,기타단일로,승용차,보행자
2017.8.11 5:00,야간,금,1,0,0,차량단독,전도전복,전도전복,단일로,기타단일로,농기계,없음
2017.8.11 7:00,주간,금,1,0,0,차대차,측면충돌,측면충돌,단일로,기타단일로,이륜차,화물차
2017.8.11 9:00,주간,금,1,0,0,차대차,측면충돌,측면충돌,교차로,교차로내,이륜차,승용차
2017.8.11 15:00,주간,금,1,0,0,차대사람,횡단중,횡단중,단일로,기타단일로,승용차,보행자
2017.8.11 16:00,주간,금,1,0,0,차대사람,횡단중,횡단중,교차로,교차로내,화물차,보행자
2017.8.11 17:00,주간,금,1,0,0,차대차,측면충돌,측면충돌,단일로,기타단일로,기타,건설기계
2017.8.11 18:00,야간,금,1,0,0,차대사람,기타,기타,단일로,기타단일로,화물차,보행자
2017.8.11 20:00,야간,금,1,0,0,차대사람,횡단중,횡단중,단일로,기타단일로,승용차,보행자
2017.8.11 21:00,야간,금,2,5,0,차대차,측면충돌,측면충돌,교차로,교차로내,승용차,승용차
2017.8.11 23:00,야간,금,1,0,0,차대사람,횡단중,횡단중,단일로,기타단일로,승용차,보행자
2017.8.12 4:00,야간,토,1,0,0,차대사람,횡단중,횡단중,단일로,기타단일로,건설기계,보행자
2017.8.12 5:00,야간,토,1,0,0,차대차,측면충돌,측면충돌,단일로,교량위,농기계,화물차
2017.8.12 5:00,야간,토,1,0,0,차대사람,횡단중,횡단중,단일로,기타단일로,승용차,보행자
2017.8.12 11:00,주간,토,1,0,0,차대차,측면충돌,측면충돌,교차로,교차로내,자전거,화물차
2017.8.12 17:00,주간,토,1,0,0,차량단독,전도,전도,단일로,기타단일로,원동기장치자전거,없음
2017.8.12 23:00,야간,토,1,0,0,차량단독,전도,전도,교차로,교차로부근,이륜차,없음
2017.8.13 2:00,야간,일,1,0,1,차대차,추돌,추돌,단일로,교량위,승용차,건설기계
2017.8.13 4:00,야간,일,1,0,0,차량단독,전도,전도,단일로,기타단일로,이륜차,없음
2017.8.13 19:00,야간,일,1,4,2,차대차,측면충돌,측면충돌,교차로,교차로내,승용차,화물차
2017.8.13 23:00,야간,일,1,0,0,차량단독,전도전복,전도전복,단일로,기타단일로,원동기장치자전거,없음
2017.8.14 1:00,야간,월,1,0,0,차대차,기타,기타,단일로,고가도로위,승용차,이륜차
2017.8.14 5:00,야간,월,1,0,0,차대사람,길가장자리구역통행중,길가장자리구역통행중,단일로,기타단일로,화물차,보행자
2017.8.14 9:00,주간,월,1,1,0,차량단독,전도,전도,교차로,교차로내,승용차,없음
2017.8.14 12:00,주간,월,1,0,0,차량단독,전도전복,전도전복,단일로,기타단일로,승용차,없음
2017.8.14 13:00,주간,월,1,0,1,차대차,정면충돌,정면충돌,단일로,기타단일로,승용차,화물차
2017.8.14 13:00,주간,월,1,0,0,차대차,정면충돌,정면충돌,단일로,기타단일로,이륜차,승용차
2017.8.14 16:00,주간,월,1,0,2,차대차,기타,기타,단일로,기타단일로,건설기계,승용차
2017.8.14 17:00,주간,월,1,0,1,차량단독,도로이탈,도로이탈 기타,단일로,기타단일로,승용차,없음
2017.8.14 21:00,야간,월,1,2,0,차대차,측면충돌,측면충돌,교차로,교차로내,승용차,승용차
2017.8.14 21:00,야간,월,1,0,0,차대사람,횡단중,횡단중,교차로,교차로부근,승용차,보행자
2017.8.14 23:00,야간,월,1,0,0,차대사람,횡단중,횡단중,단일로,기타단일로,승용차,보행자
2017.8.15 6:00,주간,화,1,0,0,차대사람,횡단중,횡단중,교차로,교차로내,승용차,보행자
2017.8.15 8:00,주간,화,1,0,0,차대차,측면충돌,측면충돌,단일로,기타단일로,승용차,특수차
2017.8.15 9:00,주간,화,1,0,0,차량단독,전도,전도,기타,기타,농기계,없음
2017.8.15 12:00,주간,화,1,0,3,차대차,측면충돌,측면충돌,단일로,기타단일로,승용차,승합차
2017.8.15 12:00,주간,화,1,0,0,차대사람,횡단중,횡단중,교차로,교차로내,승용차,보행자
2017.8.15 20:00,야간,화,1,0,0,차대사람,길가장자리구역통행중,길가장자리구역통행중,단일로,기타단일로,승합차,보행자
2017.8.15 20:00,야간,화,1,0,0,차대사람,횡단중,횡단중,단일로,기타단일로,화물차,보행자
2017.8.16 3:00,야간,수,1,0,0,차량단독,공작물충돌,공작물충돌,단일로,기타단일로,화물차,없음
2017.8.16 15:00,주간,수,1,0,0,차대차,정면충돌,정면충돌,단일로,기타단일로,승용차,화물차
2017.8.16 15:00,주간,수,1,0,0,차대차,추돌,추돌,단일로,기타단일로,승합차,이륜차
2017.8.16 21:00,야간,수,1,0,0,차량단독,공작물충돌,공작물충돌,교차로,교차로부근,승용차,없음
2017.8.16 23:00,야간,수,3,0,0,차대차,정면충돌,정면충돌,교차로,교차로내,승용차,승용차
2017.8.17 0:00,야간,목,1,0,1,차량단독,공작물충돌,공작물충돌,단일로,기타단일로,승용차,없음
2017.8.17 1:00,야간,목,1,0,0,차대사람,횡단중,횡단중,단일로,기타단일로,승용차,보행자
2017.8.17 2:00,야간,목,1,0,0,차량단독,공작물충돌,공작물충돌,교차로,교차로내,화물차,없음
2017.8.17 4:00,야간,목,1,1,0,차대차,기타,기타,교차로,교차로내,화물차,화물차
2017.8.17 8:00,주간,목,1,2,0,차대차,기타,기타,단일로,기타단일로,승용차,화물차
2017.8.17 9:00,주간,목,1,0,0,차대차,측면충돌,측면충돌,교차로,교차로내,화물차,이륜차
2017.8.17 17:00,주간,목,1,0,0,차량단독,기타,기타,단일로,기타단일로,자전거,없음
2017.8.17 18:00,야간,목,1,0,0,차대사람,차도통행중,차도통행중,단일로,기타단일로,승용차,보행자
2017.8.17 18:00,야간,목,1,0,0,차량단독,도로이탈,도로이탈 추락,기타,기타,농기계,없음
2017.8.17 18:00,야간,목,1,1,0,차대사람,횡단중,횡단중,단일로,기타단일로,화물차,보행자
2017.8.17 19:00,야간,목,1,0,0,차대차,측면충돌,측면충돌,단일로,기타단일로,자전거,승용차
2017.8.18 1:00,야간,금,1,0,1,차대차,기타,기타,단일로,기타단일로,승용차,승용차
2017.8.18 10:00,주간,금,1,0,0,차량단독,전도,전도,단일로,기타단일로,원동기장치자전거,없음
2017.8.18 11:00,주간,금,1,0,0,차량단독,공작물충돌,공작물충돌,단일로,기타단일로,건설기계,없음
2017.8.18 13:00,주간,금,1,1,0,차대차,추돌,추돌,교차로,교차로내,화물차,이륜차
2017.8.18 15:00,주간,금,1,0,0,차대사람,길가장자리구역통행중,길가장자리구역통행중,단일로,기타단일로,화물차,보행자
2017.8.18 15:00,주간,금,1,0,0,차대차,측면충돌,측면충돌,단일로,기타단일로,건설기계,이륜차
2017.8.18 16:00,주간,금,1,0,0,차량단독,공작물충돌,공작물충돌,단일로,기타단일로,특수차,없음
2017.8.18 21:00,야간,금,1,0,0,차대사람,횡단중,횡단중,단일로,기타단일로,승용차,보행자
2017.8.19 0:00,야간,토,1,0,0,차대사람,횡단중,횡단중,교차로,교차로부근,화물차,보행자
2017.8.19 6:00,주간,토,1,0,0,차대사람,횡단중,횡단중,교차로,교차로횡단보도내,자전거,보행자
2017.8.19 8:00,주간,토,1,0,0,차대사람,횡단중,횡단중,교차로,교차로내,화물차,보행자
2017.8.19 9:00,주간,토,1,0,0,차대사람,기타,기타,교차로,교차로부근,승용차,보행자
2017.8.19 11:00,주간,토,1,0,0,차량단독,도로이탈,도로이탈 기타,단일로,기타단일로,이륜차,없음
2017.8.19 11:00,주간,토,1,2,1,차대차,정면충돌,정면충돌,교차로,교차로내,승용차,화물차
2017.8.19 12:00,주간,토,1,0,0,차량단독,기타,기타,단일로,기타단일로,승용차,없음
2017.8.19 13:00,주간,토,1,0,0,차대사람,횡단중,횡단중,교차로,교차로횡단보도내,화물차,보행자
2017.8.19 16:00,주간,토,1,0,0,차량단독,공작물충돌,공작물충돌,교차로,교차로부근,사륜오토바이(ATV),없음
2017.8.19 17:00,주간,토,2,0,2,차량단독,공작물충돌,공작물충돌,단일로,기타단일로,승용차,없음
2017.8.19 17:00,주간,토,1,0,0,차대차,기타,기타,단일로,기타단일로,이륜차,승용차
2017.8.19 18:00,야간,토,2,0,1,차량단독,공작물충돌,공작물충돌,기타,기타,승용차,없음
2017.8.19 19:00,야간,토,1,0,0,차대차,측면충돌,측면충돌,교차로,교차로횡단보도내,자전거,이륜차
2017.8.19 19:00,야간,토,1,0,0,차대사람,횡단중,횡단중,단일로,기타단일로,승용차,보행자
2017.8.19 19:00,야간,토,1,0,0,차대사람,기타,기타,단일로,기타단일로,화물차,보행자
2017.8.19 23:00,야간,토,1,0,0,차대사람,횡단중,횡단중,단일로,기타단일로,승용차,보행자
2017.8.19 23:00,야간,토,1,1,0,차량단독,전도,전도,기타,기타,이륜차,없음
2017.8.20 1:00,야간,일,1,0,0,차량단독,공작물충돌,공작물충돌,단일로,지하차도(도로)내,승용차,없음
2017.8.20 2:00,야간,일,1,0,0,차량단독,공작물충돌,공작물충돌,단일로,기타단일로,화물차,없음
2017.8.20 5:00,야간,일,1,1,0,차량단독,공작물충돌,공작물충돌,교차로,교차로내,승용차,없음
2017.8.20 8:00,주간,일,1,0,1,차대차,추돌,추돌,단일로,기타단일로,승용차,승용차
2017.8.20 8:00,주간,일,1,0,0,차대차,측면충돌,측면충돌,단일로,기타단일로,화물차,이륜차
2017.8.20 13:00,주간,일,1,1,0,차대차,정면충돌,정면충돌,단일로,기타단일로,승합차,화물차
2017.8.20 14:00,주간,일,1,0,0,차량단독,전도전복,전도전복,단일로,기타단일로,승용차,없음
2017.8.20 15:00,주간,일,1,1,0,차대차,측면충돌,측면충돌,교차로,교차로내,승용차,원동기장치자전거
2017.8.20 23:00,야간,일,1,0,0,차대차,추돌,추돌,단일로,기타단일로,화물차,화물차
2017.8.20 23:00,야간,일,1,3,0,차대차,정면충돌,정면충돌,단일로,기타단일로,화물차,승용차
2017.8.21 0:00,야간,월,1,0,0,차대사람,횡단중,횡단중,단일로,기타단일로,승용차,보행자
2017.8.21 4:00,야간,월,1,0,0,차대차,추돌,추돌,단일로,기타단일로,승용차,화물차
2017.8.21 4:00,야간,월,1,0,0,차대사람,기타,기타,단일로,기타단일로,승용차,보행자
2017.8.21 4:00,야간,월,1,0,0,차대사람,보도통행중,보도통행중,교차로,교차로횡단보도내,화물차,보행자
2017.8.21 8:00,주간,월,1,0,0,차대차,추돌,추돌,불명,불명,승용차,이륜차
2017.8.21 9:00,주간,월,1,0,0,차대사람,횡단중,횡단중,교차로,교차로내,화물차,보행자
2017.8.21 9:00,주간,월,1,0,0,차대사람,횡단중,횡단중,단일로,기타단일로,승용차,보행자
2017.8.21 10:00,주간,월,1,0,0,차량단독,전도전복,전도전복,단일로,기타단일로,화물차,없음
2017.8.21 12:00,주간,월,1,0,0,차대사람,차도통행중,차도통행중,단일로,기타단일로,승합차,보행자
2017.8.21 15:00,주간,월,1,0,0,차대사람,횡단중,횡단중,단일로,기타단일로,승합차,보행자
2017.8.21 17:00,주간,월,1,0,0,차량단독,전도,전도,단일로,기타단일로,승용차,없음
2017.8.21 18:00,야간,월,1,0,0,차대차,측면충돌,측면충돌,기타,기타,이륜차,화물차
2017.8.21 21:00,야간,월,1,0,0,차대사람,기타,기타,단일로,기타단일로,승용차,보행자
2017.8.21 21:00,야간,월,1,0,0,차대사람,기타,기타,교차로,교차로부근,이륜차,보행자
2017.8.21 22:00,야간,월,1,0,0,차대사람,기타,기타,단일로,기타단일로,승용차,보행자
2017.8.21 23:00,야간,월,1,0,1,차대차,추돌,추돌,단일로,기타단일로,화물차,화물차
2017.8.22 5:00,야간,화,1,0,0,차대사람,횡단중,횡단중,교차로,교차로부근,승용차,보행자
2017.8.22 8:00,주간,화,1,0,0,차대사람,횡단중,횡단중,단일로,기타단일로,승용차,보행자
2017.8.22 8:00,주간,화,1,0,0,차대사람,횡단중,횡단중,단일로,기타단일로,승합차,보행자
2017.8.22 8:00,주간,화,1,0,0,차량단독,공작물충돌,공작물충돌,단일로,기타단일로,승용차,없음
2017.8.22 9:00,주간,화,1,0,0,차량단독,도로이탈,도로이탈 추락,단일로,기타단일로,건설기계,없음
2017.8.22 11:00,주간,화,1,0,0,차량단독,공작물충돌,공작물충돌,단일로,기타단일로,이륜차,없음
2017.8.22 11:00,주간,화,1,0,0,차량단독,도로이탈,도로이탈 기타,단일로,기타단일로,이륜차,없음
2017.8.22 12:00,주간,화,1,0,0,차량단독,전도전복,전도전복,단일로,기타단일로,승용차,없음
2017.8.22 15:00,주간,화,1,0,0,차대사람,횡단중,횡단중,단일로,기타단일로,승용차,보행자
2017.8.22 17:00,주간,화,1,0,0,차량단독,전도전복,전도전복,단일로,교량위,자전거,없음
2017.8.22 18:00,야간,화,1,0,0,차대사람,횡단중,횡단중,교차로,교차로횡단보도내,승용차,보행자
2017.8.22 18:00,야간,화,1,0,0,차량단독,도로이탈,도로이탈 추락,기타,기타,농기계,없음
2017.8.22 21:00,야간,화,1,0,0,차대사람,횡단중,횡단중,단일로,기타단일로,승용차,보행자
2017.8.22 23:00,야간,화,1,0,0,차대사람,차도통행중,차도통행중,단일로,기타단일로,승용차,보행자
2017.8.22 23:00,야간,화,1,0,0,차대차,추돌,추돌,단일로,기타단일로,승용차,화물차
2017.8.23 1:00,야간,수,1,0,0,차대사람,기타,기타,단일로,기타단일로,승용차,보행자
2017.8.23 1:00,야간,수,1,0,2,차대차,측면충돌,측면충돌,교차로,교차로내,승용차,화물차
2017.8.23 8:00,주간,수,1,0,0,차대차,측면충돌,측면충돌,단일로,기타단일로,자전거,화물차
2017.8.23 12:00,주간,수,1,0,0,차대차,측면충돌,측면충돌,교차로,교차로내,화물차,이륜차
2017.8.23 15:00,주간,수,1,0,0,차대차,측면충돌,측면충돌,교차로,교차로횡단보도내,화물차,자전거
2017.8.23 15:00,주간,수,1,1,0,차대사람,보도통행중,보도통행중,교차로,교차로내,승용차,보행자
2017.8.23 16:00,주간,수,1,0,2,차대차,측면충돌,측면충돌,교차로,교차로내,자전거,승용차
2017.8.23 16:00,주간,수,1,0,0,차대차,측면충돌,측면충돌,교차로,교차로내,승용차,이륜차
2017.8.23 18:00,야간,수,1,0,0,차대차,측면충돌,측면충돌,교차로,교차로부근,자전거,승용차
2017.8.23 23:00,야간,수,1,0,0,차대사람,기타,기타,단일로,기타단일로,화물차,보행자
2017.8.24 1:00,야간,목,1,0,0,차대사람,기타,기타,단일로,기타단일로,승용차,보행자
2017.8.24 4:00,야간,목,1,0,0,차대사람,기타,기타,단일로,기타단일로,화물차,보행자
2017.8.24 5:00,야간,목,1,0,0,차량단독,전복,전복,단일로,기타단일로,이륜차,없음
2017.8.24 5:00,야간,목,1,0,0,차대사람,횡단중,횡단중,교차로,교차로부근,화물차,보행자
2017.8.24 7:00,주간,목,1,0,0,차대차,측면충돌,측면충돌,교차로,교차로내,승용차,이륜차
2017.8.24 9:00,주간,목,1,0,0,차대사람,횡단중,횡단중,교차로,교차로횡단보도내,건설기계,보행자
2017.8.24 10:00,주간,목,1,0,0,차대사람,차도통행중,차도통행중,단일로,기타단일로,화물차,보행자
2017.8.24 13:00,주간,목,1,2,0,차량단독,기타,기타,단일로,기타단일로,화물차,없음
2017.8.24 13:00,주간,목,1,1,0,차대차,추돌,추돌,단일로,기타단일로,특수차,건설기계
2017.8.24 19:00,야간,목,1,0,0,차량단독,전도전복,전도전복,단일로,기타단일로,화물차,없음
2017.8.24 19:00,야간,목,1,1,1,차대차,기타,기타,단일로,기타단일로,승용차,화물차
2017.8.24 20:00,야간,목,1,0,0,차대차,정면충돌,정면충돌,단일로,기타단일로,사륜오토바이(ATV),화물차
2017.8.25 7:00,주간,금,2,0,3,차대차,측면충돌,측면충돌,교차로,교차로부근,화물차,승용차
2017.8.25 9:00,주간,금,1,0,0,차대차,측면충돌,측면충돌,단일로,기타단일로,원동기장치자전거,화물차
2017.8.25 12:00,주간,금,1,0,0,차량단독,도로이탈,도로이탈 추락,단일로,기타단일로,승용차,없음
2017.8.25 13:00,주간,금,1,0,0,차대사람,횡단중,횡단중,단일로,기타단일로,화물차,보행자
2017.8.25 14:00,주간,금,1,3,0,차대차,정면충돌,정면충돌,단일로,기타단일로,승합차,승용차
2017.8.25 14:00,주간,금,1,0,0,차대차,측면충돌,측면충돌,교차로,교차로내,승합차,이륜차
2017.8.25 15:00,주간,금,1,0,0,차대차,측면충돌,측면충돌,교차로,교차로내,화물차,원동기장치자전거
2017.8.25 18:00,야간,금,1,1,0,차대차,정면충돌,정면충돌,교차로,교차로부근,화물차,화물차
2017.8.25 19:00,야간,금,1,0,1,차대차,추돌,추돌,단일로,고가도로위,화물차,이륜차
2017.8.25 19:00,야간,금,1,0,0,차대사람,횡단중,횡단중,교차로,교차로횡단보도내,승용차,보행자
2017.8.25 22:00,야간,금,1,0,0,차대차,측면충돌,측면충돌,교차로,교차로내,승용차,이륜차
2017.8.25 23:00,야간,금,1,0,0,차대사람,차도통행중,차도통행중,단일로,기타단일로,승용차,보행자
2017.8.25 23:00,야간,금,1,1,0,차대차,추돌,추돌,단일로,기타단일로,화물차,특수차
2017.8.26 1:00,야간,토,1,0,0,차대차,정면충돌,정면충돌,교차로,교차로부근,이륜차,승용차
2017.8.26 3:00,야간,토,1,0,0,차대사람,횡단중,횡단중,교차로,교차로부근,승용차,보행자
2017.8.26 4:00,야간,토,1,0,0,차량단독,공작물충돌,공작물충돌,단일로,기타단일로,이륜차,없음
2017.8.26 6:00,주간,토,1,0,0,차대사람,차도통행중,차도통행중,단일로,기타단일로,승용차,보행자
2017.8.26 7:00,주간,토,1,0,0,차량단독,기타,기타,단일로,기타단일로,이륜차,없음
2017.8.26 10:00,주간,토,1,2,0,차대차,정면충돌,정면충돌,단일로,기타단일로,화물차,화물차
2017.8.26 10:00,주간,토,1,0,0,차대차,기타,기타,단일로,기타단일로,자전거,승용차
2017.8.26 12:00,주간,토,1,0,0,차대사람,기타,기타,교차로,교차로부근,화물차,보행자
2017.8.26 19:00,야간,토,1,0,0,차대차,기타,기타,교차로,교차로부근,승용차,승용차
2017.8.26 20:00,야간,토,1,0,0,차대사람,차도통행중,차도통행중,기타,기타,승용차,보행자
2017.8.26 21:00,야간,토,1,0,0,차대사람,기타,기타,단일로,기타단일로,승용차,보행자
2017.8.26 21:00,야간,토,1,1,0,차대차,정면충돌,정면충돌,단일로,기타단일로,승용차,승용차
2017.8.26 22:00,야간,토,1,0,0,차대사람,횡단중,횡단중,교차로,교차로부근,화물차,보행자
2017.8.26 23:00,야간,토,1,0,0,차량단독,기타,기타,단일로,터널안,이륜차,없음
2017.8.27 4:00,야간,일,1,0,0,차대차,추돌,추돌,기타,기타,승용차,화물차
2017.8.27 5:00,야간,일,1,0,0,차대차,정면충돌,정면충돌,교차로,교차로내,승용차,원동기장치자전거
2017.8.27 15:00,주간,일,1,0,0,차량단독,공작물충돌,공작물충돌,단일로,기타단일로,자전거,없음
2017.8.27 15:00,주간,일,1,0,0,차대사람,기타,기타,교차로,교차로횡단보도내,자전거,보행자
2017.8.27 17:00,주간,일,1,0,2,차대차,측면충돌,측면충돌,단일로,기타단일로,승용차,승합차
2017.8.27 19:00,야간,일,1,0,0,차대사람,차도통행중,차도통행중,단일로,기타단일로,승용차,보행자
2017.8.27 21:00,야간,일,1,0,0,차대사람,차도통행중,차도통행중,단일로,기타단일로,승용차,보행자
2017.8.27 21:00,야간,일,1,0,0,차대차,기타,기타,단일로,기타단일로,화물차,이륜차
2017.8.28 2:00,야간,월,1,0,0,차대차,측면충돌,측면충돌,기타,기타,개인형이동수단(PM),승용차
2017.8.28 5:00,야간,월,1,0,0,차대사람,기타,기타,교차로,교차로내,승용차,보행자
2017.8.28 5:00,야간,월,1,0,0,차대사람,횡단중,횡단중,단일로,기타단일로,승용차,보행자
2017.8.28 7:00,주간,월,1,9,9,차대차,추돌,추돌,단일로,기타단일로,승합차,승용차
2017.8.28 8:00,주간,월,1,0,0,차대사람,기타,기타,교차로,교차로부근,승합차,보행자
2017.8.28 9:00,주간,월,1,0,0,차량단독,공작물충돌,공작물충돌,단일로,기타단일로,건설기계,없음
2017.8.28 9:00,주간,월,1,0,0,차대차,측면충돌,측면충돌,단일로,기타단일로,승용차,원동기장치자전거
2017.8.28 10:00,주간,월,1,0,0,차량단독,공작물충돌,공작물충돌,단일로,기타단일로,농기계,없음
2017.8.28 10:00,주간,월,1,1,0,차대차,측면충돌,측면충돌,교차로,교차로내,승합차,이륜차
2017.8.28 10:00,주간,월,1,0,0,차대차,기타,기타,기타,기타,특수차,자전거
2017.8.28 13:00,주간,월,1,0,0,차대차,기타,기타,교차로,교차로횡단보도내,승용차,특수차
2017.8.28 16:00,주간,월,1,0,0,차량단독,도로이탈,도로이탈 기타,단일로,기타단일로,건설기계,없음
2017.8.28 16:00,주간,월,1,0,0,차량단독,공작물충돌,공작물충돌,단일로,기타단일로,원동기장치자전거,없음
2017.8.28 17:00,주간,월,2,0,0,차량단독,공작물충돌,공작물충돌,단일로,기타단일로,승용차,없음
2017.8.28 20:00,야간,월,1,0,1,차량단독,전도전복,전도전복,단일로,기타단일로,승합차,없음
2017.8.28 23:00,야간,월,1,0,0,차대차,기타,기타,단일로,터널안,이륜차,승용차
2017.8.29 1:00,야간,화,1,0,0,차대차,정면충돌,정면충돌,교차로,교차로부근,원동기장치자전거,승용차
2017.8.29 3:00,야간,화,1,0,0,차대차,정면충돌,정면충돌,단일로,기타단일로,승용차,건설기계
2017.8.29 7:00,주간,화,1,0,1,차대차,기타,기타,교차로,교차로내,화물차,건설기계
2017.8.29 14:00,주간,화,1,1,0,차대차,정면충돌,정면충돌,단일로,기타단일로,화물차,승용차
2017.8.29 14:00,주간,화,1,0,0,차대사람,기타,기타,교차로,교차로내,화물차,보행자
2017.8.29 19:00,야간,화,1,0,0,차대차,추돌,추돌,단일로,기타단일로,승용차,자전거
2017.8.29 19:00,야간,화,1,0,0,차대사람,횡단중,횡단중,단일로,기타단일로,승용차,보행자
2017.8.29 23:00,야간,화,1,0,0,차대차,추돌,추돌,교차로,교차로부근,승용차,농기계
2017.8.30 4:00,야간,수,1,2,2,차대차,측면충돌,측면충돌,교차로,교차로내,이륜차,승용차
2017.8.30 5:00,야간,수,1,0,0,차대사람,기타,기타,단일로,기타단일로,화물차,보행자
2017.8.30 10:00,주간,수,1,0,0,차대차,측면충돌,측면충돌,교차로,교차로내,원동기장치자전거,화물차
2017.8.30 10:00,주간,수,1,0,0,차대사람,길가장자리구역통행중,길가장자리구역통행중,교차로,교차로내,화물차,보행자
2017.8.30 10:00,주간,수,1,0,0,차대사람,횡단중,횡단중,단일로,기타단일로,건설기계,보행자
2017.8.30 11:00,주간,수,1,0,0,차대차,측면충돌,측면충돌,교차로,교차로내,이륜차,승용차
2017.8.30 13:00,주간,수,1,0,0,차대사람,횡단중,횡단중,단일로,기타단일로,건설기계,보행자
2017.8.30 13:00,주간,수,1,0,0,차대차,측면충돌,측면충돌,교차로,교차로내,사륜오토바이(ATV),화물차
2017.8.30 15:00,주간,수,1,1,0,차량단독,공작물충돌,공작물충돌,단일로,기타단일로,승용차,없음
2017.8.30 15:00,주간,수,1,0,0,차대차,측면충돌,측면충돌,교차로,교차로내,승용차,이륜차
2017.8.30 18:00,야간,수,1,3,0,차대차,정면충돌,정면충돌,단일로,기타단일로,승용차,화물차
2017.8.30 20:00,야간,수,1,0,1,차대차,정면충돌,정면충돌,단일로,기타단일로,이륜차,승용차
2017.8.30 22:00,야간,수,1,0,0,차대차,측면충돌,측면충돌,단일로,기타단일로,승용차,건설기계
2017.8.31 0:00,야간,목,1,1,0,차대차,측면충돌,측면충돌,단일로,기타단일로,승용차,이륜차
2017.8.31 2:00,야간,목,1,0,0,차대사람,횡단중,횡단중,기타,기타,승합차,보행자
2017.8.31 6:00,주간,목,1,0,0,차대사람,횡단중,횡단중,교차로,교차로부근,화물차,보행자
2017.8.31 14:00,주간,목,1,0,0,차대차,측면충돌,측면충돌,단일로,기타단일로,건설기계,원동기장치자전거
2017.8.31 15:00,주간,목,1,0,0,차대차,기타,기타,단일로,기타단일로,화물차,자전거
2017.8.31 16:00,주간,목,1,0,0,차대차,측면충돌,측면충돌,교차로,교차로내,이륜차,승용차
2017.8.31 16:00,주간,목,1,0,0,차대차,측면충돌,측면충돌,단일로,기타단일로,이륜차,승합차
2017.8.31 16:00,주간,목,1,0,1,차대차,측면충돌,측면충돌,교차로,교차로내,승용차,이륜차
2017.8.31 16:00,주간,목,1,0,0,차량단독,기타,기타,교차로,교차로부근,승합차,없음
2017.8.31 19:00,야간,목,1,0,0,차대사람,차도통행중,차도통행중,단일로,기타단일로,화물차,보행자
2017.8.31 20:00,야간,목,1,0,1,차대차,측면충돌,측면충돌,교차로,교차로부근,승용차,이륜차
2017.8.31 20:00,야간,목,1,0,0,차대사람,횡단중,횡단중,교차로,교차로내,승용차,보행자
2017.8.31 21:00,야간,목,1,0,0,차대사람,기타,기타,기타,기타,자전거,보행자
2017.8.31 22:00,야간,목,1,0,0,차량단독,기타,기타,단일로,기타단일로,승용차,없음
2017.9.1 0:00,야간,금,1,0,0,차대차,기타,기타,단일로,기타단일로,승용차,승용차
2017.9.1 3:00,야간,금,2,0,2,차대차,정면충돌,정면충돌,단일로,기타단일로,승용차,특수차
2017.9.1 5:00,야간,금,1,0,0,차대차,측면충돌,측면충돌,교차로,교차로내,이륜차,승용차
2017.9.1 5:00,야간,금,1,2,0,차량단독,공작물충돌,공작물충돌,교차로,교차로부근,승용차,없음
2017.9.1 9:00,주간,금,1,0,0,차대차,기타,기타,교차로,교차로내,자전거,승용차
2017.9.1 11:00,주간,금,1,0,0,차대사람,기타,기타,단일로,기타단일로,승용차,보행자
2017.9.1 11:00,주간,금,1,0,0,차대차,측면충돌,측면충돌,교차로,교차로횡단보도내,화물차,자전거
2017.9.1 17:00,주간,금,1,0,0,차대차,추돌,추돌,단일로,기타단일로,화물차,자전거
2017.9.1 18:00,야간,금,1,0,0,차대사람,기타,기타,단일로,기타단일로,화물차,보행자
2017.9.1 19:00,야간,금,1,0,0,차대사람,횡단중,횡단중,단일로,기타단일로,승용차,보행자
2017.9.2 0:00,야간,토,1,0,0,차대차,측면충돌,측면충돌,단일로,기타단일로,승용차,승용차
2017.9.2 1:00,야간,토,1,0,0,차대사람,횡단중,횡단중,교차로,교차로횡단보도내,승용차,보행자
2017.9.2 4:00,야간,토,1,0,0,차량단독,공작물충돌,공작물충돌,단일로,고가도로위,승용차,없음
2017.9.2 5:00,야간,토,1,0,0,차대사람,기타,기타,교차로,교차로내,승용차,보행자
2017.9.2 5:00,야간,토,2,0,0,차대사람,횡단중,횡단중,단일로,기타단일로,승용차,보행자
2017.9.2 11:00,주간,토,1,9,68,차대차,기타,기타,단일로,기타단일로,승합차,승합차