발생년월일시,주야,요일,사망자수,중상자수,경상자수,사고유형_대분류,사고유형_중분류,사고유형,도로형태_대분류,도로형태,당사자종별_1당_대분류,당사자종별_2당_대분류
2017.9.2 11:00,주간,토,1,0,0,차량단독,전도전복,전도전복,단일로,기타단일로,농기계,없음
2017.9.2 15:00,주간,토,1,0,0,차대사람,기타,기타,단일로,기타단일로,승용차,보행자
2017.9.2 15:00,주간,토,2,8,10,차대차,추돌,추돌,단일로,기타단일로,승합차,승용차
2017.9.2 18:00,야간,토,1,0,0,차량단독,전도전복,전도전복,단일로,기타단일로,이륜차,없음
2017.9.2 19:00,야간,토,1,1,0,차대사람,횡단중,횡단중,단일로,기타단일로,이륜차,보행자
2017.9.2 20:00,야간,토,1,0,0,차대사람,횡단중,횡단중,교차로,교차로부근,승용차,보행자
2017.9.2 22:00,야간,토,1,0,0,차대사람,기타,기타,교차로,교차로부근,승용차,보행자
2017.9.2 23:00,야간,토,1,0,0,차량단독,기타,기타,단일로,기타단일로,이륜차,없음
2017.9.3 5:00,야간,일,1,0,0,차대사람,차도통행중,차도통행중,교차로,교차로부근,승용차,보행자
2017.9.3 5:00,야간,일,1,0,0,차대사람,횡단중,횡단중,단일로,기타단일로,승용차,보행자
2017.9.3 9:00,주간,일,1,0,0,차대사람,기타,기타,단일로,기타단일로,승용차,보행자
2017.9.3 11:00,주간,일,1,0,0,차량단독,공작물충돌,공작물충돌,단일로,기타단일로,승용차,없음
2017.9.3 12:00,주간,일,1,0,0,차량단독,전복,전복,단일로,기타단일로,자전거,없음
2017.9.3 12:00,주간,일,1,0,0,차대차,측면충돌,측면충돌,교차로,교차로내,승용차,이륜차
2017.9.3 14:00,주간,일,1,0,0,차대사람,기타,기타,단일로,기타단일로,이륜차,보행자
2017.9.3 17:00,주간,일,1,0,1,차대차,측면충돌,측면충돌,교차로,교차로내,승용차,이륜차
2017.9.3 19:00,야간,일,1,0,0,차대차,측면충돌,측면충돌,교차로,교차로횡단보도내,승용차,자전거
2017.9.3 21:00,야간,일,1,0,0,차대사람,차도통행중,차도통행중,단일로,기타단일로,승용차,보행자
2017.9.3 22:00,야간,일,1,0,0,차대사람,길가장자리구역통행중,길가장자리구역통행중,단일로,기타단일로,승용차,보행자
2017.9.4 9:00,주간,월,1,0,4,차대차,측면충돌,측면충돌,단일로,기타단일로,이륜차,승용차
2017.9.4 11:00,주간,월,1,0,0,차대차,측면충돌,측면충돌,교차로,교차로내,승용차,이륜차
2017.9.4 12:00,주간,월,1,0,0,차대차,측면충돌,측면충돌,교차로,교차로내,승용차,승용차
2017.9.4 14:00,주간,월,1,3,0,차대사람,기타,기타,주차장,주차장,승용차,보행자
2017.9.4 15:00,주간,월,1,0,0,차대차,추돌,추돌,단일로,기타단일로,승용차,화물차
2017.9.4 17:00,주간,월,1,0,0,차대차,측면충돌,측면충돌,교차로,교차로부근,승용차,자전거
2017.9.4 19:00,야간,월,2,0,1,차대사람,차도통행중,차도통행중,단일로,기타단일로,원동기장치자전거,보행자
2017.9.4 19:00,야간,월,1,0,0,차대사람,차도통행중,차도통행중,단일로,교량위,승용차,보행자
2017.9.4 20:00,야간,월,1,1,0,차대차,정면충돌,정면충돌,단일로,기타단일로,승합차,화물차
2017.9.5 4:00,야간,화,1,0,0,차대사람,횡단중,횡단중,단일로,기타단일로,승용차,보행자
2017.9.5 4:00,야간,화,1,0,0,차대사람,기타,기타,교차로,교차로부근,승용차,보행자
2017.9.5 8:00,주간,화,1,0,0,차대사람,횡단중,횡단중,단일로,기타단일로,화물차,보행자
2017.9.5 9:00,주간,화,1,0,0,차대차,측면충돌,측면충돌,단일로,기타단일로,승용차,자전거
2017.9.5 10:00,주간,화,1,0,1,차대차,정면충돌,정면충돌,단일로,기타단일로,화물차,화물차
2017.9.5 11:00,주간,화,1,1,0,차대차,정면충돌,정면충돌,단일로,기타단일로,승용차,승용차
2017.9.5 15:00,주간,화,1,0,0,차대사람,횡단중,횡단중,단일로,기타단일로,승용차,보행자
2017.9.5 16:00,주간,화,1,0,0,차대차,정면충돌,정면충돌,단일로,기타단일로,화물차,이륜차
2017.9.5 20:00,야간,화,2,0,0,차대사람,횡단중,횡단중,교차로,교차로내,승합차,보행자
2017.9.6 3:00,야간,수,1,0,0,차대차,정면충돌,정면충돌,단일로,기타단일로,승용차,화물차
2017.9.6 5:00,야간,수,1,0,0,차대차,측면충돌,측면충돌,교차로,교차로내,승용차,화물차
2017.9.6 8:00,주간,수,1,0,0,차량단독,공작물충돌,공작물충돌,단일로,기타단일로,승용차,없음
2017.9.6 13:00,주간,수,1,0,0,차대사람,횡단중,횡단중,교차로,교차로횡단보도내,특수차,보행자
2017.9.6 15:00,주간,수,1,0,3,차대차,추돌,추돌,단일로,기타단일로,화물차,화물차
2017.9.6 17:00,주간,수,1,0,0,차대사람,차도통행중,차도통행중,교차로,교차로횡단보도내,화물차,보행자
2017.9.6 22:00,야간,수,1,0,0,차대사람,차도통행중,차도통행중,단일로,기타단일로,승용차,보행자
2017.9.7 0:00,야간,목,1,2,0,차대차,정면충돌,정면충돌,단일로,기타단일로,승용차,화물차
2017.9.7 1:00,야간,목,1,1,0,차대차,정면충돌,정면충돌,단일로,기타단일로,승용차,승용차
2017.9.7 4:00,야간,목,1,1,0,차량단독,공작물충돌,공작물충돌,단일로,기타단일로,승용차,없음
2017.9.7 4:00,야간,목,1,0,1,차대차,정면충돌,정면충돌,교차로,교차로내,승용차,승합차
2017.9.7 10:00,주간,목,1,0,0,차대차,측면충돌,측면충돌,교차로,교차로부근,승용차,사륜오토바이(ATV)
2017.9.7 11:00,주간,목,1,0,0,차량단독,도로이탈,도로이탈 추락,단일로,기타단일로,화물차,없음
2017.9.7 16:00,주간,목,1,0,0,차대차,기타,기타,교차로,교차로내,이륜차,승용차
2017.9.7 16:00,주간,목,1,0,0,차대차,정면충돌,정면충돌,단일로,기타단일로,승용차,자전거
2017.9.7 19:00,야간,목,1,0,0,차량단독,전도,전도,단일로,기타단일로,승용차,없음
2017.9.7 20:00,야간,목,1,0,0,차대사람,기타,기타,단일로,기타단일로,승합차,보행자
2017.9.7 22:00,야간,목,1,0,0,차대차,추돌,추돌,단일로,기타단일로,화물차,승용차
2017.9.8 7:00,주간,금,1,0,0,차대사람,횡단중,횡단중,교차로,교차로내,화물차,보행자
2017.9.8 7:00,주간,금,1,0,0,차대차,추돌,추돌,단일로,기타단일로,화물차,자전거
2017.9.8 7:00,주간,금,1,0,0,차량단독,도로이탈,도로이탈 추락,단일로,기타단일로,화물차,없음
2017.9.8 9:00,주간,금,1,0,0,차량단독,공작물충돌,공작물충돌,단일로,기타단일로,자전거,없음
2017.9.8 16:00,주간,금,1,1,0,차대차,측면충돌,측면충돌,교차로,교차로부근,승용차,이륜차
2017.9.8 16:00,주간,금,1,1,1,차대차,추돌,추돌,단일로,기타단일로,화물차,화물차
2017.9.8 19:00,야간,금,1,0,0,차대사람,차도통행중,차도통행중,교차로,교차로내,이륜차,보행자
2017.9.8 22:00,야간,금,1,0,0,차대사람,횡단중,횡단중,교차로,교차로내,승용차,보행자
2017.9.8 22:00,야간,금,1,0,0,차대사람,기타,기타,교차로,교차로부근,승용차,보행자
2017.9.8 23:00,야간,금,1,0,0,차대사람,횡단중,횡단중,교차로,교차로횡단보도내,승용차,보행자
2017.9.9 0:00,야간,토,1,0,0,차량단독,공작물충돌,공작물충돌,단일로,기타단일로,이륜차,없음
2017.9.9 2:00,야간,토,1,0,0,차대사람,기타,기타,단일로,기타단일로,승용차,보행자
2017.9.9 4:00,야간,토,1,0,1,차대사람,보도통행중,보도통행중,교차로,교차로부근,승용차,보행자
2017.9.9 4:00,야간,토,1,1,0,차대사람,횡단중,횡단중,단일로,기타단일로,승용차,보행자
2017.9.9 4:00,야간,토,1,0,0,차대차,정면충돌,정면충돌,교차로,교차로부근,승용차,승용차
2017.9.9 8:00,주간,토,1,0,2,차대차,측면충돌,측면충돌,단일로,기타단일로,화물차,승용차
2017.9.9 9:00,주간,토,1,0,0,차대차,측면충돌,측면충돌,교차로,교차로내,화물차,이륜차
2017.9.9 12:00,주간,토,1,0,0,차량단독,전도전복,전도전복,단일로,기타단일로,사륜오토바이(ATV),없음
2017.9.9 13:00,주간,토,1,1,0,차대차,정면충돌,정면충돌,단일로,기타단일로,이륜차,승용차
2017.9.9 14:00,주간,토,1,0,0,차량단독,전도,전도,단일로,기타단일로,기타,없음
2017.9.9 15:00,주간,토,1,0,0,차대사람,기타,기타,교차로,교차로내,화물차,보행자
2017.9.9 19:00,야간,토,1,0,0,차대사람,횡단중,횡단중,기타,기타,승용차,보행자
2017.9.9 20:00,야간,토,1,0,0,차대차,측면충돌,측면충돌,단일로,교량위,화물차,이륜차
2017.9.9 23:00,야간,토,1,1,0,차대차,정면충돌,정면충돌,교차로,교차로내,승용차,승용차
2017.9.10 0:00,야간,일,1,0,0,차대사람,횡단중,횡단중,단일로,기타단일로,승용차,보행자
2017.9.10 2:00,야간,일,1,0,3,차대차,측면충돌,측면충돌,교차로,교차로내,승용차,이륜차
2017.9.10 2:00,야간,일,1,0,0,차량단독,기타,기타,교차로,교차로부근,승용차,없음
2017.9.10 4:00,야간,일,1,0,0,차량단독,기타,기타,단일로,기타단일로,이륜차,없음
2017.9.10 5:00,야간,일,1,0,0,차대사람,횡단중,횡단중,단일로,기타단일로,승용차,보행자
2017.9.10 7:00,주간,일,1,0,0,차대사람,기타,기타,단일로,기타단일로,화물차,보행자
2017.9.10 9:00,주간,일,1,0,1,차대차,정면충돌,정면충돌,교차로,교차로내,승용차,이륜차
2017.9.10 9:00,주간,일,1,0,0,차량단독,도로이탈,도로이탈 추락,단일로,기타단일로,승합차,없음
2017.9.10 12:00,주간,일,1,0,0,차대차,기타,기타,교차로,교차로내,승용차,이륜차
2017.9.10 13:00,주간,일,1,0,0,차대사람,기타,기타,교차로,교차로내,승용차,보행자
2017.9.10 16:00,주간,일,1,3,0,차대차,추돌,추돌,단일로,기타단일로,승용차,승용차
2017.9.10 17:00,주간,일,1,3,2,차대차,추돌,추돌,교차로,교차로부근,승용차,승용차
2017.9.10 17:00,주간,일,1,0,1,차대차,정면충돌,정면충돌,단일로,기타단일로,승용차,승용차
2017.9.10 23:00,야간,일,1,0,1,차대차,측면충돌,측면충돌,단일로,기타단일로,승용차,승용차
2017.9.11 1:00,야간,월,1,0,0,차대사람,기타,기타,단일로,기타단일로,화물차,보행자
2017.9.11 4:00,야간,월,1,0,0,차량단독,기타,기타,단일로,기타단일로,승용차,없음
2017.9.11 4:00,야간,월,2,1,2,차대차,기타,기타,단일로,기타단일로,승용차,화물차
2017.9.11 5:00,야간,월,1,1,0,차량단독,공작물충돌,공작물충돌,단일로,기타단일로,승용차,없음
2017.9.11 5:00,야간,월,1,0,1,차대차,기타,기타,교차로,교차로내,승합차,화물차
2017.9.11 9:00,주간,월,2,0,0,차량단독,도로이탈,도로이탈 추락,단일로,기타단일로,승용차,없음
2017.9.11 9:00,주간,월,1,0,0,차량단독,전도,전도,기타,기타,사륜오토바이(ATV),없음
2017.9.11 11:00,주간,월,1,0,0,차대사람,횡단중,횡단중,단일로,기타단일로,승용차,보행자
2017.9.11 11:00,주간,월,1,0,0,차대차,측면충돌,측면충돌,단일로,기타단일로,화물차,화물차
2017.9.11 13:00,주간,월,1,1,0,차대차,측면충돌,측면충돌,단일로,기타단일로,승용차,승용차
2017.9.11 14:00,주간,월,1,0,0,차량단독,전도전복,전도전복,단일로,기타단일로,화물차,없음
2017.9.11 16:00,주간,월,1,0,0,차대사람,기타,기타,단일로,기타단일로,승용차,보행자
2017.9.11 19:00,야간,월,1,0,0,차대사람,기타,기타,단일로,기타단일로,화물차,보행자
2017.9.11 19:00,야간,월,1,0,0,차대사람,길가장자리구역통행중,길가장자리구역통행중,단일로,기타단일로,승용차,보행자
2017.9.11 20:00,야간,월,1,0,0,차대사람,기타,기타,단일로,기타단일로,승용차,보행자
2017.9.11 20:00,야간,월,1,0,0,차대차,추돌,추돌,단일로,기타단일로,화물차,화물차
2017.9.11 20:00,야간,월,1,0,3,차대차,추돌,추돌,단일로,기타단일로,화물차,승용차
2017.9.11 23:00,야간,월,1,0,0,차대사람,횡단중,횡단중,단일로,기타단일로,승용차,보행자
2017.9.12 5:00,야간,화,1,0,0,차대사람,기타,기타,단일로,기타단일로,승용차,보행자
2017.9.12 5:00,야간,화,1,0,0,차대사람,횡단중,횡단중,단일로,기타단일로,화물차,보행자
2017.9.12 8:00,주간,화,1,0,0,차대사람,횡단중,횡단중,교차로,교차로부근,승합차,보행자
2017.9.12 10:00,주간,화,1,0,0,차량단독,기타,기타,기타,기타,농기계,없음
2017.9.12 10:00,주간,화,1,0,0,차대차,추돌,추돌,교차로,교차로부근,승용차,자전거
2017.9.12 10:00,주간,화,1,4,0,차대차,측면충돌,측면충돌,교차로,교차로내,승용차,승용차
2017.9.12 12:00,주간,화,1,0,0,차대사람,기타,기타,교차로,교차로내,화물차,보행자
2017.9.12 12:00,주간,화,1,0,0,차대사람,차도통행중,차도통행중,단일로,기타단일로,승용차,보행자
2017.9.12 14:00,주간,화,1,0,0,차대차,기타,기타,교차로,교차로내,승합차,이륜차
2017.9.12 14:00,주간,화,1,1,0,차대사람,기타,기타,교차로,교차로내,승용차,보행자
2017.9.12 16:00,주간,화,1,0,0,차대차,기타,기타,교차로,교차로내,승합차,자전거
2017.9.12 20:00,야간,화,1,0,0,차대사람,횡단중,횡단중,단일로,기타단일로,승용차,보행자
2017.9.12 21:00,야간,화,1,0,0,차대사람,횡단중,횡단중,단일로,기타단일로,승용차,보행자
2017.9.12 21:00,야간,화,1,0,0,차대차,기타,기타,교차로,교차로내,자전거,승용차
2017.9.12 22:00,야간,화,1,0,1,차대사람,횡단중,횡단중,단일로,기타단일로,승용차,보행자
2017.9.12 22:00,야간,화,1,0,2,차대차,추돌,추돌,교차로,교차로부근,승용차,화물차
2017.9.13 3:00,야간,수,1,0,0,차량단독,도로이탈,도로이탈 추락,교차로,교차로부근,화물차,없음
2017.9.13 4:00,야간,수,1,0,0,차대차,추돌,추돌,단일로,기타단일로,화물차,화물차
2017.9.13 6:00,주간,수,1,0,0,차대사람,횡단중,횡단중,단일로,기타단일로,화물차,보행자
2017.9.13 6:00,주간,수,1,0,0,차대차,기타,기타,교차로,교차로횡단보도내,승합차,자전거
2017.9.13 9:00,주간,수,1,0,0,차대차,정면충돌,정면충돌,단일로,기타단일로,화물차,승용차
2017.9.13 10:00,주간,수,1,0,0,차대차,측면충돌,측면충돌,단일로,기타단일로,자전거,화물차
2017.9.13 13:00,주간,수,2,1,2,차대차,추돌,추돌,단일로,기타단일로,승용차,특수차
2017.9.13 18:00,야간,수,1,0,0,차량단독,기타,기타,단일로,기타단일로,이륜차,없음
2017.9.13 19:00,야간,수,1,0,0,차대사람,차도통행중,차도통행중,단일로,기타단일로,승용차,보행자
2017.9.13 19:00,야간,수,1,0,0,차대차,기타,기타,교차로,교차로내,승용차,이륜차
2017.9.13 20:00,야간,수,1,0,0,차대사람,길가장자리구역통행중,길가장자리구역통행중,단일로,기타단일로,승용차,보행자
2017.9.14 0:00,야간,목,1,0,0,차량단독,공작물충돌,공작물충돌,단일로,기타단일로,화물차,없음
2017.9.14 0:00,야간,목,1,0,0,차대사람,횡단중,횡단중,교차로,교차로내,승합차,보행자
2017.9.14 5:00,야간,목,1,0,0,차량단독,기타,기타,단일로,기타단일로,화물차,없음
2017.9.14 6:00,주간,목,1,1,0,차대차,기타,기타,단일로,기타단일로,승용차,승용차
2017.9.14 6:00,주간,목,1,1,0,차량단독,공작물충돌,공작물충돌,단일로,기타단일로,원동기장치자전거,없음
2017.9.14 7:00,주간,목,1,0,0,차대차,측면충돌,측면충돌,교차로,교차로내,승합차,자전거
2017.9.14 9:00,주간,목,1,0,0,차대사람,횡단중,횡단중,단일로,기타단일로,이륜차,보행자
2017.9.14 11:00,주간,목,1,0,0,차대차,측면충돌,측면충돌,교차로,교차로내,승용차,화물차
2017.9.14 12:00,주간,목,1,0,0,차대사람,기타,기타,단일로,기타단일로,승용차,보행자
2017.9.14 14:00,주간,목,1,2,0,차량단독,전도전복,전도전복,단일로,기타단일로,승용차,없음
2017.9.14 15:00,주간,목,1,3,0,차량단독,공작물충돌,공작물충돌,단일로,기타단일로,승용차,없음
2017.9.14 15:00,주간,목,1,0,0,차대사람,기타,기타,교차로,교차로부근,화물차,보행자
2017.9.14 17:00,주간,목,1,0,0,차대차,측면충돌,측면충돌,교차로,교차로내,승합차,이륜차
2017.9.14 19:00,야간,목,1,0,0,차대사람,기타,기타,단일로,기타단일로,승용차,보행자
2017.9.14 22:00,야간,목,1,1,0,차대차,기타,기타,교차로,교차로내,승용차,이륜차
2017.9.14 23:00,야간,목,1,0,0,차대사람,횡단중,횡단중,교차로,교차로내,승용차,보행자
2017.9.15 5:00,야간,금,1,2,0,차대차,측면충돌,측면충돌,교차로,교차로내,건설기계,화물차
2017.9.15 21:00,야간,금,1,0,1,차량단독,공작물충돌,공작물충돌,교차로,교차로내,승용차,없음
2017.9.16 5:00,야간,토,1,0,0,차대사람,횡단중,횡단중,단일로,기타단일로,승용차,보행자
2017.9.16 6:00,주간,토,1,0,0,차대사람,횡단중,횡단중,단일로,기타단일로,승용차,보행자
2017.9.16 7:00,주간,토,1,0,0,차량단독,공작물충돌,공작물충돌,단일로,기타단일로,화물차,없음
2017.9.16 10:00,주간,토,1,0,1,차량단독,공작물충돌,공작물충돌,단일로,기타단일로,승용차,없음
2017.9.16 12:00,주간,토,1,0,0,차대차,기타,기타,교차로,교차로내,이륜차,승용차
2017.9.16 12:00,주간,토,1,0,0,차대사람,차도통행중,차도통행중,교차로,교차로부근,승용차,보행자
2017.9.16 17:00,주간,토,1,0,0,차대차,측면충돌,측면충돌,교차로,교차로내,원동기장치자전거,승용차
2017.9.16 18:00,야간,토,1,0,0,차량단독,기타,기타,단일로,기타단일로,자전거,없음
2017.9.16 19:00,야간,토,1,1,0,차대차,정면충돌,정면충돌,단일로,기타단일로,승용차,승용차
2017.9.16 19:00,야간,토,1,0,0,차대사람,차도통행중,차도통행중,단일로,기타단일로,승용차,보행자
2017.9.16 22:00,야간,토,1,0,0,차대차,측면충돌,측면충돌,교차로,교차로내,승합차,이륜차
2017.9.16 22:00,야간,토,1,0,0,차량단독,공작물충돌,공작물충돌,단일로,기타단일로,승용차,없음
2017.9.17 2:00,야간,일,1,0,0,차대차,측면충돌,측면충돌,단일로,기타단일로,승용차,승용차
2017.9.17 5:00,야간,일,1,0,0,차대사람,횡단중,횡단중,단일로,기타단일로,승용차,보행자
2017.9.17 11:00,주간,일,1,1,0,차대차,측면충돌,측면충돌,단일로,기타단일로,승용차,이륜차
2017.9.17 13:00,주간,일,1,2,1,차대차,정면충돌,정면충돌,교차로,교차로내,화물차,승용차
2017.9.17 17:00,주간,일,1,0,0,차량단독,공작물충돌,공작물충돌,단일로,터널안,승용차,없음
2017.9.17 19:00,야간,일,1,0,0,차대사람,기타,기타,단일로,교량위,승용차,보행자
2017.9.17 22:00,야간,일,1,0,0,차량단독,공작물충돌,공작물충돌,단일로,기타단일로,원동기장치자전거,없음
2017.9.18 0:00,야간,월,1,0,0,차대차,측면충돌,측면충돌,교차로,교차로횡단보도내,자전거,승용차
2017.9.18 2:00,야간,월,1,0,0,차량단독,기타,기타,단일로,터널안,승합차,없음
2017.9.18 5:00,야간,월,1,0,0,차대차,추돌,추돌,단일로,기타단일로,화물차,화물차
2017.9.18 6:00,주간,월,1,0,0,차대차,추돌,추돌,단일로,교량위,화물차,자전거
2017.9.18 7:00,주간,월,1,0,0,차대사람,횡단중,횡단중,단일로,기타단일로,건설기계,보행자
2017.9.18 9:00,주간,월,1,1,0,차대차,정면충돌,정면충돌,단일로,기타단일로,화물차,화물차
2017.9.18 11:00,주간,월,1,1,4,차대차,정면충돌,정면충돌,단일로,기타단일로,승합차,화물차
2017.9.18 12:00,주간,월,1,0,0,차대차,추돌,추돌,교차로,교차로부근,화물차,화물차
2017.9.18 12:00,주간,월,1,1,0,차대사람,기타,기타,단일로,기타단일로,승용차,보행자
2017.9.18 13:00,주간,월,1,0,0,차대차,추돌,추돌,단일로,기타단일로,화물차,화물차
2017.9.18 16:00,주간,월,1,1,0,차대차,추돌,추돌,단일로,기타단일로,화물차,건설기계
2017.9.18 18:00,야간,월,1,1,0,차대차,측면충돌,측면충돌,교차로,교차로부근,이륜차,승용차
2017.9.18 19:00,야간,월,1,0,0,차대차,기타,기타,단일로,기타단일로,승용차,승용차
2017.9.18 19:00,야간,월,1,0,0,차대사람,기타,기타,교차로,교차로횡단보도내,승용차,보행자
2017.9.18 19:00,야간,월,1,0,1,차대차,추돌,추돌,단일로,기타단일로,승용차,농기계
2017.9.18 20:00,야간,월,1,0,0,차대사람,횡단중,횡단중,단일로,기타단일로,승용차,보행자
2017.9.18 20:00,야간,월,1,0,0,차대차,측면충돌,측면충돌,교차로,교차로내,이륜차,승용차
2017.9.18 21:00,야간,월,1,0,0,차대사람,횡단중,횡단중,단일로,기타단일로,승용차,보행자
2017.9.18 23:00,야간,월,1,1,0,차대사람,횡단중,횡단중,단일로,기타단일로,승용차,보행자
2017.9.19 0:00,야간,화,1,0,0,차대사람,기타,기타,단일로,기타단일로,승용차,보행자
2017.9.19 4:00,야간,화,2,0,1,차량단독,전도,전도,단일로,기타단일로,승용차,없음
2017.9.19 5:00,야간,화,1,0,0,차대차,추돌,추돌,단일로,기타단일로,화물차,농기계
2017.9.19 8:00,주간,화,1,0,0,차대사람,횡단중,횡단중,교차로,교차로내,화물차,보행자
2017.9.19 11:00,주간,화,1,0,0,차량단독,공작물충돌,공작물충돌,단일로,터널안,승용차,없음
2017.9.19 11:00,주간,화,1,1,0,차대차,추돌,추돌,단일로,기타단일로,화물차,건설기계
2017.9.19 11:00,주간,화,1,0,0,차대차,측면충돌,측면충돌,교차로,교차로내,이륜차,승용차
2017.9.19 13:00,주간,화,1,0,0,차대사람,차도통행중,차도통행중,단일로,기타단일로,승합차,보행자
2017.9.19 18:00,야간,화,1,0,0,차대사람,횡단중,횡단중,단일로,기타단일로,승용차,보행자
2017.9.19 19:00,야간,화,1,0,0,차량단독,기타,기타,단일로,기타단일로,농기계,없음
2017.9.19 19:00,야간,화,1,0,0,차대사람,기타,기타,단일로,기타단일로,승용차,보행자
2017.9.19 19:00,야간,화,1,0,0,차대차,추돌,추돌,단일로,기타단일로,화물차,농기계
2017.9.19 22:00,야간,화,1,0,0,차대차,측면충돌,측면충돌,단일로,기타단일로,이륜차,승용차
2017.9.20 1:00,야간,수,1,0,0,차대사람,횡단중,횡단중,단일로,기타단일로,이륜차,보행자
2017.9.20 4:00,야간,수,1,0,0,차대사람,기타,기타,단일로,기타단일로,승용차,보행자
2017.9.20 5:00,야간,수,1,0,0,차대사람,횡단중,횡단중,교차로,교차로횡단보도내,화물차,보행자
2017.9.20 9:00,주간,수,1,0,0,차대차,측면충돌,측면충돌,단일로,기타단일로,승용차,화물차
2017.9.20 11:00,주간,수,1,0,0,차대차,추돌,추돌,단일로,기타단일로,화물차,농기계
2017.9.20 13:00,주간,수,1,0,0,차량단독,공작물충돌,공작물충돌,단일로,기타단일로,이륜차,없음
2017.9.20 16:00,주간,수,1,0,0,차량단독,전복,전복,단일로,기타단일로,화물차,없음
2017.9.20 19:00,야간,수,1,0,0,차대사람,횡단중,횡단중,단일로,기타단일로,승용차,보행자
2017.9.20 19:00,야간,수,1,0,0,차대사람,길가장자리구역통행중,길가장자리구역통행중,교차로,교차로내,승합차,보행자
2017.9.20 19:00,야간,수,1,0,0,차대사람,횡단중,횡단중,단일로,기타단일로,승용차,보행자
2017.9.20 20:00,야간,수,1,0,0,차대사람,횡단중,횡단중,단일로,기타단일로,승용차,보행자
2017.9.20 21:00,야간,수,1,0,0,차대사람,보도통행중,보도통행중,교차로,교차로횡단보도내,승합차,보행자
2017.9.20 22:00,야간,수,1,0,1,차대사람,횡단중,횡단중,단일로,기타단일로,이륜차,보행자
2017.9.20 23:00,야간,수,1,0,0,차대사람,기타,기타,교차로,교차로부근,승합차,보행자
2017.9.20 23:00,야간,수,1,0,1,차대차,추돌,추돌,단일로,기타단일로,화물차,화물차
2017.9.21 2:00,야간,목,1,0,0,차대차,기타,기타,단일로,기타단일로,승용차,화물차
2017.9.21 2:00,야간,목,2,0,0,차대사람,횡단중,횡단중,기타,기타,승용차,보행자
2017.9.21 4:00,야간,목,1,1,0,차대차,추돌,추돌,단일로,기타단일로,이륜차,승합차
2017.9.21 5:00,야간,목,1,0,0,차대사람,횡단중,횡단중,단일로,기타단일로,승용차,보행자
2017.9.21 6:00,주간,목,1,0,0,차대사람,기타,기타,교차로,교차로내,화물차,보행자
2017.9.21 6:00,주간,목,1,0,0,차대차,측면충돌,측면충돌,교차로,교차로내,승용차,승용차
2017.9.21 8:00,주간,목,1,1,0,차량단독,전도전복,전도전복,단일로,기타단일로,화물차,없음
2017.9.21 8:00,주간,목,1,0,0,차대사람,차도통행중,차도통행중,교차로,교차로내,승용차,보행자
2017.9.21 14:00,주간,목,1,2,1,차대차,측면충돌,측면충돌,단일로,기타단일로,화물차,화물차
2017.9.21 14:00,주간,목,1,0,0,차대차,측면충돌,측면충돌,단일로,기타단일로,원동기장치자전거,승용차
2017.9.21 14:00,주간,목,1,0,0,차대차,추돌,추돌,단일로,기타단일로,승용차,자전거
2017.9.21 15:00,주간,목,1,0,0,차량단독,전도전복,전도전복,단일로,기타단일로,화물차,없음
2017.9.21 16:00,주간,목,1,0,0,차대사람,길가장자리구역통행중,길가장자리구역통행중,교차로,교차로내,승용차,보행자
2017.9.21 16:00,주간,목,1,0,0,차량단독,도로이탈,도로이탈 기타,단일로,기타단일로,이륜차,없음
2017.9.21 19:00,야간,목,1,0,0,차량단독,기타,기타,단일로,기타단일로,농기계,없음
2017.9.21 20:00,야간,목,1,0,0,차대차,추돌,추돌,단일로,기타단일로,승용차,자전거
2017.9.21 23:00,야간,목,1,0,0,차대사람,기타,기타,단일로,기타단일로,승용차,보행자
2017.9.22 5:00,야간,금,1,0,1,차대차,추돌,추돌,교차로,교차로부근,화물차,화물차
2017.9.22 5:00,야간,금,1,0,2,차대사람,기타,기타,단일로,기타단일로,승용차,보행자
2017.9.22 6:00,주간,금,1,0,0,차대사람,횡단중,횡단중,교차로,교차로부근,승합차,보행자
2017.9.22 7:00,주간,금,1,0,0,차대사람,기타,기타,기타,기타,자전거,보행자
2017.9.22 9:00,주간,금,1,0,0,차량단독,기타,기타,단일로,기타단일로,화물차,없음
2017.9.22 11:00,주간,금,1,0,1,차대차,측면충돌,측면충돌,교차로,교차로내,이륜차,승용차
2017.9.22 11:00,주간,금,1,0,1,차대차,측면충돌,측면충돌,교차로,교차로내,화물차,원동기장치자전거
2017.9.22 12:00,주간,금,1,0,0,차대차,측면충돌,측면충돌,교차로,교차로내,승합차,이륜차
2017.9.22 13:00,주간,금,1,0,0,차대차,정면충돌,정면충돌,단일로,기타단일로,승용차,이륜차
2017.9.22 13:00,주간,금,1,0,0,차대차,측면충돌,측면충돌,교차로,교차로내,원동기장치자전거,건설기계
2017.9.22 16:00,주간,금,1,0,0,차대차,추돌,추돌,교차로,교차로내,자전거,화물차
2017.9.22 17:00,주간,금,1,0,0,차대사람,길가장자리구역통행중,길가장자리구역통행중,단일로,기타단일로,건설기계,보행자
2017.9.22 18:00,야간,금,1,1,2,차대차,추돌,추돌,단일로,기타단일로,승용차,농기계
2017.9.22 18:00,야간,금,1,0,1,차대차,측면충돌,측면충돌,교차로,교차로횡단보도내,승합차,자전거
2017.9.22 19:00,야간,금,1,0,0,차대사람,횡단중,횡단중,단일로,기타단일로,승합차,보행자
2017.9.22 22:00,야간,금,1,0,0,차대사람,기타,기타,주차장,주차장,승용차,보행자
2017.9.22 23:00,야간,금,1,0,0,차대사람,길가장자리구역통행중,길가장자리구역통행중,단일로,기타단일로,승용차,보행자