발생년월일시,주야,요일,사망자수,중상자수,경상자수,사고유형_대분류,사고유형_중분류,사고유형,도로형태_대분류,도로형태,당사자종별_1당_대분류,당사자종별_2당_대분류
2017.10.13 11:00,주간,금,1,0,0,차대차,측면충돌,측면충돌,단일로,기타단일로,원동기장치자전거,화물차
2017.10.13 13:00,주간,금,1,0,0,차대사람,횡단중,횡단중,단일로,기타단일로,건설기계,보행자
2017.10.13 16:00,주간,금,1,9,12,차대차,추돌,추돌,단일로,기타단일로,화물차,승합차
2017.10.13 17:00,주간,금,1,0,0,차대사람,횡단중,횡단중,단일로,기타단일로,승용차,보행자
2017.10.13 17:00,주간,금,1,0,0,차대차,측면충돌,측면충돌,교차로,교차로내,원동기장치자전거,승용차
2017.10.13 18:00,야간,금,1,0,0,차대사람,횡단중,횡단중,단일로,기타단일로,승용차,보행자
2017.10.13 18:00,야간,금,1,0,0,차대사람,기타,기타,교차로,교차로내,승용차,보행자
2017.10.13 18:00,야간,금,1,0,0,차대사람,기타,기타,단일로,기타단일로,승용차,보행자
2017.10.13 18:00,야간,금,1,0,0,차대사람,횡단중,횡단중,교차로,교차로횡단보도내,이륜차,보행자
2017.10.13 19:00,야간,금,1,1,1,차량단독,공작물충돌,공작물충돌,단일로,기타단일로,승용차,없음
2017.10.13 20:00,야간,금,1,0,0,차대사람,기타,기타,단일로,기타단일로,승합차,보행자
2017.10.13 23:00,야간,금,1,1,2,차대사람,기타,기타,단일로,기타단일로,승용차,보행자
2017.10.14 4:00,야간,토,1,0,0,차대사람,횡단중,횡단중,교차로,교차로부근,승용차,보행자
2017.10.14 6:00,주간,토,1,0,1,차대차,기타,기타,단일로,터널안,승용차,농기계
2017.10.14 6:00,주간,토,1,0,0,차대사람,차도통행중,차도통행중,단일로,기타단일로,화물차,보행자
2017.10.14 10:00,주간,토,1,0,0,차대사람,횡단중,횡단중,교차로,교차로부근,화물차,보행자
2017.10.14 11:00,주간,토,1,0,0,차대차,측면충돌,측면충돌,교차로,교차로내,이륜차,화물차
2017.10.14 12:00,주간,토,1,1,1,차대차,정면충돌,정면충돌,기타,기타,이륜차,승용차
2017.10.14 13:00,주간,토,1,0,0,차량단독,도로이탈,도로이탈 기타,단일로,기타단일로,화물차,없음
2017.10.14 13:00,주간,토,1,0,0,차량단독,기타,기타,단일로,기타단일로,농기계,없음
2017.10.14 14:00,주간,토,1,0,0,차대사람,기타,기타,단일로,기타단일로,화물차,보행자
2017.10.14 15:00,주간,토,1,0,0,차대사람,기타,기타,단일로,기타단일로,승합차,보행자
2017.10.14 16:00,주간,토,1,0,0,차대사람,차도통행중,차도통행중,단일로,기타단일로,화물차,보행자
2017.10.14 18:00,야간,토,1,1,0,차대차,추돌,추돌,단일로,기타단일로,화물차,건설기계
2017.10.14 18:00,야간,토,1,0,0,차대사람,횡단중,횡단중,단일로,기타단일로,승용차,보행자
2017.10.14 18:00,야간,토,1,0,0,차대사람,차도통행중,차도통행중,단일로,기타단일로,승용차,보행자
2017.10.14 19:00,야간,토,1,0,1,차대사람,횡단중,횡단중,단일로,기타단일로,승용차,보행자
2017.10.14 19:00,야간,토,1,0,0,차대사람,차도통행중,차도통행중,단일로,기타단일로,승용차,보행자
2017.10.14 20:00,야간,토,1,0,0,차대차,추돌,추돌,단일로,기타단일로,승용차,이륜차
2017.10.14 23:00,야간,토,1,0,0,차대사람,횡단중,횡단중,교차로,교차로내,승용차,보행자
2017.10.15 4:00,야간,일,1,0,0,차량단독,전도전복,전도전복,단일로,기타단일로,이륜차,없음
2017.10.15 6:00,주간,일,1,0,0,차대사람,횡단중,횡단중,단일로,기타단일로,승용차,보행자
2017.10.15 6:00,주간,일,1,0,0,차대사람,횡단중,횡단중,단일로,기타단일로,승용차,보행자
2017.10.15 6:00,주간,일,1,0,0,차대차,기타,기타,단일로,교량위,승용차,자전거
2017.10.15 7:00,주간,일,1,0,0,차량단독,공작물충돌,공작물충돌,단일로,기타단일로,승용차,없음
2017.10.15 9:00,주간,일,1,1,0,차대사람,기타,기타,단일로,기타단일로,승용차,보행자
2017.10.15 9:00,주간,일,1,0,0,차량단독,전도,전도,단일로,기타단일로,이륜차,없음
2017.10.15 11:00,주간,일,1,0,0,차대사람,기타,기타,단일로,기타단일로,승용차,보행자
2017.10.15 12:00,주간,일,2,4,0,차대차,기타,기타,교차로,교차로내,승용차,승용차
2017.10.15 12:00,주간,일,1,0,0,차대차,측면충돌,측면충돌,단일로,기타단일로,사륜오토바이(ATV),화물차
2017.10.15 14:00,주간,일,1,0,0,차대차,측면충돌,측면충돌,단일로,기타단일로,승용차,자전거
2017.10.15 17:00,주간,일,1,0,0,차량단독,기타,기타,단일로,기타단일로,이륜차,없음
2017.10.15 18:00,야간,일,1,0,0,차량단독,전도전복,전도전복,단일로,기타단일로,화물차,없음
2017.10.15 18:00,야간,일,1,0,0,차대사람,횡단중,횡단중,단일로,교량위,승합차,보행자
2017.10.15 20:00,야간,일,1,0,0,차대사람,횡단중,횡단중,교차로,교차로내,승용차,보행자
2017.10.15 21:00,야간,일,1,0,0,차대사람,횡단중,횡단중,단일로,기타단일로,승용차,보행자
2017.10.15 22:00,야간,일,1,0,0,차대사람,횡단중,횡단중,단일로,기타단일로,승용차,보행자
2017.10.15 23:00,야간,일,1,0,0,차대차,추돌,추돌,단일로,기타단일로,승용차,건설기계
2017.10.16 7:00,주간,월,1,0,0,차량단독,기타,기타,단일로,기타단일로,이륜차,없음
2017.10.16 12:00,주간,월,1,3,0,차대차,추돌,추돌,교차로,교차로부근,화물차,화물차
2017.10.16 14:00,주간,월,1,0,0,차량단독,공작물충돌,공작물충돌,단일로,기타단일로,화물차,없음
2017.10.16 16:00,주간,월,1,1,0,차대차,기타,기타,단일로,기타단일로,화물차,특수차
2017.10.16 16:00,주간,월,1,0,0,차량단독,공작물충돌,공작물충돌,단일로,기타단일로,승용차,없음
2017.10.16 18:00,야간,월,1,0,0,차대사람,횡단중,횡단중,교차로,교차로횡단보도내,승합차,보행자
2017.10.16 19:00,야간,월,1,1,0,차대사람,횡단중,횡단중,교차로,교차로횡단보도내,승용차,보행자
2017.10.16 19:00,야간,월,1,0,0,차대사람,횡단중,횡단중,교차로,교차로부근,승합차,보행자
2017.10.16 20:00,야간,월,1,0,1,차대사람,차도통행중,차도통행중,단일로,기타단일로,화물차,보행자
2017.10.16 21:00,야간,월,1,0,1,차대사람,차도통행중,차도통행중,교차로,교차로내,승용차,보행자
2017.10.16 21:00,야간,월,1,0,0,차대차,측면충돌,측면충돌,교차로,교차로횡단보도내,원동기장치자전거,승용차
2017.10.17 0:00,야간,화,1,0,0,차대사람,횡단중,횡단중,단일로,기타단일로,승용차,보행자
2017.10.17 1:00,야간,화,1,0,0,차대사람,횡단중,횡단중,단일로,기타단일로,승합차,보행자
2017.10.17 2:00,야간,화,1,0,0,차량단독,공작물충돌,공작물충돌,단일로,기타단일로,이륜차,없음
2017.10.17 5:00,야간,화,1,1,0,차대차,측면충돌,측면충돌,교차로,교차로내,승용차,원동기장치자전거
2017.10.17 6:00,주간,화,1,0,0,차대사람,횡단중,횡단중,단일로,기타단일로,화물차,보행자
2017.10.17 6:00,주간,화,1,3,0,차대차,측면충돌,측면충돌,단일로,기타단일로,승용차,화물차
2017.10.17 6:00,주간,화,1,0,0,차대차,추돌,추돌,단일로,기타단일로,화물차,이륜차
2017.10.17 8:00,주간,화,1,0,1,차대차,추돌,추돌,교차로,교차로부근,화물차,승합차
2017.10.17 9:00,주간,화,1,0,0,차대차,측면충돌,측면충돌,교차로,교차로내,화물차,이륜차
2017.10.17 9:00,주간,화,1,0,0,차량단독,기타,기타,단일로,기타단일로,화물차,없음
2017.10.17 10:00,주간,화,1,0,0,차대사람,보도통행중,보도통행중,단일로,기타단일로,화물차,보행자
2017.10.17 15:00,주간,화,1,3,9,차대차,추돌,추돌,단일로,기타단일로,승합차,화물차
2017.10.17 16:00,주간,화,1,0,0,차대사람,기타,기타,단일로,기타단일로,승용차,보행자
2017.10.17 17:00,주간,화,1,0,1,차대차,정면충돌,정면충돌,단일로,기타단일로,이륜차,승용차
2017.10.17 18:00,야간,화,1,1,0,차대차,정면충돌,정면충돌,단일로,기타단일로,승용차,화물차
2017.10.17 18:00,야간,화,1,0,2,차대차,추돌,추돌,교차로,교차로부근,승합차,농기계
2017.10.18 0:00,야간,수,1,0,0,차대사람,차도통행중,차도통행중,단일로,기타단일로,승용차,보행자
2017.10.18 0:00,야간,수,1,1,0,차대사람,차도통행중,차도통행중,단일로,기타단일로,승용차,보행자
2017.10.18 1:00,야간,수,1,0,0,차량단독,공작물충돌,공작물충돌,교차로,교차로내,승용차,없음
2017.10.18 4:00,야간,수,1,0,0,차대사람,횡단중,횡단중,단일로,기타단일로,승용차,보행자
2017.10.18 8:00,주간,수,1,0,0,차대차,측면충돌,측면충돌,단일로,기타단일로,기타,자전거
2017.10.18 9:00,주간,수,1,0,0,차대사람,기타,기타,단일로,기타단일로,승합차,보행자
2017.10.18 9:00,주간,수,1,0,0,차대차,추돌,추돌,단일로,기타단일로,화물차,화물차
2017.10.18 10:00,주간,수,1,0,0,차대사람,횡단중,횡단중,교차로,교차로내,승합차,보행자
2017.10.18 10:00,주간,수,1,0,3,차대차,추돌,추돌,단일로,기타단일로,화물차,화물차
2017.10.18 10:00,주간,수,1,0,0,차대사람,차도통행중,차도통행중,단일로,기타단일로,승용차,보행자
2017.10.18 13:00,주간,수,1,0,0,차대사람,보도통행중,보도통행중,교차로,교차로횡단보도내,승합차,보행자
2017.10.18 14:00,주간,수,1,1,0,차대차,추돌,추돌,단일로,기타단일로,화물차,농기계
2017.10.18 18:00,야간,수,1,0,0,차대사람,횡단중,횡단중,단일로,기타단일로,승용차,보행자
2017.10.18 18:00,야간,수,1,0,0,차대차,측면충돌,측면충돌,교차로,교차로내,이륜차,승용차
2017.10.18 22:00,야간,수,1,0,1,차대사람,횡단중,횡단중,단일로,기타단일로,승합차,보행자
2017.10.19 0:00,야간,목,1,1,1,차대차,측면충돌,측면충돌,교차로,교차로내,승용차,승용차
2017.10.19 6:00,주간,목,1,0,0,차대사람,기타,기타,교차로,교차로횡단보도내,승용차,보행자
2017.10.19 6:00,주간,목,1,2,1,차대차,기타,기타,단일로,기타단일로,승용차,승용차
2017.10.19 9:00,주간,목,1,0,0,차대사람,횡단중,횡단중,교차로,교차로부근,승합차,보행자
2017.10.19 12:00,주간,목,1,0,0,차대차,측면충돌,측면충돌,교차로,교차로내,건설기계,자전거
2017.10.19 14:00,주간,목,1,0,0,차량단독,전도전복,전도전복,단일로,기타단일로,농기계,없음
2017.10.19 15:00,주간,목,1,0,0,차대차,추돌,추돌,단일로,기타단일로,화물차,화물차
2017.10.19 16:00,주간,목,1,0,0,차대사람,횡단중,횡단중,기타,기타,승용차,보행자
2017.10.19 18:00,야간,목,1,0,0,차대사람,횡단중,횡단중,교차로,교차로부근,승용차,보행자
2017.10.19 18:00,야간,목,2,2,1,차대차,측면충돌,측면충돌,단일로,기타단일로,승용차,승용차
2017.10.19 21:00,야간,목,1,0,0,차대차,측면충돌,측면충돌,단일로,기타단일로,이륜차,승용차
2017.10.19 23:00,야간,목,1,0,0,차량단독,전도전복,전도전복,단일로,기타단일로,승용차,없음
2017.10.20 0:00,야간,금,1,0,0,차량단독,기타,기타,단일로,교량위,승용차,없음
2017.10.20 5:00,야간,금,1,0,1,차대차,추돌,추돌,교차로,교차로부근,승용차,승용차
2017.10.20 6:00,주간,금,1,0,0,차대차,측면충돌,측면충돌,단일로,기타단일로,자전거,승용차
2017.10.20 6:00,주간,금,1,0,0,차대사람,차도통행중,차도통행중,교차로,교차로횡단보도내,승용차,보행자
2017.10.20 11:00,주간,금,1,0,0,차대사람,횡단중,횡단중,단일로,기타단일로,승용차,보행자
2017.10.20 11:00,주간,금,1,0,0,차대차,측면충돌,측면충돌,교차로,교차로내,승용차,이륜차
2017.10.20 12:00,주간,금,2,0,0,차대사람,기타,기타,단일로,기타단일로,승용차,보행자
2017.10.20 13:00,주간,금,1,0,0,차대차,정면충돌,정면충돌,단일로,기타단일로,이륜차,화물차
2017.10.20 14:00,주간,금,1,0,0,차대차,추돌,추돌,단일로,기타단일로,화물차,농기계
2017.10.20 15:00,주간,금,1,2,3,차대차,정면충돌,정면충돌,단일로,기타단일로,화물차,승용차
2017.10.20 15:00,주간,금,1,0,0,차대차,측면충돌,측면충돌,교차로,교차로내,이륜차,승합차
2017.10.20 17:00,주간,금,1,0,0,차량단독,공작물충돌,공작물충돌,단일로,기타단일로,화물차,없음
2017.10.20 18:00,야간,금,1,0,0,차량단독,도로이탈,도로이탈 기타,교차로,교차로부근,승용차,없음
2017.10.20 18:00,야간,금,1,0,0,차대사람,횡단중,횡단중,단일로,기타단일로,화물차,보행자
2017.10.20 18:00,야간,금,1,0,0,차대사람,횡단중,횡단중,교차로,교차로부근,승용차,보행자
2017.10.20 18:00,야간,금,1,0,1,차대차,추돌,추돌,단일로,기타단일로,이륜차,승용차
2017.10.20 18:00,야간,금,1,0,0,차대차,측면충돌,측면충돌,교차로,교차로부근,화물차,자전거
2017.10.20 18:00,야간,금,1,0,0,차대사람,길가장자리구역통행중,길가장자리구역통행중,단일로,기타단일로,승용차,보행자
2017.10.20 19:00,야간,금,1,0,0,차대사람,차도통행중,차도통행중,단일로,기타단일로,승용차,보행자
2017.10.20 21:00,야간,금,1,0,0,차대차,추돌,추돌,단일로,기타단일로,이륜차,화물차
2017.10.20 21:00,야간,금,1,0,0,차대사람,횡단중,횡단중,교차로,교차로내,승용차,보행자
2017.10.20 22:00,야간,금,1,0,0,차대사람,횡단중,횡단중,단일로,기타단일로,승용차,보행자
2017.10.20 22:00,야간,금,1,3,2,차대차,기타,기타,단일로,고가도로위,승용차,승용차
2017.10.21 1:00,야간,토,1,0,0,차량단독,전도전복,전도전복,교차로,교차로부근,승용차,없음
2017.10.21 5:00,야간,토,1,0,0,차대차,추돌,추돌,단일로,기타단일로,화물차,화물차
2017.10.21 7:00,주간,토,1,0,0,차대차,측면충돌,측면충돌,단일로,기타단일로,화물차,자전거
2017.10.21 8:00,주간,토,1,0,0,차대차,측면충돌,측면충돌,교차로,교차로내,건설기계,자전거
2017.10.21 10:00,주간,토,1,0,0,차대사람,횡단중,횡단중,교차로,교차로내,승용차,보행자
2017.10.21 10:00,주간,토,1,0,0,차대사람,기타,기타,단일로,기타단일로,화물차,보행자
2017.10.21 14:00,주간,토,1,0,0,차량단독,전도전복,전도전복,단일로,기타단일로,농기계,없음
2017.10.21 16:00,주간,토,1,1,0,차량단독,기타,기타,단일로,기타단일로,승용차,없음
2017.10.21 16:00,주간,토,2,0,0,차대차,기타,기타,단일로,기타단일로,승용차,승용차
2017.10.21 17:00,주간,토,1,2,0,차량단독,공작물충돌,공작물충돌,교차로,교차로부근,화물차,없음
2017.10.21 18:00,야간,토,1,0,0,차대차,추돌,추돌,단일로,기타단일로,화물차,농기계
2017.10.21 18:00,야간,토,1,0,0,차대사람,횡단중,횡단중,단일로,기타단일로,화물차,보행자
2017.10.21 18:00,야간,토,1,0,0,차량단독,전도전복,전도전복,단일로,기타단일로,이륜차,없음
2017.10.21 19:00,야간,토,1,0,0,차대차,추돌,추돌,단일로,기타단일로,승용차,자전거
2017.10.21 19:00,야간,토,1,0,0,차량단독,도로이탈,도로이탈 추락,단일로,기타단일로,화물차,없음
2017.10.21 21:00,야간,토,1,0,0,차대차,추돌,추돌,단일로,기타단일로,이륜차,화물차
2017.10.21 22:00,야간,토,1,0,1,차대차,추돌,추돌,교차로,교차로부근,승용차,자전거
2017.10.22 1:00,야간,일,1,0,0,차량단독,공작물충돌,공작물충돌,교차로,교차로부근,화물차,없음
2017.10.22 1:00,야간,일,1,0,0,차대사람,횡단중,횡단중,단일로,기타단일로,승용차,보행자
2017.10.22 3:00,야간,일,1,0,0,차량단독,기타,기타,단일로,기타단일로,승용차,없음
2017.10.22 4:00,야간,일,1,0,0,차량단독,전도전복,전도전복,단일로,기타단일로,원동기장치자전거,없음
2017.10.22 4:00,야간,일,1,0,1,차대차,측면충돌,측면충돌,단일로,기타단일로,이륜차,승합차
2017.10.22 8:00,주간,일,1,0,0,차량단독,기타,기타,교차로,교차로부근,농기계,없음
2017.10.22 13:00,주간,일,1,0,0,차대사람,차도통행중,차도통행중,단일로,기타단일로,승용차,보행자
2017.10.22 13:00,주간,일,1,0,0,차량단독,기타,기타,단일로,기타단일로,이륜차,없음
2017.10.22 14:00,주간,일,2,2,0,차대차,측면충돌,측면충돌,교차로,교차로내,승용차,승용차
2017.10.22 15:00,주간,일,1,0,0,차대차,정면충돌,정면충돌,단일로,기타단일로,화물차,이륜차
2017.10.22 15:00,주간,일,1,0,0,차량단독,기타,기타,단일로,기타단일로,자전거,없음
2017.10.22 16:00,주간,일,1,0,1,차량단독,공작물충돌,공작물충돌,단일로,기타단일로,승용차,없음
2017.10.22 18:00,야간,일,1,0,0,차량단독,도로이탈,도로이탈 추락,단일로,기타단일로,이륜차,없음
2017.10.22 18:00,야간,일,1,0,0,차대사람,기타,기타,단일로,교량위,승용차,보행자
2017.10.22 23:00,야간,일,1,2,0,차량단독,전도전복,전도전복,단일로,기타단일로,승용차,없음
2017.10.23 0:00,야간,월,1,0,0,차대사람,기타,기타,단일로,기타단일로,승용차,보행자
2017.10.23 9:00,주간,월,1,0,2,차대차,정면충돌,정면충돌,단일로,기타단일로,승용차,승용차
2017.10.23 11:00,주간,월,1,0,0,차대사람,차도통행중,차도통행중,단일로,기타단일로,승용차,보행자
2017.10.23 12:00,주간,월,2,0,0,차대차,기타,기타,단일로,기타단일로,화물차,화물차
2017.10.23 14:00,주간,월,1,0,0,차대차,측면충돌,측면충돌,교차로,교차로내,승합차,건설기계
2017.10.23 16:00,주간,월,1,0,0,차량단독,전도,전도,단일로,기타단일로,농기계,없음
2017.10.23 17:00,주간,월,1,0,0,차대사람,차도통행중,차도통행중,기타,기타,화물차,보행자
2017.10.23 17:00,주간,월,1,0,0,차대차,측면충돌,측면충돌,단일로,기타단일로,승용차,승합차
2017.10.23 18:00,야간,월,1,0,0,차대사람,길가장자리구역통행중,길가장자리구역통행중,단일로,기타단일로,화물차,보행자
2017.10.23 18:00,야간,월,1,0,0,차대사람,기타,기타,교차로,교차로횡단보도내,승용차,보행자
2017.10.23 18:00,야간,월,1,0,0,차대사람,횡단중,횡단중,단일로,기타단일로,승용차,보행자
2017.10.23 19:00,야간,월,1,0,0,차대사람,기타,기타,단일로,기타단일로,승합차,보행자
2017.10.23 21:00,야간,월,1,0,0,차대사람,기타,기타,단일로,기타단일로,이륜차,보행자
2017.10.23 23:00,야간,월,1,0,0,차대사람,횡단중,횡단중,단일로,기타단일로,승용차,보행자
2017.10.23 23:00,야간,월,1,0,0,차량단독,공작물충돌,공작물충돌,단일로,기타단일로,이륜차,없음
2017.10.24 0:00,야간,화,1,0,0,차대사람,횡단중,횡단중,단일로,기타단일로,승용차,보행자
2017.10.24 2:00,야간,화,1,0,0,차대사람,횡단중,횡단중,단일로,기타단일로,승용차,보행자
2017.10.24 3:00,야간,화,1,0,0,차대차,기타,기타,단일로,기타단일로,화물차,승용차
2017.10.24 5:00,야간,화,1,1,2,차대차,기타,기타,단일로,기타단일로,승용차,화물차
2017.10.24 7:00,주간,화,1,0,0,차대사람,횡단중,횡단중,단일로,기타단일로,화물차,보행자
2017.10.24 7:00,주간,화,1,0,0,차대차,측면충돌,측면충돌,교차로,교차로내,건설기계,화물차
2017.10.24 9:00,주간,화,1,0,0,차대사람,횡단중,횡단중,단일로,기타단일로,승합차,보행자
2017.10.24 11:00,주간,화,1,0,0,차대사람,횡단중,횡단중,단일로,기타단일로,건설기계,보행자
2017.10.24 11:00,주간,화,1,0,0,차대사람,차도통행중,차도통행중,단일로,기타단일로,승용차,보행자
2017.10.24 11:00,주간,화,1,0,0,차대차,추돌,추돌,단일로,기타단일로,이륜차,승용차
2017.10.24 12:00,주간,화,1,1,0,차대차,측면충돌,측면충돌,교차로,교차로내,원동기장치자전거,화물차
2017.10.24 16:00,주간,화,1,0,0,차대사람,차도통행중,차도통행중,교차로,교차로내,화물차,보행자
2017.10.24 16:00,주간,화,1,0,0,차대사람,길가장자리구역통행중,길가장자리구역통행중,단일로,기타단일로,화물차,보행자
2017.10.24 18:00,야간,화,1,1,0,차량단독,도로이탈,도로이탈 추락,단일로,기타단일로,화물차,없음
2017.10.24 19:00,야간,화,1,0,0,차대사람,차도통행중,차도통행중,단일로,기타단일로,승합차,보행자
2017.10.24 20:00,야간,화,1,0,0,차대사람,횡단중,횡단중,교차로,교차로횡단보도내,승용차,보행자
2017.10.24 22:00,야간,화,1,0,0,차대사람,기타,기타,교차로,교차로횡단보도내,승용차,보행자
2017.10.25 0:00,야간,수,1,3,1,차대사람,기타,기타,교차로,교차로내,화물차,보행자
2017.10.25 1:00,야간,수,1,0,0,차대사람,기타,기타,단일로,기타단일로,승용차,보행자
2017.10.25 5:00,야간,수,1,0,0,차대차,기타,기타,단일로,기타단일로,승용차,승용차
2017.10.25 5:00,야간,수,1,0,0,차대사람,횡단중,횡단중,단일로,기타단일로,승용차,보행자
2017.10.25 8:00,주간,수,1,0,1,차대차,측면충돌,측면충돌,교차로,교차로내,승용차,승용차
2017.10.25 10:00,주간,수,1,0,0,차대차,측면충돌,측면충돌,교차로,교차로내,이륜차,화물차
2017.10.25 11:00,주간,수,1,0,0,차대사람,기타,기타,단일로,기타단일로,화물차,보행자
2017.10.25 11:00,주간,수,1,1,0,차대차,정면충돌,정면충돌,단일로,기타단일로,화물차,화물차
2017.10.25 11:00,주간,수,1,0,0,차대차,측면충돌,측면충돌,교차로,교차로내,승용차,이륜차
2017.10.25 14:00,주간,수,1,0,0,차대사람,횡단중,횡단중,단일로,기타단일로,승용차,보행자
2017.10.25 15:00,주간,수,1,0,0,차대차,기타,기타,교차로,교차로내,화물차,자전거
2017.10.25 17:00,주간,수,1,0,0,차대차,측면충돌,측면충돌,단일로,기타단일로,승용차,자전거
2017.10.25 18:00,야간,수,1,0,0,차대차,추돌,추돌,단일로,기타단일로,화물차,농기계
2017.10.25 18:00,야간,수,1,0,0,차대사람,기타,기타,교차로,교차로부근,승합차,보행자
2017.10.25 19:00,야간,수,1,0,0,차량단독,공작물충돌,공작물충돌,단일로,기타단일로,이륜차,없음
2017.10.25 19:00,야간,수,1,0,0,차대사람,기타,기타,단일로,기타단일로,승용차,보행자
2017.10.25 20:00,야간,수,1,0,0,차대차,기타,기타,단일로,기타단일로,자전거,건설기계
2017.10.25 23:00,야간,수,1,1,0,차량단독,공작물충돌,공작물충돌,단일로,기타단일로,승용차,없음
2017.10.26 2:00,야간,목,1,0,0,차량단독,기타,기타,단일로,기타단일로,승용차,없음
2017.10.26 4:00,야간,목,1,0,0,차량단독,공작물충돌,공작물충돌,단일로,기타단일로,이륜차,없음
2017.10.26 6:00,주간,목,1,0,0,차대사람,횡단중,횡단중,교차로,교차로횡단보도내,화물차,보행자
2017.10.26 7:00,주간,목,1,1,1,차대차,추돌,추돌,교차로,교차로부근,승합차,승용차
2017.10.26 17:00,주간,목,1,0,0,차대사람,횡단중,횡단중,단일로,기타단일로,승용차,보행자
2017.10.26 18:00,야간,목,1,0,0,차대차,기타,기타,단일로,기타단일로,화물차,농기계
2017.10.26 20:00,야간,목,1,0,0,차대사람,횡단중,횡단중,교차로,교차로부근,승용차,보행자
2017.10.26 21:00,야간,목,1,1,0,차대차,추돌,추돌,단일로,기타단일로,화물차,특수차
2017.10.26 23:00,야간,목,1,0,0,차대차,기타,기타,단일로,기타단일로,승용차,승용차
2017.10.27 2:00,야간,금,1,1,0,차대차,기타,기타,단일로,교량위,승용차,이륜차
2017.10.27 3:00,야간,금,1,0,0,차대차,측면충돌,측면충돌,교차로,교차로내,이륜차,승용차
2017.10.27 7:00,주간,금,1,0,1,차대차,추돌,추돌,단일로,기타단일로,화물차,건설기계
2017.10.27 9:00,주간,금,1,0,0,차대사람,기타,기타,단일로,기타단일로,승용차,보행자
2017.10.27 9:00,주간,금,1,0,0,차대사람,기타,기타,단일로,기타단일로,승용차,보행자
2017.10.27 10:00,주간,금,1,0,0,차대차,기타,기타,교차로,교차로내,자전거,승합차
2017.10.27 10:00,주간,금,1,1,0,차대차,기타,기타,단일로,기타단일로,승용차,승용차
2017.10.27 16:00,주간,금,1,0,0,차대차,측면충돌,측면충돌,기타,기타,화물차,승용차
2017.10.27 17:00,주간,금,2,1,0,차대차,정면충돌,정면충돌,단일로,기타단일로,승용차,화물차
2017.10.27 18:00,야간,금,1,0,0,차대차,추돌,추돌,교차로,교차로내,승용차,자전거
2017.10.27 18:00,야간,금,1,0,0,차대사람,횡단중,횡단중,단일로,기타단일로,화물차,보행자
2017.10.27 19:00,야간,금,1,0,0,차대차,정면충돌,정면충돌,교차로,교차로내,화물차,이륜차
2017.10.27 21:00,야간,금,1,0,0,차량단독,공작물충돌,공작물충돌,단일로,기타단일로,승용차,없음
2017.10.27 21:00,야간,금,1,0,0,차량단독,도로이탈,도로이탈 기타,단일로,기타단일로,이륜차,없음
2017.10.27 23:00,야간,금,1,0,0,차대사람,기타,기타,단일로,기타단일로,승용차,보행자
2017.10.28 5:00,야간,토,1,0,0,차대사람,차도통행중,차도통행중,교차로,교차로내,승합차,보행자
2017.10.28 11:00,주간,토,1,0,0,차량단독,기타,기타,단일로,기타단일로,이륜차,없음
2017.10.28 13:00,주간,토,1,0,0,차대사람,횡단중,횡단중,단일로,기타단일로,화물차,보행자
2017.10.28 15:00,주간,토,1,0,0,차량단독,전도,전도,단일로,기타단일로,이륜차,없음
2017.10.28 18:00,야간,토,1,0,0,차대차,측면충돌,측면충돌,단일로,기타단일로,승용차,이륜차
2017.10.28 18:00,야간,토,1,3,2,차대차,측면충돌,측면충돌,단일로,기타단일로,화물차,승합차
2017.10.28 18:00,야간,토,1,0,0,차량단독,전도전복,전도전복,교차로,교차로내,농기계,없음
2017.10.28 18:00,야간,토,1,0,0,차대사람,횡단중,횡단중,단일로,기타단일로,승용차,보행자
2017.10.28 20:00,야간,토,1,0,0,차대사람,기타,기타,교차로,교차로부근,승합차,보행자
2017.10.28 20:00,야간,토,1,0,0,차대사람,차도통행중,차도통행중,단일로,기타단일로,승용차,보행자
2017.10.28 21:00,야간,토,2,0,0,차량단독,공작물충돌,공작물충돌,단일로,기타단일로,화물차,없음
2017.10.29 3:00,야간,일,1,1,1,차량단독,공작물충돌,공작물충돌,단일로,기타단일로,승용차,없음
2017.10.29 9:00,주간,일,1,0,0,차대차,측면충돌,측면충돌,단일로,기타단일로,이륜차,화물차
2017.10.29 10:00,주간,일,1,2,0,차대차,기타,기타,교차로,교차로내,화물차,농기계
2017.10.29 14:00,주간,일,1,0,0,차량단독,공작물충돌,공작물충돌,단일로,기타단일로,이륜차,없음
2017.10.29 18:00,야간,일,1,1,1,차대차,추돌,추돌,교차로,교차로부근,승용차,농기계
2017.10.29 18:00,야간,일,1,0,0,차대사람,횡단중,횡단중,단일로,기타단일로,승용차,보행자
2017.10.29 20:00,야간,일,1,0,0,차대사람,차도통행중,차도통행중,단일로,기타단일로,화물차,보행자
2017.10.30 0:00,야간,월,1,0,0,차대사람,기타,기타,단일로,기타단일로,화물차,보행자