발생년월일시,주야,요일,사망자수,중상자수,경상자수,사고유형_대분류,사고유형_중분류,사고유형,도로형태_대분류,도로형태,당사자종별_1당_대분류,당사자종별_2당_대분류
2017.12.8 23:00,야간,금,1,0,0,차대사람,횡단중,횡단중,교차로,교차로횡단보도내,승용차,보행자
2017.12.8 23:00,야간,금,1,1,0,차량단독,공작물충돌,공작물충돌,단일로,기타단일로,승용차,없음
2017.12.9 0:00,야간,토,1,0,0,차대사람,횡단중,횡단중,기타,기타,승용차,보행자
2017.12.9 0:00,야간,토,1,0,0,차대사람,횡단중,횡단중,단일로,기타단일로,승용차,보행자
2017.12.9 2:00,야간,토,1,0,0,차대사람,횡단중,횡단중,교차로,교차로횡단보도내,승용차,보행자
2017.12.9 4:00,야간,토,1,1,0,차대차,측면충돌,측면충돌,교차로,교차로내,승용차,화물차
2017.12.9 5:00,야간,토,1,0,0,차대사람,횡단중,횡단중,단일로,기타단일로,승용차,보행자
2017.12.9 6:00,주간,토,1,0,0,차대사람,기타,기타,단일로,기타단일로,승용차,보행자
2017.12.9 6:00,주간,토,1,1,0,차대차,정면충돌,정면충돌,단일로,기타단일로,원동기장치자전거,승용차
2017.12.9 6:00,주간,토,1,0,0,차대사람,기타,기타,단일로,기타단일로,승용차,보행자
2017.12.9 12:00,주간,토,1,0,0,차대사람,기타,기타,단일로,기타단일로,화물차,보행자
2017.12.9 17:00,주간,토,1,0,1,차대차,측면충돌,측면충돌,교차로,교차로내,승용차,승합차
2017.12.9 18:00,야간,토,1,2,4,차대차,측면충돌,측면충돌,교차로,교차로내,승용차,승용차
2017.12.9 21:00,야간,토,1,0,0,차대사람,횡단중,횡단중,교차로,교차로횡단보도내,승용차,보행자
2017.12.10 1:00,야간,일,1,0,0,차대사람,기타,기타,단일로,기타단일로,화물차,보행자
2017.12.10 3:00,야간,일,1,0,0,차대사람,횡단중,횡단중,교차로,교차로내,승용차,보행자
2017.12.10 5:00,야간,일,1,0,2,차대차,추돌,추돌,단일로,기타단일로,승용차,승합차
2017.12.10 6:00,주간,일,1,0,0,차량단독,공작물충돌,공작물충돌,단일로,기타단일로,승용차,없음
2017.12.10 11:00,주간,일,1,0,0,차대차,기타,기타,단일로,기타단일로,이륜차,승용차
2017.12.10 13:00,주간,일,1,0,0,차대사람,기타,기타,단일로,기타단일로,승용차,보행자
2017.12.10 14:00,주간,일,1,0,0,차대차,측면충돌,측면충돌,교차로,교차로내,승용차,이륜차
2017.12.10 17:00,주간,일,1,3,21,차대차,측면충돌,측면충돌,단일로,기타단일로,건설기계,승합차
2017.12.10 18:00,야간,일,1,0,0,차대사람,횡단중,횡단중,교차로,교차로부근,승용차,보행자
2017.12.11 8:00,주간,월,1,0,0,차대사람,횡단중,횡단중,교차로,교차로내,승용차,보행자
2017.12.11 8:00,주간,월,1,0,1,차대차,측면충돌,측면충돌,단일로,기타단일로,승용차,승용차
2017.12.11 14:00,주간,월,1,5,5,차대차,추돌,추돌,단일로,기타단일로,승용차,특수차
2017.12.11 15:00,주간,월,1,0,0,차대차,측면충돌,측면충돌,교차로,교차로내,이륜차,화물차
2017.12.11 18:00,야간,월,1,0,0,차대사람,횡단중,횡단중,단일로,기타단일로,승용차,보행자
2017.12.11 19:00,야간,월,1,0,0,차대사람,차도통행중,차도통행중,단일로,기타단일로,승용차,보행자
2017.12.11 23:00,야간,월,1,0,0,차대차,추돌,추돌,단일로,기타단일로,화물차,승용차
2017.12.12 11:00,주간,화,1,0,0,차대사람,차도통행중,차도통행중,단일로,기타단일로,화물차,보행자
2017.12.12 13:00,주간,화,1,0,0,차대차,기타,기타,교차로,교차로내,화물차,이륜차
2017.12.12 14:00,주간,화,1,0,0,차대차,측면충돌,측면충돌,교차로,교차로내,화물차,이륜차
2017.12.12 15:00,주간,화,1,0,0,차량단독,공작물충돌,공작물충돌,교차로,교차로부근,승용차,없음
2017.12.12 17:00,주간,화,1,0,0,차대사람,횡단중,횡단중,단일로,기타단일로,건설기계,보행자
2017.12.12 19:00,야간,화,1,0,0,차대차,측면충돌,측면충돌,교차로,교차로부근,이륜차,화물차
2017.12.12 21:00,야간,화,1,0,0,차대차,측면충돌,측면충돌,교차로,교차로내,승용차,이륜차
2017.12.12 22:00,야간,화,1,0,0,차대사람,길가장자리구역통행중,길가장자리구역통행중,단일로,기타단일로,승용차,보행자
2017.12.13 0:00,야간,수,1,0,0,차대사람,횡단중,횡단중,단일로,기타단일로,승용차,보행자
2017.12.13 1:00,야간,수,1,0,1,차대차,추돌,추돌,단일로,기타단일로,승합차,화물차
2017.12.13 2:00,야간,수,1,1,0,차대차,기타,기타,교차로,교차로부근,승용차,화물차
2017.12.13 4:00,야간,수,1,0,0,차량단독,전도전복,전도전복,단일로,기타단일로,승용차,없음
2017.12.13 10:00,주간,수,1,0,0,차대사람,기타,기타,교차로,교차로부근,특수차,보행자
2017.12.13 17:00,주간,수,1,0,0,차대사람,횡단중,횡단중,교차로,교차로횡단보도내,승합차,보행자
2017.12.13 23:00,야간,수,1,0,0,차대차,기타,기타,단일로,기타단일로,승용차,승용차
2017.12.14 2:00,야간,목,1,0,0,차대차,추돌,추돌,단일로,기타단일로,화물차,화물차
2017.12.14 3:00,야간,목,1,0,0,차대차,정면충돌,정면충돌,단일로,기타단일로,승용차,승용차
2017.12.14 4:00,야간,목,1,0,0,차량단독,공작물충돌,공작물충돌,단일로,기타단일로,승용차,없음
2017.12.14 5:00,야간,목,1,0,0,차대차,기타,기타,단일로,기타단일로,승용차,승합차
2017.12.14 7:00,주간,목,1,0,1,차대차,측면충돌,측면충돌,단일로,기타단일로,승용차,승용차
2017.12.14 14:00,주간,목,1,0,0,차대차,측면충돌,측면충돌,교차로,교차로횡단보도내,자전거,승합차
2017.12.14 14:00,주간,목,1,0,1,차대차,기타,기타,교차로,교차로부근,화물차,승용차
2017.12.14 16:00,주간,목,1,0,0,차대차,측면충돌,측면충돌,교차로,교차로내,승용차,이륜차
2017.12.14 17:00,주간,목,1,0,0,차대사람,횡단중,횡단중,단일로,기타단일로,승용차,보행자
2017.12.14 18:00,야간,목,1,0,0,차대사람,차도통행중,차도통행중,단일로,기타단일로,승용차,보행자
2017.12.14 19:00,야간,목,1,0,0,차대사람,차도통행중,차도통행중,교차로,교차로내,승용차,보행자
2017.12.14 20:00,야간,목,2,0,0,차대차,추돌,추돌,단일로,기타단일로,승용차,농기계
2017.12.15 2:00,야간,금,1,0,0,차대사람,차도통행중,차도통행중,단일로,기타단일로,승용차,보행자
2017.12.15 3:00,야간,금,1,0,0,차대차,기타,기타,단일로,기타단일로,승용차,승용차
2017.12.15 4:00,야간,금,1,0,0,차대사람,횡단중,횡단중,교차로,교차로부근,화물차,보행자
2017.12.15 4:00,야간,금,1,0,0,차대사람,횡단중,횡단중,교차로,교차로내,특수차,보행자
2017.12.15 5:00,야간,금,1,0,0,차대사람,횡단중,횡단중,기타,기타,승용차,보행자
2017.12.15 5:00,야간,금,1,0,0,차량단독,공작물충돌,공작물충돌,단일로,기타단일로,승용차,없음
2017.12.15 7:00,주간,금,1,0,0,차대사람,횡단중,횡단중,교차로,교차로횡단보도내,화물차,보행자
2017.12.15 13:00,주간,금,1,0,0,차대차,기타,기타,단일로,기타단일로,원동기장치자전거,화물차
2017.12.15 15:00,주간,금,1,0,0,차대사람,기타,기타,단일로,기타단일로,화물차,보행자
2017.12.15 16:00,주간,금,1,0,0,차대사람,길가장자리구역통행중,길가장자리구역통행중,교차로,교차로부근,승용차,보행자
2017.12.15 17:00,주간,금,1,0,0,차량단독,공작물충돌,공작물충돌,단일로,기타단일로,화물차,없음
2017.12.15 17:00,주간,금,1,0,0,차대차,측면충돌,측면충돌,교차로,교차로부근,승용차,이륜차
2017.12.15 19:00,야간,금,1,1,0,차량단독,기타,기타,교차로,교차로부근,화물차,없음
2017.12.15 19:00,야간,금,1,0,1,차대차,기타,기타,단일로,기타단일로,승용차,화물차
2017.12.15 20:00,야간,금,1,0,0,차대사람,차도통행중,차도통행중,단일로,기타단일로,화물차,보행자
2017.12.15 22:00,야간,금,1,0,0,차대사람,차도통행중,차도통행중,단일로,기타단일로,승용차,보행자
2017.12.16 0:00,야간,토,1,0,6,차대차,추돌,추돌,교차로,교차로부근,승용차,승용차
2017.12.16 0:00,야간,토,1,0,1,차대사람,횡단중,횡단중,단일로,기타단일로,승용차,보행자
2017.12.16 1:00,야간,토,1,0,0,차대사람,횡단중,횡단중,단일로,기타단일로,승용차,보행자
2017.12.16 4:00,야간,토,1,1,2,차대차,측면충돌,측면충돌,단일로,기타단일로,승용차,승용차
2017.12.16 6:00,주간,토,1,0,0,차대사람,횡단중,횡단중,교차로,교차로부근,승용차,보행자
2017.12.16 12:00,주간,토,1,0,0,차대차,기타,기타,단일로,기타단일로,이륜차,승용차
2017.12.16 20:00,야간,토,1,1,0,차대사람,차도통행중,차도통행중,단일로,교량위,승용차,보행자
2017.12.16 20:00,야간,토,1,0,0,차량단독,전도전복,전도전복,단일로,기타단일로,이륜차,없음
2017.12.16 23:00,야간,토,1,3,1,차대차,정면충돌,정면충돌,단일로,기타단일로,승용차,승용차
2017.12.17 2:00,야간,일,1,0,2,차대사람,차도통행중,차도통행중,단일로,기타단일로,승용차,보행자
2017.12.17 2:00,야간,일,1,0,0,차대사람,횡단중,횡단중,단일로,기타단일로,승용차,보행자
2017.12.17 3:00,야간,일,1,0,2,차대차,기타,기타,단일로,기타단일로,승용차,승용차
2017.12.17 15:00,주간,일,1,0,0,차량단독,도로이탈,도로이탈 추락,단일로,기타단일로,자전거,없음
2017.12.17 18:00,야간,일,1,0,0,차대사람,횡단중,횡단중,단일로,기타단일로,승용차,보행자
2017.12.17 20:00,야간,일,1,0,0,차대차,기타,기타,교차로,교차로부근,승용차,이륜차
2017.12.18 0:00,야간,월,1,0,0,차대사람,횡단중,횡단중,단일로,기타단일로,승용차,보행자
2017.12.18 8:00,주간,월,1,0,0,차대사람,횡단중,횡단중,교차로,교차로횡단보도내,승용차,보행자
2017.12.18 10:00,주간,월,1,1,0,차대사람,기타,기타,단일로,기타단일로,승용차,보행자
2017.12.18 12:00,주간,월,1,0,1,차대차,정면충돌,정면충돌,단일로,기타단일로,승용차,건설기계
2017.12.18 13:00,주간,월,1,0,0,차대차,추돌,추돌,단일로,기타단일로,화물차,화물차
2017.12.18 15:00,주간,월,1,0,0,차대사람,횡단중,횡단중,단일로,기타단일로,승용차,보행자
2017.12.18 19:00,야간,월,1,0,0,차대사람,차도통행중,차도통행중,단일로,기타단일로,승용차,보행자
2017.12.18 21:00,야간,월,1,0,0,차대사람,횡단중,횡단중,단일로,기타단일로,승용차,보행자
2017.12.19 4:00,야간,화,1,0,0,차량단독,공작물충돌,공작물충돌,단일로,기타단일로,승용차,없음
2017.12.19 6:00,주간,화,1,0,0,차대차,정면충돌,정면충돌,교차로,교차로내,승용차,원동기장치자전거
2017.12.19 7:00,주간,화,1,0,0,차량단독,공작물충돌,공작물충돌,단일로,기타단일로,승용차,없음
2017.12.19 10:00,주간,화,1,0,0,차대차,후진중충돌,후진중충돌,단일로,기타단일로,화물차,이륜차
2017.12.19 11:00,주간,화,1,0,0,차량단독,도로이탈,도로이탈 추락,단일로,기타단일로,화물차,없음
2017.12.19 11:00,주간,화,1,0,0,차대사람,횡단중,횡단중,단일로,기타단일로,화물차,보행자
2017.12.19 14:00,주간,화,1,0,0,차량단독,공작물충돌,공작물충돌,단일로,기타단일로,이륜차,없음
2017.12.19 16:00,주간,화,1,0,0,차대차,측면충돌,측면충돌,단일로,기타단일로,원동기장치자전거,승용차
2017.12.19 16:00,주간,화,1,0,0,차량단독,전도전복,전도전복,교차로,교차로내,화물차,없음
2017.12.19 19:00,야간,화,1,0,0,차대사람,횡단중,횡단중,교차로,교차로내,승용차,보행자
2017.12.19 19:00,야간,화,1,0,0,차대사람,차도통행중,차도통행중,단일로,기타단일로,승용차,보행자
2017.12.19 23:00,야간,화,1,0,0,차대차,기타,기타,단일로,기타단일로,이륜차,화물차
2017.12.20 5:00,야간,수,1,0,0,차량단독,전도전복,전도전복,단일로,기타단일로,승용차,없음
2017.12.20 5:00,야간,수,1,0,0,차대차,측면충돌,측면충돌,교차로,교차로횡단보도내,화물차,기타
2017.12.20 10:00,주간,수,1,0,0,차대사람,길가장자리구역통행중,길가장자리구역통행중,교차로,교차로부근,화물차,보행자
2017.12.20 10:00,주간,수,1,0,0,차대차,측면충돌,측면충돌,교차로,교차로내,이륜차,화물차
2017.12.20 10:00,주간,수,1,0,1,차대차,추돌,추돌,단일로,터널안,승용차,건설기계
2017.12.20 13:00,주간,수,1,0,0,차대사람,횡단중,횡단중,단일로,기타단일로,승용차,보행자
2017.12.20 13:00,주간,수,1,0,0,차대사람,기타,기타,단일로,기타단일로,화물차,보행자
2017.12.20 18:00,야간,수,1,0,0,차대차,측면충돌,측면충돌,교차로,교차로부근,이륜차,화물차
2017.12.20 19:00,야간,수,1,0,0,차대사람,기타,기타,단일로,기타단일로,승용차,보행자
2017.12.20 19:00,야간,수,1,0,0,차대사람,횡단중,횡단중,교차로,교차로횡단보도내,승용차,보행자
2017.12.21 0:00,야간,목,1,0,0,차량단독,공작물충돌,공작물충돌,단일로,교량위,승용차,없음
2017.12.21 0:00,야간,목,1,0,0,차대차,기타,기타,단일로,지하차도(도로)내,승용차,승용차
2017.12.21 5:00,야간,목,1,0,0,차대사람,횡단중,횡단중,교차로,교차로부근,화물차,보행자
2017.12.21 5:00,야간,목,1,0,0,차대차,추돌,추돌,단일로,기타단일로,이륜차,화물차
2017.12.21 6:00,주간,목,2,1,0,차대차,추돌,추돌,단일로,기타단일로,화물차,화물차
2017.12.21 9:00,주간,목,1,1,1,차대차,정면충돌,정면충돌,단일로,기타단일로,화물차,화물차
2017.12.21 11:00,주간,목,1,0,0,차대차,측면충돌,측면충돌,교차로,교차로내,화물차,이륜차
2017.12.21 13:00,주간,목,1,0,0,차대사람,보도통행중,보도통행중,단일로,기타단일로,승용차,보행자
2017.12.21 16:00,주간,목,1,0,0,차대차,측면충돌,측면충돌,교차로,교차로내,승용차,이륜차
2017.12.21 17:00,주간,목,1,1,1,차량단독,공작물충돌,공작물충돌,단일로,기타단일로,화물차,없음
2017.12.21 18:00,야간,목,1,0,0,차량단독,공작물충돌,공작물충돌,단일로,기타단일로,승용차,없음
2017.12.21 19:00,야간,목,1,0,0,차대차,기타,기타,교차로,교차로내,승용차,승용차
2017.12.22 0:00,야간,금,1,0,0,차대사람,횡단중,횡단중,교차로,교차로내,승용차,보행자
2017.12.22 4:00,야간,금,1,0,0,차대사람,횡단중,횡단중,단일로,기타단일로,승용차,보행자
2017.12.22 5:00,야간,금,1,0,0,차대차,기타,기타,단일로,기타단일로,승합차,화물차
2017.12.22 5:00,야간,금,1,0,0,차대사람,횡단중,횡단중,단일로,기타단일로,화물차,보행자
2017.12.22 6:00,주간,금,1,0,0,차대사람,횡단중,횡단중,교차로,교차로횡단보도내,승용차,보행자
2017.12.22 7:00,주간,금,1,0,0,차대사람,기타,기타,교차로,교차로내,승용차,보행자
2017.12.22 7:00,주간,금,1,0,0,차대차,정면충돌,정면충돌,단일로,기타단일로,승용차,원동기장치자전거
2017.12.22 10:00,주간,금,1,1,0,차량단독,공작물충돌,공작물충돌,단일로,기타단일로,화물차,없음
2017.12.22 10:00,주간,금,1,0,0,차대차,기타,기타,교차로,교차로내,자전거,승합차
2017.12.22 11:00,주간,금,1,0,0,차대차,측면충돌,측면충돌,교차로,교차로내,화물차,자전거
2017.12.22 11:00,주간,금,1,0,0,차대사람,횡단중,횡단중,교차로,교차로횡단보도내,화물차,보행자
2017.12.22 11:00,주간,금,1,0,0,차대차,기타,기타,기타,기타,원동기장치자전거,건설기계
2017.12.22 14:00,주간,금,1,0,0,차대사람,횡단중,횡단중,교차로,교차로내,화물차,보행자
2017.12.22 17:00,주간,금,1,1,0,차대차,측면충돌,측면충돌,교차로,교차로내,승용차,이륜차
2017.12.22 17:00,주간,금,1,0,1,차대차,추돌,추돌,단일로,기타단일로,화물차,승용차
2017.12.22 17:00,주간,금,1,0,0,차대사람,횡단중,횡단중,교차로,교차로횡단보도내,승용차,보행자
2017.12.22 18:00,야간,금,1,0,0,차대사람,기타,기타,단일로,기타단일로,화물차,보행자
2017.12.22 19:00,야간,금,1,0,0,차대차,측면충돌,측면충돌,단일로,기타단일로,이륜차,승용차
2017.12.22 19:00,야간,금,1,0,0,차대차,측면충돌,측면충돌,교차로,교차로내,승용차,이륜차
2017.12.23 0:00,야간,토,1,0,0,차량단독,기타,기타,교차로,교차로부근,이륜차,없음
2017.12.23 3:00,야간,토,1,0,0,차대사람,기타,기타,단일로,기타단일로,승용차,보행자
2017.12.23 4:00,야간,토,1,0,0,차대사람,기타,기타,교차로,교차로부근,화물차,보행자
2017.12.23 5:00,야간,토,1,0,0,차대사람,기타,기타,단일로,기타단일로,승용차,보행자
2017.12.23 6:00,주간,토,1,0,0,차대사람,차도통행중,차도통행중,단일로,기타단일로,승용차,보행자
2017.12.23 6:00,주간,토,1,0,0,차대사람,기타,기타,단일로,기타단일로,건설기계,보행자
2017.12.23 7:00,주간,토,1,0,0,차대차,정면충돌,정면충돌,교차로,교차로내,이륜차,화물차
2017.12.23 8:00,주간,토,1,0,2,차대차,측면충돌,측면충돌,교차로,교차로내,승용차,승용차
2017.12.23 16:00,주간,토,1,0,0,차대사람,횡단중,횡단중,단일로,기타단일로,승합차,보행자
2017.12.23 17:00,주간,토,1,0,0,차대차,기타,기타,교차로,교차로내,승용차,원동기장치자전거
2017.12.23 17:00,주간,토,1,0,0,차대사람,차도통행중,차도통행중,교차로,교차로내,승용차,보행자
2017.12.23 18:00,야간,토,1,0,0,차대사람,기타,기타,단일로,기타단일로,승용차,보행자
2017.12.23 19:00,야간,토,1,0,0,차대사람,횡단중,횡단중,교차로,교차로내,화물차,보행자
2017.12.23 20:00,야간,토,1,0,0,차대차,추돌,추돌,단일로,교량위,화물차,화물차
2017.12.23 21:00,야간,토,1,1,0,차량단독,공작물충돌,공작물충돌,단일로,기타단일로,화물차,없음
2017.12.24 0:00,야간,일,1,0,0,차대사람,기타,기타,교차로,교차로부근,승용차,보행자
2017.12.24 2:00,야간,일,1,0,0,차량단독,전도전복,전도전복,단일로,기타단일로,승용차,없음
2017.12.24 3:00,야간,일,1,0,0,차량단독,기타,기타,단일로,기타단일로,승용차,없음
2017.12.24 14:00,주간,일,1,0,0,차량단독,전복,전복,단일로,기타단일로,승용차,없음
2017.12.24 17:00,주간,일,1,0,0,차대사람,횡단중,횡단중,교차로,교차로부근,승합차,보행자
2017.12.24 19:00,야간,일,1,0,0,차대차,추돌,추돌,단일로,기타단일로,승용차,자전거
2017.12.24 20:00,야간,일,1,0,0,차대사람,기타,기타,단일로,기타단일로,승용차,보행자
2017.12.24 22:00,야간,일,2,0,1,차대차,측면충돌,측면충돌,단일로,기타단일로,승용차,승합차
2017.12.25 5:00,야간,월,1,0,0,차량단독,전도전복,전도전복,단일로,기타단일로,자전거,없음
2017.12.25 10:00,주간,월,1,0,0,차대사람,보도통행중,보도통행중,교차로,교차로횡단보도내,승용차,보행자
2017.12.25 11:00,주간,월,1,0,0,차대차,측면충돌,측면충돌,교차로,교차로내,화물차,자전거
2017.12.25 14:00,주간,월,1,0,1,차대차,정면충돌,정면충돌,단일로,기타단일로,승용차,건설기계
2017.12.25 14:00,주간,월,1,0,0,차대사람,횡단중,횡단중,교차로,교차로횡단보도내,이륜차,보행자
2017.12.25 15:00,주간,월,1,1,0,차대차,측면충돌,측면충돌,교차로,교차로부근,원동기장치자전거,승용차
2017.12.25 19:00,야간,월,1,0,0,차대사람,횡단중,횡단중,교차로,교차로부근,승용차,보행자
2017.12.25 22:00,야간,월,1,0,0,차대차,측면충돌,측면충돌,교차로,교차로내,승용차,이륜차
2017.12.26 1:00,야간,화,1,0,1,차대차,추돌,추돌,단일로,기타단일로,승용차,화물차
2017.12.26 3:00,야간,화,1,0,0,차량단독,공작물충돌,공작물충돌,단일로,기타단일로,승용차,없음
2017.12.26 6:00,주간,화,1,1,1,차대차,추돌,추돌,단일로,기타단일로,화물차,특수차
2017.12.26 6:00,주간,화,1,0,0,차대차,기타,기타,단일로,기타단일로,화물차,자전거
2017.12.26 7:00,주간,화,1,0,0,차대사람,보도통행중,보도통행중,교차로,교차로횡단보도내,승용차,보행자
2017.12.26 9:00,주간,화,1,0,0,차대차,측면충돌,측면충돌,교차로,교차로내,이륜차,화물차
2017.12.26 9:00,주간,화,1,0,0,차대사람,기타,기타,단일로,기타단일로,승용차,보행자
2017.12.26 13:00,주간,화,1,0,0,차대사람,기타,기타,단일로,기타단일로,화물차,보행자
2017.12.26 18:00,야간,화,1,0,0,차대사람,차도통행중,차도통행중,단일로,기타단일로,승용차,보행자
2017.12.26 18:00,야간,화,1,0,0,차대사람,횡단중,횡단중,단일로,기타단일로,승용차,보행자
2017.12.26 18:00,야간,화,1,0,0,차대사람,횡단중,횡단중,단일로,기타단일로,승용차,보행자
2017.12.26 19:00,야간,화,1,0,0,차대차,추돌,추돌,단일로,기타단일로,화물차,특수차
2017.12.26 19:00,야간,화,1,0,0,차대차,추돌,추돌,단일로,기타단일로,화물차,화물차
2017.12.26 20:00,야간,화,2,2,0,차량단독,공작물충돌,공작물충돌,단일로,기타단일로,승용차,없음
2017.12.27 1:00,야간,수,1,0,0,차량단독,공작물충돌,공작물충돌,교차로,교차로부근,승용차,없음
2017.12.27 2:00,야간,수,1,0,0,차량단독,전도전복,전도전복,교차로,교차로부근,화물차,없음
2017.12.27 2:00,야간,수,1,0,0,차대사람,횡단중,횡단중,단일로,기타단일로,승용차,보행자
2017.12.27 5:00,야간,수,1,0,0,차량단독,공작물충돌,공작물충돌,단일로,기타단일로,승용차,없음
2017.12.27 6:00,주간,수,1,0,0,차대사람,기타,기타,단일로,기타단일로,화물차,보행자
2017.12.27 8:00,주간,수,1,1,0,차대차,정면충돌,정면충돌,단일로,기타단일로,승용차,승용차
2017.12.27 8:00,주간,수,1,0,4,차대차,추돌,추돌,단일로,기타단일로,승용차,승용차
2017.12.27 10:00,주간,수,1,0,0,차대사람,기타,기타,단일로,기타단일로,승합차,보행자
2017.12.27 12:00,주간,수,1,0,0,차대차,정면충돌,정면충돌,단일로,기타단일로,화물차,승용차
2017.12.27 13:00,주간,수,1,0,0,차량단독,공작물충돌,공작물충돌,단일로,기타단일로,승용차,없음
2017.12.27 14:00,주간,수,1,0,0,차량단독,전도전복,전도전복,단일로,기타단일로,승용차,없음
2017.12.27 14:00,주간,수,1,1,4,차대차,추돌,추돌,단일로,기타단일로,승용차,자전거
2017.12.27 16:00,주간,수,1,0,0,차대사람,횡단중,횡단중,단일로,기타단일로,승용차,보행자
2017.12.27 18:00,야간,수,1,0,0,차대사람,횡단중,횡단중,단일로,기타단일로,화물차,보행자
2017.12.27 19:00,야간,수,1,0,0,차대차,측면충돌,측면충돌,교차로,교차로내,이륜차,승용차
2017.12.27 20:00,야간,수,1,1,0,차대차,측면충돌,측면충돌,단일로,기타단일로,승용차,승합차
2017.12.27 20:00,야간,수,1,0,0,차대사람,기타,기타,교차로,교차로부근,승용차,보행자
2017.12.27 21:00,야간,수,1,0,0,차대차,측면충돌,측면충돌,단일로,기타단일로,승용차,승용차
2017.12.27 22:00,야간,수,1,0,0,차대사람,횡단중,횡단중,단일로,기타단일로,승용차,보행자
2017.12.27 23:00,야간,수,1,0,0,차대사람,기타,기타,교차로,교차로내,승용차,보행자
2017.12.28 11:00,주간,목,1,0,0,차대사람,기타,기타,주차장,주차장,화물차,보행자
2017.12.28 11:00,주간,목,1,0,0,차량단독,공작물충돌,공작물충돌,교차로,교차로부근,승용차,없음
2017.12.28 11:00,주간,목,1,0,0,차량단독,전도전복,전도전복,교차로,교차로내,화물차,없음
2017.12.28 22:00,야간,목,1,0,0,차대사람,차도통행중,차도통행중,단일로,기타단일로,화물차,보행자
2017.12.28 22:00,야간,목,1,2,0,차대사람,횡단중,횡단중,교차로,교차로횡단보도내,승용차,보행자
2017.12.28 23:00,야간,목,1,0,0,차대사람,기타,기타,단일로,기타단일로,화물차,보행자
2017.12.29 0:00,야간,금,1,0,1,차대사람,차도통행중,차도통행중,단일로,기타단일로,승용차,보행자
2017.12.29 2:00,야간,금,1,1,0,차대사람,기타,기타,교차로,교차로내,화물차,보행자
2017.12.29 4:00,야간,금,1,0,0,차대차,기타,기타,단일로,기타단일로,건설기계,이륜차
2017.12.29 5:00,야간,금,1,0,0,차대사람,횡단중,횡단중,단일로,기타단일로,화물차,보행자
2017.12.29 8:00,주간,금,1,0,2,차량단독,전도전복,전도전복,단일로,기타단일로,화물차,없음
2017.12.29 9:00,주간,금,1,0,0,차량단독,공작물충돌,공작물충돌,단일로,기타단일로,건설기계,없음
2017.12.29 10:00,주간,금,1,0,0,차대차,측면충돌,측면충돌,단일로,기타단일로,승용차,화물차
2017.12.29 18:00,야간,금,1,1,2,차대사람,기타,기타,교차로,교차로내,승용차,보행자
2017.12.29 20:00,야간,금,1,0,0,차량단독,공작물충돌,공작물충돌,교차로,교차로내,승용차,없음
2017.12.29 20:00,야간,금,1,0,1,차대차,측면충돌,측면충돌,단일로,기타단일로,승용차,승합차
2017.12.29 21:00,야간,금,1,0,0,차대차,추돌,추돌,단일로,기타단일로,승용차,화물차
2017.12.30 3:00,야간,토,1,0,0,차대사람,기타,기타,주차장,주차장,승용차,보행자
2017.12.30 4:00,야간,토,1,0,0,차대차,측면충돌,측면충돌,단일로,기타단일로,승용차,자전거
2017.12.30 7:00,주간,토,1,0,0,차량단독,공작물충돌,공작물충돌,단일로,기타단일로,승용차,없음
2017.12.30 7:00,주간,토,1,0,0,차대사람,횡단중,횡단중,단일로,기타단일로,화물차,보행자
2017.12.30 9:00,주간,토,1,0,0,차대차,정면충돌,정면충돌,단일로,기타단일로,승용차,건설기계
2017.12.30 15:00,주간,토,1,2,1,차량단독,공작물충돌,공작물충돌,단일로,기타단일로,승합차,없음
2017.12.30 18:00,야간,토,2,0,0,차대사람,횡단중,횡단중,단일로,기타단일로,승용차,보행자
2017.12.30 18:00,야간,토,1,0,0,차대사람,횡단중,횡단중,교차로,교차로내,화물차,보행자
2017.12.30 23:00,야간,토,1,3,0,차량단독,공작물충돌,공작물충돌,교차로,교차로부근,승용차,없음
2017.12.30 23:00,야간,토,1,2,3,차대차,정면충돌,정면충돌,단일로,기타단일로,승용차,승용차
2017.12.31 0:00,야간,일,1,0,0,차대사람,차도통행중,차도통행중,단일로,기타단일로,승용차,보행자
2017.12.31 7:00,주간,일,1,0,0,차대사람,기타,기타,단일로,기타단일로,승용차,보행자
2017.12.31 12:00,주간,일,1,0,0,차대차,기타,기타,교차로,교차로부근,이륜차,승합차
2017.12.31 17:00,주간,일,1,0,0,차대사람,횡단중,횡단중,교차로,교차로내,이륜차,보행자
2017.12.31 18:00,야간,일,1,1,0,차대차,추돌,추돌,단일로,기타단일로,화물차,화물차
2017.12.31 18:00,야간,일,1,0,0,차량단독,공작물충돌,공작물충돌,단일로,기타단일로,원동기장치자전거,없음
2017.12.31 19:00,야간,일,1,0,0,차량단독,도로이탈,도로이탈 추락,단일로,기타단일로,화물차,없음
2017.12.31 20:00,야간,일,1,1,9,차대차,정면충돌,정면충돌,단일로,기타단일로,승용차,승용차