발생년월일시,주야,요일,사망자수,중상자수,경상자수,사고유형_대분류,사고유형_중분류,사고유형,도로형태_대분류,도로형태,당사자종별_1당_대분류,당사자종별_2당_대분류
2012.1.5 18:00,야간,목,1,0,0,차대사람,횡단중,횡단중,교차로,교차로부근,승용차,보행자
2012.1.13 7:00,주간,금,1,0,0,차대사람,횡단중,횡단중,단일로,기타단일로,승용차,보행자
2012.1.12 21:00,야간,목,1,0,0,차량단독,공작물충돌,공작물충돌,교차로,교차로부근,승용차,0
2012.1.12 11:00,주간,목,1,0,0,차대차,측면직각충돌,측면직각충돌,단일로,기타단일로,화물차,원동기장치자전거
2012.1.12 7:00,주간,목,1,0,0,차대차,측면직각충돌,측면직각충돌,교차로,교차로내,승용차,원동기장치자전거
2012.1.11 13:00,주간,수,1,0,0,차대차,측면직각충돌,측면직각충돌,교차로,교차로내,건설기계,승용차
2012.2.28 3:00,야간,화,1,1,0,차대차,추돌,진행중 추돌,단일로,기타단일로,화물차,화물차
2012.2.2 9:00,주간,목,1,2,2,차대차,기타,기타,단일로,터널안,승용차,승용차
2012.3.12 10:00,주간,월,1,0,0,차대차,측면직각충돌,측면직각충돌,단일로,기타단일로,화물차,화물차
2012.5.12 11:00,주간,토,1,0,0,차대차,추돌,진행중 추돌,단일로,기타단일로,화물차,승용차
2012.10.10 9:00,주간,수,1,0,0,차대사람,횡단중,횡단중,단일로,기타단일로,승용차,보행자
2012.11.5 5:00,야간,월,1,0,0,차대차,추돌,진행중 추돌,단일로,기타단일로,승용차,승용차
2012.10.17 17:00,주간,수,2,11,0,차대사람,기타,기타,단일로,기타단일로,승합차,보행자
2012.8.28 4:00,야간,화,1,0,1,차대차,추돌,진행중 추돌,단일로,기타단일로,승용차,화물차
2012.4.13 1:00,야간,금,2,1,0,차량단독,도로이탈,도로이탈 추락,단일로,기타단일로,승용차,0
2012.5.1 16:00,주간,화,1,0,0,차대차,추돌,진행중 추돌,단일로,기타단일로,화물차,승용차
2012.4.17 0:00,야간,화,1,0,1,차대차,추돌,진행중 추돌,단일로,기타단일로,화물차,화물차
2012.3.24 13:00,주간,토,1,0,0,차량단독,공작물충돌,공작물충돌,단일로,터널안,승용차,0
2012.5.19 1:00,야간,토,1,1,0,차대차,기타,기타,단일로,기타단일로,승용차,화물차
2012.6.22 6:00,주간,금,1,1,0,차대차,추돌,진행중 추돌,단일로,기타단일로,화물차,화물차
2012.7.10 2:00,야간,화,1,0,0,차대차,추돌,주정차중 추돌,단일로,기타단일로,승용차,화물차
2012.7.1 2:00,야간,일,1,4,4,차대차,기타,기타,단일로,기타단일로,승합차,승용차
2012.12.22 22:00,야간,토,1,3,0,차대차,기타,기타,단일로,기타단일로,승합차,승용차
2012.1.9 20:00,야간,월,1,0,0,차대사람,횡단중,횡단중,단일로,기타단일로,화물차,보행자
2012.3.6 14:00,주간,화,3,2,2,차대차,측면직각충돌,측면직각충돌,단일로,기타단일로,화물차,승용차
2012.2.11 7:00,주간,토,1,0,0,차량단독,전도전복,전도전복,단일로,기타단일로,화물차,0
2012.1.1 18:00,야간,일,1,0,0,차대사람,횡단중,횡단중,교차로,교차로내,승용차,보행자
2012.1.5 18:00,야간,목,1,0,0,차량단독,주/정차차량 충돌,주/정차차량 충돌,단일로,기타단일로,원동기장치자전거,화물차
2012.1.7 16:00,주간,토,1,0,0,차대사람,횡단중,횡단중,단일로,횡단보도상,승용차,보행자
2012.1.7 23:00,야간,일,1,0,0,차대차,측면직각충돌,측면직각충돌,교차로,교차로내,자전거,승용차
2012.1.8 9:00,주간,일,1,0,0,차량단독,도로이탈,도로이탈 추락,단일로,기타단일로,원동기장치자전거,0
2012.1.7 5:00,야간,토,1,0,0,차대사람,횡단중,횡단중,단일로,횡단보도부근,승용차,보행자
2012.1.7 6:00,주간,토,1,0,0,차대사람,횡단중,횡단중,단일로,기타단일로,승용차,보행자
2012.1.6 5:00,야간,금,1,0,0,차대사람,보도통행중,보도통행중,교차로,교차로부근,승합차,보행자
2012.1.6 14:00,주간,금,1,0,2,차량단독,공작물충돌,공작물충돌,단일로,기타단일로,화물차,0
2012.1.13 11:00,주간,금,1,2,1,차대차,측면직각충돌,측면직각충돌,교차로,교차로내,승용차,화물차
2012.1.10 19:00,야간,화,1,0,0,차대사람,횡단중,횡단중,단일로,기타단일로,승용차,보행자
2012.1.11 16:00,주간,수,1,0,0,차대사람,횡단중,횡단중,단일로,횡단보도상,화물차,보행자
2012.1.10 7:00,주간,화,1,0,0,차대차,측면직각충돌,측면직각충돌,교차로,교차로내,화물차,화물차
2012.3.3 8:00,주간,토,1,0,0,차량단독,공작물충돌,공작물충돌,단일로,기타단일로,화물차,0
2012.4.16 11:00,주간,월,1,1,2,차대차,추돌,주정차중 추돌,단일로,기타단일로,화물차,승용차
2012.4.16 20:00,야간,월,1,1,0,차대사람,기타,기타,단일로,기타단일로,승용차,보행자
2012.3.26 19:00,야간,월,1,0,0,차대차,기타,기타,단일로,기타단일로,불명,불명
2012.8.30 6:00,주간,목,1,3,7,차대사람,기타,기타,단일로,기타단일로,승합차,보행자
2012.1.3 14:00,주간,화,1,0,0,차대차,측면직각충돌,측면직각충돌,교차로,교차로내,화물차,자전거
2012.1.3 2:00,야간,화,1,0,0,차량단독,공작물충돌,공작물충돌,단일로,기타단일로,승용차,0
2012.1.3 5:00,야간,화,2,0,0,차대사람,기타,기타,단일로,기타단일로,승용차,보행자
2012.1.5 15:00,주간,목,1,0,0,차량단독,기타,기타,단일로,기타단일로,승합차,0
2012.1.5 12:00,주간,목,1,0,0,차대사람,기타,기타,단일로,기타단일로,승용차,보행자
2012.1.9 3:00,야간,월,1,2,0,차대차,기타,기타,단일로,기타단일로,승합차,승용차
2012.1.7 16:00,주간,토,2,1,0,차량단독,도로이탈,도로이탈 추락,기타/불명,기타/불명,승용차,0
2012.1.6 22:00,야간,금,1,0,0,차량단독,도로이탈,도로이탈 추락,단일로,기타단일로,승용차,0
2012.1.11 21:00,야간,수,1,0,0,차대사람,횡단중,횡단중,교차로,교차로부근,승용차,보행자
2012.2.11 21:00,야간,금,1,2,0,차량단독,전도전복,전도전복,단일로,기타단일로,승용차,0
2012.2.7 20:00,야간,화,1,0,1,차대차,추돌,진행중 추돌,단일로,기타단일로,화물차,화물차
2012.2.3 12:00,주간,금,1,0,0,차대차,기타,기타,단일로,기타단일로,화물차,승용차
2012.6.22 8:00,주간,금,3,4,1,차량단독,도로이탈,도로이탈 기타,단일로,기타단일로,승합차,0
2012.6.8 4:00,야간,금,1,1,0,차대차,추돌,주정차중 추돌,단일로,기타단일로,승용차,화물차
2012.5.22 2:00,야간,화,1,2,1,차대차,추돌,진행중 추돌,단일로,교량위,화물차,화물차
2012.5.5 13:00,주간,토,1,0,1,차대차,추돌,진행중 추돌,단일로,기타단일로,화물차,화물차
2012.5.23 23:00,야간,수,1,0,0,차대차,기타,기타,단일로,기타단일로,화물차,승용차
2012.7.5 7:00,주간,목,1,0,0,차대차,추돌,진행중 추돌,단일로,터널안,화물차,승합차
2012.7.8 22:00,야간,일,1,2,2,차대차,추돌,주정차중 추돌,단일로,기타단일로,화물차,화물차
2012.6.26 6:00,주간,화,1,0,0,차량단독,전도전복,전도전복,단일로,기타단일로,화물차,0
2012.7.26 20:00,야간,목,4,1,8,차대차,추돌,주정차중 추돌,단일로,기타단일로,승합차,승용차
2012.11.15 1:00,야간,목,1,1,3,차대차,추돌,진행중 추돌,단일로,기타단일로,승용차,승용차
2012.11.18 13:00,주간,일,1,1,2,차량단독,공작물충돌,공작물충돌,단일로,기타단일로,승용차,0
2012.12.11 5:00,야간,화,1,0,0,차대차,측면직각충돌,측면직각충돌,단일로,기타단일로,화물차,화물차
2012.8.17 22:00,야간,금,1,0,1,차대차,측면직각충돌,측면직각충돌,단일로,교량위,승용차,화물차
2012.8.26 17:00,주간,일,3,1,0,차량단독,공작물충돌,공작물충돌,단일로,기타단일로,승용차,0
2012.9.4 21:00,야간,화,1,1,1,차량단독,공작물충돌,공작물충돌,단일로,기타단일로,승용차,0
2012.8.28 15:00,주간,화,1,0,0,차대차,추돌,진행중 추돌,단일로,기타단일로,화물차,화물차
2012.8.24 2:00,야간,금,1,1,0,차량단독,공작물충돌,공작물충돌,단일로,기타단일로,승용차,0
2012.12.28 6:00,주간,금,1,0,0,차량단독,전도전복,전도전복,단일로,기타단일로,화물차,0
2012.1.2 7:00,주간,월,1,0,0,차대사람,횡단중,횡단중,단일로,횡단보도상,승합차,보행자
2012.1.3 5:00,야간,화,1,0,0,차량단독,공작물충돌,공작물충돌,단일로,기타단일로,승용차,0
2012.1.5 12:00,주간,목,1,0,0,차대사람,기타,기타,단일로,기타단일로,승용차,보행자
2012.1.13 20:00,야간,금,1,0,0,차량단독,기타,기타,교차로,교차로부근,원동기장치자전거,0
2012.1.12 4:00,야간,목,1,0,0,차대사람,횡단중,횡단중,단일로,횡단보도상,승용차,보행자
2012.1.11 12:00,주간,수,1,0,0,차대사람,기타,기타,단일로,기타단일로,화물차,보행자
2012.1.10 23:00,야간,화,1,2,0,차대차,측면직각충돌,측면직각충돌,단일로,기타단일로,원동기장치자전거,승용차
2012.5.21 14:00,주간,월,1,0,0,차량단독,전도전복,전도전복,단일로,기타단일로,특수차,0
2012.5.2 2:00,야간,수,1,2,0,차량단독,전도전복,전도전복,단일로,기타단일로,승용차,0
2012.4.6 2:00,야간,금,1,0,0,차대사람,길가장자리구역통행중,길가장자리구역통행중,단일로,기타단일로,화물차,보행자
2012.6.8 16:00,주간,금,1,0,0,차량단독,공작물충돌,공작물충돌,단일로,기타단일로,화물차,0
2012.5.27 13:00,주간,일,1,2,4,차량단독,전도전복,전도전복,단일로,기타단일로,승합차,0
2012.5.28 4:00,야간,월,1,0,0,차대차,측면직각충돌,측면직각충돌,단일로,기타단일로,승용차,화물차
2012.7.16 19:00,야간,월,1,0,0,차량단독,공작물충돌,공작물충돌,단일로,기타단일로,화물차,0
2012.6.30 8:00,주간,토,1,0,1,차대차,측면직각충돌,측면직각충돌,단일로,교량위,승용차,승용차
2012.12.11 5:00,야간,화,1,0,0,차대차,추돌,진행중 추돌,단일로,기타단일로,승합차,화물차
2012.1.10 3:00,야간,화,1,4,0,차량단독,도로이탈,도로이탈 추락,단일로,기타단일로,승용차,0
2012.1.7 9:00,주간,토,1,2,0,차대차,추돌,진행중 추돌,단일로,횡단보도상,승용차,승용차
2012.1.11 9:00,주간,수,1,1,0,차대차,측면직각충돌,측면직각충돌,교차로,교차로내,원동기장치자전거,건설기계
2012.1.10 18:00,야간,화,1,0,0,차대사람,횡단중,횡단중,단일로,기타단일로,승용차,보행자
2012.3.18 3:00,야간,일,1,0,0,차대차,추돌,진행중 추돌,단일로,기타단일로,승용차,화물차
2012.2.15 5:00,야간,수,1,10,1,차대차,추돌,진행중 추돌,단일로,기타단일로,승합차,화물차
2012.1.20 2:00,야간,금,1,0,1,차대차,추돌,진행중 추돌,단일로,기타단일로,화물차,화물차
2012.3.20 2:00,야간,화,1,0,2,차대차,추돌,진행중 추돌,단일로,기타단일로,승용차,화물차
2012.2.19 4:00,야간,일,1,0,0,차대차,추돌,진행중 추돌,단일로,기타단일로,화물차,화물차
2012.2.8 6:00,주간,수,1,1,0,차대차,추돌,진행중 추돌,단일로,기타단일로,화물차,불명
2012.4.14 16:00,주간,토,1,0,1,차량단독,기타,기타,단일로,터널안,승용차,0
2012.9.2 1:00,야간,일,1,1,0,차량단독,전도전복,전도전복,단일로,기타단일로,승용차,0
2012.1.1 20:00,야간,일,2,9,1,차대차,정면충돌,정면충돌,단일로,기타단일로,승용차,승용차
2012.1.3 9:00,주간,화,1,0,0,차량단독,전도전복,전도전복,교차로,교차로부근,자전거,0
2012.1.8 18:00,야간,일,1,0,0,차대차,정면충돌,정면충돌,기타/불명,기타/불명,이륜차,화물차
2012.1.5 14:00,주간,목,1,0,0,차량단독,공작물충돌,공작물충돌,단일로,기타단일로,승용차,0
2012.1.5 1:00,야간,목,1,0,0,차량단독,공작물충돌,공작물충돌,교차로,교차로부근,승용차,0
2012.1.12 21:00,야간,목,1,0,0,차대사람,기타,기타,기타/불명,기타/불명,화물차,보행자
2012.1.12 23:00,야간,목,1,0,0,차량단독,공작물충돌,공작물충돌,단일로,기타단일로,승용차,0
2012.1.11 20:00,야간,수,1,0,0,차대사람,횡단중,횡단중,단일로,횡단보도상,승합차,보행자
2012.1.10 19:00,야간,화,1,0,0,차대사람,횡단중,횡단중,단일로,기타단일로,승합차,보행자
2012.3.13 5:00,야간,화,1,1,0,차대차,기타,기타,기타/불명,기타/불명,화물차,승용차
2012.2.25 4:00,야간,토,1,1,0,차대차,정면충돌,정면충돌,단일로,기타단일로,화물차,화물차
2012.2.19 2:00,야간,일,1,0,0,차대차,추돌,진행중 추돌,단일로,기타단일로,승용차,특수차
2012.4.9 4:00,야간,월,1,1,0,차대차,추돌,진행중 추돌,단일로,기타단일로,특수차,건설기계
2012.5.20 5:00,야간,일,1,1,0,차량단독,공작물충돌,공작물충돌,단일로,기타단일로,화물차,0
2012.12.11 10:00,주간,화,1,0,1,차대차,정면충돌,정면충돌,단일로,기타단일로,화물차,승용차
2012.12.15 1:00,야간,토,1,0,0,차량단독,공작물충돌,공작물충돌,단일로,터널안,건설기계,0
2012.11.6 3:00,야간,화,1,1,1,차대차,추돌,진행중 추돌,단일로,기타단일로,승용차,화물차
2012.10.16 17:00,주간,화,1,0,1,차대차,추돌,진행중 추돌,단일로,기타단일로,화물차,화물차
2012.10.11 21:00,야간,목,1,0,1,차대차,추돌,진행중 추돌,단일로,기타단일로,화물차,화물차
2012.8.10 15:00,주간,금,1,0,0,차대차,측면직각충돌,측면직각충돌,단일로,기타단일로,승용차,화물차
2012.1.1 2:00,야간,일,1,0,3,차대차,측면직각충돌,측면직각충돌,교차로,교차로내,승합차,승용차
2012.1.5 1:00,야간,목,1,0,0,차대사람,횡단중,횡단중,교차로,교차로내,화물차,보행자
2012.1.9 5:00,야간,월,1,0,0,차량단독,공작물충돌,공작물충돌,단일로,기타단일로,원동기장치자전거,0
2012.1.8 12:00,주간,일,1,1,0,차량단독,공작물충돌,공작물충돌,단일로,기타단일로,승합차,0
2012.1.9 0:00,야간,월,1,0,0,차량단독,공작물충돌,공작물충돌,단일로,기타단일로,승용차,0
2012.1.6 16:00,주간,금,1,0,0,차대차,측면직각충돌,측면직각충돌,단일로,기타단일로,자전거,승합차
2012.1.13 15:00,주간,금,1,0,1,차대차,측면직각충돌,측면직각충돌,교차로,교차로내,승용차,승용차
2012.12.28 8:00,주간,금,1,0,0,차량단독,전도전복,전도전복,단일로,기타단일로,특수차,0
2012.11.26 8:00,주간,월,1,0,0,차대차,추돌,진행중 추돌,단일로,기타단일로,승용차,화물차
2012.9.11 4:00,야간,화,1,1,1,차대차,추돌,진행중 추돌,단일로,기타단일로,화물차,화물차
2012.12.26 19:00,야간,수,1,1,1,차량단독,전도전복,전도전복,단일로,기타단일로,승용차,0
2012.1.2 15:00,주간,월,1,1,0,차대차,정면충돌,정면충돌,단일로,기타단일로,승용차,화물차
2012.1.2 18:00,야간,월,1,0,0,차대사람,횡단중,횡단중,교차로,교차로부근,승합차,보행자
2012.1.8 16:00,주간,일,1,1,0,차대사람,길가장자리구역통행중,길가장자리구역통행중,단일로,기타단일로,승용차,보행자
2012.1.10 7:00,주간,화,1,0,0,차대사람,횡단중,횡단중,단일로,기타단일로,승용차,보행자
2012.1.9 18:00,야간,월,1,0,0,차대차,기타,기타,단일로,기타단일로,건설기계,화물차
2012.5.26 21:00,야간,토,1,0,0,차량단독,공작물충돌,공작물충돌,단일로,기타단일로,승합차,0
2012.4.30 17:00,주간,월,1,0,10,차대차,기타,기타,단일로,기타단일로,화물차,승용차
2012.3.2 1:00,야간,금,1,0,0,차대차,추돌,진행중 추돌,단일로,기타단일로,화물차,특수차
2012.1.26 19:00,야간,목,1,1,0,차대차,정면충돌,정면충돌,단일로,기타단일로,승용차,특수차
2012.2.6 6:00,주간,월,1,0,1,차대차,추돌,진행중 추돌,단일로,기타단일로,화물차,화물차
2012.1.2 5:00,야간,월,1,0,1,차대차,추돌,진행중 추돌,단일로,기타단일로,승용차,승용차
2012.1.26 13:00,주간,목,1,0,0,차량단독,공작물충돌,공작물충돌,단일로,기타단일로,승용차,0
2012.1.18 11:00,주간,수,1,0,0,차대차,추돌,주정차중 추돌,단일로,기타단일로,화물차,화물차
2012.3.22 22:00,야간,목,1,0,0,차대차,추돌,진행중 추돌,단일로,교량위,승용차,승용차
2012.6.2 12:00,주간,토,1,0,0,차량단독,도로이탈,도로이탈 추락,단일로,기타단일로,화물차,0
2012.6.5 20:00,야간,화,1,0,2,차대차,추돌,주정차중 추돌,기타/불명,기타/불명,특수차,화물차
2012.7.7 4:00,야간,토,2,3,6,차대차,추돌,진행중 추돌,단일로,기타단일로,승합차,승용차
2012.7.22 0:00,야간,일,1,0,0,차대사람,횡단중,횡단중,단일로,기타단일로,승용차,보행자
2012.7.19 11:00,주간,목,1,0,0,차량단독,공작물충돌,공작물충돌,단일로,터널안,화물차,0
2012.6.26 14:00,주간,화,2,0,0,차량단독,공작물충돌,공작물충돌,기타/불명,기타/불명,승용차,0
2012.8.5 3:00,야간,일,1,1,0,차대차,기타,기타,단일로,기타단일로,불명,승용차
2012.12.5 6:00,주간,수,1,0,0,차량단독,공작물충돌,공작물충돌,단일로,기타단일로,승용차,0
2012.12.20 12:00,주간,목,1,0,0,차량단독,공작물충돌,공작물충돌,단일로,기타단일로,화물차,0
2012.10.17 21:00,야간,수,3,26,6,차대차,측면직각충돌,측면직각충돌,단일로,기타단일로,승합차,승용차
2012.11.17 15:00,주간,토,1,2,6,차대차,측면직각충돌,측면직각충돌,단일로,기타단일로,승용차,승합차
2012.12.24 19:00,야간,월,1,5,0,차량단독,전도전복,전도전복,단일로,기타단일로,화물차,0
2012.5.11 18:00,야간,금,1,2,0,차대차,추돌,진행중 추돌,단일로,기타단일로,화물차,화물차
2012.5.12 7:00,주간,토,1,0,0,차량단독,기타,기타,단일로,기타단일로,이륜차,0
2012.5.11 12:00,주간,금,1,0,1,차대차,측면직각충돌,측면직각충돌,교차로,교차로내,승용차,화물차
2012.5.10 2:00,야간,목,1,0,0,차대사람,횡단중,횡단중,단일로,기타단일로,승용차,보행자
2012.5.16 20:00,야간,수,1,0,1,차대차,추돌,진행중 추돌,단일로,기타단일로,화물차,화물차
2012.5.16 6:00,주간,수,1,0,0,차량단독,공작물충돌,공작물충돌,단일로,기타단일로,승용차,0
2012.5.14 10:00,주간,월,1,0,0,차량단독,기타,기타,단일로,기타단일로,화물차,0
2012.5.21 3:00,야간,월,1,0,0,차대차,측면직각충돌,측면직각충돌,교차로,교차로부근,승용차,승용차
2012.5.20 14:00,주간,일,1,0,0,차량단독,공작물충돌,공작물충돌,단일로,기타단일로,이륜차,0
2012.5.20 18:00,야간,일,1,0,1,차량단독,공작물충돌,공작물충돌,단일로,기타단일로,승용차,0
2012.5.21 4:00,야간,월,1,0,0,차대차,추돌,진행중 추돌,단일로,기타단일로,승용차,농기계
2012.5.22 6:00,주간,화,1,0,0,차대사람,횡단중,횡단중,교차로,교차로부근,화물차,보행자
2012.5.21 11:00,주간,월,1,0,0,차대차,측면직각충돌,측면직각충돌,단일로,기타단일로,이륜차,화물차
2012.5.27 5:00,야간,일,1,1,2,차대차,추돌,주정차중 추돌,단일로,기타단일로,승용차,특수차
2012.5.25 8:00,주간,금,1,2,2,차대차,측면직각충돌,측면직각충돌,교차로,교차로내,승용차,승합차
2012.5.25 8:00,주간,금,1,0,0,차대사람,차도통행중,차도통행중,단일로,기타단일로,승용차,보행자
2012.5.26 0:00,야간,토,1,0,0,차량단독,전도전복,전도전복,단일로,기타단일로,승용차,0
2012.6.2 3:00,야간,토,1,0,0,차대사람,횡단중,횡단중,단일로,기타단일로,승용차,보행자
2012.6.1 12:00,주간,금,1,0,0,차량단독,공작물충돌,공작물충돌,단일로,기타단일로,승용차,0
2012.6.7 3:00,야간,목,1,0,0,차대사람,기타,기타,단일로,기타단일로,승용차,보행자
2012.6.3 5:00,야간,일,1,0,2,차량단독,공작물충돌,공작물충돌,단일로,기타단일로,승용차,0
2012.6.4 8:00,주간,월,1,0,0,차대차,추돌,진행중 추돌,단일로,기타단일로,승용차,원동기장치자전거
2012.6.9 9:00,주간,토,1,7,10,차대차,정면충돌,정면충돌,단일로,기타단일로,화물차,승합차
2012.6.9 13:00,주간,토,1,1,0,차대차,측면직각충돌,측면직각충돌,교차로,교차로내,승용차,원동기장치자전거
2012.6.8 15:00,주간,금,1,0,0,차대차,측면직각충돌,측면직각충돌,교차로,교차로내,화물차,승용차
2012.6.8 14:00,주간,금,1,0,0,차대차,측면직각충돌,측면직각충돌,단일로,기타단일로,원동기장치자전거,승용차
2012.6.7 22:00,야간,목,1,0,0,차량단독,공작물충돌,공작물충돌,단일로,기타단일로,승용차,0
2012.6.8 5:00,야간,금,1,1,0,차대차,측면직각충돌,측면직각충돌,고가도로위,고가도로위,승용차,승합차
2012.6.7 7:00,주간,목,1,0,0,차대차,추돌,주정차중 추돌,단일로,기타단일로,원동기장치자전거,화물차
2012.4.27 20:00,야간,금,1,1,0,차대차,기타,기타,단일로,기타단일로,승용차,농기계
2012.4.25 0:00,야간,수,1,0,0,차대사람,차도통행중,차도통행중,단일로,기타단일로,승용차,보행자
2012.4.25 6:00,주간,수,1,1,0,차대차,정면충돌,정면충돌,교차로,교차로내,승용차,건설기계
2012.4.30 9:00,주간,월,1,0,0,차대사람,차도통행중,차도통행중,단일로,기타단일로,화물차,보행자
2012.4.30 21:00,야간,월,1,0,0,차량단독,공작물충돌,공작물충돌,단일로,기타단일로,승용차,0
2012.4.27 21:00,야간,금,1,1,0,차대차,측면직각충돌,측면직각충돌,교차로,교차로내,승용차,이륜차
2012.5.4 10:00,주간,금,1,0,2,차대차,측면직각충돌,측면직각충돌,교차로,교차로내,승합차,승용차
2012.5.4 20:00,야간,금,1,0,3,차대차,정면충돌,정면충돌,단일로,기타단일로,화물차,화물차
2012.5.2 13:00,주간,수,1,0,1,차대차,정면충돌,정면충돌,단일로,기타단일로,승용차,화물차
2012.5.2 23:00,야간,수,1,0,0,차량단독,공작물충돌,공작물충돌,단일로,기타단일로,승용차,0
2012.5.1 23:00,야간,화,1,0,0,차대사람,횡단중,횡단중,교차로,교차로부근,승합차,보행자
2012.5.1 21:00,야간,화,1,0,0,차대사람,횡단중,횡단중,단일로,기타단일로,승용차,보행자
2012.5.6 15:00,주간,일,1,0,0,차량단독,전도전복,전도전복,단일로,기타단일로,이륜차,0
2012.5.13 21:00,야간,일,1,0,0,차대차,기타,기타,단일로,기타단일로,승용차,이륜차
2012.5.10 16:00,주간,목,1,0,0,차량단독,공작물충돌,공작물충돌,단일로,기타단일로,승용차,0
2012.5.16 0:00,야간,수,1,0,0,차량단독,기타,기타,단일로,기타단일로,원동기장치자전거,0
2012.5.15 19:00,야간,화,1,0,0,차대사람,기타,기타,단일로,기타단일로,승용차,보행자
2012.5.23 22:00,야간,수,1,0,0,차대사람,횡단중,횡단중,단일로,횡단보도상,화물차,보행자
2012.5.23 22:00,야간,수,1,0,0,차대사람,기타,기타,단일로,기타단일로,승용차,보행자
2012.5.24 21:00,야간,목,1,0,0,차대사람,횡단중,횡단중,단일로,횡단보도상,승용차,보행자
2012.5.23 6:00,주간,수,1,0,0,차대차,기타,기타,교차로,교차로내,승용차,자전거
2012.5.27 22:00,야간,일,2,0,0,차대사람,횡단중,횡단중,단일로,횡단보도부근,승합차,보행자
2012.5.26 2:00,야간,토,2,0,0,차량단독,전도전복,전도전복,교차로,교차로부근,이륜차,0
2012.5.26 19:00,야간,토,1,0,0,차대차,측면직각충돌,측면직각충돌,교차로,교차로내,승용차,원동기장치자전거
2012.5.31 19:00,야간,목,1,0,0,차대사람,기타,기타,단일로,기타단일로,승합차,보행자
2012.5.31 23:00,야간,목,1,0,0,차대사람,기타,기타,단일로,기타단일로,자전거,보행자
2012.5.30 10:00,주간,수,1,0,1,차대차,추돌,진행중 추돌,교차로,교차로부근,화물차,승용차
2012.5.31 8:00,주간,목,1,1,1,차대차,추돌,주정차중 추돌,단일로,기타단일로,승용차,승용차
2012.5.31 4:00,야간,목,1,0,0,차대차,추돌,진행중 추돌,교차로,교차로부근,승용차,화물차
2012.6.6 10:00,주간,수,1,0,0,차대차,측면직각충돌,측면직각충돌,교차로,교차로부근,자전거,승용차
2012.6.5 18:00,야간,화,1,0,0,차대차,측면직각충돌,측면직각충돌,교차로,교차로내,건설기계,이륜차
2012.6.11 10:00,주간,월,1,0,0,차대사람,횡단중,횡단중,교차로,교차로부근,건설기계,보행자
2012.6.10 18:00,야간,일,1,0,1,차대차,측면직각충돌,측면직각충돌,교차로,교차로내,원동기장치자전거,승용차
2012.6.9 6:00,주간,토,1,0,0,차량단독,전도전복,전도전복,단일로,기타단일로,원동기장치자전거,0
2012.6.8 20:00,야간,금,1,0,0,차대사람,기타,기타,단일로,기타단일로,승용차,보행자
2012.6.9 3:00,야간,토,1,0,0,차량단독,공작물충돌,공작물충돌,교차로,교차로부근,승용차,0
2012.6.12 16:00,주간,화,1,0,0,차대차,측면직각충돌,측면직각충돌,단일로,기타단일로,건설기계,이륜차
2012.6.13 4:00,야간,수,1,0,0,차량단독,공작물충돌,공작물충돌,단일로,기타단일로,승용차,0
2012.4.26 8:00,주간,목,1,0,0,차대차,측면직각충돌,측면직각충돌,교차로,교차로내,화물차,자전거
2012.4.27 12:00,주간,금,1,0,0,차대사람,횡단중,횡단중,단일로,횡단보도부근,화물차,보행자
2012.4.26 3:00,야간,목,1,0,0,차대사람,기타,기타,단일로,횡단보도상,승용차,보행자
2012.4.25 14:00,주간,수,1,1,0,차량단독,공작물충돌,공작물충돌,단일로,기타단일로,승용차,0
2012.5.1 1:00,야간,화,1,0,0,차대사람,기타,기타,단일로,기타단일로,승용차,보행자
2012.4.30 5:00,야간,월,1,0,0,차량단독,공작물충돌,공작물충돌,단일로,기타단일로,승용차,0
2012.4.30 8:00,주간,월,1,0,2,차대차,추돌,진행중 추돌,단일로,기타단일로,승용차,승용차
2012.4.28 13:00,주간,토,1,1,3,차대차,정면충돌,정면충돌,단일로,기타단일로,승용차,승합차
2012.4.29 17:00,주간,일,2,3,0,차량단독,공작물충돌,공작물충돌,단일로,기타단일로,화물차,0
2012.5.5 10:00,주간,토,1,0,0,차대차,기타,기타,교차로,교차로내,원동기장치자전거,화물차
2012.5.5 8:00,주간,토,1,0,0,차대사람,기타,기타,단일로,기타단일로,화물차,보행자
2012.5.3 2:00,야간,목,1,0,0,차대사람,기타,기타,단일로,기타단일로,화물차,보행자
2012.5.3 8:00,주간,목,1,0,0,차대차,추돌,진행중 추돌,단일로,기타단일로,승용차,자전거
2012.5.6 19:00,야간,일,1,0,0,차량단독,전도전복,전도전복,단일로,기타단일로,이륜차,0
2012.5.6 23:00,야간,일,1,0,0,차대차,추돌,주정차중 추돌,단일로,기타단일로,화물차,화물차
2012.5.6 20:00,야간,일,1,0,0,차대차,추돌,진행중 추돌,단일로,기타단일로,이륜차,화물차
2012.5.5 13:00,주간,토,1,0,0,차량단독,전도전복,전도전복,교차로,교차로부근,화물차,0
2012.5.13 5:00,야간,일,1,0,0,차량단독,전도전복,전도전복,기타/불명,기타/불명,원동기장치자전거,0
2012.5.13 9:00,주간,일,1,0,1,차대차,측면직각충돌,측면직각충돌,교차로,교차로내,원동기장치자전거,승용차
2012.5.13 16:00,주간,일,1,0,0,차대차,정면충돌,정면충돌,단일로,기타단일로,이륜차,화물차
2012.5.15 10:00,주간,화,1,0,0,차량단독,전도전복,전도전복,단일로,기타단일로,승용차,0
2012.5.15 20:00,야간,화,1,1,0,차대사람,기타,기타,단일로,횡단보도상,승용차,보행자
2012.5.19 23:00,야간,토,1,0,0,차대사람,횡단중,횡단중,단일로,기타단일로,승용차,보행자
2012.5.20 23:00,야간,일,1,0,0,차대사람,차도통행중,차도통행중,단일로,기타단일로,화물차,보행자