발생년월일시,주야,요일,사망자수,중상자수,경상자수,사고유형_대분류,사고유형_중분류,사고유형,도로형태_대분류,도로형태,당사자종별_1당_대분류,당사자종별_2당_대분류
2012.5.20 15:00,주간,일,1,0,0,차대사람,횡단중,횡단중,교차로,교차로부근,승용차,보행자
2012.5.19 14:00,주간,토,4,1,7,차대차,기타,기타,교차로,교차로부근,건설기계,승용차
2012.5.25 18:00,야간,금,1,0,0,차량단독,도로이탈,도로이탈 추락,단일로,기타단일로,승용차,0
2012.5.24 9:00,주간,목,1,0,1,차대차,기타,기타,교차로,교차로부근,승용차,승합차
2012.5.28 4:00,야간,월,1,0,0,차량단독,공작물충돌,공작물충돌,단일로,횡단보도부근,화물차,0
2012.5.26 20:00,야간,토,1,0,0,차대사람,횡단중,횡단중,교차로,교차로부근,화물차,보행자
2012.5.26 20:00,야간,토,1,0,0,차대차,측면직각충돌,측면직각충돌,교차로,교차로부근,자전거,승용차
2012.5.26 4:00,야간,토,1,2,1,차대차,정면충돌,정면충돌,단일로,기타단일로,승용차,화물차
2012.5.26 7:00,주간,토,1,0,0,차대차,추돌,진행중 추돌,단일로,기타단일로,승용차,이륜차
2012.5.25 22:00,야간,금,1,0,0,차대사람,차도통행중,차도통행중,단일로,기타단일로,승용차,보행자
2012.5.30 18:00,야간,수,1,4,0,차량단독,공작물충돌,공작물충돌,단일로,기타단일로,화물차,0
2012.5.29 17:00,주간,화,2,0,1,차대차,정면충돌,정면충돌,단일로,기타단일로,승용차,승용차
2012.5.29 20:00,야간,화,1,0,0,차대차,추돌,진행중 추돌,단일로,기타단일로,승용차,농기계
2012.6.5 18:00,야간,화,1,0,1,차대차,측면직각충돌,측면직각충돌,교차로,교차로내,승합차,자전거
2012.6.3 14:00,주간,일,1,0,0,차대차,기타,기타,교차로,교차로내,이륜차,승용차
2012.6.9 22:00,야간,토,1,0,0,차량단독,전도전복,전도전복,단일로,기타단일로,화물차,0
2012.6.9 19:00,야간,토,1,1,1,차대차,추돌,진행중 추돌,단일로,기타단일로,승용차,화물차
2012.6.13 16:00,주간,수,1,1,1,차대사람,기타,기타,단일로,횡단보도상,승용차,보행자
2012.4.26 19:00,야간,목,1,1,1,차대차,측면직각충돌,측면직각충돌,교차로,교차로내,승용차,화물차
2012.4.26 20:00,야간,목,1,1,0,차대차,측면직각충돌,측면직각충돌,단일로,기타단일로,승용차,화물차
2012.11.10 10:00,주간,토,1,0,0,차대차,측면직각충돌,측면직각충돌,단일로,기타단일로,화물차,승용차
2012.1.1 2:00,야간,일,1,0,0,차대사람,횡단중,횡단중,교차로,교차로부근,승용차,보행자
2012.1.3 7:00,주간,화,1,0,1,차대차,기타,기타,단일로,기타단일로,승용차,이륜차
2012.1.3 20:00,야간,화,1,0,0,차대사람,횡단중,횡단중,교차로,교차로내,승용차,보행자
2012.1.8 15:00,주간,일,1,2,0,차량단독,공작물충돌,공작물충돌,단일로,기타단일로,승용차,0
2012.5.29 18:00,야간,화,1,0,0,차대차,기타,기타,교차로,교차로내,자전거,승합차
2012.6.1 18:00,야간,금,1,0,0,차대사람,횡단중,횡단중,단일로,기타단일로,승용차,보행자
2012.6.5 10:00,주간,화,1,0,0,차대사람,차도통행중,차도통행중,교차로,교차로내,화물차,보행자
2012.6.6 2:00,야간,수,1,0,0,차량단독,공작물충돌,공작물충돌,단일로,기타단일로,이륜차,0
2012.6.4 8:00,주간,월,1,0,1,차대차,기타,기타,단일로,기타단일로,승용차,원동기장치자전거
2012.6.3 19:00,야간,일,1,0,0,차대사람,횡단중,횡단중,교차로,교차로내,승용차,보행자
2012.6.10 22:00,야간,일,1,0,0,차대사람,보도통행중,보도통행중,단일로,기타단일로,승용차,보행자
2012.6.10 17:00,주간,일,1,0,0,차대사람,횡단중,횡단중,교차로,교차로내,화물차,보행자
2012.6.10 10:00,주간,일,1,3,0,차량단독,전도전복,전도전복,단일로,기타단일로,승용차,0
2012.6.8 17:00,주간,금,1,0,0,차대차,정면충돌,정면충돌,단일로,기타단일로,화물차,자전거
2012.6.8 22:00,야간,금,1,0,0,차대차,측면직각충돌,측면직각충돌,교차로,교차로내,승합차,자전거
2012.6.7 5:00,야간,목,1,0,0,차량단독,공작물충돌,공작물충돌,단일로,기타단일로,승용차,0
2012.6.8 17:00,주간,금,1,0,0,차량단독,도로이탈,도로이탈 추락,단일로,기타단일로,화물차,0
2012.4.25 8:00,주간,수,1,0,0,차대사람,횡단중,횡단중,단일로,횡단보도상,화물차,보행자
2012.4.23 18:00,야간,월,1,0,0,차량단독,공작물충돌,공작물충돌,단일로,기타단일로,승용차,0
2012.4.30 18:00,야간,월,1,0,0,차대차,측면직각충돌,측면직각충돌,교차로,교차로내,승용차,이륜차
2012.5.1 18:00,야간,화,1,0,0,차대차,정면충돌,정면충돌,단일로,기타단일로,자전거,자전거
2012.4.29 9:00,주간,일,1,0,0,차대사람,기타,기타,교차로,교차로내,승용차,보행자
2012.5.3 13:00,주간,목,1,0,0,차대사람,횡단중,횡단중,단일로,횡단보도상,승용차,보행자
2012.5.3 1:00,야간,목,1,0,0,차량단독,공작물충돌,공작물충돌,단일로,기타단일로,이륜차,0
2012.5.8 22:00,야간,화,1,0,0,차대사람,횡단중,횡단중,단일로,횡단보도부근,승용차,보행자
2012.5.9 21:00,야간,수,1,0,0,차대사람,횡단중,횡단중,교차로,교차로내,승용차,보행자
2012.5.5 10:00,주간,토,1,0,0,차대차,추돌,진행중 추돌,단일로,기타단일로,원동기장치자전거,건설기계
2012.5.11 6:00,주간,금,1,0,0,차량단독,전도전복,전도전복,교차로,교차로부근,원동기장치자전거,0
2012.5.10 23:00,야간,목,1,1,0,차대차,추돌,진행중 추돌,교차로,교차로내,승용차,승용차
2012.5.15 14:00,주간,화,1,0,0,차대사람,횡단중,횡단중,교차로,교차로부근,승합차,보행자
2012.5.21 13:00,주간,월,1,2,0,차대차,정면충돌,정면충돌,단일로,횡단보도부근,승용차,승용차
2012.5.21 14:00,주간,월,1,0,0,차대사람,기타,기타,기타/불명,기타/불명,승용차,보행자
2012.5.18 18:00,야간,금,1,0,0,차량단독,공작물충돌,공작물충돌,단일로,기타단일로,승용차,0
2012.5.24 20:00,야간,목,1,0,0,차대사람,기타,기타,단일로,기타단일로,원동기장치자전거,보행자
2012.5.28 5:00,야간,월,1,0,0,차량단독,공작물충돌,공작물충돌,단일로,기타단일로,승용차,0
2012.6.2 4:00,야간,토,1,0,0,차대사람,횡단중,횡단중,단일로,기타단일로,승용차,보행자
2012.6.1 20:00,야간,금,1,0,0,차대차,측면직각충돌,측면직각충돌,교차로,교차로내,화물차,이륜차
2012.6.5 19:00,야간,화,1,1,1,차대차,정면충돌,정면충돌,단일로,기타단일로,승용차,승용차
2012.6.4 13:00,주간,월,1,0,0,차량단독,도로이탈,도로이탈 추락,단일로,기타단일로,원동기장치자전거,0
2012.6.11 8:00,주간,월,1,0,0,차대차,기타,기타,단일로,횡단보도부근,이륜차,승용차
2012.6.8 6:00,주간,금,1,2,0,차대차,추돌,진행중 추돌,교차로,교차로부근,승용차,농기계
2012.4.26 7:00,주간,목,1,0,0,차대차,추돌,진행중 추돌,단일로,기타단일로,승합차,자전거
2012.4.26 10:00,주간,목,1,0,0,차대사람,기타,기타,기타/불명,기타/불명,승용차,보행자
2012.4.26 3:00,야간,목,1,0,0,차대사람,횡단중,횡단중,단일로,횡단보도상,화물차,보행자
2012.5.1 9:00,주간,화,1,0,0,차대차,기타,기타,교차로,교차로부근,승합차,이륜차
2012.5.1 20:00,야간,화,1,1,0,차대사람,횡단중,횡단중,단일로,기타단일로,승용차,보행자
2012.4.29 11:00,주간,일,1,0,0,차대차,측면직각충돌,측면직각충돌,단일로,기타단일로,화물차,이륜차
2012.4.28 18:00,야간,토,1,0,4,차대차,측면직각충돌,측면직각충돌,교차로,교차로내,승용차,승합차
2012.5.4 1:00,야간,금,1,0,0,차대사람,기타,기타,단일로,기타단일로,승용차,보행자
2012.5.3 16:00,주간,목,1,0,0,차대사람,횡단중,횡단중,교차로,교차로내,승합차,보행자
2012.5.3 2:00,야간,목,1,0,0,차량단독,공작물충돌,공작물충돌,단일로,기타단일로,승용차,0
2012.5.8 8:00,주간,화,4,3,1,차대차,기타,기타,단일로,기타단일로,승용차,승합차
2012.6.9 2:00,야간,토,1,1,1,차대차,정면충돌,정면충돌,교차로,교차로내,이륜차,승용차
2012.6.15 2:00,야간,금,1,0,0,차대사람,횡단중,횡단중,교차로,교차로부근,승용차,보행자
2012.4.27 11:00,주간,금,1,0,0,차대차,측면직각충돌,측면직각충돌,단일로,기타단일로,승용차,이륜차
2012.4.26 19:00,야간,목,1,0,0,차량단독,공작물충돌,공작물충돌,교차로,교차로내,승용차,0
2012.4.27 20:00,야간,금,1,0,1,차대차,추돌,주정차중 추돌,단일로,기타단일로,원동기장치자전거,농기계
2012.4.27 12:00,주간,금,1,0,0,차대사람,기타,기타,단일로,기타단일로,화물차,보행자
2012.4.24 22:00,야간,화,1,0,0,차대사람,기타,기타,단일로,기타단일로,승용차,보행자
2012.4.25 0:00,야간,수,1,0,0,차대사람,횡단중,횡단중,단일로,기타단일로,승용차,보행자
2012.4.24 19:00,야간,화,1,0,0,차량단독,전도전복,전도전복,단일로,기타단일로,원동기장치자전거,0
2012.4.30 23:00,야간,월,1,0,0,차대사람,기타,기타,단일로,기타단일로,승합차,보행자
2012.4.30 17:00,주간,월,1,0,0,차대차,기타,기타,교차로,교차로내,승용차,이륜차
2012.4.27 17:00,주간,금,1,4,0,차량단독,도로이탈,도로이탈 추락,단일로,기타단일로,화물차,0
2012.4.28 3:00,야간,토,1,0,0,차량단독,공작물충돌,공작물충돌,단일로,기타단일로,승용차,0
2012.4.27 20:00,야간,금,1,0,0,차량단독,도로이탈,도로이탈 추락,교차로,교차로부근,원동기장치자전거,0
2012.5.4 13:00,주간,금,1,0,0,차대사람,기타,기타,단일로,기타단일로,화물차,보행자
2012.5.4 10:00,주간,금,1,0,3,차대차,측면직각충돌,측면직각충돌,단일로,기타단일로,승합차,화물차
2012.5.2 16:00,주간,수,1,0,0,차대차,측면직각충돌,측면직각충돌,단일로,횡단보도상,화물차,자전거
2012.5.2 10:00,주간,수,1,0,0,차대차,기타,기타,기타/불명,기타/불명,화물차,농기계
2012.5.9 13:00,주간,수,1,0,0,차량단독,도로이탈,도로이탈 기타,단일로,기타단일로,원동기장치자전거,0
2012.5.5 12:00,주간,토,1,0,0,차대차,기타,기타,교차로,교차로내,승용차,이륜차
2012.5.5 16:00,주간,토,1,0,0,차량단독,기타,기타,단일로,기타단일로,농기계,0
2012.5.5 12:00,주간,토,1,0,0,차량단독,전도전복,전도전복,단일로,기타단일로,이륜차,0
2012.5.12 20:00,야간,토,1,0,0,차대사람,보도통행중,보도통행중,교차로,교차로부근,승용차,보행자
2012.5.11 18:00,야간,금,1,0,0,차대차,측면직각충돌,측면직각충돌,교차로,교차로내,화물차,자전거
2012.5.16 18:00,야간,수,1,0,0,차대사람,기타,기타,단일로,기타단일로,화물차,보행자
2012.5.16 2:00,야간,수,1,0,0,차량단독,공작물충돌,공작물충돌,단일로,기타단일로,승용차,0
2012.5.19 8:00,주간,토,1,0,0,차대사람,기타,기타,교차로,교차로부근,화물차,보행자
2012.5.19 11:00,주간,토,1,0,0,차량단독,기타,기타,단일로,기타단일로,농기계,0
2012.5.23 15:00,주간,수,1,0,1,차대차,정면충돌,정면충돌,교차로,교차로내,화물차,화물차
2012.5.22 22:00,야간,화,1,0,0,차대사람,횡단중,횡단중,단일로,횡단보도상,승용차,보행자
2012.5.23 15:00,주간,수,1,1,0,차대차,측면직각충돌,측면직각충돌,교차로,교차로내,건설기계,이륜차
2012.5.27 16:00,주간,일,1,0,0,차대차,측면직각충돌,측면직각충돌,교차로,교차로내,원동기장치자전거,승용차
2012.5.27 0:00,야간,일,1,1,0,차량단독,공작물충돌,공작물충돌,단일로,기타단일로,승용차,0
2012.5.26 1:00,야간,토,1,0,0,차대차,정면충돌,정면충돌,단일로,기타단일로,승용차,승용차
2012.5.29 21:00,야간,화,1,0,0,차대차,측면직각충돌,측면직각충돌,단일로,기타단일로,승합차,자전거
2012.6.6 19:00,야간,수,1,0,0,차대차,측면직각충돌,측면직각충돌,교차로,교차로내,이륜차,승합차
2012.6.15 2:00,야간,금,1,0,0,차대사람,기타,기타,단일로,기타단일로,승용차,보행자
2012.6.15 12:00,주간,금,1,2,0,차대차,측면직각충돌,측면직각충돌,교차로,교차로내,승용차,승용차
2012.4.24 10:00,주간,화,1,0,0,차대차,정면충돌,정면충돌,단일로,기타단일로,승용차,이륜차
2012.5.5 2:00,야간,토,1,0,1,차대차,기타,기타,단일로,기타단일로,승용차,이륜차
2012.5.4 8:00,주간,금,1,0,0,차량단독,기타,기타,단일로,기타단일로,이륜차,0
2012.5.3 18:00,야간,목,1,0,0,차대사람,횡단중,횡단중,교차로,교차로부근,승합차,보행자
2012.5.3 1:00,야간,목,1,0,3,차대차,정면충돌,정면충돌,교차로,교차로내,이륜차,승용차
2012.5.7 14:00,주간,월,1,0,0,차량단독,공작물충돌,공작물충돌,단일로,기타단일로,승용차,0
2012.5.12 22:00,야간,토,1,0,0,차대사람,기타,기타,교차로,교차로내,승합차,보행자
2012.5.14 21:00,야간,월,1,0,0,차대사람,기타,기타,단일로,기타단일로,승용차,보행자
2012.5.14 18:00,야간,월,1,1,0,차대차,추돌,주정차중 추돌,교차로,교차로부근,화물차,화물차
2012.5.22 23:00,야간,화,1,0,0,차량단독,공작물충돌,공작물충돌,단일로,기타단일로,화물차,0
2012.5.22 15:00,주간,화,1,0,0,차대차,정면충돌,정면충돌,단일로,기타단일로,특수차,화물차
2012.5.22 6:00,주간,화,1,1,0,차량단독,도로이탈,도로이탈 추락,단일로,기타단일로,승용차,0
2012.5.22 12:00,주간,화,1,0,0,차대차,측면직각충돌,측면직각충돌,교차로,교차로내,농기계,화물차
2012.5.29 8:00,주간,화,1,0,0,차대사람,횡단중,횡단중,단일로,기타단일로,승합차,보행자
2012.5.28 7:00,주간,월,1,1,0,차량단독,공작물충돌,공작물충돌,교차로,교차로내,화물차,0
2012.5.25 10:00,주간,금,1,0,0,차대사람,차도통행중,차도통행중,단일로,기타단일로,화물차,보행자
2012.5.30 20:00,야간,수,1,0,0,차대사람,기타,기타,단일로,횡단보도상,승용차,보행자
2012.5.30 4:00,야간,수,2,0,0,차대사람,차도통행중,차도통행중,단일로,기타단일로,승용차,보행자
2012.6.6 10:00,주간,수,1,0,0,차대사람,횡단중,횡단중,단일로,횡단보도상,승용차,보행자
2012.6.5 11:00,주간,화,1,0,0,차량단독,전도전복,전도전복,기타/불명,기타/불명,이륜차,0
2012.6.5 17:00,주간,화,1,0,0,차대차,추돌,진행중 추돌,단일로,기타단일로,화물차,화물차
2012.6.4 18:00,야간,월,1,0,0,차대사람,횡단중,횡단중,단일로,기타단일로,화물차,보행자
2012.6.4 14:00,주간,월,1,0,1,차대차,추돌,진행중 추돌,단일로,기타단일로,화물차,화물차
2012.6.10 13:00,주간,일,1,0,0,차량단독,공작물충돌,공작물충돌,단일로,기타단일로,승용차,0
2012.6.9 0:00,야간,토,1,0,0,차량단독,전도전복,전도전복,단일로,기타단일로,승용차,0
2012.6.14 5:00,야간,목,1,0,0,차대사람,횡단중,횡단중,단일로,기타단일로,승합차,보행자
2012.6.13 23:00,야간,수,1,0,0,차량단독,도로이탈,도로이탈 기타,기타/불명,기타/불명,이륜차,0
2012.6.15 0:00,야간,금,1,1,0,차대사람,횡단중,횡단중,교차로,교차로부근,승용차,보행자
2012.6.14 13:00,주간,토,1,0,0,차대사람,기타,기타,단일로,기타단일로,화물차,보행자
2012.6.13 19:00,야간,수,1,0,0,차대차,측면직각충돌,측면직각충돌,교차로,교차로내,화물차,이륜차
2012.4.26 21:00,야간,목,1,0,0,차량단독,공작물충돌,공작물충돌,기타/불명,기타/불명,화물차,0
2012.4.25 13:00,주간,수,1,0,0,차대차,측면직각충돌,측면직각충돌,교차로,교차로내,승용차,승합차
2012.4.25 20:00,야간,수,1,0,0,차대차,기타,기타,기타/불명,기타/불명,승용차,승용차
2012.4.24 19:00,야간,화,1,0,0,차대차,추돌,진행중 추돌,단일로,기타단일로,승용차,자전거
2012.4.24 17:00,주간,화,1,0,0,차대차,정면충돌,정면충돌,단일로,기타단일로,승용차,원동기장치자전거
2012.5.1 12:00,주간,화,1,0,0,차량단독,공작물충돌,공작물충돌,단일로,기타단일로,승용차,0
2012.4.28 16:00,주간,토,1,0,0,차대사람,횡단중,횡단중,단일로,기타단일로,승용차,보행자
2012.5.1 9:00,주간,화,1,0,0,차량단독,공작물충돌,공작물충돌,교차로,교차로부근,승용차,0
2012.5.3 12:00,주간,목,1,0,0,차량단독,기타,기타,단일로,기타단일로,이륜차,0
2012.5.11 18:00,야간,금,1,0,0,차대사람,횡단중,횡단중,단일로,횡단보도상,승용차,보행자
2012.5.12 1:00,야간,토,1,2,0,차대차,추돌,진행중 추돌,단일로,기타단일로,승용차,승용차
2012.5.12 10:00,주간,토,1,0,0,차량단독,기타,기타,단일로,기타단일로,화물차,0
2012.5.13 13:00,주간,일,1,0,0,차량단독,공작물충돌,공작물충돌,단일로,기타단일로,승용차,0
2012.5.13 1:00,야간,일,1,0,0,차대사람,횡단중,횡단중,단일로,횡단보도상,승용차,보행자
2012.5.11 8:00,주간,금,1,0,0,차대차,측면직각충돌,측면직각충돌,단일로,기타단일로,원동기장치자전거,화물차
2012.5.16 20:00,야간,수,1,0,0,차대사람,횡단중,횡단중,단일로,횡단보도부근,승용차,보행자
2012.5.16 18:00,야간,수,1,0,0,차대사람,횡단중,횡단중,교차로,교차로부근,승합차,보행자
2012.5.16 16:00,주간,수,1,1,0,차대차,추돌,진행중 추돌,단일로,기타단일로,화물차,이륜차
2012.5.20 21:00,야간,일,1,0,0,차대사람,기타,기타,단일로,기타단일로,승용차,보행자
2012.5.22 19:00,야간,화,1,0,0,차량단독,도로이탈,도로이탈 추락,단일로,기타단일로,원동기장치자전거,0
2012.5.22 17:00,주간,화,1,0,0,차대사람,횡단중,횡단중,단일로,기타단일로,승합차,보행자
2012.5.29 13:00,주간,화,1,0,0,차대사람,횡단중,횡단중,단일로,횡단보도부근,승용차,보행자
2012.6.1 20:00,야간,금,1,0,0,차대사람,횡단중,횡단중,단일로,기타단일로,화물차,보행자
2012.6.1 20:00,야간,금,1,0,0,차대사람,횡단중,횡단중,단일로,기타단일로,승용차,보행자
2012.6.4 20:00,야간,월,1,0,0,차량단독,공작물충돌,공작물충돌,단일로,기타단일로,승용차,0
2012.6.5 1:00,야간,화,1,0,0,차량단독,공작물충돌,공작물충돌,단일로,기타단일로,승용차,0
2012.6.9 22:00,야간,토,1,0,0,차대차,추돌,진행중 추돌,단일로,기타단일로,승용차,농기계
2012.6.10 15:00,주간,일,1,0,0,차량단독,공작물충돌,공작물충돌,단일로,기타단일로,이륜차,0
2012.6.8 17:00,주간,금,1,0,0,차대사람,기타,기타,단일로,기타단일로,승합차,보행자
2012.6.15 13:00,주간,금,1,0,0,차대차,기타,기타,교차로,교차로부근,승합차,자전거
2012.6.14 11:00,주간,월,1,0,0,차대차,기타,기타,교차로,교차로내,승용차,이륜차
2012.4.25 20:00,야간,수,1,0,0,차대사람,기타,기타,단일로,기타단일로,승용차,보행자
2012.4.25 6:00,주간,수,1,0,0,차대차,추돌,진행중 추돌,교차로,교차로부근,승용차,승합차
2012.4.24 13:00,주간,화,1,0,0,차대사람,차도통행중,차도통행중,교차로,교차로부근,승용차,보행자
2012.4.28 6:00,주간,토,1,0,0,차량단독,공작물충돌,공작물충돌,단일로,기타단일로,승용차,0
2012.4.29 17:00,주간,일,1,0,0,차대사람,횡단중,횡단중,단일로,기타단일로,승용차,보행자
2012.4.28 20:00,야간,토,1,1,0,차대사람,차도통행중,차도통행중,단일로,기타단일로,승용차,보행자
2012.4.29 6:00,주간,일,1,0,0,차대사람,기타,기타,교차로,교차로내,승용차,보행자
2012.5.1 21:00,야간,화,1,0,0,차대사람,기타,기타,단일로,기타단일로,화물차,보행자
2012.5.12 17:00,주간,토,1,2,1,차대차,측면직각충돌,측면직각충돌,단일로,기타단일로,승용차,승용차
2012.5.11 13:00,주간,금,1,0,0,차대차,측면직각충돌,측면직각충돌,교차로,교차로부근,승용차,자전거
2012.5.17 16:00,주간,목,1,0,0,차량단독,전도전복,전도전복,단일로,기타단일로,농기계,0
2012.5.14 23:00,야간,월,1,0,0,차량단독,공작물충돌,공작물충돌,단일로,교량위,화물차,0
2012.5.15 5:00,야간,화,1,0,0,차량단독,공작물충돌,공작물충돌,단일로,기타단일로,화물차,0
2012.5.20 9:00,주간,일,1,0,0,차대차,측면직각충돌,측면직각충돌,교차로,교차로내,이륜차,승용차
2012.5.21 5:00,야간,월,1,0,0,차량단독,도로이탈,도로이탈 추락,교차로,교차로부근,승용차,0
2012.5.21 14:00,주간,월,1,0,0,차대차,정면충돌,정면충돌,교차로,교차로부근,승합차,화물차
2012.5.19 16:00,주간,토,1,0,0,차대사람,기타,기타,교차로,교차로내,화물차,보행자
2012.5.18 8:00,주간,금,1,0,0,차대사람,횡단중,횡단중,단일로,기타단일로,승용차,보행자
2012.5.23 18:00,야간,수,1,0,0,차대사람,횡단중,횡단중,교차로,교차로내,승용차,보행자
2012.5.24 8:00,주간,목,1,0,0,차대차,측면직각충돌,측면직각충돌,단일로,횡단보도상,승용차,자전거
2012.4.26 14:00,주간,수,1,0,0,차대차,기타,기타,단일로,기타단일로,승용차,이륜차
2012.4.23 21:00,야간,월,1,0,0,차량단독,전도전복,전도전복,단일로,기타단일로,화물차,0
2012.5.1 21:00,야간,화,1,0,0,차대사람,횡단중,횡단중,단일로,기타단일로,화물차,보행자
2012.4.30 15:00,주간,월,1,0,4,차대차,추돌,주정차중 추돌,단일로,기타단일로,화물차,화물차
2012.4.28 9:00,주간,토,1,0,0,차대차,측면직각충돌,측면직각충돌,교차로,교차로내,자전거,승합차
2012.4.28 5:00,야간,토,1,0,0,차량단독,공작물충돌,공작물충돌,단일로,기타단일로,이륜차,0
2012.5.4 11:00,주간,금,1,0,0,차대사람,횡단중,횡단중,단일로,기타단일로,승용차,보행자
2012.5.2 14:00,주간,수,1,0,0,차량단독,기타,기타,단일로,기타단일로,원동기장치자전거,0
2012.5.2 11:00,주간,수,1,0,0,차대사람,횡단중,횡단중,단일로,기타단일로,화물차,보행자
2012.5.2 6:00,주간,수,1,0,0,차대사람,횡단중,횡단중,단일로,기타단일로,승용차,보행자
2012.5.7 16:00,주간,월,1,0,0,차대차,추돌,진행중 추돌,단일로,기타단일로,화물차,자전거
2012.5.5 20:00,야간,토,1,0,0,차대사람,차도통행중,차도통행중,단일로,기타단일로,승용차,보행자
2012.5.11 8:00,주간,금,1,0,0,차대차,측면직각충돌,측면직각충돌,교차로,교차로내,이륜차,승용차
2012.5.16 8:00,주간,수,1,0,1,차대차,정면충돌,정면충돌,단일로,기타단일로,승용차,특수차
2012.5.13 17:00,주간,일,1,0,0,차량단독,기타,기타,단일로,기타단일로,원동기장치자전거,0
2012.5.20 21:00,야간,일,1,0,0,차량단독,전도전복,전도전복,단일로,기타단일로,화물차,0
2012.5.18 8:00,주간,금,1,1,0,차대차,정면충돌,정면충돌,단일로,기타단일로,승용차,승용차
2012.5.19 1:00,야간,토,1,0,0,차대차,기타,기타,교차로,교차로내,승용차,승용차
2012.5.24 10:00,주간,목,1,0,0,차량단독,공작물충돌,공작물충돌,교차로,교차로내,이륜차,0
2012.5.25 14:00,주간,금,1,0,0,차대차,추돌,진행중 추돌,단일로,기타단일로,승용차,자전거
2012.5.24 15:00,주간,목,1,0,0,차대사람,보도통행중,보도통행중,교차로,교차로부근,화물차,보행자
2012.5.25 20:00,야간,금,1,0,0,차대차,추돌,진행중 추돌,단일로,교량위,승용차,농기계
2012.5.21 20:00,야간,월,1,0,0,차대사람,차도통행중,차도통행중,단일로,기타단일로,승용차,보행자
2012.5.29 20:00,야간,화,1,0,0,차대차,추돌,진행중 추돌,단일로,기타단일로,승용차,자전거
2012.5.27 0:00,야간,일,1,0,0,차량단독,공작물충돌,공작물충돌,단일로,기타단일로,이륜차,0
2012.6.1 10:00,주간,금,1,0,0,차량단독,기타,기타,교차로,교차로부근,원동기장치자전거,0
2012.5.31 19:00,야간,목,1,0,0,차대차,정면충돌,정면충돌,단일로,기타단일로,원동기장치자전거,화물차
2012.5.30 11:00,주간,수,1,0,0,차대차,측면직각충돌,측면직각충돌,단일로,기타단일로,자전거,화물차
2012.6.5 23:00,야간,화,1,1,1,차대차,정면충돌,정면충돌,단일로,기타단일로,원동기장치자전거,승합차
2012.6.4 11:00,주간,월,1,0,0,차대차,측면직각충돌,측면직각충돌,단일로,기타단일로,이륜차,이륜차
2012.6.3 14:00,주간,일,2,1,3,차대차,측면직각충돌,측면직각충돌,교차로,교차로내,승용차,승용차
2012.6.9 12:00,주간,토,1,0,0,차대차,측면직각충돌,측면직각충돌,교차로,교차로부근,이륜차,승용차
2012.6.10 13:00,주간,일,1,0,0,차량단독,도로이탈,도로이탈 기타,단일로,기타단일로,화물차,0
2012.6.10 16:00,주간,일,1,0,0,차대사람,기타,기타,단일로,기타단일로,화물차,보행자
2012.6.8 20:00,야간,금,1,0,0,차대차,기타,기타,단일로,기타단일로,승용차,원동기장치자전거
2012.6.8 0:00,야간,금,1,0,0,차대사람,기타,기타,교차로,교차로내,승용차,보행자
2012.4.26 7:00,주간,목,1,0,0,차대사람,횡단중,횡단중,단일로,기타단일로,화물차,보행자
2012.4.26 8:00,주간,목,1,0,0,차대차,기타,기타,단일로,기타단일로,화물차,이륜차
2012.4.30 22:00,야간,월,1,0,0,차대차,추돌,진행중 추돌,단일로,기타단일로,승용차,농기계
2012.4.29 1:00,야간,일,2,2,0,차량단독,공작물충돌,공작물충돌,교차로,교차로부근,승용차,0
2012.4.27 22:00,야간,금,1,0,0,차대사람,횡단중,횡단중,교차로,교차로내,승용차,보행자
2012.4.29 16:00,주간,일,2,2,4,차대차,정면충돌,정면충돌,단일로,기타단일로,승용차,승용차
2012.5.4 10:00,주간,금,1,0,0,차대차,측면직각충돌,측면직각충돌,단일로,횡단보도상,원동기장치자전거,화물차
2012.5.2 4:00,야간,수,1,1,0,차대차,측면직각충돌,측면직각충돌,교차로,교차로부근,승합차,승용차
2012.5.1 18:00,야간,화,1,1,0,차대사람,횡단중,횡단중,단일로,횡단보도상,승용차,보행자
2012.5.9 21:00,야간,수,1,0,0,차대차,추돌,진행중 추돌,교차로,교차로부근,승용차,화물차
2012.5.7 7:00,주간,월,1,0,0,차대차,측면직각충돌,측면직각충돌,단일로,기타단일로,승용차,자전거
2012.5.12 17:00,주간,토,1,0,0,차대사람,횡단중,횡단중,교차로,교차로내,승합차,보행자
2012.5.12 0:00,야간,토,1,0,0,차량단독,공작물충돌,공작물충돌,단일로,기타단일로,화물차,0
2012.5.10 10:00,주간,목,1,7,29,차대차,측면직각충돌,측면직각충돌,교차로,교차로내,건설기계,승합차
2012.5.11 11:00,주간,금,1,0,0,차대사람,보도통행중,보도통행중,단일로,기타단일로,화물차,보행자
2012.5.14 16:00,주간,월,1,2,0,차대차,정면충돌,정면충돌,단일로,기타단일로,승합차,승용차
2012.5.20 20:00,야간,일,1,0,0,차대차,추돌,주정차중 추돌,기타/불명,기타/불명,이륜차,화물차
2012.5.23 21:00,야간,수,1,0,0,차대사람,차도통행중,차도통행중,단일로,기타단일로,승용차,보행자
2012.5.28 11:00,주간,월,1,0,0,차대차,정면충돌,정면충돌,단일로,기타단일로,이륜차,승용차
2012.5.28 16:00,주간,월,1,0,0,차대차,정면충돌,정면충돌,단일로,기타단일로,화물차,자전거
2012.5.28 0:00,야간,월,1,2,3,차대차,기타,기타,교차로,교차로내,승용차,승용차
2012.5.29 1:00,야간,화,1,0,0,차대차,추돌,주정차중 추돌,교차로,교차로부근,원동기장치자전거,화물차
2012.7.5 22:00,야간,목,1,1,1,차대차,추돌,진행중 추돌,단일로,기타단일로,화물차,화물차