발생년월일시,주야,요일,사망자수,중상자수,경상자수,사고유형_대분류,사고유형_중분류,사고유형,도로형태_대분류,도로형태,당사자종별_1당_대분류,당사자종별_2당_대분류
2012.7.22 15:00,주간,일,1,0,0,차대사람,기타,기타,기타/불명,기타/불명,승합차,보행자
2012.9.16 23:00,야간,일,1,1,0,차량단독,도로이탈,도로이탈 기타,단일로,기타단일로,승용차,0
2012.10.28 8:00,주간,일,1,1,0,차대차,추돌,진행중 추돌,단일로,기타단일로,승합차,승용차
2012.10.16 7:00,주간,화,1,0,0,차대차,추돌,진행중 추돌,단일로,기타단일로,승용차,화물차
2012.12.16 4:00,야간,금,1,0,0,차량단독,공작물충돌,공작물충돌,단일로,기타단일로,승용차,0
2012.11.16 18:00,야간,화,1,0,3,차대차,추돌,주정차중 추돌,단일로,기타단일로,승합차,승용차
2012.12.22 21:00,야간,토,1,1,1,차대차,기타,기타,단일로,기타단일로,화물차,승용차
2012.11.9 2:00,야간,금,1,0,2,차대차,추돌,주정차중 추돌,단일로,기타단일로,화물차,승용차
2012.12.16 0:00,야간,일,1,0,1,차대차,추돌,진행중 추돌,단일로,기타단일로,승용차,화물차
2012.10.17 22:00,야간,수,1,0,0,차량단독,기타,기타,단일로,터널안,승용차,0
2012.5.24 2:00,야간,목,1,0,0,차량단독,공작물충돌,공작물충돌,단일로,기타단일로,이륜차,0
2012.5.23 12:00,주간,수,1,0,0,차대차,측면직각충돌,측면직각충돌,교차로,교차로내,원동기장치자전거,화물차
2012.5.23 11:00,주간,수,1,0,0,차대사람,횡단중,횡단중,단일로,기타단일로,건설기계,보행자
2012.5.22 3:00,야간,화,1,0,0,차대차,측면직각충돌,측면직각충돌,교차로,교차로내,승용차,이륜차
2012.5.22 12:00,주간,화,1,0,0,차량단독,공작물충돌,공작물충돌,교차로,교차로내,이륜차,0
2012.5.30 10:00,주간,수,1,0,0,차량단독,도로이탈,도로이탈 기타,단일로,기타단일로,승용차,0
2012.5.28 9:00,주간,월,1,3,0,차대차,측면직각충돌,측면직각충돌,교차로,교차로내,승용차,승용차
2012.5.27 16:00,주간,일,1,0,0,차량단독,공작물충돌,공작물충돌,단일로,기타단일로,원동기장치자전거,0
2012.6.1 21:00,야간,금,1,0,0,차대차,측면직각충돌,측면직각충돌,단일로,기타단일로,화물차,자전거
2012.6.6 17:00,주간,수,1,0,0,차대사람,기타,기타,단일로,기타단일로,승용차,보행자
2012.6.6 8:00,주간,수,1,0,0,차대사람,횡단중,횡단중,단일로,횡단보도부근,승용차,보행자
2012.6.5 9:00,주간,화,1,0,0,차대사람,횡단중,횡단중,교차로,교차로내,승용차,보행자
2012.6.5 15:00,주간,화,1,2,1,차대차,측면직각충돌,측면직각충돌,단일로,기타단일로,승용차,승합차
2012.6.5 6:00,주간,화,1,0,0,차대차,측면직각충돌,측면직각충돌,교차로,교차로내,이륜차,승용차
2012.6.4 10:00,주간,월,1,0,0,차량단독,도로이탈,도로이탈 추락,교차로,교차로부근,화물차,0
2012.6.9 9:00,주간,토,1,0,0,차대사람,기타,기타,단일로,기타단일로,화물차,보행자
2012.6.7 23:00,야간,목,1,3,1,차대차,추돌,주정차중 추돌,단일로,기타단일로,승용차,승합차
2012.6.8 2:00,야간,금,1,0,1,차대차,정면충돌,정면충돌,단일로,터널안,승용차,승용차
2012.6.7 18:00,야간,목,1,0,0,차량단독,공작물충돌,공작물충돌,교차로,교차로부근,승용차,0
2012.6.7 11:00,주간,목,1,0,0,차대차,측면직각충돌,측면직각충돌,교차로,교차로내,원동기장치자전거,승용차
2012.4.23 20:00,야간,월,1,0,0,차대사람,횡단중,횡단중,교차로,교차로내,화물차,보행자
2012.5.1 9:00,주간,화,3,4,0,차대차,추돌,진행중 추돌,단일로,기타단일로,화물차,승합차
2012.4.30 3:00,야간,월,1,0,0,차량단독,공작물충돌,공작물충돌,단일로,기타단일로,승용차,0
2012.4.30 20:00,야간,월,1,0,1,차대사람,횡단중,횡단중,교차로,교차로내,화물차,보행자
2012.4.30 15:00,주간,월,1,0,0,차대사람,보도통행중,보도통행중,단일로,기타단일로,승용차,보행자
2012.4.29 11:00,주간,일,1,0,0,차량단독,전도전복,전도전복,단일로,기타단일로,이륜차,0
2012.4.29 12:00,주간,일,1,0,0,차량단독,전도전복,전도전복,단일로,기타단일로,이륜차,0
2012.4.28 20:00,야간,토,1,0,0,차대사람,횡단중,횡단중,단일로,기타단일로,원동기장치자전거,보행자
2012.5.3 18:00,야간,목,1,0,0,차대차,기타,기타,단일로,기타단일로,자전거,승합차
2012.5.3 22:00,야간,목,1,0,0,차량단독,공작물충돌,공작물충돌,단일로,기타단일로,이륜차,0
2012.5.2 17:00,주간,수,1,0,0,차량단독,공작물충돌,공작물충돌,단일로,기타단일로,이륜차,0
2012.5.7 11:00,주간,월,1,0,0,차대사람,횡단중,횡단중,단일로,기타단일로,화물차,보행자
2012.5.12 4:00,야간,토,1,0,0,차량단독,공작물충돌,공작물충돌,교차로,교차로부근,이륜차,0
2012.5.12 8:00,주간,토,1,1,0,차대차,측면직각충돌,측면직각충돌,교차로,교차로내,승용차,화물차
2012.5.10 16:00,주간,목,1,2,1,차대사람,보도통행중,보도통행중,단일로,기타단일로,이륜차,보행자
2012.5.10 10:00,주간,목,1,0,0,차대차,측면직각충돌,측면직각충돌,단일로,기타단일로,이륜차,승용차
2012.5.10 19:00,야간,목,1,1,1,차량단독,전도전복,전도전복,단일로,기타단일로,승용차,0
2012.5.17 1:00,야간,목,1,0,0,차량단독,전도전복,전도전복,단일로,기타단일로,승용차,0
2012.5.16 1:00,야간,수,1,0,0,차대사람,기타,기타,단일로,기타단일로,승용차,보행자
2012.5.15 2:00,야간,화,1,1,1,차량단독,전도전복,전도전복,단일로,기타단일로,승용차,0
2012.5.13 13:00,주간,일,1,0,0,차대사람,횡단중,횡단중,교차로,교차로내,건설기계,보행자
2012.5.20 1:00,야간,일,1,0,0,차대사람,횡단중,횡단중,단일로,기타단일로,승용차,보행자
2012.5.19 11:00,주간,토,1,0,0,차대차,정면충돌,정면충돌,단일로,기타단일로,승용차,원동기장치자전거
2012.5.18 18:00,야간,금,1,0,0,차대사람,기타,기타,단일로,기타단일로,화물차,보행자
2012.5.23 23:00,야간,수,1,0,0,차대사람,기타,기타,교차로,교차로부근,승용차,보행자
2012.5.22 13:00,주간,화,1,0,0,차대사람,기타,기타,단일로,기타단일로,승용차,보행자
2012.5.22 18:00,야간,화,1,2,0,차대차,측면직각충돌,측면직각충돌,교차로,교차로내,이륜차,승용차
2012.5.29 19:00,야간,화,2,5,3,차대차,정면충돌,정면충돌,교차로,교차로내,승용차,승용차
2012.5.27 5:00,야간,일,1,1,0,차량단독,기타,기타,단일로,기타단일로,원동기장치자전거,0
2012.5.26 0:00,야간,토,1,0,0,차대사람,기타,기타,단일로,기타단일로,승용차,보행자
2012.6.3 13:00,주간,일,2,0,1,차대차,정면충돌,정면충돌,단일로,기타단일로,승용차,농기계
2012.6.1 18:00,야간,금,1,0,0,차대사람,횡단중,횡단중,단일로,기타단일로,화물차,보행자
2012.6.1 14:00,주간,금,1,3,0,차량단독,전도전복,전도전복,단일로,기타단일로,화물차,0
2012.5.31 3:00,야간,목,1,1,0,차량단독,기타,기타,단일로,기타단일로,승용차,0
2012.5.30 18:00,야간,수,1,0,2,차대차,추돌,진행중 추돌,단일로,기타단일로,화물차,화물차
2012.6.5 20:00,야간,화,1,2,0,차대차,추돌,진행중 추돌,단일로,기타단일로,승용차,농기계
2012.6.4 22:00,야간,월,1,0,0,차대차,측면직각충돌,측면직각충돌,단일로,기타단일로,승용차,이륜차
2012.6.7 16:00,주간,목,1,0,0,차대차,측면직각충돌,측면직각충돌,단일로,기타단일로,원동기장치자전거,승합차
2012.4.26 16:00,주간,목,1,0,0,차대차,측면직각충돌,측면직각충돌,단일로,기타단일로,화물차,원동기장치자전거
2012.4.27 9:00,주간,금,1,2,0,차대차,측면직각충돌,측면직각충돌,교차로,교차로내,화물차,화물차
2012.4.25 2:00,야간,수,1,0,0,차대차,정면충돌,정면충돌,단일로,기타단일로,이륜차,화물차
2012.4.30 14:00,주간,월,1,0,0,차대사람,횡단중,횡단중,교차로,교차로내,화물차,보행자
2012.4.30 15:00,주간,월,1,0,0,차대차,추돌,진행중 추돌,단일로,기타단일로,화물차,자전거
2012.5.1 11:00,주간,화,1,3,0,차대차,측면직각충돌,측면직각충돌,교차로,교차로내,승용차,승용차
2012.4.28 12:00,주간,토,1,0,0,차량단독,전도전복,전도전복,단일로,기타단일로,원동기장치자전거,0
2012.4.28 6:00,주간,토,1,0,0,차량단독,공작물충돌,공작물충돌,단일로,기타단일로,승용차,0
2012.5.2 11:00,주간,수,1,0,0,차대사람,횡단중,횡단중,단일로,기타단일로,화물차,보행자
2012.5.9 18:00,야간,수,1,1,0,차대차,기타,기타,교차로,교차로내,화물차,이륜차
2012.5.6 7:00,주간,일,1,0,0,차대차,기타,기타,단일로,기타단일로,이륜차,승용차
2012.5.6 4:00,야간,일,1,0,0,차대사람,기타,기타,단일로,기타단일로,승용차,보행자
2012.5.5 17:00,주간,토,1,0,0,차대사람,길가장자리구역통행중,길가장자리구역통행중,단일로,기타단일로,건설기계,보행자
2012.5.10 13:00,주간,목,1,0,0,차대사람,기타,기타,단일로,기타단일로,화물차,보행자
2012.5.16 21:00,야간,수,1,0,0,차대차,정면충돌,정면충돌,단일로,기타단일로,자전거,승용차
2012.5.17 9:00,주간,목,1,0,0,차대차,측면직각충돌,측면직각충돌,교차로,교차로내,이륜차,승용차
2012.5.14 23:00,야간,월,1,0,0,차량단독,공작물충돌,공작물충돌,단일로,기타단일로,승용차,0
2012.5.20 20:00,야간,일,1,0,0,차대사람,기타,기타,교차로,교차로부근,승용차,보행자
2012.5.19 6:00,주간,토,1,0,0,차대차,추돌,진행중 추돌,교차로,교차로부근,승용차,이륜차
2012.5.25 0:00,야간,금,1,0,0,차대사람,기타,기타,교차로,교차로부근,승용차,보행자
2012.5.25 14:00,주간,금,1,1,0,차대차,정면충돌,정면충돌,단일로,기타단일로,승용차,승용차
2012.5.23 13:00,주간,수,1,0,0,차대사람,횡단중,횡단중,단일로,기타단일로,화물차,보행자
2012.5.29 16:00,주간,화,1,0,0,차대차,측면직각충돌,측면직각충돌,단일로,기타단일로,이륜차,화물차
2012.5.27 19:00,야간,일,1,0,0,차대차,측면직각충돌,측면직각충돌,교차로,교차로내,승용차,자전거
2012.5.27 15:00,주간,일,1,0,0,차대사람,횡단중,횡단중,교차로,교차로내,승용차,보행자
2012.5.27 3:00,야간,일,2,1,0,차대차,정면충돌,정면충돌,고가도로위,고가도로위,승용차,승용차
2012.5.27 4:00,야간,일,1,0,0,차대사람,횡단중,횡단중,교차로,교차로내,승용차,보행자
2012.5.25 21:00,야간,금,1,1,0,차대차,측면직각충돌,측면직각충돌,교차로,교차로내,이륜차,승용차
2012.6.2 8:00,주간,토,1,0,0,차량단독,도로이탈,도로이탈 추락,기타/불명,기타/불명,원동기장치자전거,0
2012.6.4 20:00,야간,월,1,0,0,차대차,추돌,주정차중 추돌,교차로,교차로부근,승용차,화물차
2012.6.4 11:00,주간,월,1,0,0,차대사람,보도통행중,보도통행중,교차로,교차로부근,승용차,보행자
2012.6.4 12:00,주간,월,1,0,0,차대차,측면직각충돌,측면직각충돌,교차로,교차로내,자전거,승용차
2012.6.4 8:00,주간,월,1,0,2,차대차,측면직각충돌,측면직각충돌,교차로,교차로부근,이륜차,승용차
2012.6.3 10:00,주간,일,1,0,0,차대사람,기타,기타,기타/불명,기타/불명,농기계,보행자
2012.6.9 15:00,주간,토,1,0,0,차대차,측면직각충돌,측면직각충돌,교차로,교차로내,건설기계,자전거
2012.6.11 17:00,주간,월,1,0,0,차량단독,공작물충돌,공작물충돌,단일로,터널안,승용차,0
2012.6.8 3:00,야간,금,1,2,0,차대사람,차도통행중,차도통행중,단일로,기타단일로,이륜차,보행자
2012.6.7 17:00,주간,목,1,0,0,차량단독,기타,기타,단일로,기타단일로,자전거,0
2012.6.15 16:00,주간,금,1,1,0,차대차,기타,기타,단일로,기타단일로,화물차,농기계
2012.6.15 19:00,야간,금,1,0,0,차량단독,공작물충돌,공작물충돌,단일로,기타단일로,승용차,0
2012.6.14 21:00,야간,목,1,1,0,차대차,추돌,주정차중 추돌,단일로,교량위,화물차,화물차
2012.4.27 23:00,야간,금,1,0,0,차량단독,공작물충돌,공작물충돌,단일로,기타단일로,화물차,0
2012.4.24 20:00,야간,화,1,0,0,차대차,측면직각충돌,측면직각충돌,교차로,교차로내,승용차,이륜차
2012.4.23 21:00,야간,월,1,0,0,차대사람,기타,기타,단일로,기타단일로,화물차,보행자
2012.5.1 21:00,야간,화,2,1,0,차대차,정면충돌,정면충돌,단일로,기타단일로,승용차,승용차
2012.4.27 23:00,야간,금,1,1,0,차대차,측면직각충돌,측면직각충돌,교차로,교차로내,승용차,승용차
2012.5.4 16:00,주간,금,1,0,0,차대차,추돌,진행중 추돌,단일로,기타단일로,화물차,농기계
2012.5.3 14:00,주간,목,1,0,0,차대차,측면직각충돌,측면직각충돌,단일로,기타단일로,화물차,승용차
2012.5.3 23:00,야간,목,1,0,0,차대사람,기타,기타,단일로,기타단일로,승용차,보행자
2012.5.2 9:00,주간,수,1,0,0,차대사람,횡단중,횡단중,교차로,교차로내,화물차,보행자
2012.5.7 20:00,야간,월,1,0,0,차대사람,횡단중,횡단중,단일로,기타단일로,승용차,보행자
2012.5.7 16:00,주간,월,1,1,1,차대차,추돌,주정차중 추돌,단일로,기타단일로,화물차,화물차
2012.5.8 7:00,주간,화,1,0,0,차대차,측면직각충돌,측면직각충돌,교차로,교차로내,승용차,이륜차
2012.5.12 16:00,주간,토,1,0,0,차량단독,기타,기타,교차로,교차로내,원동기장치자전거,0
2012.5.11 19:00,야간,금,1,0,0,차대사람,횡단중,횡단중,단일로,기타단일로,승용차,보행자
2012.5.10 22:00,야간,목,1,0,0,차량단독,전도전복,전도전복,단일로,기타단일로,화물차,0
2012.5.11 7:00,주간,금,1,0,0,차대차,측면직각충돌,측면직각충돌,교차로,교차로내,건설기계,승용차
2012.5.17 1:00,야간,목,1,0,0,차대사람,차도통행중,차도통행중,단일로,기타단일로,승용차,보행자
2012.5.14 8:00,주간,월,1,0,1,차대차,추돌,진행중 추돌,교차로,교차로부근,화물차,화물차
2012.5.14 14:00,주간,월,2,1,1,차대차,정면충돌,정면충돌,단일로,기타단일로,승합차,화물차
2012.5.21 19:00,야간,월,2,3,0,차대차,측면직각충돌,측면직각충돌,단일로,기타단일로,승용차,승용차
2012.5.19 10:00,주간,토,1,0,0,차대사람,횡단중,횡단중,단일로,기타단일로,승용차,보행자
2012.5.18 19:00,야간,금,1,0,0,차대차,측면직각충돌,측면직각충돌,교차로,교차로부근,승용차,원동기장치자전거
2012.5.17 7:00,주간,목,2,6,12,차대차,추돌,주정차중 추돌,단일로,기타단일로,화물차,승합차
2012.5.19 2:00,야간,토,1,0,0,차대사람,기타,기타,단일로,횡단보도상,승용차,보행자
2012.5.17 22:00,야간,목,1,0,0,차대사람,기타,기타,단일로,기타단일로,승용차,보행자
2012.5.23 17:00,주간,수,1,1,4,차대차,측면직각충돌,측면직각충돌,교차로,교차로내,승용차,승용차
2012.5.24 3:00,야간,목,1,1,0,차대차,추돌,진행중 추돌,단일로,기타단일로,승용차,이륜차
2012.5.24 7:00,주간,목,1,2,0,차대차,정면충돌,정면충돌,교차로,교차로내,승용차,승용차
2012.5.29 18:00,야간,화,1,1,0,차대차,기타,기타,단일로,기타단일로,승용차,농기계
2012.5.29 14:00,주간,화,1,0,0,차량단독,기타,기타,단일로,기타단일로,승용차,0
2012.5.27 22:00,야간,일,1,0,2,차대차,측면직각충돌,측면직각충돌,단일로,기타단일로,특수차,화물차
2012.5.29 10:00,주간,화,1,0,0,차량단독,전도전복,전도전복,단일로,기타단일로,화물차,0
2012.6.2 14:00,주간,토,1,0,0,차량단독,기타,기타,단일로,기타단일로,농기계,0
2012.6.3 12:00,주간,일,1,1,0,차량단독,공작물충돌,공작물충돌,단일로,기타단일로,승용차,0
2012.6.1 12:00,주간,금,1,0,0,차대차,측면직각충돌,측면직각충돌,교차로,교차로내,화물차,원동기장치자전거
2012.5.31 12:00,주간,목,1,1,0,차대차,정면충돌,정면충돌,단일로,기타단일로,화물차,건설기계
2012.6.10 22:00,야간,일,1,1,1,차대사람,횡단중,횡단중,교차로,교차로내,승용차,보행자
2012.6.8 16:00,주간,금,1,1,0,차대사람,보도통행중,보도통행중,단일로,기타단일로,승용차,보행자
2012.6.9 4:00,야간,토,1,0,0,차량단독,기타,기타,교차로,교차로내,승용차,0
2012.6.15 0:00,야간,금,1,0,0,차량단독,공작물충돌,공작물충돌,단일로,기타단일로,이륜차,0
2012.6.13 23:00,야간,수,1,0,0,차량단독,전도전복,전도전복,단일로,기타단일로,원동기장치자전거,0
2012.6.13 16:00,주간,수,1,0,0,차대사람,기타,기타,단일로,기타단일로,화물차,보행자
2012.6.14 17:00,주간,목,1,1,0,차대차,기타,기타,지하도로내,지하도로내,화물차,승용차
2012.4.26 7:00,주간,목,1,0,0,차대차,정면충돌,정면충돌,교차로,교차로내,원동기장치자전거,승용차
2012.4.25 13:00,주간,수,1,0,0,차량단독,기타,기타,단일로,교량위,화물차,0
2012.4.25 9:00,주간,수,1,0,0,차량단독,공작물충돌,공작물충돌,단일로,기타단일로,이륜차,0
2012.4.30 0:00,야간,월,1,0,0,차량단독,공작물충돌,공작물충돌,교차로,교차로부근,승용차,0
2012.4.30 15:00,주간,월,1,0,0,차대차,측면직각충돌,측면직각충돌,교차로,교차로내,승용차,원동기장치자전거
2012.4.28 8:00,주간,토,1,0,0,차대사람,차도통행중,차도통행중,기타/불명,기타/불명,승용차,보행자
2012.5.4 13:00,주간,금,1,0,0,차대사람,기타,기타,단일로,기타단일로,농기계,보행자
2012.5.7 23:00,야간,월,1,0,0,차대차,추돌,진행중 추돌,단일로,기타단일로,승합차,화물차
2012.5.6 20:00,야간,일,1,3,1,차대차,정면충돌,정면충돌,단일로,기타단일로,승용차,승용차
2012.5.5 23:00,야간,토,1,0,0,차대사람,기타,기타,단일로,기타단일로,승용차,보행자
2012.5.13 19:00,야간,일,1,4,0,차대차,정면충돌,정면충돌,단일로,기타단일로,승용차,승용차
2012.5.12 21:00,야간,토,1,0,0,차대사람,기타,기타,단일로,기타단일로,승용차,보행자
2012.5.12 19:00,야간,토,1,0,0,차대사람,횡단중,횡단중,기타/불명,기타/불명,화물차,보행자
2012.5.10 13:00,주간,목,1,0,0,차대사람,기타,기타,단일로,기타단일로,승용차,보행자
2012.5.16 7:00,주간,수,1,0,0,차대사람,차도통행중,차도통행중,단일로,기타단일로,화물차,보행자
2012.5.14 2:00,야간,월,1,1,0,차량단독,공작물충돌,공작물충돌,단일로,기타단일로,화물차,0
2012.5.24 17:00,주간,목,1,0,0,차대차,정면충돌,정면충돌,단일로,기타단일로,이륜차,화물차
2012.5.24 11:00,주간,목,1,0,0,차대차,측면직각충돌,측면직각충돌,기타/불명,기타/불명,승용차,이륜차
2012.5.25 10:00,주간,금,1,0,0,차대사람,차도통행중,차도통행중,단일로,기타단일로,승합차,보행자
2012.5.29 15:00,주간,화,1,0,0,차대차,측면직각충돌,측면직각충돌,교차로,교차로내,화물차,원동기장치자전거
2012.5.30 1:00,야간,수,1,0,0,차대사람,기타,기타,단일로,기타단일로,화물차,보행자
2012.5.27 11:00,주간,일,1,0,0,차대차,정면충돌,정면충돌,교차로,교차로내,승용차,이륜차
2012.6.1 17:00,주간,금,1,0,0,차대차,기타,기타,단일로,기타단일로,원동기장치자전거,특수차
2012.6.1 7:00,주간,금,1,0,0,차량단독,공작물충돌,공작물충돌,단일로,기타단일로,승용차,0
2012.6.1 16:00,주간,금,1,0,0,차대차,기타,기타,교차로,교차로내,화물차,원동기장치자전거
2012.6.1 23:00,야간,금,1,0,0,차대사람,횡단중,횡단중,단일로,기타단일로,화물차,보행자
2012.5.31 9:00,주간,목,1,1,0,차량단독,전도전복,전도전복,기타/불명,기타/불명,화물차,0
2012.5.31 15:00,주간,목,1,0,0,차대차,측면직각충돌,측면직각충돌,단일로,기타단일로,승용차,자전거
2012.6.7 15:00,주간,목,1,0,0,차대사람,보도통행중,보도통행중,단일로,횡단보도부근,화물차,보행자
2012.6.7 14:00,주간,목,1,0,0,차대사람,횡단중,횡단중,단일로,기타단일로,화물차,보행자
2012.6.4 23:00,야간,월,1,0,1,차대사람,기타,기타,단일로,기타단일로,승용차,보행자
2012.6.9 9:00,주간,토,1,0,0,차량단독,전도전복,전도전복,단일로,기타단일로,승용차,0
2012.6.9 22:00,야간,토,1,0,0,차대차,측면직각충돌,측면직각충돌,교차로,교차로내,이륜차,승합차
2012.6.11 9:00,주간,월,1,0,0,차대사람,기타,기타,단일로,기타단일로,승용차,보행자
2012.3.14 12:00,주간,수,1,3,0,차량단독,공작물충돌,공작물충돌,단일로,기타단일로,승용차,0
2012.3.11 4:00,야간,일,1,0,0,차대차,추돌,주정차중 추돌,단일로,기타단일로,승용차,화물차
2012.3.16 15:00,주간,금,1,0,0,차량단독,공작물충돌,공작물충돌,단일로,기타단일로,승용차,0
2012.3.16 12:00,주간,금,1,0,0,차량단독,공작물충돌,공작물충돌,단일로,기타단일로,원동기장치자전거,0
2012.3.15 19:00,야간,목,1,0,0,차대사람,차도통행중,차도통행중,단일로,기타단일로,화물차,보행자
2012.3.22 9:00,주간,목,1,0,0,차대차,측면직각충돌,측면직각충돌,교차로,교차로내,화물차,이륜차
2012.3.20 4:00,야간,화,2,1,0,차량단독,도로이탈,도로이탈 추락,단일로,기타단일로,승용차,0
2012.3.20 5:00,야간,화,1,0,0,차대사람,횡단중,횡단중,단일로,기타단일로,승합차,보행자
2012.3.22 20:00,야간,목,1,0,0,차대차,추돌,진행중 추돌,단일로,기타단일로,승용차,이륜차
2012.3.23 21:00,야간,금,1,0,2,차대차,추돌,진행중 추돌,교차로,교차로내,승용차,승용차
2012.3.27 15:00,주간,화,1,0,1,차량단독,기타,기타,단일로,기타단일로,원동기장치자전거,0
2012.4.2 17:00,주간,월,1,0,1,차대사람,보도통행중,보도통행중,교차로,교차로부근,승용차,보행자
2012.4.2 13:00,주간,월,1,0,0,차대사람,횡단중,횡단중,교차로,교차로내,화물차,보행자
2012.4.1 14:00,주간,일,1,0,0,차대사람,기타,기타,단일로,기타단일로,승용차,보행자
2012.4.1 20:00,야간,일,1,0,0,차대사람,차도통행중,차도통행중,교차로,교차로부근,승용차,보행자
2012.4.2 8:00,주간,월,1,0,0,차대사람,횡단중,횡단중,단일로,횡단보도상,화물차,보행자
2012.4.6 8:00,주간,금,1,0,0,차대사람,기타,기타,교차로,교차로부근,승용차,보행자
2012.4.7 3:00,야간,토,1,0,0,차대사람,횡단중,횡단중,단일로,횡단보도부근,승용차,보행자
2012.4.5 8:00,주간,목,1,0,0,차대차,측면직각충돌,측면직각충돌,단일로,기타단일로,화물차,이륜차
2012.4.11 20:00,야간,수,1,0,0,차대사람,횡단중,횡단중,단일로,기타단일로,화물차,보행자
2012.4.14 23:00,야간,토,1,0,0,차대차,정면충돌,정면충돌,교차로,교차로내,승용차,자전거
2012.4.16 10:00,주간,월,1,0,0,차대차,기타,기타,교차로,교차로부근,이륜차,승용차
2012.4.11 20:00,야간,수,1,0,0,차대사람,횡단중,횡단중,단일로,기타단일로,승용차,보행자
2012.4.19 21:00,야간,목,1,0,0,차대사람,횡단중,횡단중,단일로,기타단일로,승용차,보행자
2012.4.19 17:00,주간,목,1,0,0,차대사람,기타,기타,교차로,교차로내,건설기계,보행자
2012.4.16 4:00,야간,월,1,0,0,차대사람,차도통행중,차도통행중,단일로,기타단일로,화물차,보행자
2012.4.18 13:00,주간,수,1,0,0,차대사람,횡단중,횡단중,단일로,기타단일로,화물차,보행자
2012.4.22 5:00,야간,일,1,0,0,차량단독,도로이탈,도로이탈 추락,단일로,기타단일로,승용차,0
2012.3.4 21:00,야간,일,1,0,0,차량단독,공작물충돌,공작물충돌,교차로,교차로내,화물차,0
2012.3.13 23:00,야간,화,1,0,0,차대사람,횡단중,횡단중,단일로,기타단일로,승용차,보행자
2012.3.9 11:00,주간,금,1,0,0,차대사람,횡단중,횡단중,단일로,기타단일로,자전거,보행자
2012.3.17 5:00,야간,토,1,0,0,차량단독,기타,기타,단일로,기타단일로,승용차,0
2012.3.17 3:00,야간,토,2,0,0,차량단독,공작물충돌,공작물충돌,단일로,기타단일로,승용차,0
2012.3.14 16:00,주간,수,1,1,0,차대차,측면직각충돌,측면직각충돌,단일로,기타단일로,화물차,특수차
2012.3.21 23:00,야간,수,1,0,0,차대사람,횡단중,횡단중,단일로,기타단일로,화물차,보행자
2012.3.22 13:00,주간,목,1,0,0,차대사람,기타,기타,단일로,기타단일로,승용차,보행자
2012.3.20 0:00,야간,화,1,2,0,차대차,측면직각충돌,측면직각충돌,교차로,교차로내,승용차,승용차
2012.3.17 19:00,야간,토,1,0,0,차대사람,횡단중,횡단중,단일로,기타단일로,승용차,보행자
2012.3.24 17:00,주간,토,1,3,1,차량단독,공작물충돌,공작물충돌,단일로,기타단일로,승용차,0
2012.3.22 16:00,주간,목,1,0,0,차대차,추돌,진행중 추돌,단일로,기타단일로,화물차,화물차
2012.3.30 13:00,주간,금,1,0,0,차대차,기타,기타,단일로,기타단일로,이륜차,화물차
2012.3.31 0:00,야간,토,1,0,0,차대차,기타,기타,단일로,기타단일로,승합차,이륜차
2012.3.30 22:00,야간,금,1,0,0,차대사람,기타,기타,단일로,기타단일로,승용차,보행자
2012.4.1 23:00,야간,일,1,0,0,차량단독,공작물충돌,공작물충돌,교차로,교차로내,화물차,0
2012.3.30 22:00,야간,금,1,0,0,차대사람,차도통행중,차도통행중,단일로,기타단일로,승합차,보행자
2012.4.7 9:00,주간,토,1,0,0,차대차,측면직각충돌,측면직각충돌,교차로,교차로내,원동기장치자전거,화물차
2012.4.7 14:00,주간,토,1,0,1,차대차,정면충돌,정면충돌,단일로,기타단일로,승용차,화물차
2012.4.8 15:00,주간,일,1,1,5,차대차,추돌,주정차중 추돌,단일로,교량위,이륜차,이륜차
2012.4.6 0:00,야간,금,1,0,0,차대사람,기타,기타,단일로,기타단일로,화물차,보행자
2012.4.4 2:00,야간,수,1,0,0,차대사람,횡단중,횡단중,교차로,교차로내,승용차,보행자
2012.4.12 14:00,주간,목,1,0,1,차대차,측면직각충돌,측면직각충돌,교차로,교차로내,이륜차,승합차
2012.4.11 21:00,야간,수,1,0,0,차대사람,횡단중,횡단중,교차로,교차로내,화물차,보행자
2012.4.16 16:00,주간,월,1,0,1,차량단독,공작물충돌,공작물충돌,단일로,기타단일로,화물차,0
2012.4.14 1:00,야간,토,1,0,0,차대사람,차도통행중,차도통행중,단일로,기타단일로,승용차,보행자
2012.4.19 22:00,야간,목,1,0,1,차대사람,기타,기타,단일로,기타단일로,승용차,보행자
2012.4.18 2:00,야간,수,1,0,0,차량단독,공작물충돌,공작물충돌,단일로,기타단일로,원동기장치자전거,0
2012.4.17 21:00,야간,화,1,0,0,차대사람,횡단중,횡단중,교차로,교차로내,승용차,보행자
2012.4.24 6:00,주간,화,1,0,0,차대사람,횡단중,횡단중,단일로,기타단일로,승용차,보행자
2012.4.22 3:00,야간,일,1,0,0,차량단독,기타,기타,단일로,기타단일로,원동기장치자전거,0
2012.2.29 22:00,야간,수,1,0,0,차대사람,기타,기타,단일로,기타단일로,승합차,보행자
2012.3.8 12:00,주간,목,2,1,0,차대차,측면직각충돌,측면직각충돌,교차로,교차로내,화물차,화물차
2012.3.6 21:00,야간,화,1,0,0,차대사람,기타,기타,단일로,기타단일로,승용차,보행자
2012.3.11 13:00,주간,일,1,0,1,차대차,정면충돌,정면충돌,단일로,기타단일로,화물차,화물차
2012.3.17 5:00,야간,토,1,0,0,차대사람,횡단중,횡단중,교차로,교차로부근,승용차,보행자