발생년월일시,주야,요일,사망자수,중상자수,경상자수,사고유형_대분류,사고유형_중분류,사고유형,도로형태_대분류,도로형태,당사자종별_1당_대분류,당사자종별_2당_대분류
2012.3.17 8:00,주간,토,3,5,2,차대차,측면직각충돌,측면직각충돌,교차로,교차로내,화물차,승합차
2012.3.17 1:00,야간,토,1,0,0,차량단독,공작물충돌,공작물충돌,단일로,기타단일로,승용차,0
2012.3.17 19:00,야간,토,2,0,0,차대사람,기타,기타,단일로,기타단일로,승용차,보행자
2012.3.18 9:00,주간,일,1,0,0,차대차,기타,기타,단일로,기타단일로,승용차,승용차
2012.3.13 23:00,야간,화,1,0,0,차량단독,공작물충돌,공작물충돌,단일로,기타단일로,승용차,0
2012.3.15 19:00,야간,목,1,0,0,차대사람,횡단중,횡단중,단일로,기타단일로,승합차,보행자
2012.3.22 15:00,주간,목,1,0,0,차대사람,횡단중,횡단중,단일로,횡단보도상,승용차,보행자
2012.3.26 5:00,야간,월,1,0,0,차량단독,공작물충돌,공작물충돌,단일로,기타단일로,원동기장치자전거,0
2012.3.24 22:00,야간,토,1,0,0,차대사람,횡단중,횡단중,단일로,횡단보도부근,승용차,보행자
2012.3.24 1:00,야간,토,1,0,0,차대사람,기타,기타,단일로,기타단일로,승용차,보행자
2012.3.24 2:00,야간,토,1,0,0,차대차,기타,기타,기타/불명,기타/불명,승용차,특수차
2012.3.23 19:00,야간,금,1,0,0,차대사람,횡단중,횡단중,단일로,횡단보도상,승용차,보행자
2012.3.29 7:00,주간,목,1,0,0,차대사람,기타,기타,단일로,기타단일로,이륜차,보행자
2012.3.27 13:00,주간,화,1,0,0,차대사람,기타,기타,단일로,기타단일로,화물차,보행자
2012.4.2 18:00,야간,월,1,0,0,차량단독,도로이탈,도로이탈 추락,단일로,기타단일로,원동기장치자전거,0
2012.4.8 14:00,주간,일,1,0,0,차량단독,기타,기타,단일로,기타단일로,화물차,0
2012.4.7 7:00,주간,토,1,0,0,차량단독,공작물충돌,공작물충돌,단일로,기타단일로,이륜차,0
2012.4.6 18:00,야간,금,2,1,0,건널목,차단기돌파,차단기돌파,건널목,건널목,승용차,열차
2012.4.6 19:00,야간,금,1,0,0,차량단독,도로이탈,도로이탈 기타,단일로,기타단일로,화물차,0
2012.4.12 12:00,주간,목,1,0,0,차대사람,기타,기타,단일로,기타단일로,승합차,보행자
2012.4.10 23:00,야간,화,1,0,0,차대사람,기타,기타,단일로,횡단보도상,승용차,보행자
2012.4.11 21:00,야간,수,1,0,0,차량단독,전도전복,전도전복,단일로,기타단일로,화물차,0
2012.4.12 14:00,주간,목,1,1,0,차대차,추돌,진행중 추돌,단일로,기타단일로,화물차,농기계
2012.4.15 19:00,야간,일,1,0,0,차대사람,기타,기타,교차로,교차로내,화물차,보행자
2012.4.16 2:00,야간,월,1,0,0,차대차,추돌,주정차중 추돌,단일로,기타단일로,승용차,건설기계
2012.4.20 0:00,야간,금,1,0,0,차대사람,길가장자리구역통행중,길가장자리구역통행중,단일로,기타단일로,화물차,보행자
2012.4.16 21:00,야간,월,1,0,0,차대사람,길가장자리구역통행중,길가장자리구역통행중,단일로,기타단일로,승용차,보행자
2012.4.16 5:00,야간,월,2,3,0,차대차,기타,기타,교차로,교차로내,건설기계,승용차
2012.4.16 13:00,주간,월,1,0,0,차대차,정면충돌,정면충돌,단일로,기타단일로,화물차,건설기계
2012.4.23 12:00,주간,월,1,0,0,차대사람,기타,기타,단일로,기타단일로,승용차,보행자
2012.4.23 14:00,주간,월,1,0,0,차대사람,차도통행중,차도통행중,교차로,교차로부근,화물차,보행자
2012.4.23 14:00,주간,월,1,0,0,차대차,기타,기타,단일로,기타단일로,승합차,자전거
2012.4.23 17:00,주간,월,1,0,0,차대사람,기타,기타,단일로,기타단일로,승합차,보행자
2012.4.26 20:00,야간,목,1,0,1,차대차,추돌,진행중 추돌,단일로,기타단일로,승용차,농기계
2012.4.20 7:00,주간,금,1,0,0,차대차,기타,기타,단일로,기타단일로,승합차,건설기계
2012.4.20 16:00,주간,금,1,1,0,차대차,측면직각충돌,측면직각충돌,교차로,교차로부근,승용차,승용차
2012.3.9 20:00,야간,금,1,0,0,차대사람,횡단중,횡단중,단일로,기타단일로,승용차,보행자
2012.3.7 10:00,주간,수,1,0,1,차대사람,기타,기타,단일로,기타단일로,화물차,보행자
2012.3.6 2:00,야간,화,1,0,0,차대사람,횡단중,횡단중,단일로,횡단보도상,승용차,보행자
2012.3.13 21:00,야간,화,1,0,0,차량단독,도로이탈,도로이탈 추락,단일로,기타단일로,승용차,0
2012.3.13 0:00,야간,화,1,0,0,차량단독,도로이탈,도로이탈 기타,교차로,교차로부근,이륜차,0
2012.3.17 5:00,야간,토,1,0,0,차대차,기타,기타,단일로,기타단일로,자전거,화물차
2012.3.15 21:00,야간,목,1,0,0,차대사람,차도통행중,차도통행중,단일로,기타단일로,승용차,보행자
2012.3.14 12:00,주간,수,1,1,2,차대차,측면직각충돌,측면직각충돌,교차로,교차로내,화물차,화물차
2012.3.19 22:00,야간,월,1,0,0,차대사람,횡단중,횡단중,단일로,기타단일로,승합차,보행자
2012.3.25 20:00,야간,일,1,0,1,차량단독,공작물충돌,공작물충돌,교차로,교차로내,화물차,0
2012.3.24 21:00,야간,토,1,0,0,차대사람,기타,기타,교차로,교차로내,승용차,보행자
2012.3.26 22:00,야간,월,1,0,0,차대사람,횡단중,횡단중,단일로,기타단일로,화물차,보행자
2012.3.27 9:00,주간,화,1,0,1,차대차,측면직각충돌,측면직각충돌,교차로,교차로내,화물차,화물차
2012.3.29 19:00,야간,목,1,0,3,차대차,정면충돌,정면충돌,단일로,기타단일로,원동기장치자전거,승용차
2012.4.2 12:00,주간,월,2,4,0,차량단독,전도전복,전도전복,단일로,기타단일로,승용차,0
2012.3.31 20:00,야간,토,1,0,0,차대사람,차도통행중,차도통행중,단일로,기타단일로,승용차,보행자
2012.3.31 23:00,야간,토,1,0,0,차대사람,횡단중,횡단중,지하도로내,지하도로내,승용차,보행자
2012.3.31 22:00,야간,토,1,2,11,차대차,측면직각충돌,측면직각충돌,교차로,교차로내,승용차,승합차
2012.4.6 13:00,주간,금,1,0,0,차대사람,횡단중,횡단중,단일로,기타단일로,건설기계,보행자
2012.4.5 13:00,주간,목,1,0,0,차량단독,전도전복,전도전복,단일로,터널안,원동기장치자전거,0
2012.4.12 9:00,주간,목,1,0,0,차대사람,횡단중,횡단중,단일로,횡단보도상,화물차,보행자
2012.4.9 14:00,주간,월,1,0,0,차대차,기타,기타,단일로,기타단일로,화물차,이륜차
2012.4.15 13:00,주간,일,1,0,0,차대차,기타,기타,단일로,기타단일로,화물차,이륜차
2012.4.16 16:00,주간,월,1,0,0,차대사람,기타,기타,기타/불명,기타/불명,화물차,보행자
2012.4.27 6:00,주간,금,1,0,0,차대사람,횡단중,횡단중,교차로,교차로내,승용차,보행자
2012.3.2 11:00,주간,금,1,0,0,차대사람,횡단중,횡단중,단일로,횡단보도상,특수차,보행자
2012.3.9 10:00,주간,금,1,0,0,차량단독,도로이탈,도로이탈 추락,단일로,기타단일로,특수차,0
2012.3.9 0:00,야간,금,2,0,0,차대차,정면충돌,정면충돌,단일로,기타단일로,승용차,승용차
2012.3.10 23:00,야간,토,1,0,3,차대차,정면충돌,정면충돌,단일로,기타단일로,승용차,승용차
2012.3.11 16:00,주간,일,1,0,0,차대차,측면직각충돌,측면직각충돌,교차로,교차로내,이륜차,승용차
2012.3.18 5:00,야간,일,1,0,0,차대차,추돌,진행중 추돌,단일로,기타단일로,승용차,이륜차
2012.3.17 22:00,야간,토,1,0,0,차대차,추돌,주정차중 추돌,단일로,기타단일로,승용차,건설기계
2012.3.13 23:00,야간,화,1,1,0,차대사람,횡단중,횡단중,교차로,교차로부근,이륜차,보행자
2012.3.14 23:00,야간,수,1,1,0,차대차,기타,기타,교차로,교차로부근,이륜차,승용차
2012.3.14 20:00,야간,수,1,0,0,차대차,정면충돌,정면충돌,단일로,기타단일로,이륜차,승용차
2012.3.21 12:00,주간,수,1,0,0,차대차,측면직각충돌,측면직각충돌,단일로,횡단보도부근,화물차,자전거
2012.3.21 6:00,주간,수,1,0,1,차대차,추돌,진행중 추돌,단일로,기타단일로,승용차,건설기계
2012.3.21 9:00,주간,수,1,0,0,차대차,추돌,진행중 추돌,단일로,기타단일로,화물차,자전거
2012.3.20 2:00,야간,화,1,0,0,차대사람,횡단중,횡단중,단일로,기타단일로,승용차,보행자
2012.3.26 17:00,주간,월,1,0,0,차대사람,기타,기타,단일로,횡단보도상,승합차,보행자
2012.3.23 0:00,야간,금,2,0,2,차대차,정면충돌,정면충돌,교차로,교차로부근,승용차,화물차
2012.3.23 20:00,야간,금,1,0,0,차대사람,횡단중,횡단중,교차로,교차로부근,승용차,보행자
2012.4.1 19:00,야간,일,1,0,0,차대차,측면직각충돌,측면직각충돌,교차로,교차로내,승용차,자전거
2012.4.7 20:00,야간,토,1,0,0,차대사람,횡단중,횡단중,단일로,기타단일로,승용차,보행자
2012.4.6 17:00,주간,금,1,0,0,차량단독,전도전복,전도전복,단일로,기타단일로,이륜차,0
2012.4.5 11:00,주간,목,1,0,0,차대차,측면직각충돌,측면직각충돌,교차로,교차로내,승용차,이륜차
2012.4.5 0:00,야간,목,1,0,0,차대사람,횡단중,횡단중,교차로,교차로부근,승용차,보행자
2012.4.15 3:00,야간,일,1,0,0,차대사람,횡단중,횡단중,단일로,횡단보도부근,승용차,보행자
2012.4.15 18:00,야간,일,1,0,0,차대차,기타,기타,단일로,기타단일로,승용차,이륜차
2012.4.15 20:00,야간,일,1,0,0,차대사람,횡단중,횡단중,단일로,기타단일로,승용차,보행자
2012.4.14 0:00,야간,토,1,1,0,차대사람,횡단중,횡단중,단일로,횡단보도상,승용차,보행자
2012.4.19 21:00,야간,목,1,0,0,차대차,기타,기타,단일로,기타단일로,이륜차,승합차
2012.4.19 14:00,주간,목,1,0,0,차대사람,길가장자리구역통행중,길가장자리구역통행중,단일로,기타단일로,승용차,보행자
2012.4.19 21:00,야간,목,1,0,0,차대사람,횡단중,횡단중,교차로,교차로내,승용차,보행자
2012.4.22 20:00,야간,일,1,0,2,차대차,추돌,진행중 추돌,단일로,기타단일로,승용차,승용차
2012.4.22 4:00,야간,일,1,0,0,차대사람,횡단중,횡단중,단일로,기타단일로,승용차,보행자
2012.4.27 6:00,주간,금,1,0,0,차량단독,공작물충돌,공작물충돌,단일로,기타단일로,원동기장치자전거,0
2012.3.8 6:00,주간,목,1,0,0,차대차,측면직각충돌,측면직각충돌,교차로,교차로내,승용차,원동기장치자전거
2012.3.5 23:00,야간,월,1,0,0,차대차,추돌,주정차중 추돌,교차로,교차로내,승용차,승합차
2012.3.5 22:00,야간,월,1,0,1,차대사람,횡단중,횡단중,교차로,교차로내,승용차,보행자
2012.3.12 23:00,야간,월,1,0,0,차대사람,횡단중,횡단중,단일로,횡단보도상,승용차,보행자
2012.4.4 7:00,주간,수,1,0,0,차대사람,기타,기타,단일로,기타단일로,승용차,보행자
2012.3.31 14:00,주간,토,1,0,0,차량단독,전도전복,전도전복,단일로,기타단일로,건설기계,0
2012.3.31 8:00,주간,토,1,0,0,차대사람,횡단중,횡단중,단일로,기타단일로,승용차,보행자
2012.3.31 9:00,주간,토,1,0,1,차대사람,기타,기타,단일로,횡단보도부근,승합차,보행자
2012.4.8 6:00,주간,일,1,0,0,차대차,측면직각충돌,측면직각충돌,단일로,기타단일로,승용차,이륜차
2012.4.8 14:00,주간,일,1,1,0,차대차,정면충돌,정면충돌,단일로,기타단일로,이륜차,이륜차
2012.4.7 20:00,야간,토,1,0,0,차대사람,기타,기타,단일로,기타단일로,원동기장치자전거,보행자
2012.4.3 16:00,주간,화,1,0,0,차량단독,기타,기타,단일로,기타단일로,화물차,0
2012.4.4 6:00,주간,수,1,1,0,차대차,측면직각충돌,측면직각충돌,교차로,교차로부근,화물차,화물차
2012.4.12 11:00,주간,목,1,0,0,차대사람,횡단중,횡단중,교차로,교차로내,화물차,보행자
2012.4.7 23:00,야간,토,1,0,0,차대사람,길가장자리구역통행중,길가장자리구역통행중,단일로,기타단일로,승용차,보행자
2012.4.15 23:00,야간,일,1,0,0,차대사람,보도통행중,보도통행중,단일로,횡단보도상,승합차,보행자
2012.4.14 18:00,야간,토,1,0,1,차대사람,횡단중,횡단중,단일로,기타단일로,이륜차,보행자
2012.4.14 20:00,야간,토,1,0,0,차대사람,기타,기타,단일로,횡단보도상,승합차,보행자
2012.4.14 17:00,주간,토,1,0,0,차대차,측면직각충돌,측면직각충돌,기타/불명,기타/불명,농기계,이륜차
2012.4.15 17:00,주간,일,1,1,0,차대차,기타,기타,교차로,교차로내,이륜차,승합차
2012.4.13 7:00,주간,금,1,0,0,차대사람,기타,기타,단일로,기타단일로,화물차,보행자
2012.4.12 22:00,야간,목,1,0,2,차대차,추돌,주정차중 추돌,단일로,기타단일로,화물차,승합차
2012.4.19 7:00,주간,목,1,0,0,차대사람,횡단중,횡단중,단일로,기타단일로,화물차,보행자
2012.4.18 16:00,주간,수,1,0,0,차대차,측면직각충돌,측면직각충돌,교차로,교차로부근,이륜차,승용차
2012.4.18 7:00,주간,수,1,0,1,차대차,측면직각충돌,측면직각충돌,교차로,교차로내,원동기장치자전거,승용차
2012.4.17 6:00,주간,화,1,2,7,차대차,측면직각충돌,측면직각충돌,교차로,교차로부근,승용차,승합차
2012.4.22 11:00,주간,일,1,0,0,차대차,측면직각충돌,측면직각충돌,단일로,기타단일로,이륜차,승용차
2012.4.23 5:00,야간,월,1,0,0,차량단독,공작물충돌,공작물충돌,단일로,기타단일로,승용차,0
2012.4.22 19:00,야간,일,1,0,1,차대차,추돌,진행중 추돌,단일로,기타단일로,승용차,농기계
2012.4.27 18:00,야간,금,1,0,0,차대차,측면직각충돌,측면직각충돌,교차로,교차로내,화물차,자전거
2012.3.1 6:00,주간,목,1,0,0,차대사람,기타,기타,단일로,기타단일로,승합차,보행자
2012.3.1 12:00,주간,목,1,1,0,차량단독,공작물충돌,공작물충돌,단일로,기타단일로,승용차,0
2012.3.7 16:00,주간,수,1,0,0,차량단독,기타,기타,단일로,기타단일로,승용차,0
2012.3.6 17:00,주간,화,1,1,1,차대차,측면직각충돌,측면직각충돌,교차로,교차로내,화물차,승합차
2012.3.13 8:00,주간,화,1,0,0,차대사람,횡단중,횡단중,단일로,기타단일로,승용차,보행자
2012.3.10 22:00,야간,토,1,0,0,차대사람,기타,기타,단일로,기타단일로,화물차,보행자
2012.3.10 22:00,야간,토,1,0,0,차대차,측면직각충돌,측면직각충돌,교차로,교차로내,승용차,이륜차
2012.3.10 12:00,주간,토,1,0,0,차대차,기타,기타,교차로,교차로내,승용차,이륜차
2012.3.15 20:00,야간,목,1,0,0,차대사람,횡단중,횡단중,교차로,교차로내,승용차,보행자
2012.3.15 17:00,주간,목,1,0,0,차대사람,기타,기타,단일로,기타단일로,승합차,보행자
2012.3.20 18:00,야간,화,1,0,0,차대차,측면직각충돌,측면직각충돌,교차로,교차로내,화물차,자전거
2012.3.21 23:00,야간,수,1,0,0,차대사람,길가장자리구역통행중,길가장자리구역통행중,기타/불명,기타/불명,승용차,보행자
2012.3.24 12:00,주간,토,1,0,0,차대차,측면직각충돌,측면직각충돌,교차로,교차로내,이륜차,화물차
2012.3.24 2:00,야간,토,1,0,0,차대사람,보도통행중,보도통행중,단일로,교량위,화물차,보행자
2012.3.31 1:00,야간,토,1,1,1,차대차,추돌,주정차중 추돌,단일로,기타단일로,승용차,화물차
2012.3.29 16:00,주간,목,1,0,0,차대차,측면직각충돌,측면직각충돌,단일로,기타단일로,원동기장치자전거,화물차
2012.3.28 21:00,야간,수,1,0,0,차대사람,기타,기타,단일로,기타단일로,승용차,보행자
2012.3.28 20:00,야간,수,1,0,0,차대사람,횡단중,횡단중,단일로,기타단일로,승용차,보행자
2012.3.28 18:00,야간,수,1,0,0,차대사람,길가장자리구역통행중,길가장자리구역통행중,단일로,횡단보도상,승용차,보행자
2012.3.27 13:00,주간,화,1,0,0,차량단독,기타,기타,단일로,기타단일로,자전거,0
2012.4.2 12:00,주간,월,2,2,1,차대차,기타,기타,교차로,교차로내,승용차,승용차
2012.4.1 14:00,주간,일,1,0,0,차대사람,기타,기타,단일로,기타단일로,승용차,보행자
2012.4.1 11:00,주간,일,1,0,0,차대사람,기타,기타,단일로,기타단일로,승용차,보행자
2012.3.31 16:00,주간,토,1,0,0,차량단독,공작물충돌,공작물충돌,단일로,기타단일로,이륜차,0
2012.4.5 11:00,주간,목,1,0,1,차량단독,공작물충돌,공작물충돌,단일로,기타단일로,화물차,0
2012.4.4 20:00,야간,수,1,0,0,차대사람,차도통행중,차도통행중,단일로,기타단일로,승합차,보행자
2012.4.11 2:00,야간,수,1,0,1,차량단독,전도전복,전도전복,단일로,기타단일로,이륜차,0
2012.4.8 14:00,주간,일,1,0,0,차량단독,기타,기타,단일로,기타단일로,자전거,0
2012.4.9 7:00,주간,월,1,0,0,차대사람,차도통행중,차도통행중,교차로,교차로내,승용차,보행자
2012.4.15 9:00,주간,일,1,0,1,차대차,정면충돌,정면충돌,단일로,기타단일로,승용차,승용차
2012.4.16 14:00,주간,월,1,0,2,차대차,추돌,진행중 추돌,단일로,기타단일로,승용차,특수차
2012.4.15 20:00,야간,일,1,0,0,차대차,추돌,진행중 추돌,단일로,기타단일로,이륜차,승용차
2012.4.16 13:00,주간,월,1,0,0,차대차,측면직각충돌,측면직각충돌,단일로,기타단일로,화물차,자전거
2012.4.16 16:00,주간,월,1,1,1,차량단독,공작물충돌,공작물충돌,단일로,기타단일로,승용차,0
2012.4.16 5:00,야간,월,1,0,0,차량단독,기타,기타,단일로,기타단일로,화물차,0
2012.4.14 20:00,야간,토,1,0,0,차대사람,횡단중,횡단중,단일로,기타단일로,화물차,보행자
2012.4.12 14:00,주간,목,1,0,1,차대차,측면직각충돌,측면직각충돌,교차로,교차로내,승용차,화물차
2012.4.17 15:00,주간,화,1,1,1,차대차,측면직각충돌,측면직각충돌,교차로,교차로내,이륜차,승용차
2012.4.15 21:00,야간,일,1,0,0,차대차,측면직각충돌,측면직각충돌,교차로,교차로내,이륜차,승용차
2012.4.24 7:00,주간,화,1,0,0,차량단독,공작물충돌,공작물충돌,단일로,기타단일로,승용차,0
2012.4.23 8:00,주간,월,1,0,0,차량단독,도로이탈,도로이탈 기타,단일로,기타단일로,이륜차,0
2012.4.20 11:00,주간,금,1,0,0,차대차,정면충돌,정면충돌,단일로,기타단일로,승용차,이륜차
2012.3.8 20:00,야간,목,1,0,0,차량단독,공작물충돌,공작물충돌,단일로,기타단일로,이륜차,0
2012.3.9 19:00,야간,금,1,0,0,차대사람,차도통행중,차도통행중,교차로,교차로내,화물차,보행자
2012.3.5 22:00,야간,월,1,0,0,차대사람,횡단중,횡단중,단일로,기타단일로,승용차,보행자
2012.3.12 21:00,야간,월,1,0,0,차대사람,기타,기타,단일로,기타단일로,승용차,보행자
2012.3.10 10:00,주간,토,2,0,1,차대차,추돌,진행중 추돌,단일로,기타단일로,화물차,승용차
2012.3.10 19:00,야간,토,1,0,0,차대사람,횡단중,횡단중,단일로,횡단보도부근,화물차,보행자
2012.3.10 4:00,야간,토,1,0,0,차대사람,횡단중,횡단중,단일로,횡단보도상,승용차,보행자
2012.3.17 2:00,야간,토,2,2,0,차대차,정면충돌,정면충돌,단일로,기타단일로,특수차,승용차
2012.3.15 13:00,주간,목,1,0,0,차량단독,전도전복,전도전복,단일로,기타단일로,농기계,0
2012.3.16 21:00,야간,금,1,1,0,차대차,측면직각충돌,측면직각충돌,단일로,기타단일로,승용차,원동기장치자전거
2012.3.15 1:00,야간,목,1,0,0,차대사람,보도통행중,보도통행중,단일로,기타단일로,화물차,보행자
2012.3.13 18:00,야간,화,1,0,1,차대차,정면충돌,정면충돌,단일로,기타단일로,승용차,원동기장치자전거
2012.3.21 17:00,주간,수,1,0,0,차량단독,도로이탈,도로이탈 기타,단일로,기타단일로,원동기장치자전거,0
2012.3.21 17:00,주간,수,1,0,0,차대사람,횡단중,횡단중,교차로,교차로내,화물차,보행자
2012.3.22 5:00,야간,목,1,0,0,차대사람,횡단중,횡단중,단일로,횡단보도상,화물차,보행자
2012.3.19 11:00,주간,월,1,0,0,차대차,기타,기타,단일로,기타단일로,승용차,화물차
2012.3.26 6:00,주간,월,1,0,0,차량단독,공작물충돌,공작물충돌,단일로,기타단일로,원동기장치자전거,0
2012.3.23 19:00,야간,금,1,0,0,차대사람,기타,기타,교차로,교차로부근,승용차,보행자
2012.3.29 3:00,야간,목,1,0,0,차대사람,횡단중,횡단중,단일로,기타단일로,화물차,보행자
2012.3.31 17:00,주간,토,1,0,0,차대사람,기타,기타,교차로,교차로부근,화물차,보행자
2012.3.31 23:00,야간,토,1,0,0,차대사람,차도통행중,차도통행중,교차로,교차로부근,승용차,보행자
2012.4.7 15:00,주간,토,1,0,0,차대차,측면직각충돌,측면직각충돌,교차로,교차로부근,이륜차,특수차
2012.4.7 14:00,주간,토,1,0,2,차대차,기타,기타,교차로,교차로내,승용차,화물차
2012.4.8 0:00,야간,일,1,1,0,차량단독,기타,기타,단일로,기타단일로,이륜차,0
2012.4.5 11:00,주간,목,1,3,0,차대차,측면직각충돌,측면직각충돌,교차로,교차로내,화물차,승용차
2012.4.11 11:00,주간,수,1,1,0,차대차,기타,기타,교차로,교차로내,승합차,이륜차
2012.4.11 0:00,야간,수,2,4,0,차량단독,전도전복,전도전복,단일로,기타단일로,승용차,0
2012.4.8 14:00,주간,일,1,0,0,차량단독,기타,기타,단일로,기타단일로,원동기장치자전거,0
2012.4.14 3:00,야간,토,1,0,0,차량단독,전도전복,전도전복,단일로,기타단일로,승합차,0
2012.4.18 17:00,주간,수,1,1,0,차대차,정면충돌,정면충돌,교차로,교차로내,승용차,건설기계
2012.4.18 11:00,주간,수,1,0,0,차대차,측면직각충돌,측면직각충돌,교차로,교차로부근,화물차,자전거
2012.4.17 22:00,야간,화,1,0,0,차대차,측면직각충돌,측면직각충돌,단일로,기타단일로,화물차,특수차
2012.4.17 11:00,주간,화,1,0,0,차대차,기타,기타,교차로,교차로내,원동기장치자전거,자전거
2012.4.23 2:00,야간,월,1,0,3,차량단독,기타,기타,단일로,기타단일로,승용차,0
2012.4.22 20:00,야간,일,1,0,0,차대사람,횡단중,횡단중,단일로,기타단일로,승합차,보행자
2012.4.24 8:00,주간,화,1,0,0,차량단독,전도전복,전도전복,단일로,기타단일로,특수차,0
2012.4.22 14:00,주간,일,1,0,0,차대차,측면직각충돌,측면직각충돌,교차로,교차로내,승합차,화물차
2012.4.22 1:00,야간,일,1,1,0,차량단독,기타,기타,단일로,기타단일로,승용차,0
2012.4.22 2:00,야간,일,1,0,0,차량단독,공작물충돌,공작물충돌,단일로,기타단일로,승용차,0
2012.4.22 3:00,야간,일,1,2,0,차대차,정면충돌,정면충돌,단일로,기타단일로,승용차,화물차
2012.4.22 3:00,야간,일,1,0,0,차대사람,기타,기타,단일로,기타단일로,화물차,보행자
2012.4.21 21:00,야간,토,1,0,0,차대차,측면직각충돌,측면직각충돌,단일로,기타단일로,이륜차,승합차
2012.4.21 14:00,주간,토,1,0,0,차대사람,횡단중,횡단중,단일로,기타단일로,승용차,보행자
2012.4.27 17:00,주간,금,1,0,0,차대사람,기타,기타,단일로,기타단일로,승용차,보행자
2012.4.27 19:00,야간,금,1,0,0,차대차,측면직각충돌,측면직각충돌,단일로,기타단일로,승용차,이륜차
2012.4.26 0:00,야간,목,1,3,0,차량단독,공작물충돌,공작물충돌,단일로,기타단일로,승용차,0
2012.3.7 5:00,야간,수,1,0,0,차대사람,횡단중,횡단중,교차로,교차로부근,화물차,보행자
2012.3.11 15:00,주간,일,1,0,0,차대차,측면직각충돌,측면직각충돌,단일로,기타단일로,이륜차,승용차
2012.3.13 21:00,야간,화,1,1,0,차대사람,횡단중,횡단중,단일로,횡단보도상,승용차,보행자
2012.3.20 19:00,야간,화,1,0,0,차대사람,기타,기타,단일로,기타단일로,승용차,보행자
2012.3.18 1:00,야간,토,1,0,0,차량단독,공작물충돌,공작물충돌,단일로,터널안,승용차,0
2012.3.30 16:00,주간,금,1,0,0,차대사람,기타,기타,단일로,기타단일로,화물차,보행자
2012.3.30 2:00,야간,금,1,0,0,차량단독,공작물충돌,공작물충돌,단일로,기타단일로,화물차,0
2012.3.28 17:00,주간,수,1,0,0,차대차,추돌,진행중 추돌,단일로,기타단일로,화물차,이륜차
2012.4.3 1:00,야간,화,1,0,0,차대차,추돌,주정차중 추돌,교차로,교차로부근,승용차,승용차
2012.4.4 11:00,주간,수,1,0,0,차량단독,전도전복,전도전복,단일로,기타단일로,이륜차,0
2012.4.5 23:00,야간,목,1,0,0,차대사람,횡단중,횡단중,단일로,기타단일로,승합차,보행자
2012.3.5 23:00,야간,월,1,0,0,차대사람,횡단중,횡단중,교차로,교차로부근,승용차,보행자
2012.3.14 8:00,주간,화,1,0,0,차대차,측면직각충돌,측면직각충돌,교차로,교차로내,화물차,원동기장치자전거
2012.3.12 18:00,야간,월,1,1,1,차대차,추돌,진행중 추돌,단일로,기타단일로,화물차,화물차
2012.3.11 19:00,야간,일,1,0,0,차대사람,길가장자리구역통행중,길가장자리구역통행중,단일로,기타단일로,승용차,보행자
2012.3.18 0:00,야간,일,1,0,0,차량단독,전도전복,전도전복,단일로,기타단일로,이륜차,0
2012.3.16 19:00,야간,금,1,0,0,차대사람,횡단중,횡단중,단일로,기타단일로,승용차,보행자
2012.4.14 17:00,주간,토,1,0,0,차대사람,기타,기타,단일로,기타단일로,화물차,보행자
2012.4.13 21:00,야간,금,1,0,0,차대사람,횡단중,횡단중,단일로,기타단일로,승용차,보행자
2012.4.13 13:00,주간,금,1,0,0,차대차,측면직각충돌,측면직각충돌,교차로,교차로내,이륜차,승합차
2012.4.13 9:00,주간,금,1,1,0,차대차,측면직각충돌,측면직각충돌,교차로,교차로부근,원동기장치자전거,승용차
2012.4.20 19:00,야간,금,1,0,0,차대차,추돌,진행중 추돌,교차로,교차로내,화물차,승용차
2012.4.18 17:00,주간,수,1,0,0,차대사람,기타,기타,단일로,기타단일로,화물차,보행자
2012.4.17 19:00,야간,화,1,0,0,차대사람,횡단중,횡단중,교차로,교차로부근,화물차,보행자
2012.4.16 19:00,야간,월,1,0,0,차대사람,기타,기타,단일로,횡단보도상,승용차,보행자
2012.4.17 15:00,주간,화,1,0,0,차대차,기타,기타,교차로,교차로내,승용차,이륜차
2012.4.18 7:00,주간,수,1,4,1,차대차,기타,기타,고가도로위,고가도로위,승용차,승합차
2012.4.23 22:00,야간,월,1,1,0,차대차,추돌,주정차중 추돌,단일로,기타단일로,화물차,화물차
2012.4.21 8:00,주간,토,1,0,0,차량단독,도로이탈,도로이탈 추락,단일로,기타단일로,승용차,0
2012.4.21 21:00,야간,토,1,0,0,차대사람,횡단중,횡단중,단일로,기타단일로,승용차,보행자
2012.3.8 11:00,주간,목,1,0,0,차대사람,횡단중,횡단중,단일로,기타단일로,승합차,보행자
2012.3.13 6:00,주간,화,1,0,0,차대사람,횡단중,횡단중,단일로,기타단일로,승용차,보행자
2012.3.12 22:00,야간,월,1,0,6,차대차,정면충돌,정면충돌,교차로,교차로내,승용차,승합차
2012.3.21 20:00,야간,수,1,0,0,차대차,정면충돌,정면충돌,교차로,교차로내,승용차,이륜차
2012.3.21 5:00,야간,수,1,0,0,차대사람,횡단중,횡단중,단일로,기타단일로,승용차,보행자
2012.3.25 3:00,야간,일,1,2,1,차량단독,공작물충돌,공작물충돌,단일로,기타단일로,승용차,0
2012.3.25 14:00,주간,일,1,1,2,차대차,측면직각충돌,측면직각충돌,교차로,교차로내,승용차,승합차
2012.3.27 7:00,주간,화,1,0,0,차대사람,횡단중,횡단중,단일로,횡단보도부근,승용차,보행자
2012.3.22 21:00,야간,목,2,0,1,차대사람,길가장자리구역통행중,길가장자리구역통행중,단일로,기타단일로,승용차,보행자