발생년월일시,주야,요일,사망자수,중상자수,경상자수,사고유형_대분류,사고유형_중분류,사고유형,도로형태_대분류,도로형태,당사자종별_1당_대분류,당사자종별_2당_대분류
2013.1.30 18:00,야간,수,1,0,3,차대차,측면직각충돌,측면직각충돌,단일로,기타단일로,승용차,화물차
2013.1.27 10:00,주간,일,1,0,1,차량단독,전도전복,전도전복,단일로,기타단일로,화물차,0
2013.1.26 17:00,주간,토,1,1,0,차량단독,전도전복,전도전복,단일로,기타단일로,승용차,0
2013.1.25 6:00,주간,금,1,0,0,차대사람,횡단중,횡단중,단일로,횡단보도상,승용차,보행자
2013.1.24 18:00,야간,목,1,0,0,차대사람,차도통행중,차도통행중,단일로,기타단일로,승용차,보행자
2013.1.13 6:00,주간,일,1,0,0,차대사람,횡단중,횡단중,단일로,횡단보도상,승용차,보행자
2013.1.19 5:00,야간,토,1,0,0,차대사람,기타,기타,단일로,기타단일로,승용차,보행자
2013.1.14 17:00,주간,월,1,0,0,차대차,측면직각충돌,측면직각충돌,교차로,교차로내,승용차,이륜차
2013.1.15 19:00,야간,화,1,0,0,차대차,측면직각충돌,측면직각충돌,단일로,기타단일로,이륜차,승용차
2013.1.16 6:00,주간,수,1,0,0,차대사람,횡단중,횡단중,단일로,기타단일로,승용차,보행자
2013.1.16 18:00,야간,수,1,0,0,차대사람,기타,기타,교차로,교차로부근,승합차,보행자
2013.1.16 6:00,주간,수,1,0,0,차대사람,횡단중,횡단중,단일로,기타단일로,승용차,보행자
2013.1.22 7:00,주간,화,1,0,0,차대사람,기타,기타,단일로,기타단일로,승용차,보행자
2013.1.19 19:00,야간,토,1,0,0,차대사람,횡단중,횡단중,단일로,기타단일로,이륜차,보행자
2013.1.19 6:00,주간,토,1,0,0,차대사람,기타,기타,단일로,기타단일로,화물차,보행자
2013.1.20 4:00,야간,일,1,0,1,차량단독,도로이탈,도로이탈 기타,단일로,기타단일로,승용차,0
2013.1.20 19:00,야간,일,1,0,0,차량단독,공작물충돌,공작물충돌,단일로,기타단일로,승용차,0
2013.1.19 20:00,야간,토,1,0,0,차량단독,기타,기타,단일로,기타단일로,원동기장치자전거,0
2013.2.20 8:00,주간,수,1,0,1,차대차,측면직각충돌,측면직각충돌,교차로,교차로내,승용차,화물차
2013.1.21 13:00,주간,월,1,0,0,차대사람,횡단중,횡단중,단일로,기타단일로,화물차,보행자
2013.1.20 22:00,야간,일,1,1,0,차량단독,기타,기타,단일로,기타단일로,승용차,0
2013.1.29 18:00,야간,화,1,0,0,차대사람,보도통행중,보도통행중,단일로,기타단일로,승합차,보행자
2013.1.30 7:00,주간,수,1,0,0,차대사람,차도통행중,차도통행중,단일로,기타단일로,승합차,보행자
2013.1.25 18:00,야간,금,1,0,0,차대차,측면직각충돌,측면직각충돌,단일로,기타단일로,승용차,원동기장치자전거
2013.1.26 2:00,야간,토,1,0,0,차량단독,공작물충돌,공작물충돌,단일로,횡단보도부근,승용차,0
2013.1.25 10:00,주간,금,1,0,0,차량단독,전도전복,전도전복,단일로,기타단일로,승용차,0
2013.1.25 11:00,주간,금,1,0,0,차량단독,기타,기타,단일로,기타단일로,승용차,0
2013.1.24 19:00,야간,목,1,0,0,차대사람,기타,기타,단일로,기타단일로,승용차,보행자
2013.2.4 7:00,주간,월,1,0,0,차량단독,공작물충돌,공작물충돌,교차로,교차로부근,승용차,0
2013.2.4 6:00,주간,월,1,0,1,차량단독,공작물충돌,공작물충돌,교차로,교차로부근,승용차,0
2013.2.4 0:00,야간,월,1,1,0,차량단독,공작물충돌,공작물충돌,단일로,기타단일로,승용차,0
2013.2.3 0:00,야간,일,1,0,0,차대사람,기타,기타,단일로,기타단일로,승합차,보행자
2013.2.1 11:00,주간,금,1,0,0,차대차,정면충돌,정면충돌,교차로,교차로내,화물차,화물차
2013.2.2 13:00,주간,토,1,0,0,차량단독,공작물충돌,공작물충돌,단일로,기타단일로,승용차,0
2013.2.2 3:00,야간,토,1,1,0,차량단독,공작물충돌,공작물충돌,단일로,기타단일로,화물차,0
2013.2.2 8:00,주간,토,1,1,0,차량단독,공작물충돌,공작물충돌,단일로,기타단일로,화물차,0
2013.2.2 6:00,주간,토,2,2,1,차량단독,공작물충돌,공작물충돌,단일로,기타단일로,승합차,0
2013.8.7 10:00,주간,수,1,3,4,차대차,추돌,주정차중 추돌,단일로,기타단일로,화물차,화물차
2013.8.17 1:00,야간,토,1,0,0,차대차,추돌,진행중 추돌,단일로,기타단일로,화물차,화물차
2013.7.9 20:00,야간,화,1,1,0,차량단독,공작물충돌,공작물충돌,단일로,기타단일로,승용차,0
2013.7.16 14:00,주간,화,1,1,2,차대차,추돌,진행중 추돌,단일로,기타단일로,화물차,화물차
2013.10.27 8:00,주간,일,1,4,0,차량단독,공작물충돌,공작물충돌,단일로,기타단일로,승합차,0
2012.2.15 18:00,야간,수,1,0,0,차대사람,기타,기타,단일로,기타단일로,건설기계,보행자
2012.2.11 1:00,야간,금,1,0,0,차대사람,횡단중,횡단중,단일로,횡단보도부근,승용차,보행자
2012.2.11 17:00,주간,토,1,0,0,차대사람,차도통행중,차도통행중,단일로,기타단일로,승합차,보행자
2012.2.19 21:00,야간,일,4,1,0,차대차,추돌,진행중 추돌,단일로,기타단일로,승용차,승용차
2012.2.20 17:00,주간,월,1,1,1,차대차,기타,기타,단일로,기타단일로,승용차,화물차
2012.2.16 16:00,주간,목,1,1,0,차대사람,기타,기타,단일로,횡단보도상,승용차,보행자
2012.2.21 15:00,주간,화,1,0,0,차량단독,공작물충돌,공작물충돌,단일로,기타단일로,화물차,0
2012.2.25 19:00,야간,토,1,0,0,차량단독,기타,기타,단일로,기타단일로,승용차,0
2012.2.25 9:00,주간,토,1,0,0,차대사람,횡단중,횡단중,단일로,횡단보도상,승용차,보행자
2012.1.18 8:00,주간,수,1,2,0,차량단독,도로이탈,도로이탈 추락,단일로,기타단일로,승용차,0
2012.1.18 15:00,주간,수,1,0,1,차대차,정면충돌,정면충돌,단일로,기타단일로,화물차,승용차
2012.1.22 1:00,야간,일,1,1,0,차대사람,보도통행중,보도통행중,교차로,교차로내,승용차,보행자
2012.1.22 20:00,야간,일,1,0,0,차대사람,횡단중,횡단중,단일로,기타단일로,승용차,보행자
2012.1.19 18:00,야간,목,1,0,0,차량단독,공작물충돌,공작물충돌,단일로,교량위,승용차,0
2012.1.19 21:00,야간,목,1,0,0,차대사람,횡단중,횡단중,단일로,기타단일로,화물차,보행자
2012.1.19 14:00,주간,목,1,0,0,차대차,측면직각충돌,측면직각충돌,단일로,터널안,승용차,승용차
2012.1.20 18:00,야간,금,1,0,0,차대사람,횡단중,횡단중,교차로,교차로부근,승합차,보행자
2012.2.2 6:00,주간,목,1,0,0,차대사람,횡단중,횡단중,단일로,횡단보도상,승용차,보행자
2012.2.2 5:00,야간,목,1,0,0,차대사람,횡단중,횡단중,단일로,기타단일로,화물차,보행자
2012.2.6 5:00,야간,월,1,0,0,차량단독,공작물충돌,공작물충돌,단일로,교량위,승합차,0
2012.2.6 5:00,야간,월,1,0,0,차대사람,횡단중,횡단중,단일로,기타단일로,승용차,보행자
2012.2.3 1:00,야간,목,1,1,0,차대차,측면직각충돌,측면직각충돌,교차로,교차로내,승용차,화물차
2012.2.10 0:00,야간,금,1,0,0,차대차,추돌,주정차중 추돌,단일로,기타단일로,승용차,특수차
2012.2.10 5:00,야간,금,1,0,0,차대사람,기타,기타,단일로,기타단일로,승용차,보행자
2012.2.13 19:00,야간,월,1,0,0,차대사람,횡단중,횡단중,단일로,기타단일로,이륜차,보행자
2012.2.14 14:00,주간,화,1,0,0,차량단독,공작물충돌,공작물충돌,단일로,기타단일로,건설기계,0
2012.2.13 14:00,주간,월,1,0,0,차대사람,횡단중,횡단중,단일로,횡단보도상,건설기계,보행자
2012.2.11 18:00,야간,토,1,0,0,차대사람,기타,기타,교차로,교차로내,승용차,보행자
2012.2.16 18:00,야간,목,1,0,0,차대사람,기타,기타,단일로,기타단일로,승합차,보행자
2012.2.24 2:00,야간,금,1,0,0,차량단독,전도전복,전도전복,단일로,교량위,승용차,0
2012.2.25 5:00,야간,토,1,0,0,차대차,추돌,주정차중 추돌,단일로,기타단일로,승용차,이륜차
2012.2.26 8:00,주간,일,1,1,0,차대차,측면직각충돌,측면직각충돌,단일로,횡단보도상,승용차,자전거
2012.2.24 15:00,주간,금,1,0,1,차대차,정면충돌,정면충돌,단일로,기타단일로,승용차,화물차
2012.2.24 22:00,야간,금,1,0,0,차대사람,횡단중,횡단중,단일로,횡단보도상,화물차,보행자
2012.2.26 15:00,주간,일,1,0,0,차대차,정면충돌,정면충돌,단일로,기타단일로,이륜차,승용차
2012.3.4 2:00,야간,일,1,0,0,차량단독,기타,기타,단일로,기타단일로,승용차,0
2012.3.4 0:00,야간,일,1,0,0,차대사람,차도통행중,차도통행중,단일로,기타단일로,승용차,보행자
2012.3.1 9:00,주간,목,1,0,0,차량단독,도로이탈,도로이탈 추락,단일로,교량위,승용차,0
2012.3.1 15:00,주간,목,1,0,0,차대사람,횡단중,횡단중,단일로,터널안,승용차,보행자
2012.1.19 2:00,야간,목,1,0,0,차대사람,횡단중,횡단중,단일로,기타단일로,승용차,보행자
2012.1.18 22:00,야간,수,1,0,0,차대사람,횡단중,횡단중,단일로,기타단일로,화물차,보행자
2012.1.18 19:00,야간,수,1,0,0,차대사람,기타,기타,단일로,기타단일로,승용차,보행자
2012.1.16 21:00,야간,월,1,0,0,차대사람,기타,기타,단일로,기타단일로,화물차,보행자
2012.1.16 9:00,주간,월,1,0,0,차대차,측면직각충돌,측면직각충돌,교차로,교차로내,승용차,자전거
2012.1.16 8:00,주간,월,2,7,3,차량단독,기타,기타,단일로,기타단일로,승합차,0
2012.1.20 14:00,주간,금,1,0,0,차대사람,횡단중,횡단중,교차로,교차로내,승용차,보행자
2012.1.26 19:00,야간,목,1,0,0,차대사람,횡단중,횡단중,교차로,교차로내,화물차,보행자
2012.2.1 23:00,야간,수,1,0,0,차량단독,공작물충돌,공작물충돌,교차로,교차로내,승용차,0
2012.1.28 5:00,야간,토,1,0,0,차대차,기타,기타,기타/불명,기타/불명,원동기장치자전거,화물차
2012.2.5 21:00,야간,일,1,0,0,차대사람,기타,기타,단일로,기타단일로,승용차,보행자
2012.4.5 17:00,주간,목,1,0,0,차대차,측면직각충돌,측면직각충돌,교차로,교차로내,승용차,이륜차
2012.4.11 20:00,야간,수,1,1,0,차대차,측면직각충돌,측면직각충돌,교차로,교차로내,자전거,이륜차
2012.4.10 8:00,주간,화,1,0,0,차대사람,횡단중,횡단중,단일로,기타단일로,건설기계,보행자
2012.4.8 7:00,주간,일,1,0,0,차대차,추돌,진행중 추돌,단일로,기타단일로,승용차,건설기계
2012.4.15 2:00,야간,일,1,0,0,차대사람,차도통행중,차도통행중,단일로,횡단보도상,승용차,보행자
2012.4.14 8:00,주간,토,1,0,0,차대차,측면직각충돌,측면직각충돌,교차로,교차로내,승용차,자전거
2012.4.20 3:00,야간,금,1,0,0,차량단독,공작물충돌,공작물충돌,교차로,교차로부근,승용차,0
2012.4.19 12:00,주간,목,1,0,0,차대차,기타,기타,단일로,기타단일로,이륜차,화물차
2012.4.23 6:00,주간,월,1,1,0,차대차,추돌,진행중 추돌,단일로,기타단일로,화물차,화물차
2012.4.22 11:00,주간,일,1,0,0,차대차,추돌,주정차중 추돌,단일로,기타단일로,승용차,특수차
2012.4.21 2:00,야간,토,1,0,0,차대차,추돌,주정차중 추돌,단일로,기타단일로,승용차,승합차
2012.4.21 12:00,주간,토,1,0,0,차대차,기타,기타,단일로,기타단일로,특수차,이륜차
2012.4.27 0:00,야간,금,1,0,0,차량단독,공작물충돌,공작물충돌,단일로,기타단일로,이륜차,0
2012.3.9 8:00,주간,금,1,0,1,차대차,기타,기타,교차로,교차로내,화물차,승합차
2012.3.6 21:00,야간,화,1,0,0,차대사람,횡단중,횡단중,단일로,기타단일로,화물차,보행자
2012.3.5 20:00,야간,월,2,0,1,차대차,측면직각충돌,측면직각충돌,교차로,교차로내,승용차,승합차
2012.3.14 14:00,주간,수,1,0,0,차대사람,기타,기타,단일로,터널안,화물차,보행자
2012.3.14 6:00,주간,수,1,0,0,차대사람,횡단중,횡단중,단일로,기타단일로,승합차,보행자
2012.3.14 8:00,주간,수,1,0,0,차대차,추돌,주정차중 추돌,교차로,교차로부근,원동기장치자전거,승합차
2012.3.12 16:00,주간,월,1,1,0,차대차,측면직각충돌,측면직각충돌,단일로,기타단일로,화물차,승합차
2012.3.12 1:00,야간,월,1,1,0,차대차,기타,기타,교차로,교차로내,화물차,승용차
2012.3.10 10:00,주간,토,1,0,1,차대차,측면직각충돌,측면직각충돌,교차로,교차로내,승용차,화물차
2012.3.17 14:00,주간,토,1,0,0,차대차,측면직각충돌,측면직각충돌,교차로,교차로내,승용차,이륜차
2012.3.15 4:00,야간,목,1,0,0,차대사람,횡단중,횡단중,단일로,교량위,승용차,보행자
2012.3.22 12:00,주간,목,1,1,0,차대차,측면직각충돌,측면직각충돌,단일로,기타단일로,화물차,승용차
2012.3.21 6:00,주간,수,1,0,0,차량단독,기타,기타,단일로,기타단일로,승용차,0
2012.3.20 13:00,주간,화,1,0,0,차량단독,기타,기타,단일로,기타단일로,화물차,0
2012.3.29 17:00,주간,목,2,1,1,차대사람,보도통행중,보도통행중,단일로,기타단일로,승용차,보행자
2012.3.28 22:00,야간,수,1,0,0,차량단독,전도전복,전도전복,단일로,기타단일로,승용차,0
2012.3.31 23:00,야간,토,2,0,0,차대사람,횡단중,횡단중,단일로,횡단보도상,승용차,보행자
2012.3.31 20:00,야간,토,1,0,0,차대사람,차도통행중,차도통행중,단일로,기타단일로,승용차,보행자
2012.4.4 22:00,야간,수,1,1,0,차대차,정면충돌,정면충돌,단일로,기타단일로,승용차,이륜차
2012.4.9 0:00,야간,월,1,0,0,차량단독,공작물충돌,공작물충돌,단일로,기타단일로,원동기장치자전거,0
2012.4.8 19:00,야간,일,1,0,0,차대차,측면직각충돌,측면직각충돌,교차로,교차로내,승용차,이륜차
2012.2.16 15:00,주간,목,1,1,0,차대차,기타,기타,단일로,기타단일로,승용차,농기계
2012.2.16 10:00,주간,목,1,0,0,차대차,기타,기타,단일로,횡단보도부근,자전거,승용차
2012.2.24 8:00,주간,금,1,0,0,차대사람,기타,기타,단일로,횡단보도부근,특수차,보행자
2012.2.21 2:00,야간,화,1,0,0,차량단독,공작물충돌,공작물충돌,단일로,기타단일로,승용차,0
2012.2.21 18:00,야간,화,1,0,0,차대사람,길가장자리구역통행중,길가장자리구역통행중,단일로,기타단일로,특수차,보행자
2012.2.28 23:00,야간,화,1,0,3,차대사람,횡단중,횡단중,단일로,기타단일로,승합차,보행자
2012.2.29 10:00,주간,수,1,0,0,차대차,측면직각충돌,측면직각충돌,단일로,기타단일로,원동기장치자전거,승용차
2012.2.29 12:00,주간,수,1,0,0,차대사람,횡단중,횡단중,단일로,기타단일로,승용차,보행자
2012.2.29 9:00,주간,수,1,0,0,차량단독,공작물충돌,공작물충돌,단일로,기타단일로,화물차,0
2012.2.27 6:00,주간,월,1,0,1,차대차,추돌,진행중 추돌,단일로,기타단일로,승합차,승합차
2012.2.25 14:00,주간,토,1,0,0,차대사람,기타,기타,교차로,교차로내,화물차,보행자
2012.2.25 20:00,야간,토,1,0,0,차량단독,공작물충돌,공작물충돌,단일로,기타단일로,승용차,0
2012.3.4 4:00,야간,일,1,1,0,차량단독,공작물충돌,공작물충돌,단일로,기타단일로,승용차,0
2012.1.18 16:00,주간,수,1,0,0,차대사람,기타,기타,단일로,기타단일로,승용차,보행자
2012.1.16 7:00,주간,월,1,0,0,차대사람,기타,기타,단일로,횡단보도상,승용차,보행자
2012.1.20 18:00,야간,금,1,0,0,차대사람,횡단중,횡단중,단일로,기타단일로,승합차,보행자
2012.1.20 7:00,주간,금,1,1,0,차대사람,횡단중,횡단중,교차로,교차로부근,화물차,보행자
2012.1.19 7:00,주간,목,1,0,0,차량단독,도로이탈,도로이탈 추락,단일로,기타단일로,승용차,0
2012.1.25 16:00,주간,수,1,0,0,차대차,기타,기타,단일로,기타단일로,승용차,불명
2012.2.2 10:00,주간,목,1,0,0,차대사람,횡단중,횡단중,단일로,횡단보도상,화물차,보행자
2012.2.1 6:00,주간,수,1,0,0,차대사람,횡단중,횡단중,단일로,횡단보도상,승용차,보행자
2012.1.31 17:00,주간,화,1,1,0,차량단독,전도전복,전도전복,단일로,기타단일로,승용차,0
2012.1.31 21:00,야간,화,1,0,0,차대사람,차도통행중,차도통행중,단일로,기타단일로,승합차,보행자
2012.1.31 2:00,야간,화,1,0,0,차대사람,길가장자리구역통행중,길가장자리구역통행중,단일로,기타단일로,승합차,보행자
2012.2.6 5:00,야간,월,1,0,0,차량단독,공작물충돌,공작물충돌,단일로,기타단일로,승용차,0
2012.2.7 0:00,야간,화,1,0,1,차대차,추돌,주정차중 추돌,교차로,교차로부근,승용차,승합차
2012.2.4 6:00,주간,토,1,0,0,차대사람,기타,기타,단일로,기타단일로,승용차,보행자
2012.2.2 16:00,주간,목,1,0,2,차대차,추돌,주정차중 추돌,단일로,기타단일로,화물차,화물차
2012.2.13 8:00,주간,월,1,0,0,차량단독,전도전복,전도전복,단일로,교량위,원동기장치자전거,0
2012.2.12 5:00,야간,일,1,0,0,차대사람,차도통행중,차도통행중,단일로,기타단일로,승용차,보행자
2012.2.10 17:00,주간,금,1,6,6,차대차,정면충돌,정면충돌,단일로,터널안,화물차,승합차
2012.2.12 23:00,야간,일,1,0,0,차대차,기타,기타,단일로,기타단일로,승용차,승용차
2012.2.20 17:00,주간,월,1,0,1,차대사람,횡단중,횡단중,단일로,기타단일로,승용차,보행자
2012.2.17 15:00,주간,금,1,0,0,차대차,측면직각충돌,측면직각충돌,교차로,교차로내,화물차,원동기장치자전거
2012.2.17 0:00,야간,금,1,0,0,차대사람,횡단중,횡단중,단일로,횡단보도부근,승용차,보행자
2012.2.17 12:00,주간,금,1,0,0,차대차,측면직각충돌,측면직각충돌,단일로,기타단일로,승용차,자전거
2012.2.22 20:00,야간,수,1,0,0,차대사람,횡단중,횡단중,단일로,횡단보도상,승용차,보행자
2012.2.22 22:00,야간,수,1,0,0,차대사람,횡단중,횡단중,단일로,기타단일로,승합차,보행자
2012.2.21 13:00,주간,화,1,0,0,차대차,측면직각충돌,측면직각충돌,교차로,교차로부근,이륜차,승용차
2012.2.21 16:00,주간,화,1,0,0,차량단독,도로이탈,도로이탈 추락,단일로,기타단일로,농기계,0
2012.2.21 6:00,주간,화,1,0,0,차대사람,횡단중,횡단중,단일로,기타단일로,승용차,보행자
2012.2.24 15:00,주간,금,1,0,0,차대사람,횡단중,횡단중,단일로,기타단일로,화물차,보행자
2012.2.24 7:00,주간,금,1,0,0,차량단독,공작물충돌,공작물충돌,교차로,교차로부근,원동기장치자전거,0
2012.2.25 3:00,야간,토,1,0,0,차대차,추돌,진행중 추돌,교차로,교차로내,승용차,승용차
2012.2.26 10:00,주간,일,2,0,1,차량단독,공작물충돌,공작물충돌,단일로,기타단일로,승용차,0
2012.2.26 3:00,야간,일,1,0,0,차량단독,도로이탈,도로이탈 추락,교차로,교차로내,승용차,0
2012.3.2 20:00,야간,금,1,0,0,차량단독,공작물충돌,공작물충돌,단일로,기타단일로,승용차,0
2012.3.1 12:00,주간,목,1,0,0,차량단독,공작물충돌,공작물충돌,단일로,기타단일로,이륜차,0
2012.2.29 23:00,야간,수,1,1,0,차대사람,횡단중,횡단중,교차로,교차로부근,화물차,보행자
2012.1.18 20:00,야간,수,1,0,0,차량단독,공작물충돌,공작물충돌,단일로,기타단일로,화물차,0
2012.1.18 14:00,주간,수,1,0,0,차대사람,길가장자리구역통행중,길가장자리구역통행중,교차로,교차로부근,화물차,보행자
2012.1.16 10:00,주간,월,1,1,0,차대차,추돌,주정차중 추돌,단일로,기타단일로,승용차,승합차
2012.1.16 15:00,주간,월,1,0,0,차대차,추돌,진행중 추돌,단일로,기타단일로,화물차,자전거
2012.1.21 2:00,야간,토,1,0,0,차대사람,길가장자리구역통행중,길가장자리구역통행중,교차로,교차로내,승용차,보행자
2012.2.2 11:00,주간,목,1,0,0,차대차,정면충돌,정면충돌,교차로,교차로내,승용차,원동기장치자전거
2012.2.5 9:00,주간,일,1,1,1,차량단독,공작물충돌,공작물충돌,단일로,기타단일로,승용차,0
2012.2.6 7:00,주간,월,1,0,0,차대차,측면직각충돌,측면직각충돌,단일로,기타단일로,승용차,농기계
2012.2.3 6:00,주간,금,1,0,0,차대차,추돌,진행중 추돌,단일로,기타단일로,승용차,화물차
2012.2.8 9:00,주간,수,1,0,0,차대차,측면직각충돌,측면직각충돌,교차로,교차로내,자전거,승용차
2012.2.13 11:00,주간,월,1,0,0,차대차,기타,기타,교차로,교차로내,이륜차,화물차
2012.2.13 1:00,야간,월,1,0,1,차대차,정면충돌,정면충돌,단일로,기타단일로,승용차,승용차
2012.2.12 3:00,야간,일,1,0,0,차대차,측면직각충돌,측면직각충돌,단일로,기타단일로,승용차,승용차
2012.2.12 23:00,야간,일,1,0,0,차대차,정면충돌,정면충돌,단일로,기타단일로,승용차,원동기장치자전거
2012.2.16 14:00,주간,목,1,0,0,차대사람,기타,기타,단일로,기타단일로,승용차,보행자
2012.2.16 9:00,주간,목,1,0,0,차량단독,도로이탈,도로이탈 추락,단일로,기타단일로,건설기계,0
2012.2.20 22:00,야간,월,1,0,0,차량단독,공작물충돌,공작물충돌,단일로,기타단일로,승용차,0
2012.2.21 6:00,주간,화,1,0,0,차대차,기타,기타,단일로,기타단일로,승합차,자전거
2012.2.21 1:00,야간,화,1,0,0,차대사람,횡단중,횡단중,교차로,교차로부근,승용차,보행자
2012.2.20 6:00,주간,월,1,0,0,차대차,기타,기타,단일로,기타단일로,승용차,승용차
2012.2.27 19:00,야간,월,1,0,0,차대사람,횡단중,횡단중,단일로,기타단일로,승용차,보행자
2012.2.27 8:00,주간,월,1,0,0,차대차,측면직각충돌,측면직각충돌,교차로,교차로내,화물차,원동기장치자전거
2012.2.27 2:00,야간,월,1,1,0,차량단독,공작물충돌,공작물충돌,교차로,교차로부근,승용차,0
2012.2.27 14:00,주간,일,1,0,0,차대사람,횡단중,횡단중,단일로,기타단일로,화물차,보행자
2012.2.25 2:00,야간,토,1,0,0,차대차,기타,기타,단일로,기타단일로,불명,승용차
2012.3.3 1:00,야간,토,1,0,0,차량단독,공작물충돌,공작물충돌,단일로,기타단일로,승용차,0
2012.1.18 11:00,주간,수,1,0,0,차대사람,횡단중,횡단중,단일로,횡단보도부근,화물차,보행자
2012.1.18 13:00,주간,수,1,0,0,차량단독,공작물충돌,공작물충돌,단일로,기타단일로,승용차,0
2012.1.18 22:00,야간,수,1,0,0,차대사람,기타,기타,단일로,기타단일로,화물차,보행자
2012.1.18 11:00,주간,수,1,0,0,차량단독,공작물충돌,공작물충돌,단일로,기타단일로,원동기장치자전거,0
2012.1.18 15:00,주간,수,1,1,0,차대차,추돌,진행중 추돌,단일로,기타단일로,화물차,자전거
2012.1.15 12:00,주간,일,1,1,0,차대차,측면직각충돌,측면직각충돌,단일로,기타단일로,승용차,승용차
2012.1.15 0:00,야간,일,1,0,0,차대사람,기타,기타,단일로,횡단보도부근,승합차,보행자
2012.1.14 19:00,야간,토,1,0,0,차대사람,횡단중,횡단중,단일로,기타단일로,승용차,보행자
2012.1.16 20:00,야간,월,1,0,1,차대사람,기타,기타,교차로,교차로내,승용차,보행자
2012.1.23 6:00,주간,월,1,2,5,차대차,측면직각충돌,측면직각충돌,교차로,교차로내,승용차,승용차
2012.1.19 14:00,주간,목,1,0,0,차량단독,기타,기타,단일로,기타단일로,농기계,0
2012.1.19 19:00,야간,목,1,0,0,차대사람,횡단중,횡단중,교차로,교차로부근,승합차,보행자
2012.1.20 0:00,야간,금,1,0,0,차량단독,공작물충돌,공작물충돌,기타/불명,기타/불명,원동기장치자전거,0
2012.1.20 6:00,주간,금,1,0,0,차대사람,횡단중,횡단중,단일로,기타단일로,승용차,보행자
2012.2.1 11:00,주간,수,1,0,0,차대사람,보도통행중,보도통행중,단일로,기타단일로,화물차,보행자
2012.2.2 17:00,주간,목,1,0,0,차대사람,보도통행중,보도통행중,단일로,기타단일로,승합차,보행자
2012.1.28 12:00,주간,토,1,0,0,차대차,정면충돌,정면충돌,교차로,교차로내,승용차,이륜차
2012.2.6 13:00,주간,월,1,0,0,차대사람,길가장자리구역통행중,길가장자리구역통행중,단일로,기타단일로,화물차,보행자
2012.2.7 2:00,야간,화,1,0,0,차대사람,기타,기타,단일로,기타단일로,승용차,보행자
2012.2.3 6:00,주간,금,1,0,0,차대사람,횡단중,횡단중,교차로,교차로내,승용차,보행자
2012.2.2 8:00,주간,목,1,0,0,차대사람,길가장자리구역통행중,길가장자리구역통행중,단일로,기타단일로,승용차,보행자
2012.2.9 20:00,야간,목,1,0,0,차량단독,공작물충돌,공작물충돌,단일로,기타단일로,화물차,0
2012.2.10 22:00,야간,금,1,0,0,차대사람,기타,기타,단일로,기타단일로,승용차,보행자
2012.2.7 22:00,야간,화,1,0,0,차대차,측면직각충돌,측면직각충돌,교차로,교차로내,승용차,원동기장치자전거
2012.2.14 12:00,주간,화,1,1,0,차대차,정면충돌,정면충돌,단일로,기타단일로,승용차,특수차
2012.2.13 22:00,야간,월,1,0,0,차대사람,횡단중,횡단중,단일로,횡단보도상,승용차,보행자
2012.2.13 0:00,야간,월,1,1,0,차대차,기타,기타,교차로,교차로부근,승용차,승용차
2012.2.18 1:00,야간,토,1,0,0,차량단독,공작물충돌,공작물충돌,단일로,기타단일로,승용차,0
2012.2.16 11:00,주간,목,1,0,0,차량단독,도로이탈,도로이탈 추락,단일로,기타단일로,화물차,0
2012.2.24 7:00,주간,금,2,0,0,차량단독,공작물충돌,공작물충돌,단일로,기타단일로,화물차,0
2012.2.24 19:00,야간,금,1,0,0,차대사람,길가장자리구역통행중,길가장자리구역통행중,단일로,기타단일로,화물차,보행자
2012.2.21 23:00,야간,화,1,0,0,차량단독,기타,기타,단일로,기타단일로,원동기장치자전거,0
2012.3.2 19:00,야간,금,1,0,0,차대차,추돌,진행중 추돌,단일로,기타단일로,화물차,화물차
2012.1.17 6:00,주간,화,1,0,0,차대차,정면충돌,정면충돌,교차로,교차로내,원동기장치자전거,승합차
2012.1.22 9:00,주간,일,1,0,0,차대사람,차도통행중,차도통행중,단일로,기타단일로,화물차,보행자
2012.1.19 17:00,주간,목,1,0,0,차대사람,횡단중,횡단중,단일로,교량위,이륜차,보행자
2012.1.19 18:00,야간,목,1,0,0,차량단독,공작물충돌,공작물충돌,교차로,교차로부근,화물차,0
2012.1.19 19:00,야간,목,1,0,0,차대사람,기타,기타,단일로,기타단일로,승용차,보행자
2012.1.27 11:00,주간,금,1,1,0,차대차,정면충돌,정면충돌,교차로,교차로내,화물차,건설기계
2012.1.27 18:00,야간,금,1,0,0,차대사람,차도통행중,차도통행중,단일로,기타단일로,승용차,보행자
2012.1.26 15:00,주간,목,1,0,0,차대차,기타,기타,단일로,기타단일로,자전거,승합차
2012.2.1 18:00,야간,수,1,0,0,차대사람,기타,기타,단일로,기타단일로,승용차,보행자
2012.2.1 19:00,야간,수,1,0,0,차대사람,기타,기타,단일로,기타단일로,화물차,보행자
2012.2.7 0:00,야간,화,1,0,0,차대사람,횡단중,횡단중,단일로,횡단보도상,화물차,보행자
2012.2.5 19:00,야간,일,1,0,0,차대사람,횡단중,횡단중,단일로,기타단일로,화물차,보행자
2012.2.6 10:00,주간,월,1,1,0,차대사람,기타,기타,단일로,기타단일로,화물차,보행자
2012.2.6 9:00,주간,월,1,0,0,차대차,추돌,진행중 추돌,단일로,기타단일로,화물차,이륜차
2012.2.6 7:00,주간,월,1,0,0,차대사람,횡단중,횡단중,단일로,기타단일로,승합차,보행자
2012.2.9 4:00,야간,목,1,0,0,차대사람,횡단중,횡단중,단일로,횡단보도상,승용차,보행자
2012.2.9 11:00,주간,목,1,0,0,차대차,기타,기타,단일로,기타단일로,승용차,화물차