발생년월일시,주야,요일,사망자수,중상자수,경상자수,사고유형_대분류,사고유형_중분류,사고유형,도로형태_대분류,도로형태,당사자종별_1당_대분류,당사자종별_2당_대분류
2012.2.17 12:00,주간,금,1,0,0,차량단독,기타,기타,단일로,기타단일로,이륜차,0
2012.2.15 17:00,주간,수,1,0,1,차량단독,공작물충돌,공작물충돌,단일로,기타단일로,화물차,0
2012.2.16 14:00,주간,목,1,0,0,차대사람,기타,기타,단일로,기타단일로,승용차,보행자
2012.2.15 21:00,야간,수,1,0,0,차대차,추돌,진행중 추돌,단일로,기타단일로,화물차,원동기장치자전거
2012.2.16 4:00,야간,목,1,0,0,차대사람,횡단중,횡단중,교차로,교차로부근,승용차,보행자
2012.2.22 17:00,주간,수,1,0,0,차대사람,차도통행중,차도통행중,교차로,교차로내,승용차,보행자
2012.2.23 19:00,야간,목,1,0,0,차대사람,횡단중,횡단중,단일로,기타단일로,승용차,보행자
2012.2.27 18:00,야간,월,1,0,0,차량단독,전도전복,전도전복,단일로,기타단일로,이륜차,0
2012.2.27 21:00,야간,월,1,0,0,차대사람,기타,기타,단일로,기타단일로,승합차,보행자
2012.3.4 1:00,야간,일,1,0,0,차대사람,횡단중,횡단중,단일로,기타단일로,승용차,보행자
2012.3.3 12:00,주간,토,1,0,0,차대사람,차도통행중,차도통행중,교차로,교차로내,승용차,보행자
2012.1.18 6:00,주간,수,1,0,0,차량단독,공작물충돌,공작물충돌,단일로,기타단일로,승용차,0
2012.1.22 3:00,야간,일,1,0,0,차량단독,공작물충돌,공작물충돌,단일로,기타단일로,승용차,0
2012.1.22 4:00,야간,일,1,1,2,차대차,기타,기타,교차로,교차로부근,원동기장치자전거,승용차
2012.1.22 10:00,주간,일,1,1,0,차량단독,기타,기타,단일로,기타단일로,승용차,0
2012.1.18 23:00,야간,수,1,0,0,차대사람,횡단중,횡단중,교차로,교차로부근,승합차,보행자
2012.1.28 0:00,야간,토,1,0,0,차대차,추돌,주정차중 추돌,단일로,기타단일로,승용차,화물차
2012.1.28 9:00,주간,토,1,0,0,차대사람,길가장자리구역통행중,길가장자리구역통행중,단일로,기타단일로,승합차,보행자
2012.1.25 21:00,야간,수,1,0,0,차대사람,차도통행중,차도통행중,단일로,기타단일로,승용차,보행자
2012.1.26 1:00,야간,목,1,1,0,차대차,정면충돌,정면충돌,단일로,기타단일로,승용차,승용차
2012.2.1 15:00,주간,수,1,2,0,차대차,측면직각충돌,측면직각충돌,단일로,기타단일로,승용차,화물차
2012.1.29 15:00,주간,일,1,0,0,차대사람,기타,기타,단일로,기타단일로,승용차,보행자
2012.1.29 22:00,야간,일,1,0,0,차대사람,기타,기타,단일로,기타단일로,승용차,보행자
2013.1.5 2:00,야간,토,1,0,0,차량단독,전도전복,전도전복,단일로,기타단일로,승용차,0
2013.1.5 16:00,주간,토,1,0,0,차량단독,공작물충돌,공작물충돌,단일로,기타단일로,승용차,0
2013.1.5 14:00,주간,토,1,0,0,차량단독,기타,기타,단일로,기타단일로,이륜차,0
2013.1.4 19:00,야간,금,1,0,0,차대사람,기타,기타,단일로,기타단일로,승용차,보행자
2013.1.4 11:00,주간,금,1,0,0,차대사람,횡단중,횡단중,단일로,기타단일로,승용차,보행자
2013.1.11 3:00,야간,금,1,1,1,차대차,측면직각충돌,측면직각충돌,교차로,교차로내,화물차,화물차
2013.1.10 22:00,야간,목,1,1,1,차대차,기타,기타,단일로,기타단일로,승용차,불명
2013.1.18 14:00,주간,금,1,0,0,차대사람,길가장자리구역통행중,길가장자리구역통행중,단일로,기타단일로,승용차,보행자
2013.1.18 15:00,주간,금,1,0,0,차량단독,공작물충돌,공작물충돌,단일로,기타단일로,화물차,0
2013.1.13 18:00,야간,일,1,0,0,차대사람,횡단중,횡단중,단일로,기타단일로,승용차,보행자
2013.9.27 8:00,주간,금,1,0,0,차대사람,기타,기타,기타/불명,기타/불명,건설기계,보행자
2013.9.13 20:00,야간,금,1,1,0,차대차,정면충돌,정면충돌,단일로,기타단일로,승용차,승용차
2013.4.13 12:00,주간,토,1,13,8,차대차,추돌,주정차중 추돌,단일로,기타단일로,승합차,승합차
2013.1.7 7:00,주간,월,1,0,0,차대사람,횡단중,횡단중,단일로,횡단보도부근,승합차,보행자
2013.1.8 8:00,주간,화,1,0,0,차대사람,횡단중,횡단중,교차로,교차로내,승용차,보행자
2013.7.12 22:00,야간,금,1,0,1,차량단독,도로이탈,도로이탈 추락,단일로,기타단일로,승용차,0
2013.8.1 3:00,야간,목,1,11,4,차대차,기타,기타,단일로,기타단일로,승용차,승용차
2013.12.7 5:00,야간,토,1,0,0,차대사람,횡단중,횡단중,단일로,터널안,화물차,보행자
2013.1.3 6:00,주간,목,1,0,0,차대사람,횡단중,횡단중,단일로,횡단보도상,화물차,보행자
2013.12.31 6:00,주간,화,1,0,1,차대차,추돌,진행중 추돌,단일로,기타단일로,화물차,화물차
2013.1.8 11:00,주간,화,1,2,0,차대차,측면직각충돌,측면직각충돌,단일로,기타단일로,승용차,승용차
2013.4.23 5:00,야간,화,1,0,1,차대차,추돌,진행중 추돌,단일로,기타단일로,승용차,화물차
2013.7.8 16:00,주간,월,1,0,0,차대차,기타,기타,단일로,기타단일로,화물차,화물차
2013.8.29 5:00,야간,목,1,1,1,차대차,기타,기타,단일로,기타단일로,승용차,화물차
2013.11.4 5:00,야간,월,1,0,0,차대차,기타,기타,단일로,기타단일로,화물차,화물차
2013.8.23 7:00,주간,금,1,0,0,차량단독,공작물충돌,공작물충돌,단일로,기타단일로,승용차,0
2013.10.4 10:00,주간,금,1,0,9,차대차,추돌,주정차중 추돌,단일로,터널안,화물차,특수차
2013.10.7 14:00,주간,월,1,0,1,차대차,추돌,진행중 추돌,단일로,기타단일로,화물차,화물차
2013.6.12 21:00,야간,수,1,0,0,차대사람,길가장자리구역통행중,길가장자리구역통행중,단일로,기타단일로,화물차,보행자
2013.4.29 6:00,주간,월,1,0,0,차량단독,공작물충돌,공작물충돌,단일로,기타단일로,승용차,0
2013.1.10 18:00,야간,목,1,2,0,차대차,정면충돌,정면충돌,단일로,기타단일로,승용차,승용차
2013.1.10 13:00,주간,목,1,0,0,차량단독,도로이탈,도로이탈 기타,단일로,기타단일로,화물차,0
2013.1.9 19:00,야간,수,1,0,0,차대사람,횡단중,횡단중,교차로,교차로내,화물차,보행자
2013.1.17 19:00,야간,목,1,0,0,차대사람,횡단중,횡단중,단일로,기타단일로,승용차,보행자
2013.1.17 20:00,야간,목,1,0,0,차대사람,횡단중,횡단중,기타/불명,기타/불명,승용차,보행자
2013.1.17 18:00,야간,목,1,0,0,차대사람,횡단중,횡단중,단일로,기타단일로,화물차,보행자
2013.1.17 8:00,주간,목,1,0,1,차대차,측면직각충돌,측면직각충돌,단일로,기타단일로,승용차,화물차
2013.1.18 9:00,주간,금,1,0,0,차대차,추돌,진행중 추돌,단일로,기타단일로,화물차,농기계
2013.1.16 7:00,주간,수,1,0,0,차대사람,기타,기타,단일로,기타단일로,화물차,보행자
2013.1.14 20:00,야간,월,1,1,0,차대사람,횡단중,횡단중,단일로,횡단보도부근,승용차,보행자
2013.1.13 7:00,주간,일,1,0,0,차량단독,공작물충돌,공작물충돌,단일로,기타단일로,화물차,0
2013.1.15 1:00,야간,화,1,3,1,차대차,측면직각충돌,측면직각충돌,단일로,기타단일로,승용차,승용차
2013.1.13 18:00,야간,일,1,0,2,차대차,측면직각충돌,측면직각충돌,교차로,교차로내,승용차,승용차
2013.1.23 22:00,야간,수,1,0,0,차대사람,기타,기타,단일로,기타단일로,승용차,보행자
2013.1.22 20:00,야간,화,1,0,0,차대사람,횡단중,횡단중,단일로,기타단일로,승합차,보행자
2013.1.23 18:00,야간,수,1,0,0,차대차,추돌,주정차중 추돌,교차로,교차로부근,화물차,화물차
2013.1.23 14:00,주간,수,1,0,0,차대사람,횡단중,횡단중,교차로,교차로내,화물차,보행자
2013.1.23 4:00,야간,수,1,0,0,차대차,추돌,주정차중 추돌,단일로,기타단일로,승합차,특수차
2013.1.19 21:00,야간,토,1,0,2,차대차,기타,기타,교차로,교차로내,승용차,승용차
2013.1.20 11:00,주간,일,1,0,0,차대차,측면직각충돌,측면직각충돌,단일로,기타단일로,승용차,자전거
2013.1.21 6:00,주간,월,1,0,0,차대사람,횡단중,횡단중,단일로,기타단일로,승용차,보행자
2013.1.21 13:00,주간,월,1,0,0,차대사람,기타,기타,단일로,횡단보도부근,화물차,보행자
2013.1.30 2:00,야간,수,1,0,0,차량단독,도로이탈,도로이탈 추락,단일로,기타단일로,승용차,0
2013.1.31 7:00,주간,목,1,0,0,차대차,기타,기타,단일로,기타단일로,화물차,화물차
2013.1.28 16:00,주간,월,1,0,0,차량단독,공작물충돌,공작물충돌,단일로,기타단일로,화물차,0
2013.1.28 17:00,주간,월,1,0,0,차대차,측면직각충돌,측면직각충돌,교차로,교차로내,원동기장치자전거,승합차
2013.1.29 13:00,주간,화,1,0,0,차대사람,횡단중,횡단중,교차로,교차로부근,화물차,보행자
2013.1.28 10:00,주간,월,1,0,0,차대사람,차도통행중,차도통행중,교차로,교차로내,건설기계,보행자
2013.2.5 22:00,야간,화,1,0,0,차대사람,횡단중,횡단중,교차로,교차로내,화물차,보행자
2013.2.4 18:00,야간,월,1,0,0,차대사람,기타,기타,단일로,기타단일로,승합차,보행자
2013.2.4 22:00,야간,월,1,0,0,차대사람,길가장자리구역통행중,길가장자리구역통행중,교차로,교차로내,승용차,보행자
2013.2.5 23:00,야간,화,2,0,0,차량단독,도로이탈,도로이탈 추락,단일로,기타단일로,승용차,0
2013.1.31 7:00,주간,목,1,0,0,차대사람,횡단중,횡단중,교차로,교차로내,승합차,보행자
2013.2.1 19:00,야간,금,1,0,1,차대차,측면직각충돌,측면직각충돌,교차로,교차로부근,화물차,승합차
2013.2.2 4:00,야간,토,1,0,0,차량단독,공작물충돌,공작물충돌,단일로,기타단일로,승용차,0
2013.2.1 22:00,야간,금,1,0,0,차대사람,횡단중,횡단중,교차로,교차로부근,승합차,보행자
2013.2.12 0:00,야간,화,1,0,0,차량단독,도로이탈,도로이탈 기타,단일로,기타단일로,승용차,0
2013.1.8 0:00,야간,화,1,0,0,차대사람,기타,기타,교차로,교차로내,승용차,보행자
2013.1.11 1:00,야간,금,1,0,0,차대사람,횡단중,횡단중,단일로,횡단보도상,승용차,보행자
2013.1.11 0:00,야간,금,1,0,0,차대사람,기타,기타,교차로,교차로부근,승합차,보행자
2013.1.17 19:00,야간,목,1,0,0,차대사람,횡단중,횡단중,교차로,교차로내,승용차,보행자
2013.1.19 1:00,야간,토,2,2,1,차량단독,공작물충돌,공작물충돌,단일로,기타단일로,승용차,0
2013.1.14 17:00,주간,월,1,0,0,차대사람,횡단중,횡단중,단일로,기타단일로,화물차,보행자
2013.1.14 18:00,야간,월,1,0,0,차대사람,차도통행중,차도통행중,단일로,기타단일로,화물차,보행자
2013.1.14 16:00,주간,월,1,0,0,차량단독,공작물충돌,공작물충돌,단일로,기타단일로,승용차,0
2013.1.13 9:00,주간,일,1,0,0,차량단독,공작물충돌,공작물충돌,단일로,기타단일로,화물차,0
2013.1.13 20:00,야간,일,1,0,0,차량단독,기타,기타,기타/불명,기타/불명,농기계,0
2013.1.13 14:00,주간,일,1,0,4,차대차,기타,기타,단일로,기타단일로,화물차,승용차
2013.1.13 17:00,주간,일,1,0,0,차량단독,전도전복,전도전복,단일로,기타단일로,농기계,0
2013.1.14 9:00,주간,월,1,0,0,차대사람,횡단중,횡단중,단일로,기타단일로,승합차,보행자
2013.1.13 18:00,야간,일,1,0,0,차대사람,기타,기타,단일로,기타단일로,화물차,보행자
2013.1.13 16:00,주간,일,1,0,0,차대사람,기타,기타,단일로,기타단일로,화물차,보행자
2013.1.13 15:00,주간,일,1,0,0,차량단독,기타,기타,단일로,기타단일로,원동기장치자전거,0
2013.1.25 8:00,주간,금,1,0,0,차대차,측면직각충돌,측면직각충돌,교차로,교차로내,자전거,승용차
2013.1.21 20:00,야간,월,1,1,0,차대차,추돌,주정차중 추돌,단일로,기타단일로,승용차,승합차
2013.7.11 12:00,주간,목,1,0,1,차대사람,기타,기타,단일로,기타단일로,화물차,보행자
2013.8.14 0:00,야간,수,1,0,0,차대차,기타,기타,단일로,기타단일로,화물차,불명
2013.10.15 7:00,주간,화,1,3,5,차대차,추돌,주정차중 추돌,단일로,기타단일로,승합차,화물차
2013.1.3 13:00,주간,목,1,2,0,차대차,기타,기타,단일로,기타단일로,특수차,승합차
2013.4.7 17:00,주간,일,1,0,0,차대차,기타,기타,단일로,기타단일로,화물차,화물차
2013.6.10 13:00,주간,월,1,0,0,차대사람,기타,기타,단일로,기타단일로,화물차,보행자
2013.3.24 4:00,야간,일,1,0,0,차량단독,공작물충돌,공작물충돌,단일로,터널안,승용차,0
2013.5.29 4:00,야간,수,1,0,0,차대차,추돌,주정차중 추돌,단일로,기타단일로,승용차,화물차
2013.2.6 10:00,주간,수,1,0,0,차대사람,횡단중,횡단중,단일로,기타단일로,승용차,보행자
2012.3.20 15:00,주간,화,1,0,0,차량단독,기타,기타,단일로,기타단일로,농기계,0
2013.2.3 1:00,야간,일,1,2,0,차대차,정면충돌,정면충돌,단일로,기타단일로,승용차,승용차
2013.2.3 3:00,야간,일,1,1,0,차량단독,전도전복,전도전복,단일로,교량위,승용차,0
2013.2.3 6:00,주간,일,1,0,0,차대사람,횡단중,횡단중,단일로,교량위,승합차,보행자
2013.2.2 6:00,주간,토,1,0,0,차대사람,횡단중,횡단중,교차로,교차로부근,승용차,보행자
2013.2.11 9:00,주간,월,1,0,0,차량단독,주/정차차량 충돌,주/정차차량 충돌,단일로,기타단일로,승용차,화물차
2013.2.10 17:00,주간,일,1,0,8,차대차,측면직각충돌,측면직각충돌,교차로,교차로내,승합차,승용차
2013.2.13 21:00,야간,수,1,0,0,차대사람,기타,기타,단일로,기타단일로,승용차,보행자
2013.2.13 7:00,주간,수,1,0,0,차대사람,차도통행중,차도통행중,단일로,기타단일로,화물차,보행자
2013.2.8 6:00,주간,금,1,0,0,차량단독,공작물충돌,공작물충돌,단일로,기타단일로,승용차,0
2013.1.7 18:00,야간,월,1,0,1,차대차,추돌,진행중 추돌,단일로,기타단일로,화물차,화물차
2013.3.10 16:00,주간,일,1,1,0,차대차,추돌,진행중 추돌,단일로,기타단일로,승합차,승용차
2013.2.13 21:00,야간,수,1,1,0,차대차,추돌,진행중 추돌,단일로,기타단일로,화물차,화물차
2013.10.23 11:00,주간,수,1,0,0,차량단독,공작물충돌,공작물충돌,단일로,기타단일로,승용차,0
2013.11.19 18:00,야간,화,1,0,0,차대차,추돌,진행중 추돌,단일로,기타단일로,화물차,화물차
2013.11.30 14:00,주간,토,2,1,0,차대차,정면충돌,정면충돌,단일로,기타단일로,화물차,화물차
2013.12.28 6:00,주간,토,1,1,0,차대차,정면충돌,정면충돌,단일로,터널안,화물차,화물차
2013.11.12 5:00,야간,화,1,0,1,차대차,추돌,주정차중 추돌,단일로,기타단일로,화물차,화물차
2013.1.6 18:00,야간,일,1,0,0,차대사람,기타,기타,단일로,기타단일로,승용차,보행자
2013.1.3 16:00,주간,목,1,1,3,차대차,추돌,진행중 추돌,단일로,기타단일로,화물차,승용차
2013.1.10 16:00,주간,목,1,0,0,차대사람,기타,기타,교차로,교차로내,승용차,보행자
2013.1.8 18:00,야간,화,1,0,0,차대사람,횡단중,횡단중,단일로,횡단보도상,승용차,보행자
2013.6.25 10:00,주간,화,1,0,0,차량단독,전도전복,전도전복,단일로,기타단일로,승용차,0
2013.1.14 4:00,야간,월,1,1,0,차대차,추돌,진행중 추돌,단일로,기타단일로,승용차,화물차
2012.1.29 5:00,야간,일,1,1,0,차대차,추돌,주정차중 추돌,단일로,기타단일로,승용차,승합차
2012.2.6 7:00,주간,월,1,4,0,차대차,측면직각충돌,측면직각충돌,단일로,기타단일로,승용차,승용차
2012.2.6 7:00,주간,월,1,0,0,차량단독,도로이탈,도로이탈 기타,단일로,기타단일로,승용차,0
2012.2.3 22:00,야간,금,1,0,0,차대사람,기타,기타,단일로,횡단보도상,승용차,보행자
2012.2.10 9:00,주간,금,1,0,0,차대사람,횡단중,횡단중,단일로,기타단일로,승합차,보행자
2013.2.23 1:00,야간,토,2,0,0,차대차,정면충돌,정면충돌,단일로,기타단일로,승용차,승용차
2013.1.22 0:00,야간,화,1,0,0,차대사람,길가장자리구역통행중,길가장자리구역통행중,단일로,기타단일로,승용차,보행자
2013.1.21 22:00,야간,월,1,0,0,차대사람,횡단중,횡단중,단일로,기타단일로,승용차,보행자
2013.1.29 23:00,야간,화,1,0,0,차대사람,기타,기타,단일로,기타단일로,승용차,보행자
2013.1.28 23:00,야간,월,1,0,0,차대사람,기타,기타,단일로,기타단일로,화물차,보행자
2013.1.29 23:00,야간,화,1,0,0,차대사람,기타,기타,교차로,교차로내,승용차,보행자
2013.1.30 19:00,야간,수,1,0,0,차량단독,공작물충돌,공작물충돌,단일로,기타단일로,화물차,0
2013.1.28 17:00,주간,월,1,0,2,차대차,기타,기타,단일로,기타단일로,승용차,건설기계
2013.2.6 9:00,주간,수,1,0,0,차대차,정면충돌,정면충돌,단일로,기타단일로,원동기장치자전거,승합차
2013.2.3 1:00,야간,일,1,0,0,차대사람,차도통행중,차도통행중,교차로,교차로부근,승용차,보행자
2013.2.5 4:00,야간,화,1,0,0,차량단독,공작물충돌,공작물충돌,교차로,교차로부근,승용차,0
2013.2.3 0:00,야간,일,1,1,0,차대사람,기타,기타,교차로,교차로부근,승용차,보행자
2013.2.2 19:00,야간,토,1,0,0,차대사람,횡단중,횡단중,단일로,기타단일로,승합차,보행자
2013.2.9 4:00,야간,토,1,0,0,차량단독,공작물충돌,공작물충돌,단일로,기타단일로,승용차,0
2013.2.11 7:00,주간,월,1,2,0,차대차,추돌,주정차중 추돌,단일로,기타단일로,승용차,승용차
2013.2.6 19:00,야간,수,1,0,0,차대사람,기타,기타,교차로,교차로부근,승용차,보행자
2013.2.7 10:00,주간,목,1,0,0,차대사람,횡단중,횡단중,단일로,기타단일로,화물차,보행자
2013.2.6 21:00,야간,수,1,1,0,차대차,정면충돌,정면충돌,교차로,교차로내,승용차,승용차
2013.2.16 17:00,주간,토,1,0,0,차량단독,전도전복,전도전복,단일로,기타단일로,승용차,0
2013.2.18 22:00,야간,월,1,0,0,차량단독,공작물충돌,공작물충돌,단일로,기타단일로,승용차,0
2013.2.18 8:00,주간,월,1,0,0,차대사람,횡단중,횡단중,교차로,교차로부근,승용차,보행자
2013.2.14 20:00,야간,목,1,0,0,차대차,추돌,진행중 추돌,단일로,기타단일로,승용차,농기계
2013.2.14 18:00,야간,목,1,0,0,차대사람,기타,기타,기타/불명,기타/불명,승합차,보행자
2013.2.13 18:00,야간,수,1,0,0,차대차,추돌,진행중 추돌,단일로,기타단일로,승용차,자전거
2013.1.7 5:00,야간,월,1,2,0,차량단독,공작물충돌,공작물충돌,교차로,교차로부근,승용차,0
2013.1.5 18:00,야간,토,1,0,1,차대사람,횡단중,횡단중,교차로,교차로부근,승용차,보행자
2013.1.11 22:00,야간,금,1,0,0,차대사람,기타,기타,단일로,기타단일로,승용차,보행자
2013.1.11 19:00,야간,금,1,0,0,차대사람,차도통행중,차도통행중,교차로,교차로부근,승합차,보행자
2013.1.17 1:00,야간,목,1,0,0,차대사람,횡단중,횡단중,교차로,교차로부근,승용차,보행자
2013.1.15 16:00,주간,화,1,0,0,차량단독,공작물충돌,공작물충돌,단일로,기타단일로,승용차,0
2013.1.16 0:00,야간,수,1,0,0,차대사람,기타,기타,단일로,기타단일로,승용차,보행자
2013.1.23 18:00,야간,수,1,0,0,차대사람,횡단중,횡단중,교차로,교차로부근,건설기계,보행자
2013.1.21 15:00,주간,월,1,0,0,차대차,기타,기타,단일로,기타단일로,승용차,건설기계
2013.1.29 6:00,주간,화,1,0,0,차대사람,기타,기타,교차로,교차로부근,승용차,보행자
2013.1.30 15:00,주간,수,1,0,0,차대차,측면직각충돌,측면직각충돌,단일로,기타단일로,원동기장치자전거,승용차
2013.1.30 5:00,야간,수,1,0,0,차대사람,횡단중,횡단중,단일로,횡단보도상,승합차,보행자
2013.1.31 6:00,주간,목,1,0,0,차대사람,횡단중,횡단중,단일로,기타단일로,승용차,보행자
2013.1.30 15:00,주간,수,1,0,0,차대사람,횡단중,횡단중,교차로,교차로내,화물차,보행자
2013.1.31 19:00,야간,목,1,0,0,차대차,측면직각충돌,측면직각충돌,교차로,교차로내,특수차,승용차
2013.2.5 21:00,야간,화,1,5,1,차대차,측면직각충돌,측면직각충돌,단일로,교량위,승용차,승용차
2013.2.5 21:00,야간,화,1,0,0,차대차,추돌,주정차중 추돌,교차로,교차로부근,화물차,화물차
2013.2.2 23:00,야간,토,1,0,1,차대차,추돌,진행중 추돌,교차로,교차로내,승용차,이륜차
2013.7.1 0:00,야간,월,1,1,0,차대차,추돌,진행중 추돌,단일로,기타단일로,승용차,화물차
2013.7.9 12:00,주간,화,1,4,0,차대차,추돌,진행중 추돌,단일로,기타단일로,승합차,화물차
2013.10.15 21:00,야간,화,1,0,0,차대사람,기타,기타,단일로,기타단일로,불명,보행자
2013.9.14 5:00,야간,토,1,0,1,차대차,추돌,진행중 추돌,단일로,교량위,화물차,특수차
2013.11.7 15:00,주간,목,1,1,0,차량단독,전도전복,전도전복,단일로,기타단일로,승용차,0
2012.2.6 18:00,야간,월,1,0,0,차대사람,차도통행중,차도통행중,단일로,기타단일로,승용차,보행자
2012.2.15 8:00,주간,수,1,0,0,차량단독,공작물충돌,공작물충돌,단일로,기타단일로,승용차,0
2012.2.15 3:00,야간,수,1,0,0,차대차,측면직각충돌,측면직각충돌,교차로,교차로내,자전거,승용차
2012.2.17 9:00,주간,금,1,0,0,차대차,측면직각충돌,측면직각충돌,단일로,기타단일로,화물차,원동기장치자전거
2012.2.14 23:00,야간,화,1,0,0,차대차,정면충돌,정면충돌,단일로,기타단일로,승합차,승용차
2012.2.22 11:00,주간,수,1,1,3,차대차,기타,기타,교차로,교차로내,승용차,승용차
2012.2.22 8:00,주간,수,1,0,0,차대차,측면직각충돌,측면직각충돌,교차로,교차로내,이륜차,승용차
2012.2.21 17:00,주간,화,1,0,0,차대사람,횡단중,횡단중,단일로,기타단일로,승용차,보행자
2012.2.21 22:00,야간,화,1,0,0,차량단독,전도전복,전도전복,교차로,교차로부근,화물차,0
2012.2.21 14:00,주간,화,1,0,0,차대사람,횡단중,횡단중,단일로,기타단일로,승합차,보행자
2012.2.28 12:00,주간,화,1,0,0,차량단독,도로이탈,도로이탈 추락,단일로,기타단일로,화물차,0
2012.2.26 6:00,주간,일,1,0,0,차량단독,공작물충돌,공작물충돌,교차로,교차로부근,원동기장치자전거,0
2012.2.26 23:00,야간,일,1,2,0,차량단독,기타,기타,단일로,기타단일로,승용차,0
2012.2.26 22:00,야간,일,1,0,0,차대사람,횡단중,횡단중,단일로,횡단보도상,승용차,보행자
2012.3.3 19:00,야간,토,1,0,0,차대사람,기타,기타,단일로,기타단일로,승용차,보행자
2012.3.3 10:00,주간,토,1,0,0,차대차,측면직각충돌,측면직각충돌,단일로,기타단일로,화물차,자전거
2012.3.2 7:00,주간,금,1,0,0,차대차,정면충돌,정면충돌,단일로,기타단일로,승용차,특수차
2012.2.29 21:00,야간,수,1,0,0,차량단독,공작물충돌,공작물충돌,단일로,기타단일로,화물차,0
2012.1.17 20:00,야간,화,1,0,0,차대사람,횡단중,횡단중,단일로,기타단일로,승용차,보행자
2012.1.16 12:00,주간,월,1,0,0,차대사람,길가장자리구역통행중,길가장자리구역통행중,교차로,교차로내,승용차,보행자
2012.1.14 18:00,야간,토,1,0,0,차대사람,기타,기타,교차로,교차로부근,화물차,보행자
2012.1.16 17:00,주간,월,1,0,0,차대사람,차도통행중,차도통행중,교차로,교차로부근,화물차,보행자
2012.1.19 19:00,야간,목,1,0,0,차대사람,기타,기타,교차로,교차로부근,화물차,보행자
2012.1.25 19:00,야간,수,1,0,1,차대차,추돌,주정차중 추돌,단일로,기타단일로,승용차,화물차
2012.1.25 14:00,주간,수,1,0,0,차량단독,도로이탈,도로이탈 추락,단일로,기타단일로,화물차,0
2012.1.24 20:00,야간,화,1,0,0,차대사람,횡단중,횡단중,교차로,교차로내,승용차,보행자
2012.2.5 17:00,주간,일,1,0,1,차대차,정면충돌,정면충돌,단일로,교량위,원동기장치자전거,승용차
2012.2.6 1:00,야간,월,1,0,0,차대사람,기타,기타,단일로,횡단보도부근,승용차,보행자
2012.2.6 20:00,야간,월,1,1,0,차대차,기타,기타,교차로,교차로내,승용차,승용차
2012.2.5 7:00,주간,일,1,0,0,차량단독,공작물충돌,공작물충돌,단일로,기타단일로,승용차,0
2012.2.6 12:00,주간,월,1,0,0,차대사람,횡단중,횡단중,기타/불명,기타/불명,특수차,보행자
2012.2.4 0:00,야간,토,1,0,1,차대차,기타,기타,교차로,교차로부근,승용차,승용차
2012.2.4 12:00,주간,토,1,0,0,차대사람,기타,기타,단일로,기타단일로,승용차,보행자
2012.2.4 3:00,야간,토,1,0,0,차대차,측면직각충돌,측면직각충돌,단일로,기타단일로,특수차,승용차
2012.2.8 18:00,야간,수,1,0,0,차대차,측면직각충돌,측면직각충돌,단일로,기타단일로,승용차,원동기장치자전거
2012.2.15 5:00,야간,수,1,0,0,차대사람,기타,기타,교차로,교차로부근,화물차,보행자
2013.3.18 19:00,야간,월,1,2,0,차대차,추돌,주정차중 추돌,단일로,기타단일로,화물차,화물차
2013.3.9 14:00,주간,토,1,0,1,차대차,추돌,진행중 추돌,단일로,기타단일로,화물차,화물차
2013.1.21 11:00,주간,월,1,2,0,차대차,추돌,진행중 추돌,단일로,기타단일로,승용차,승용차
2013.2.24 21:00,야간,일,1,0,1,차대차,추돌,진행중 추돌,단일로,기타단일로,화물차,화물차
2013.10.11 17:00,주간,금,1,3,2,차대차,정면충돌,정면충돌,단일로,기타단일로,화물차,승합차
2013.7.17 7:00,주간,수,1,0,0,차대차,추돌,진행중 추돌,단일로,기타단일로,화물차,화물차
2013.7.13 3:00,야간,토,1,5,7,차대차,추돌,진행중 추돌,단일로,교량위,승합차,화물차
2013.7.30 17:00,주간,화,2,2,0,차대차,정면충돌,정면충돌,기타/불명,기타/불명,승용차,승용차
2013.8.11 21:00,야간,일,1,0,0,차대차,추돌,진행중 추돌,단일로,기타단일로,화물차,화물차
2013.1.19 3:00,야간,토,1,2,2,차대차,추돌,진행중 추돌,단일로,기타단일로,승용차,화물차
2013.10.17 5:00,야간,목,1,0,0,차대차,추돌,진행중 추돌,단일로,기타단일로,승용차,화물차
2013.1.22 6:00,주간,화,1,0,1,차대사람,기타,기타,단일로,기타단일로,승합차,보행자
2013.1.20 7:00,주간,일,1,2,5,차대차,측면직각충돌,측면직각충돌,단일로,기타단일로,승용차,승합차
2013.1.20 7:00,주간,일,2,0,0,차량단독,전도전복,전도전복,단일로,기타단일로,승용차,0
2013.1.21 16:00,주간,월,1,1,0,차대차,정면충돌,정면충돌,단일로,기타단일로,화물차,건설기계
2013.1.21 4:00,야간,월,1,1,0,차량단독,공작물충돌,공작물충돌,단일로,기타단일로,승용차,0
2013.1.20 22:00,야간,일,1,0,0,차대사람,횡단중,횡단중,기타/불명,기타/불명,승용차,보행자
2013.2.20 8:00,주간,수,4,0,0,차량단독,공작물충돌,공작물충돌,교차로,교차로내,화물차,0
2013.1.20 6:00,주간,일,1,0,0,차대차,추돌,진행중 추돌,단일로,기타단일로,화물차,화물차
2013.1.29 13:00,주간,화,1,0,0,차량단독,공작물충돌,공작물충돌,단일로,기타단일로,화물차,0
2013.1.30 5:00,야간,수,1,0,0,차대사람,횡단중,횡단중,단일로,횡단보도상,승용차,보행자
2012.8.12 7:00,주간,일,1,0,0,차량단독,전도전복,전도전복,단일로,기타단일로,승용차,0
2013.1.30 6:00,주간,수,1,13,3,차대차,측면직각충돌,측면직각충돌,교차로,교차로내,승합차,화물차