발생년월일시,주야,요일,사망자수,중상자수,경상자수,사고유형_대분류,사고유형_중분류,사고유형,도로형태_대분류,도로형태,당사자종별_1당_대분류,당사자종별_2당_대분류
2013.1.29 5:00,야간,화,1,0,1,차대사람,횡단중,횡단중,단일로,횡단보도상,승용차,보행자
2013.1.27 20:00,야간,일,1,0,0,차량단독,도로이탈,도로이탈 추락,기타/불명,기타/불명,승용차,0
2013.1.25 22:00,야간,금,1,0,0,차량단독,공작물충돌,공작물충돌,단일로,기타단일로,승용차,0
2013.1.27 18:00,야간,일,1,0,0,차대사람,기타,기타,단일로,기타단일로,승용차,보행자
2013.2.11 23:00,야간,월,2,2,3,차대차,기타,기타,단일로,기타단일로,승용차,승용차
2013.1.21 12:00,주간,월,1,1,0,차대차,추돌,주정차중 추돌,단일로,기타단일로,화물차,승용차
2013.9.10 14:00,주간,화,1,3,1,차량단독,전도전복,전도전복,단일로,기타단일로,승합차,0
2013.9.9 5:00,야간,월,1,0,0,차대사람,차도통행중,차도통행중,단일로,기타단일로,승용차,보행자
2013.10.18 14:00,주간,금,1,1,0,차대차,추돌,진행중 추돌,단일로,기타단일로,승용차,화물차
2013.11.28 18:00,야간,목,1,0,0,차대차,기타,기타,단일로,기타단일로,승용차,승용차
2013.12.29 4:00,야간,일,2,0,1,차대차,추돌,진행중 추돌,단일로,기타단일로,승용차,화물차
2013.11.3 23:00,야간,일,1,0,0,차대차,추돌,진행중 추돌,단일로,기타단일로,승용차,화물차
2013.9.29 2:00,야간,일,1,2,0,차대차,추돌,주정차중 추돌,단일로,터널안,승합차,승용차
2013.1.7 18:00,야간,월,1,0,0,차량단독,기타,기타,단일로,기타단일로,원동기장치자전거,0
2013.1.3 14:00,주간,목,1,0,0,차대사람,횡단중,횡단중,단일로,기타단일로,화물차,보행자
2013.1.3 7:00,주간,목,1,1,3,차대차,기타,기타,단일로,기타단일로,승합차,화물차
2013.12.25 6:00,주간,수,1,2,0,차대차,기타,기타,단일로,기타단일로,승용차,승합차
2013.2.28 14:00,주간,목,2,0,0,차량단독,공작물충돌,공작물충돌,단일로,기타단일로,승용차,0
2013.3.2 0:00,야간,토,1,0,0,차량단독,전도전복,전도전복,단일로,기타단일로,승용차,0
2013.1.20 0:00,야간,일,1,1,0,차대차,추돌,진행중 추돌,단일로,기타단일로,화물차,화물차
2013.1.8 2:00,야간,화,1,0,0,차대사람,기타,기타,단일로,기타단일로,승합차,보행자
2013.1.9 11:00,주간,수,1,0,0,차대차,측면직각충돌,측면직각충돌,교차로,교차로내,화물차,원동기장치자전거
2013.1.11 16:00,주간,금,1,0,0,차량단독,공작물충돌,공작물충돌,단일로,기타단일로,이륜차,0
2013.1.12 18:00,야간,토,1,1,0,차대사람,횡단중,횡단중,단일로,횡단보도상,화물차,보행자
2013.1.11 23:00,야간,금,1,0,0,차대사람,기타,기타,교차로,교차로부근,승용차,보행자
2013.1.16 16:00,주간,수,1,0,0,차대사람,횡단중,횡단중,단일로,횡단보도상,특수차,보행자
2013.1.17 20:00,야간,목,1,0,0,차대사람,기타,기타,단일로,기타단일로,화물차,보행자
2013.1.16 7:00,주간,수,1,0,0,차대사람,횡단중,횡단중,교차로,교차로내,승용차,보행자
2013.1.15 10:00,주간,화,1,0,0,차대차,기타,기타,교차로,교차로부근,승용차,승용차
2013.2.13 5:00,야간,수,1,0,0,차대차,추돌,주정차중 추돌,단일로,기타단일로,불명,승용차
2013.3.15 4:00,야간,금,1,1,0,차대차,추돌,진행중 추돌,단일로,기타단일로,화물차,화물차
2013.1.21 10:00,주간,월,1,1,6,차량단독,전도전복,전도전복,단일로,기타단일로,승합차,0
2013.1.30 3:00,야간,수,1,0,0,차대차,추돌,진행중 추돌,단일로,기타단일로,화물차,화물차
2013.1.12 0:00,야간,토,1,0,0,차대차,정면충돌,정면충돌,단일로,기타단일로,승용차,승용차
2013.1.11 0:00,야간,금,1,0,0,차대사람,기타,기타,교차로,교차로부근,승용차,보행자
2013.1.11 5:00,야간,금,1,0,0,차대사람,기타,기타,교차로,교차로부근,승용차,보행자
2013.12.18 6:00,주간,수,4,25,7,차대차,추돌,주정차중 추돌,단일로,기타단일로,승합차,승합차
2013.1.7 11:00,주간,월,1,0,0,차대사람,기타,기타,단일로,기타단일로,특수차,보행자
2013.1.6 5:00,야간,일,1,0,0,차대사람,횡단중,횡단중,교차로,교차로내,승용차,보행자
2013.1.4 7:00,주간,금,1,1,0,차대차,측면직각충돌,측면직각충돌,교차로,교차로부근,승용차,화물차
2013.1.10 9:00,주간,목,1,0,0,차대차,측면직각충돌,측면직각충돌,단일로,기타단일로,승용차,승용차
2013.1.8 17:00,주간,화,1,1,0,차량단독,공작물충돌,공작물충돌,단일로,기타단일로,승용차,0
2013.1.8 0:00,야간,화,1,0,0,차대사람,횡단중,횡단중,교차로,교차로내,승용차,보행자
2013.1.7 23:00,야간,월,1,0,0,차대차,기타,기타,단일로,기타단일로,승용차,승용차
2013.1.8 14:00,주간,화,1,0,0,차대사람,차도통행중,차도통행중,단일로,기타단일로,건설기계,보행자
2013.1.10 23:00,야간,목,1,0,0,차대사람,횡단중,횡단중,교차로,교차로내,원동기장치자전거,보행자
2013.1.12 14:00,주간,토,1,0,0,차량단독,도로이탈,도로이탈 추락,단일로,기타단일로,화물차,0
2013.1.13 2:00,야간,일,1,2,0,차량단독,공작물충돌,공작물충돌,교차로,교차로내,승용차,0
2013.1.13 1:00,야간,일,1,0,1,차량단독,기타,기타,단일로,기타단일로,승용차,0
2013.3.5 2:00,야간,화,1,0,1,차대차,추돌,진행중 추돌,단일로,기타단일로,승용차,화물차
2013.5.24 6:00,주간,금,1,1,0,차량단독,도로이탈,도로이탈 기타,단일로,기타단일로,특수차,0
2013.1.16 6:00,주간,수,1,0,0,차대사람,횡단중,횡단중,교차로,교차로내,승용차,보행자
2013.1.22 21:00,야간,화,1,0,0,차대차,추돌,주정차중 추돌,교차로,교차로부근,승용차,특수차
2013.1.22 17:00,주간,화,1,0,0,차대사람,차도통행중,차도통행중,단일로,기타단일로,화물차,보행자
2013.1.21 14:00,주간,월,1,0,0,차량단독,공작물충돌,공작물충돌,단일로,기타단일로,화물차,0
2013.1.21 17:00,주간,월,1,0,1,차대차,정면충돌,정면충돌,단일로,기타단일로,화물차,화물차
2013.1.19 9:00,주간,토,1,0,0,차량단독,전도전복,전도전복,교차로,교차로부근,이륜차,0
2013.1.31 13:00,주간,목,1,1,0,차대차,측면직각충돌,측면직각충돌,단일로,기타단일로,특수차,특수차
2013.1.30 18:00,야간,수,1,0,0,차대사람,기타,기타,단일로,기타단일로,승용차,보행자
2013.1.24 19:00,야간,목,1,0,0,차대사람,기타,기타,교차로,교차로내,승용차,보행자
2013.2.6 5:00,야간,수,1,0,0,차대차,기타,기타,단일로,기타단일로,승용차,승용차
2013.2.4 2:00,야간,월,1,0,0,차량단독,공작물충돌,공작물충돌,교차로,교차로내,승용차,0
2013.2.6 1:00,야간,수,1,0,0,차대사람,횡단중,횡단중,단일로,기타단일로,승용차,보행자
2013.2.6 6:00,주간,수,1,0,0,차대사람,횡단중,횡단중,단일로,횡단보도상,승합차,보행자
2013.2.2 6:00,주간,토,1,0,0,차대사람,횡단중,횡단중,단일로,기타단일로,승용차,보행자
2013.2.1 16:00,주간,금,1,0,1,차대차,정면충돌,정면충돌,단일로,기타단일로,화물차,화물차
2013.1.31 23:00,야간,목,1,0,0,차대사람,횡단중,횡단중,단일로,기타단일로,승용차,보행자
2013.1.31 22:00,야간,목,1,0,0,차대사람,차도통행중,차도통행중,교차로,교차로부근,화물차,보행자
2013.2.13 23:00,야간,수,1,0,0,차대사람,기타,기타,단일로,기타단일로,승용차,보행자
2013.2.8 20:00,야간,금,1,0,0,차대사람,횡단중,횡단중,교차로,교차로내,승용차,보행자
2013.2.19 1:00,야간,화,1,0,0,차량단독,도로이탈,도로이탈 기타,단일로,기타단일로,승용차,0
2013.2.18 20:00,야간,월,1,2,0,차대차,추돌,주정차중 추돌,단일로,기타단일로,화물차,화물차
2013.2.18 22:00,야간,월,1,0,0,차대사람,횡단중,횡단중,교차로,교차로내,승용차,보행자
2013.3.7 5:00,야간,목,2,0,0,차대차,추돌,진행중 추돌,단일로,기타단일로,화물차,화물차
2013.2.2 8:00,주간,토,1,1,0,차량단독,기타,기타,단일로,기타단일로,화물차,0
2013.2.1 9:00,주간,금,1,1,0,차대차,추돌,진행중 추돌,단일로,기타단일로,승용차,화물차
2013.2.1 1:00,야간,금,1,1,0,차대사람,횡단중,횡단중,단일로,기타단일로,승용차,보행자
2013.2.2 10:00,주간,토,1,2,0,차대차,측면직각충돌,측면직각충돌,단일로,기타단일로,화물차,화물차
2013.2.3 12:00,주간,일,1,1,0,차량단독,공작물충돌,공작물충돌,단일로,기타단일로,승용차,0
2013.2.2 20:00,야간,토,1,0,0,차량단독,도로이탈,도로이탈 추락,단일로,기타단일로,농기계,0
2013.2.3 2:00,야간,일,1,0,0,차량단독,공작물충돌,공작물충돌,단일로,기타단일로,승용차,0
2013.2.10 22:00,야간,일,2,0,0,차대차,기타,기타,단일로,기타단일로,승용차,승용차
2013.2.11 20:00,야간,월,1,0,0,차량단독,공작물충돌,공작물충돌,단일로,기타단일로,승용차,0
2013.2.13 3:00,야간,수,1,0,0,차량단독,공작물충돌,공작물충돌,단일로,기타단일로,승용차,0
2013.1.11 4:00,야간,금,1,0,0,차대사람,횡단중,횡단중,교차로,교차로내,승용차,보행자
2013.1.16 14:00,주간,수,1,0,0,차대차,기타,기타,단일로,횡단보도상,화물차,이륜차
2013.1.16 7:00,주간,수,1,0,0,차대사람,횡단중,횡단중,단일로,기타단일로,화물차,보행자
2013.1.23 2:00,야간,수,1,1,0,차대차,정면충돌,정면충돌,단일로,기타단일로,화물차,승용차
2013.1.22 23:00,야간,화,1,0,1,차대사람,기타,기타,단일로,횡단보도상,이륜차,보행자
2013.1.22 16:00,주간,화,3,2,0,차대차,추돌,진행중 추돌,단일로,기타단일로,승용차,승합차
2013.1.22 3:00,야간,화,1,0,1,차대차,정면충돌,정면충돌,단일로,기타단일로,승용차,화물차
2013.2.19 20:00,야간,화,1,0,0,차대차,측면직각충돌,측면직각충돌,단일로,기타단일로,승용차,승합차
2013.1.20 20:00,야간,일,1,0,0,차대사람,보도통행중,보도통행중,교차로,교차로내,승용차,보행자
2013.1.19 21:00,야간,토,1,0,0,차대사람,기타,기타,단일로,기타단일로,승용차,보행자
2013.1.29 22:00,야간,화,1,0,0,차대사람,기타,기타,단일로,횡단보도부근,승용차,보행자
2013.1.28 19:00,야간,월,1,0,0,차대사람,횡단중,횡단중,단일로,기타단일로,화물차,보행자
2013.1.24 18:00,야간,목,1,1,1,차대차,추돌,주정차중 추돌,교차로,교차로부근,승합차,승합차
2013.2.5 14:00,주간,화,1,0,0,차대차,정면충돌,정면충돌,단일로,기타단일로,화물차,원동기장치자전거
2013.7.18 21:00,야간,목,1,0,0,차대차,추돌,주정차중 추돌,단일로,기타단일로,화물차,승용차
2012.12.10 17:00,주간,월,1,0,0,차대사람,횡단중,횡단중,단일로,기타단일로,승용차,보행자
2012.12.20 4:00,야간,목,1,0,0,차대사람,횡단중,횡단중,단일로,횡단보도부근,화물차,보행자
2012.12.20 4:00,야간,목,1,0,0,차량단독,공작물충돌,공작물충돌,단일로,기타단일로,승용차,0
2012.12.21 12:00,주간,금,1,1,0,차대사람,횡단중,횡단중,단일로,횡단보도상,화물차,보행자
2012.12.21 8:00,주간,금,1,0,0,차대차,기타,기타,단일로,기타단일로,승용차,승용차
2012.12.26 23:00,야간,수,1,0,0,차량단독,전도전복,전도전복,단일로,기타단일로,승용차,0
2012.12.23 1:00,야간,일,1,0,0,차대차,추돌,진행중 추돌,단일로,기타단일로,승용차,화물차
2012.12.4 18:00,야간,화,1,0,0,차대사람,기타,기타,단일로,기타단일로,승용차,보행자
2012.12.5 4:00,야간,수,1,0,0,차대사람,차도통행중,차도통행중,단일로,기타단일로,승용차,보행자
2013.1.1 16:00,주간,화,1,0,0,차량단독,공작물충돌,공작물충돌,단일로,기타단일로,승용차,0
2013.1.31 13:00,주간,목,1,1,6,차대차,추돌,주정차중 추돌,기타/불명,기타/불명,화물차,화물차
2013.1.3 8:00,주간,목,1,0,0,차대차,추돌,주정차중 추돌,기타/불명,기타/불명,화물차,화물차
2013.1.15 13:00,주간,화,1,0,1,차대차,기타,기타,단일로,기타단일로,화물차,화물차
2013.2.9 10:00,주간,토,1,0,0,차량단독,전도전복,전도전복,단일로,기타단일로,이륜차,0
2013.2.6 10:00,주간,수,1,0,0,차대사람,횡단중,횡단중,단일로,기타단일로,승합차,보행자
2013.2.7 0:00,야간,목,1,0,0,차량단독,공작물충돌,공작물충돌,단일로,기타단일로,승용차,0
2013.2.8 6:00,주간,금,1,1,0,차대차,추돌,주정차중 추돌,단일로,기타단일로,승용차,승용차
2013.2.8 9:00,주간,금,1,0,0,차대차,기타,기타,교차로,교차로내,이륜차,승용차
2013.2.18 7:00,주간,월,1,0,0,차량단독,기타,기타,단일로,기타단일로,화물차,0
2013.2.14 11:00,주간,목,1,1,0,차대사람,횡단중,횡단중,단일로,횡단보도상,화물차,보행자
2013.2.15 16:00,주간,금,1,0,0,차량단독,기타,기타,단일로,기타단일로,승합차,0
2013.2.13 19:00,야간,수,1,0,0,차대사람,기타,기타,교차로,교차로내,승용차,보행자
2013.1.10 7:00,주간,목,1,0,0,차대차,추돌,진행중 추돌,단일로,기타단일로,화물차,화물차
2013.2.21 10:00,주간,목,1,2,2,차대차,추돌,진행중 추돌,단일로,기타단일로,승용차,승용차
2013.10.7 23:00,야간,월,1,1,0,차대차,추돌,진행중 추돌,단일로,기타단일로,승용차,화물차
2013.9.23 12:00,주간,월,1,0,0,차대차,기타,기타,단일로,기타단일로,화물차,승용차
2012.2.29 16:00,주간,수,1,0,0,차대차,기타,기타,단일로,기타단일로,화물차,자전거
2012.2.27 4:00,야간,월,1,0,1,차대차,측면직각충돌,측면직각충돌,교차로,교차로부근,승용차,승합차
2012.2.28 0:00,야간,화,1,0,0,차량단독,기타,기타,단일로,교량위,원동기장치자전거,0
2012.2.28 3:00,야간,화,1,0,0,차량단독,공작물충돌,공작물충돌,단일로,기타단일로,승용차,0
2012.3.3 2:00,야간,토,1,0,0,차대차,기타,기타,단일로,기타단일로,승용차,승용차
2012.3.2 13:00,주간,금,1,1,0,차대차,측면직각충돌,측면직각충돌,교차로,교차로내,화물차,건설기계
2012.3.2 11:00,주간,금,1,0,0,차대사람,차도통행중,차도통행중,단일로,기타단일로,화물차,보행자
2012.1.18 15:00,주간,수,1,3,3,차대차,추돌,진행중 추돌,단일로,교량위,승용차,승용차
2012.1.17 15:00,주간,화,1,0,0,차대차,측면직각충돌,측면직각충돌,단일로,기타단일로,승용차,이륜차
2012.1.15 2:00,야간,일,1,0,0,차대사람,횡단중,횡단중,단일로,횡단보도상,승용차,보행자
2012.1.15 15:00,주간,일,1,0,0,차량단독,기타,기타,단일로,기타단일로,화물차,0
2012.1.15 17:00,주간,일,1,0,0,차량단독,공작물충돌,공작물충돌,단일로,기타단일로,화물차,0
2012.1.15 16:00,주간,일,1,4,0,차대차,측면직각충돌,측면직각충돌,단일로,기타단일로,승용차,화물차
2012.1.15 15:00,주간,일,1,0,0,차량단독,기타,기타,단일로,기타단일로,농기계,0
2012.1.21 18:00,야간,토,1,0,0,차대사람,횡단중,횡단중,교차로,교차로부근,승용차,보행자
2012.1.21 6:00,주간,토,1,0,0,차대사람,횡단중,횡단중,단일로,기타단일로,승합차,보행자
2012.1.19 23:00,야간,목,1,0,0,차량단독,공작물충돌,공작물충돌,단일로,기타단일로,승용차,0
2012.1.19 17:00,주간,목,1,0,0,차대사람,기타,기타,교차로,교차로부근,건설기계,보행자
2012.1.19 6:00,주간,목,1,0,0,차량단독,공작물충돌,공작물충돌,단일로,기타단일로,승용차,0
2012.1.28 0:00,야간,토,1,0,0,차대사람,횡단중,횡단중,교차로,교차로내,승용차,보행자
2012.1.27 16:00,주간,금,1,1,1,차대사람,보도통행중,보도통행중,단일로,기타단일로,승용차,보행자
2012.1.28 5:00,야간,토,1,0,0,차량단독,공작물충돌,공작물충돌,단일로,기타단일로,승용차,0
2012.1.29 4:00,야간,일,1,0,0,차대사람,차도통행중,차도통행중,단일로,기타단일로,화물차,보행자
2012.1.25 7:00,주간,수,1,0,0,차대사람,횡단중,횡단중,단일로,기타단일로,승용차,보행자
2012.1.25 11:00,주간,수,1,0,0,차대사람,차도통행중,차도통행중,단일로,교량위,화물차,보행자
2012.1.23 5:00,야간,월,1,0,0,차량단독,도로이탈,도로이탈 추락,단일로,기타단일로,승용차,0
2012.2.1 17:00,주간,수,1,0,2,차대차,측면직각충돌,측면직각충돌,단일로,횡단보도상,이륜차,승합차
2012.2.2 7:00,주간,목,1,0,0,차대사람,차도통행중,차도통행중,단일로,기타단일로,화물차,보행자
2012.2.2 6:00,주간,목,1,0,1,차대차,정면충돌,정면충돌,단일로,기타단일로,화물차,화물차
2012.1.29 5:00,야간,일,2,1,1,차대차,정면충돌,정면충돌,단일로,기타단일로,승용차,승용차
2012.11.30 19:00,야간,금,1,0,0,차대차,기타,기타,교차로,교차로내,승용차,승용차
2012.12.5 0:00,야간,수,1,1,0,차대사람,횡단중,횡단중,교차로,교차로부근,승용차,보행자
2012.11.30 18:00,야간,금,1,0,0,차대사람,차도통행중,차도통행중,단일로,기타단일로,화물차,보행자
2012.11.30 23:00,야간,금,1,0,0,차대사람,차도통행중,차도통행중,단일로,기타단일로,승용차,보행자
2012.12.5 21:00,야간,수,1,0,0,차대차,추돌,진행중 추돌,교차로,교차로부근,화물차,원동기장치자전거
2012.12.5 19:00,야간,수,1,0,0,차대사람,길가장자리구역통행중,길가장자리구역통행중,교차로,교차로부근,승합차,보행자
2012.12.6 14:00,주간,목,1,0,0,차대사람,길가장자리구역통행중,길가장자리구역통행중,교차로,교차로부근,승용차,보행자
2012.12.7 20:00,야간,금,1,0,0,차대차,기타,기타,단일로,기타단일로,승용차,특수차
2012.12.2 19:00,야간,일,1,0,0,차대사람,횡단중,횡단중,단일로,기타단일로,화물차,보행자
2012.1.4 5:00,야간,수,1,0,0,차대사람,기타,기타,단일로,기타단일로,승용차,보행자
2012.1.18 13:00,주간,수,1,0,1,차대차,추돌,주정차중 추돌,단일로,기타단일로,화물차,화물차
2012.4.17 6:00,주간,화,1,0,1,차대차,측면직각충돌,측면직각충돌,단일로,기타단일로,화물차,화물차
2012.12.14 9:00,주간,금,1,1,2,차대차,측면직각충돌,측면직각충돌,단일로,기타단일로,화물차,승용차
2012.1.2 18:00,야간,월,1,0,0,차대사람,횡단중,횡단중,단일로,기타단일로,승용차,보행자
2012.5.14 20:00,야간,월,1,0,0,차량단독,공작물충돌,공작물충돌,단일로,기타단일로,승합차,0
2012.11.21 0:00,야간,수,1,0,0,차량단독,기타,기타,단일로,기타단일로,승용차,0
2012.11.20 16:00,주간,화,1,2,0,차대차,측면직각충돌,측면직각충돌,교차로,교차로내,화물차,승용차
2012.11.16 22:00,야간,금,1,0,0,차대사람,기타,기타,단일로,기타단일로,불명,보행자
2012.11.17 17:00,주간,토,1,0,0,차대차,추돌,주정차중 추돌,교차로,교차로부근,이륜차,승용차
2012.11.17 14:00,주간,토,1,0,0,차대차,추돌,진행중 추돌,지하도로내,지하도로내,화물차,화물차
2012.10.30 5:00,야간,화,1,0,0,차대차,측면직각충돌,측면직각충돌,교차로,교차로부근,건설기계,이륜차
2012.10.30 12:00,주간,화,1,0,0,차대사람,차도통행중,차도통행중,교차로,교차로내,승용차,보행자
2012.11.3 20:00,야간,토,1,2,0,차대차,추돌,진행중 추돌,단일로,기타단일로,화물차,농기계
2013.6.18 4:00,야간,화,1,0,0,차대사람,기타,기타,단일로,기타단일로,화물차,보행자
2013.3.27 1:00,야간,수,1,0,1,차대차,추돌,진행중 추돌,단일로,터널안,화물차,화물차
2013.12.25 11:00,주간,수,1,1,0,차대차,기타,기타,단일로,기타단일로,화물차,승용차
2013.1.3 4:00,야간,목,1,0,0,차대사람,차도통행중,차도통행중,단일로,기타단일로,화물차,보행자
2013.1.10 14:00,주간,목,1,0,0,차대사람,횡단중,횡단중,단일로,횡단보도상,승합차,보행자
2013.1.8 19:00,야간,화,1,0,0,차대사람,길가장자리구역통행중,길가장자리구역통행중,단일로,기타단일로,승합차,보행자
2013.1.8 18:00,야간,화,1,0,0,차대사람,기타,기타,단일로,횡단보도상,화물차,보행자
2013.1.11 14:00,주간,금,2,1,0,차대차,정면충돌,정면충돌,단일로,기타단일로,승용차,화물차
2013.1.12 9:00,주간,토,1,0,0,차대차,측면직각충돌,측면직각충돌,교차로,교차로내,화물차,승용차
2013.1.11 3:00,야간,금,2,0,0,차량단독,도로이탈,도로이탈 추락,단일로,기타단일로,승용차,0
2013.1.18 6:00,주간,금,1,0,1,차량단독,공작물충돌,공작물충돌,단일로,기타단일로,화물차,0
2013.1.18 21:00,야간,금,1,0,0,차대사람,차도통행중,차도통행중,단일로,기타단일로,승용차,보행자
2013.1.14 7:00,주간,월,1,0,0,차대사람,차도통행중,차도통행중,교차로,교차로부근,승합차,보행자
2013.1.15 18:00,야간,화,1,0,0,차대사람,횡단중,횡단중,교차로,교차로부근,승용차,보행자
2013.1.13 19:00,야간,일,1,0,0,차대사람,기타,기타,단일로,기타단일로,승용차,보행자
2013.1.13 8:00,주간,일,1,0,0,차량단독,전도전복,전도전복,기타/불명,기타/불명,화물차,0
2013.1.23 6:00,주간,수,1,0,0,차대사람,횡단중,횡단중,단일로,횡단보도상,승용차,보행자
2013.1.20 19:00,야간,일,1,1,0,차대사람,횡단중,횡단중,단일로,횡단보도상,이륜차,보행자
2013.1.19 2:00,야간,토,1,0,0,차량단독,전도전복,전도전복,단일로,기타단일로,승용차,0
2013.1.20 5:00,야간,일,1,0,0,차대차,측면직각충돌,측면직각충돌,교차로,교차로내,원동기장치자전거,승용차
2013.1.22 2:00,야간,화,1,0,0,차량단독,공작물충돌,공작물충돌,단일로,기타단일로,승용차,0
2013.10.23 4:00,야간,수,1,1,1,차대차,추돌,진행중 추돌,단일로,기타단일로,승용차,화물차
2013.11.21 4:00,야간,목,1,0,1,차대차,추돌,진행중 추돌,단일로,기타단일로,특수차,화물차
2013.12.11 22:00,야간,수,1,0,0,차대차,추돌,진행중 추돌,단일로,기타단일로,승용차,화물차
2013.11.13 0:00,야간,수,1,0,0,차대차,추돌,진행중 추돌,단일로,기타단일로,승용차,화물차
2013.12.1 23:00,야간,일,3,0,0,차대사람,기타,기타,단일로,교량위,화물차,보행자
2013.12.20 5:00,야간,금,1,0,1,차대차,추돌,주정차중 추돌,단일로,기타단일로,승용차,화물차
2013.12.24 20:00,야간,화,1,0,0,차량단독,전도전복,전도전복,단일로,기타단일로,화물차,0
2013.3.23 19:00,야간,토,1,1,0,차대차,측면직각충돌,측면직각충돌,단일로,기타단일로,화물차,승용차
2012.1.30 7:00,주간,월,1,0,0,차대사람,횡단중,횡단중,단일로,횡단보도상,승용차,보행자
2012.2.4 13:00,주간,토,1,0,0,차대사람,차도통행중,차도통행중,단일로,기타단일로,승합차,보행자
2012.2.2 15:00,주간,목,1,0,0,차대차,추돌,주정차중 추돌,단일로,터널안,화물차,화물차
2012.2.7 11:00,주간,화,1,0,0,차대차,측면직각충돌,측면직각충돌,단일로,기타단일로,특수차,원동기장치자전거
2012.2.6 18:00,야간,월,1,0,0,차대사람,길가장자리구역통행중,길가장자리구역통행중,단일로,기타단일로,화물차,보행자
2012.2.13 13:00,주간,월,1,0,0,차대차,측면직각충돌,측면직각충돌,교차로,교차로내,승용차,원동기장치자전거
2012.2.13 17:00,주간,월,1,0,0,차대사람,횡단중,횡단중,단일로,횡단보도상,건설기계,보행자
2012.2.15 12:00,주간,수,2,0,0,차대차,기타,기타,단일로,기타단일로,이륜차,화물차
2012.2.11 22:00,야간,토,1,0,0,차대사람,횡단중,횡단중,단일로,기타단일로,원동기장치자전거,보행자
2012.2.20 6:00,주간,월,1,0,0,차대차,추돌,진행중 추돌,단일로,기타단일로,자전거,승용차
2012.2.17 16:00,주간,금,1,0,0,차대사람,기타,기타,기타/불명,기타/불명,화물차,보행자
2013.2.19 10:00,주간,화,1,1,0,차량단독,도로이탈,도로이탈 추락,단일로,기타단일로,화물차,0
2013.2.21 23:00,야간,목,1,0,0,차대차,추돌,진행중 추돌,단일로,기타단일로,화물차,화물차
2013.9.17 23:00,야간,화,1,0,0,차대차,기타,기타,단일로,기타단일로,화물차,승용차
2013.9.16 2:00,야간,월,1,1,0,차량단독,공작물충돌,공작물충돌,단일로,기타단일로,승용차,0
2013.7.6 2:00,야간,토,1,0,0,차대차,측면직각충돌,측면직각충돌,단일로,기타단일로,승용차,승용차
2013.1.31 19:00,야간,목,1,0,0,차대사람,횡단중,횡단중,교차로,교차로내,승합차,보행자
2013.1.27 7:00,주간,일,1,0,0,차대사람,횡단중,횡단중,교차로,교차로부근,승용차,보행자
2013.1.27 0:00,야간,일,1,0,0,차대사람,기타,기타,단일로,기타단일로,화물차,보행자
2013.1.27 19:00,야간,일,1,0,0,차대사람,기타,기타,교차로,교차로내,승용차,보행자
2013.1.28 7:00,주간,월,1,0,0,차대사람,횡단중,횡단중,교차로,교차로내,승용차,보행자
2013.1.28 16:00,주간,월,1,0,0,차대차,측면직각충돌,측면직각충돌,교차로,교차로내,화물차,이륜차
2013.9.21 15:00,주간,토,2,2,1,차량단독,공작물충돌,공작물충돌,단일로,기타단일로,승용차,0
2013.9.18 4:00,야간,수,1,3,7,차대차,추돌,진행중 추돌,단일로,기타단일로,화물차,승용차
2013.10.8 19:00,야간,화,1,0,1,차대차,측면직각충돌,측면직각충돌,단일로,기타단일로,승용차,화물차
2013.12.22 22:00,야간,일,1,2,5,차대차,기타,기타,기타/불명,기타/불명,승용차,승용차
2013.5.16 13:00,주간,목,1,2,0,차대차,추돌,진행중 추돌,단일로,기타단일로,화물차,승용차
2013.6.7 15:00,주간,금,1,0,0,차대사람,기타,기타,단일로,기타단일로,승합차,보행자
2013.3.7 23:00,야간,목,1,1,0,차대차,추돌,진행중 추돌,단일로,기타단일로,화물차,화물차
2013.3.15 20:00,야간,금,1,0,1,차대차,추돌,진행중 추돌,단일로,기타단일로,화물차,화물차
2013.6.8 0:00,야간,토,1,0,1,차대차,추돌,진행중 추돌,기타/불명,기타/불명,승용차,화물차
2013.8.16 1:00,야간,금,1,2,0,차대차,추돌,진행중 추돌,단일로,기타단일로,화물차,화물차
2012.10.6 14:00,주간,토,2,0,0,차대차,측면직각충돌,측면직각충돌,단일로,기타단일로,건설기계,원동기장치자전거
2012.11.25 0:00,야간,토,1,0,0,차대사람,횡단중,횡단중,교차로,교차로내,화물차,보행자
2012.11.26 3:00,야간,월,2,1,0,차대차,측면직각충돌,측면직각충돌,교차로,교차로부근,건설기계,승용차
2012.7.6 16:00,주간,금,1,0,0,차대차,정면충돌,정면충돌,단일로,기타단일로,승용차,이륜차
2012.6.29 15:00,주간,금,1,0,1,차대차,기타,기타,단일로,기타단일로,승용차,승용차
2012.7.10 20:00,야간,화,1,0,0,차대사람,길가장자리구역통행중,길가장자리구역통행중,단일로,기타단일로,승용차,보행자
2013.4.18 18:00,야간,목,1,0,0,차대차,측면직각충돌,측면직각충돌,교차로,교차로내,원동기장치자전거,승용차
2013.4.19 11:00,주간,금,1,0,0,차대사람,횡단중,횡단중,단일로,횡단보도상,승용차,보행자
2013.4.25 18:00,야간,목,1,0,0,차대차,측면직각충돌,측면직각충돌,교차로,교차로내,화물차,이륜차
2013.4.24 20:00,야간,수,1,0,1,차대사람,차도통행중,차도통행중,단일로,기타단일로,화물차,보행자
2013.5.1 8:00,주간,수,1,0,0,차대사람,횡단중,횡단중,교차로,교차로내,승합차,보행자