발생년월일시,주야,요일,사망자수,중상자수,경상자수,사고유형_대분류,사고유형_중분류,사고유형,도로형태_대분류,도로형태,당사자종별_1당_대분류,당사자종별_2당_대분류
2013.5.1 20:00,야간,수,1,1,0,차대차,추돌,주정차중 추돌,단일로,기타단일로,승용차,특수차
2013.4.29 22:00,야간,월,1,0,0,차대사람,횡단중,횡단중,단일로,기타단일로,승용차,보행자
2013.4.28 21:00,야간,일,1,1,0,차대차,정면충돌,정면충돌,단일로,기타단일로,승용차,승용차
2013.12.15 10:00,주간,일,1,2,0,차량단독,도로이탈,도로이탈 추락,단일로,기타단일로,승용차,0
2013.4.6 3:00,야간,토,1,0,0,차량단독,전도전복,전도전복,고가도로위,고가도로위,승용차,0
2013.8.7 21:00,야간,수,1,0,0,차대차,추돌,진행중 추돌,기타/불명,기타/불명,승용차,화물차
2013.7.20 23:00,야간,토,1,1,0,차대차,기타,기타,단일로,기타단일로,화물차,승용차
2013.1.29 0:00,야간,화,1,0,3,차대차,추돌,진행중 추돌,단일로,기타단일로,승용차,화물차
2013.1.31 11:00,주간,목,1,9,1,차대차,추돌,주정차중 추돌,단일로,기타단일로,승합차,화물차
2013.3.13 0:00,야간,수,1,0,0,차대차,기타,기타,단일로,기타단일로,화물차,승용차
2013.2.20 1:00,야간,수,1,0,0,차대사람,차도통행중,차도통행중,단일로,기타단일로,승용차,보행자
2013.2.16 10:00,주간,토,1,0,0,차량단독,기타,기타,단일로,기타단일로,승용차,0
2013.12.20 6:00,주간,금,1,1,1,차대차,추돌,진행중 추돌,단일로,교량위,특수차,승합차
2013.1.5 3:00,야간,토,1,0,0,차대차,추돌,진행중 추돌,교차로,교차로부근,승용차,승용차
2013.1.5 5:00,야간,토,1,1,0,차대차,정면충돌,정면충돌,단일로,기타단일로,승용차,화물차
2013.1.4 19:00,야간,금,1,0,0,차대사람,횡단중,횡단중,단일로,횡단보도상,승용차,보행자
2013.1.7 14:00,주간,월,1,0,0,차량단독,기타,기타,단일로,기타단일로,이륜차,0
2013.1.7 16:00,주간,월,1,0,0,차량단독,공작물충돌,공작물충돌,단일로,기타단일로,승용차,0
2013.1.9 7:00,주간,수,1,0,0,차대사람,횡단중,횡단중,단일로,기타단일로,승용차,보행자
2013.1.9 21:00,야간,수,1,1,0,차대사람,길가장자리구역통행중,길가장자리구역통행중,단일로,기타단일로,화물차,보행자
2013.1.10 8:00,주간,목,1,0,0,차대사람,차도통행중,차도통행중,단일로,기타단일로,승용차,보행자
2013.5.5 9:00,주간,일,1,0,0,차대차,기타,기타,교차로,교차로부근,원동기장치자전거,화물차
2013.5.12 2:00,야간,일,1,0,0,차대차,기타,기타,기타/불명,기타/불명,승용차,건설기계
2013.5.13 0:00,야간,월,1,1,0,차대사람,횡단중,횡단중,단일로,기타단일로,승용차,보행자
2013.5.12 22:00,야간,일,2,2,0,차대차,기타,기타,교차로,교차로내,승용차,승용차
2013.5.14 6:00,주간,화,1,0,0,차량단독,전도전복,전도전복,단일로,기타단일로,원동기장치자전거,0
2013.5.13 23:00,야간,월,1,0,0,차대사람,횡단중,횡단중,교차로,교차로내,승용차,보행자
2013.5.13 21:00,야간,월,1,0,0,차대사람,횡단중,횡단중,단일로,기타단일로,승합차,보행자
2013.5.15 4:00,야간,수,1,0,0,차량단독,전도전복,전도전복,단일로,터널안,이륜차,0
2013.5.15 13:00,주간,수,1,0,0,차대차,기타,기타,교차로,교차로내,화물차,승합차
2013.5.15 16:00,주간,수,1,0,0,차대사람,기타,기타,기타/불명,기타/불명,화물차,보행자
2013.5.22 10:00,주간,수,1,0,0,차대사람,기타,기타,단일로,기타단일로,화물차,보행자
2013.5.22 11:00,주간,수,1,0,0,차대사람,횡단중,횡단중,교차로,교차로부근,화물차,보행자
2013.5.22 8:00,주간,수,1,0,0,차대사람,횡단중,횡단중,교차로,교차로내,화물차,보행자
2013.5.21 23:00,야간,화,1,0,0,차대사람,횡단중,횡단중,단일로,기타단일로,승용차,보행자
2013.5.21 16:00,주간,화,1,1,2,차대차,측면직각충돌,측면직각충돌,교차로,교차로내,승합차,승용차
2013.5.21 20:00,야간,화,1,0,0,차대차,추돌,진행중 추돌,단일로,기타단일로,이륜차,농기계
2012.3.20 15:00,주간,화,1,0,0,차대차,측면직각충돌,측면직각충돌,교차로,교차로부근,원동기장치자전거,승용차
2012.2.24 18:00,야간,금,1,1,1,차대차,정면충돌,정면충돌,교차로,교차로부근,승합차,화물차
2012.2.4 13:00,주간,토,1,0,0,차량단독,공작물충돌,공작물충돌,단일로,기타단일로,승용차,0
2012.1.20 18:00,야간,금,1,1,0,차대차,정면충돌,정면충돌,단일로,기타단일로,승용차,화물차
2012.8.6 0:00,야간,월,1,0,1,차대차,추돌,주정차중 추돌,교차로,교차로부근,승용차,이륜차
2012.5.3 8:00,주간,목,1,2,0,차대차,기타,기타,단일로,터널안,화물차,화물차
2012.5.13 10:00,주간,일,1,0,1,차량단독,전도전복,전도전복,단일로,기타단일로,승용차,0
2012.4.3 8:00,주간,화,1,0,0,차량단독,기타,기타,단일로,기타단일로,화물차,0
2012.10.28 23:00,야간,일,1,0,0,차량단독,공작물충돌,공작물충돌,고가도로위,고가도로위,승용차,0
2012.6.19 15:00,주간,화,1,0,0,차대차,측면직각충돌,측면직각충돌,교차로,교차로부근,화물차,화물차
2012.7.1 10:00,주간,일,1,0,0,차대차,측면직각충돌,측면직각충돌,단일로,기타단일로,승용차,자전거
2012.6.26 4:00,야간,화,2,0,0,차량단독,공작물충돌,공작물충돌,단일로,기타단일로,이륜차,0
2012.11.3 19:00,야간,토,1,0,0,차대차,추돌,주정차중 추돌,단일로,기타단일로,이륜차,화물차
2012.11.5 7:00,주간,월,1,0,0,차대사람,횡단중,횡단중,교차로,교차로부근,화물차,보행자
2012.11.1 16:00,주간,목,1,0,0,차대차,기타,기타,단일로,기타단일로,원동기장치자전거,승합차
2012.10.30 10:00,주간,화,1,1,0,차대사람,기타,기타,단일로,기타단일로,농기계,보행자
2012.12.30 1:00,야간,일,1,0,2,차대차,기타,기타,교차로,교차로부근,승용차,승용차
2012.12.30 2:00,야간,일,1,0,1,차량단독,전도전복,전도전복,단일로,기타단일로,승용차,0
2012.12.29 10:00,주간,토,1,1,0,차대차,추돌,주정차중 추돌,교차로,교차로부근,화물차,화물차
2012.12.30 18:00,야간,일,1,1,0,차량단독,공작물충돌,공작물충돌,단일로,기타단일로,승용차,0
2012.12.9 13:00,주간,일,1,0,0,차대차,측면직각충돌,측면직각충돌,교차로,교차로내,원동기장치자전거,승용차
2012.12.9 1:00,야간,일,1,0,2,차대차,추돌,주정차중 추돌,교차로,교차로부근,승용차,승용차
2012.12.9 18:00,야간,일,1,0,0,차량단독,공작물충돌,공작물충돌,단일로,기타단일로,화물차,0
2012.12.16 20:00,야간,일,1,0,0,차대사람,횡단중,횡단중,단일로,기타단일로,승용차,보행자
2012.12.13 18:00,야간,목,1,0,0,차량단독,도로이탈,도로이탈 기타,단일로,기타단일로,승용차,0
2012.12.14 8:00,주간,금,1,0,0,차대차,기타,기타,단일로,기타단일로,승용차,화물차
2013.8.9 18:00,야간,금,1,0,5,차대차,측면직각충돌,측면직각충돌,단일로,기타단일로,승용차,승합차
2013.5.27 9:00,주간,월,1,0,0,차량단독,전도전복,전도전복,단일로,기타단일로,화물차,0
2013.4.27 14:00,주간,토,1,4,1,차대차,추돌,주정차중 추돌,단일로,기타단일로,승용차,승용차
2013.6.21 11:00,주간,금,2,0,2,차대차,기타,기타,단일로,교량위,화물차,화물차
2013.8.19 17:00,주간,월,1,1,1,차대차,추돌,진행중 추돌,단일로,기타단일로,화물차,화물차
2013.7.3 21:00,야간,수,2,0,3,차대차,기타,기타,단일로,기타단일로,화물차,승용차
2013.7.5 5:00,야간,금,1,1,1,차량단독,공작물충돌,공작물충돌,단일로,기타단일로,승용차,0
2013.4.26 18:00,야간,금,1,0,1,차대차,기타,기타,단일로,기타단일로,승용차,승용차
2013.5.11 11:00,주간,토,1,1,0,차량단독,전도전복,전도전복,단일로,기타단일로,승합차,0
2013.4.3 15:00,주간,수,1,0,0,차대사람,기타,기타,단일로,교량위,승용차,보행자
2013.5.17 12:00,주간,금,1,2,1,차대차,추돌,진행중 추돌,단일로,기타단일로,화물차,승용차
2013.4.15 19:00,야간,월,1,0,0,차대차,정면충돌,정면충돌,단일로,기타단일로,이륜차,승용차
2013.1.6 21:00,야간,일,1,0,0,차량단독,도로이탈,도로이탈 추락,단일로,교량위,승용차,0
2013.1.10 23:00,야간,목,1,1,0,차대사람,횡단중,횡단중,단일로,기타단일로,승용차,보행자
2013.1.10 21:00,야간,목,1,0,0,차대사람,기타,기타,교차로,교차로내,승용차,보행자
2013.1.17 14:00,주간,목,1,0,0,차량단독,기타,기타,단일로,기타단일로,이륜차,0
2013.1.17 12:00,주간,목,1,2,2,차대사람,횡단중,횡단중,단일로,횡단보도상,승합차,보행자
2013.1.17 19:00,야간,목,1,0,0,차대사람,횡단중,횡단중,단일로,기타단일로,화물차,보행자
2012.2.24 6:00,주간,금,1,0,0,차대사람,횡단중,횡단중,단일로,횡단보도상,화물차,보행자
2012.2.20 17:00,주간,월,1,0,0,차대사람,보도통행중,보도통행중,단일로,횡단보도상,승합차,보행자
2012.2.28 12:00,주간,화,1,0,0,차대사람,기타,기타,단일로,기타단일로,승합차,보행자
2012.2.28 18:00,야간,화,1,0,0,차대차,측면직각충돌,측면직각충돌,교차로,교차로부근,화물차,승용차
2012.2.26 1:00,야간,일,1,0,0,차대사람,횡단중,횡단중,단일로,기타단일로,승용차,보행자
2012.3.3 21:00,야간,토,1,1,0,차대사람,횡단중,횡단중,교차로,교차로부근,승용차,보행자
2012.3.5 5:00,야간,월,1,0,0,차대사람,횡단중,횡단중,교차로,교차로내,승용차,보행자
2012.3.2 19:00,야간,금,1,0,0,차대사람,횡단중,횡단중,단일로,횡단보도상,승합차,보행자
2012.1.18 12:00,주간,수,1,0,0,차대차,추돌,진행중 추돌,단일로,기타단일로,원동기장치자전거,화물차
2012.1.19 6:00,주간,목,2,0,1,차대차,추돌,진행중 추돌,단일로,기타단일로,승용차,승용차
2012.1.19 2:00,야간,목,1,1,0,차대차,추돌,주정차중 추돌,단일로,기타단일로,승용차,화물차
2012.1.17 13:00,주간,화,1,0,0,차대차,추돌,진행중 추돌,단일로,기타단일로,화물차,화물차
2012.1.21 17:00,주간,토,1,0,0,차량단독,전도전복,전도전복,기타/불명,기타/불명,이륜차,0
2012.1.21 10:00,주간,토,1,2,1,차량단독,공작물충돌,공작물충돌,단일로,기타단일로,승용차,0
2012.1.26 17:00,주간,목,1,0,0,차량단독,도로이탈,도로이탈 추락,단일로,기타단일로,화물차,0
2012.1.27 0:00,야간,금,1,0,0,차대차,측면직각충돌,측면직각충돌,교차로,교차로부근,승용차,원동기장치자전거
2012.1.28 2:00,야간,토,1,0,0,차량단독,전도전복,전도전복,단일로,기타단일로,원동기장치자전거,0
2012.1.25 18:00,야간,수,2,0,0,차대사람,횡단중,횡단중,단일로,횡단보도상,승용차,보행자
2012.1.25 18:00,야간,수,1,0,0,차대사람,횡단중,횡단중,단일로,기타단일로,화물차,보행자
2012.2.1 16:00,주간,수,1,1,0,차대차,측면직각충돌,측면직각충돌,교차로,교차로내,화물차,승용차
2012.2.2 17:00,주간,목,1,0,0,차대차,기타,기타,단일로,기타단일로,화물차,자전거
2012.2.2 19:00,야간,목,1,0,0,차대사람,횡단중,횡단중,단일로,기타단일로,승용차,보행자
2012.2.2 21:00,야간,목,1,0,4,차대차,추돌,주정차중 추돌,교차로,교차로부근,화물차,화물차
2012.1.31 10:00,주간,화,1,1,3,차대차,정면충돌,정면충돌,교차로,교차로부근,승용차,화물차
2012.1.30 17:00,주간,월,1,0,0,차대사람,횡단중,횡단중,단일로,횡단보도상,승합차,보행자
2012.2.3 22:00,야간,금,1,0,0,차대사람,횡단중,횡단중,단일로,기타단일로,화물차,보행자
2012.2.2 13:00,주간,목,1,2,0,차대차,측면직각충돌,측면직각충돌,단일로,기타단일로,승용차,승용차
2012.2.9 8:00,주간,목,1,1,0,차대차,정면충돌,정면충돌,단일로,기타단일로,화물차,화물차
2012.2.8 22:00,야간,수,1,0,0,차대사람,횡단중,횡단중,교차로,교차로부근,승용차,보행자
2012.2.6 15:00,주간,월,1,0,0,차대사람,기타,기타,교차로,교차로내,승합차,보행자
2012.2.18 18:00,야간,토,1,0,0,차량단독,도로이탈,도로이탈 추락,단일로,기타단일로,화물차,0
2012.2.19 12:00,주간,일,1,0,0,차대사람,길가장자리구역통행중,길가장자리구역통행중,단일로,기타단일로,화물차,보행자
2012.2.20 5:00,야간,월,1,0,0,차대사람,횡단중,횡단중,교차로,교차로내,승용차,보행자
2012.2.18 6:00,주간,토,1,0,0,차대사람,횡단중,횡단중,단일로,기타단일로,승합차,보행자
2012.2.20 12:00,주간,월,1,0,0,차대차,측면직각충돌,측면직각충돌,교차로,교차로내,이륜차,승용차
2012.2.20 10:00,주간,월,1,0,0,차대차,기타,기타,교차로,교차로부근,화물차,자전거
2012.2.18 14:00,주간,토,1,0,0,차대차,측면직각충돌,측면직각충돌,교차로,교차로내,특수차,자전거
2012.12.14 20:00,야간,금,1,0,0,차대사람,횡단중,횡단중,단일로,횡단보도상,승용차,보행자
2012.12.10 18:00,야간,월,1,0,0,차대사람,횡단중,횡단중,단일로,기타단일로,승용차,보행자
2012.12.15 0:00,야간,토,1,0,0,차대사람,횡단중,횡단중,교차로,교차로부근,승용차,보행자
2012.12.16 6:00,주간,일,1,0,0,차대사람,횡단중,횡단중,교차로,교차로부근,승합차,보행자
2012.12.11 16:00,주간,화,1,0,0,차량단독,기타,기타,단일로,기타단일로,승용차,0
2012.12.11 14:00,주간,화,1,0,0,차량단독,공작물충돌,공작물충돌,단일로,기타단일로,농기계,0
2012.12.11 4:00,야간,화,1,0,0,차대차,측면직각충돌,측면직각충돌,단일로,기타단일로,화물차,자전거
2012.12.20 1:00,야간,목,1,0,0,차량단독,공작물충돌,공작물충돌,기타/불명,기타/불명,승용차,0
2012.12.25 23:00,야간,화,1,1,1,차량단독,전도전복,전도전복,단일로,기타단일로,승용차,0
2012.12.21 18:00,야간,금,1,0,0,차대사람,기타,기타,단일로,기타단일로,승용차,보행자
2012.12.22 6:00,주간,토,1,0,0,차대사람,횡단중,횡단중,단일로,횡단보도부근,승합차,보행자
2012.12.18 0:00,야간,화,1,0,0,차량단독,공작물충돌,공작물충돌,단일로,기타단일로,승용차,0
2012.12.24 7:00,주간,월,1,0,0,차대사람,횡단중,횡단중,교차로,교차로부근,승용차,보행자
2012.12.2 1:00,야간,일,1,0,0,차대차,추돌,진행중 추돌,단일로,기타단일로,승용차,농기계
2012.12.3 19:00,야간,월,1,0,0,차대사람,횡단중,횡단중,단일로,기타단일로,승용차,보행자
2012.12.3 19:00,야간,월,1,0,0,차대사람,차도통행중,차도통행중,교차로,교차로내,승용차,보행자
2012.4.24 18:00,야간,화,1,4,1,차대차,기타,기타,단일로,기타단일로,승합차,승용차
2013.7.6 4:00,야간,토,1,0,7,차대차,추돌,진행중 추돌,단일로,기타단일로,화물차,승용차
2012.5.13 22:00,야간,일,1,0,0,차대사람,기타,기타,단일로,기타단일로,승용차,보행자
2013.3.10 16:00,주간,일,1,5,0,차대차,추돌,진행중 추돌,단일로,기타단일로,화물차,승합차
2013.3.4 9:00,주간,월,1,2,0,차대차,추돌,진행중 추돌,단일로,기타단일로,승용차,화물차
2013.1.22 3:00,야간,화,1,0,0,차대사람,횡단중,횡단중,단일로,기타단일로,승용차,보행자
2013.11.21 6:00,주간,목,1,1,0,차대차,측면직각충돌,측면직각충돌,단일로,기타단일로,화물차,화물차
2013.1.1 22:00,야간,화,1,0,0,차량단독,공작물충돌,공작물충돌,단일로,기타단일로,승용차,0
2013.11.22 12:00,주간,금,1,0,0,차량단독,공작물충돌,공작물충돌,단일로,기타단일로,화물차,0
2013.12.29 20:00,야간,일,1,1,0,차량단독,도로이탈,도로이탈 기타,단일로,기타단일로,건설기계,0
2013.7.23 4:00,야간,화,1,0,1,차대차,추돌,진행중 추돌,단일로,기타단일로,화물차,화물차
2012.2.17 3:00,야간,금,1,0,0,차대사람,횡단중,횡단중,기타/불명,기타/불명,화물차,보행자
2012.2.16 13:00,주간,목,1,0,0,차대사람,보도통행중,보도통행중,단일로,횡단보도상,화물차,보행자
2012.2.23 0:00,야간,목,1,0,0,차량단독,공작물충돌,공작물충돌,교차로,교차로내,승용차,0
2012.2.22 0:00,야간,수,1,0,0,차대사람,차도통행중,차도통행중,단일로,기타단일로,승용차,보행자
2013.7.18 17:00,주간,목,1,0,0,차량단독,전도전복,전도전복,단일로,기타단일로,화물차,0
2013.7.30 10:00,주간,화,1,0,0,차대차,기타,기타,단일로,기타단일로,특수차,화물차
2013.5.7 23:00,야간,화,1,0,2,차대차,추돌,진행중 추돌,단일로,기타단일로,승용차,건설기계
2013.1.6 4:00,야간,일,1,2,0,차량단독,도로이탈,도로이탈 기타,단일로,기타단일로,승용차,0
2013.11.7 3:00,야간,목,2,0,0,차대차,추돌,주정차중 추돌,단일로,기타단일로,화물차,화물차
2013.9.30 0:00,야간,월,1,2,0,차대차,정면충돌,정면충돌,단일로,기타단일로,승용차,승용차
2013.2.19 5:00,야간,화,1,0,0,차대차,기타,기타,단일로,기타단일로,승용차,화물차
2013.11.23 1:00,야간,토,1,2,0,차대차,기타,기타,단일로,터널안,승용차,화물차
2013.11.27 21:00,야간,수,1,0,1,차대차,정면충돌,정면충돌,단일로,기타단일로,승용차,화물차
2013.11.23 1:00,야간,토,1,1,0,차대차,기타,기타,단일로,기타단일로,불명,승용차
2013.7.6 15:00,주간,토,1,0,0,차량단독,공작물충돌,공작물충돌,단일로,기타단일로,화물차,0
2013.6.18 9:00,주간,화,1,1,0,차대차,측면직각충돌,측면직각충돌,단일로,기타단일로,화물차,화물차
2013.8.14 15:00,주간,수,1,0,1,차대차,추돌,진행중 추돌,단일로,기타단일로,승용차,화물차
2013.6.18 0:00,야간,화,1,2,0,차대차,정면충돌,정면충돌,단일로,기타단일로,승용차,승용차
2013.7.23 18:00,야간,화,2,0,0,차대사람,기타,기타,단일로,기타단일로,화물차,보행자
2013.6.1 7:00,주간,토,1,0,0,차대사람,기타,기타,단일로,기타단일로,승합차,보행자
2013.4.6 3:00,야간,토,1,0,0,차대차,추돌,주정차중 추돌,단일로,기타단일로,화물차,화물차
2013.5.12 12:00,주간,일,1,0,0,차량단독,전도전복,전도전복,단일로,기타단일로,승합차,0
2013.1.21 8:00,주간,월,1,0,0,차량단독,전도전복,전도전복,단일로,기타단일로,승용차,0
2013.1.1 8:00,주간,화,1,0,0,차량단독,기타,기타,단일로,터널안,승용차,0
2013.3.8 13:00,주간,금,1,1,0,차량단독,도로이탈,도로이탈 기타,단일로,기타단일로,화물차,0
2013.2.19 0:00,야간,화,1,0,0,차대차,추돌,진행중 추돌,단일로,기타단일로,화물차,화물차
2013.1.4 3:00,야간,금,1,0,0,차량단독,공작물충돌,공작물충돌,단일로,기타단일로,승용차,0
2013.6.26 14:00,주간,수,1,0,0,차대사람,기타,기타,단일로,기타단일로,화물차,보행자
2013.8.18 14:00,주간,일,1,2,0,차대차,추돌,주정차중 추돌,단일로,기타단일로,승용차,승용차
2013.1.15 6:00,주간,화,1,0,0,차대사람,길가장자리구역통행중,길가장자리구역통행중,단일로,기타단일로,화물차,보행자
2013.1.15 13:00,주간,화,1,0,0,차대차,측면직각충돌,측면직각충돌,단일로,기타단일로,승용차,이륜차
2013.1.13 19:00,야간,일,1,0,0,차대사람,횡단중,횡단중,단일로,기타단일로,승용차,보행자
2013.1.25 2:00,야간,금,1,0,0,차대사람,횡단중,횡단중,단일로,기타단일로,승용차,보행자
2013.1.25 1:00,야간,금,1,1,0,차대차,추돌,주정차중 추돌,단일로,기타단일로,승용차,화물차
2013.1.23 6:00,주간,수,1,0,0,차대차,정면충돌,정면충돌,교차로,교차로내,승용차,자전거
2013.1.21 1:00,야간,월,1,2,0,차량단독,기타,기타,단일로,기타단일로,승용차,0
2013.1.19 2:00,야간,토,1,2,0,차대차,측면직각충돌,측면직각충돌,교차로,교차로내,이륜차,화물차
2013.1.20 19:00,야간,일,1,0,0,차대사람,횡단중,횡단중,교차로,교차로부근,승합차,보행자
2013.1.30 6:00,주간,수,1,0,0,차량단독,도로이탈,도로이탈 추락,단일로,기타단일로,승용차,0
2013.1.30 0:00,야간,수,1,0,0,차량단독,도로이탈,도로이탈 추락,단일로,기타단일로,화물차,0
2013.1.28 4:00,야간,월,1,0,0,차량단독,공작물충돌,공작물충돌,단일로,기타단일로,승용차,0
2013.2.4 18:00,야간,월,1,0,0,차량단독,도로이탈,도로이탈 추락,교차로,교차로부근,이륜차,0
2013.2.4 11:00,주간,월,1,1,2,차대차,정면충돌,정면충돌,단일로,기타단일로,승용차,승합차
2013.2.3 20:00,야간,일,1,0,0,차대사람,횡단중,횡단중,단일로,기타단일로,승용차,보행자
2013.2.14 0:00,야간,목,1,0,0,차대사람,기타,기타,교차로,교차로부근,승용차,보행자
2013.2.13 3:00,야간,수,1,0,0,차대차,추돌,진행중 추돌,교차로,교차로부근,승용차,승용차
2013.2.9 19:00,야간,토,1,0,0,차대사람,횡단중,횡단중,교차로,교차로내,화물차,보행자
2013.2.18 23:00,야간,월,1,0,0,차량단독,전도전복,전도전복,고가도로위,고가도로위,승용차,0
2013.2.19 13:00,주간,화,1,0,0,차대차,측면직각충돌,측면직각충돌,교차로,교차로내,자전거,승합차
2013.2.19 13:00,주간,화,1,0,0,차대차,측면직각충돌,측면직각충돌,교차로,교차로내,이륜차,화물차
2013.2.19 13:00,주간,화,1,0,0,차대사람,횡단중,횡단중,교차로,교차로부근,화물차,보행자
2013.2.19 21:00,야간,화,1,0,0,차대사람,횡단중,횡단중,단일로,기타단일로,승용차,보행자
2013.2.18 20:00,야간,월,1,0,0,차대사람,횡단중,횡단중,단일로,기타단일로,승용차,보행자
2013.3.4 4:00,야간,월,1,0,0,차대차,추돌,진행중 추돌,단일로,기타단일로,특수차,화물차
2013.10.1 14:00,주간,화,1,0,2,차대차,추돌,진행중 추돌,단일로,기타단일로,화물차,화물차
2013.9.10 6:00,주간,화,1,4,0,차대차,추돌,진행중 추돌,단일로,기타단일로,화물차,화물차
2013.7.16 13:00,주간,화,1,0,0,차대차,기타,기타,단일로,기타단일로,화물차,승용차
2013.9.23 5:00,야간,월,1,0,0,차대차,측면직각충돌,측면직각충돌,단일로,기타단일로,승용차,화물차
2013.10.20 1:00,야간,일,1,0,0,차량단독,공작물충돌,공작물충돌,단일로,기타단일로,승용차,0
2013.1.17 22:00,야간,목,1,0,0,차량단독,기타,기타,단일로,터널안,승용차,0
2013.4.6 2:00,야간,토,1,1,0,차대차,추돌,진행중 추돌,단일로,기타단일로,화물차,화물차
2013.6.5 4:00,야간,수,1,2,0,차대차,추돌,진행중 추돌,단일로,기타단일로,화물차,화물차
2013.5.23 6:00,주간,목,1,0,4,차대차,기타,기타,교차로,교차로부근,승용차,화물차
2013.5.20 17:00,주간,월,1,1,0,차대사람,기타,기타,단일로,기타단일로,승용차,보행자
2013.5.23 16:00,주간,목,2,0,0,차대차,측면직각충돌,측면직각충돌,교차로,교차로내,화물차,이륜차
2013.5.22 20:00,야간,수,1,0,0,차대사람,길가장자리구역통행중,길가장자리구역통행중,단일로,기타단일로,승용차,보행자
2012.3.29 8:00,주간,목,1,0,0,차대차,측면직각충돌,측면직각충돌,단일로,횡단보도상,승용차,자전거
2012.4.2 18:00,야간,월,1,2,1,차량단독,공작물충돌,공작물충돌,단일로,기타단일로,승합차,0
2012.4.16 14:00,주간,월,1,0,0,차대사람,횡단중,횡단중,교차로,교차로부근,승합차,보행자
2012.3.24 20:00,야간,토,1,0,0,차량단독,기타,기타,기타/불명,기타/불명,승용차,0
2012.2.19 20:00,야간,일,1,0,0,차량단독,공작물충돌,공작물충돌,단일로,기타단일로,화물차,0
2012.11.4 20:00,야간,일,1,0,0,차대사람,횡단중,횡단중,단일로,기타단일로,승용차,보행자
2012.12.24 13:00,주간,월,1,0,0,차량단독,공작물충돌,공작물충돌,단일로,기타단일로,승용차,0
2012.8.23 19:00,야간,목,1,1,0,차량단독,공작물충돌,공작물충돌,단일로,기타단일로,승용차,0
2012.9.15 20:00,야간,토,1,0,0,차대사람,횡단중,횡단중,교차로,교차로내,승용차,보행자
2012.9.5 10:00,주간,수,1,0,0,차대사람,길가장자리구역통행중,길가장자리구역통행중,단일로,기타단일로,화물차,보행자
2012.4.8 14:00,주간,일,1,0,0,차대차,측면직각충돌,측면직각충돌,단일로,기타단일로,자전거,건설기계
2012.4.5 11:00,주간,목,1,1,1,차대차,기타,기타,단일로,기타단일로,승용차,승용차
2012.10.28 7:00,주간,일,1,0,0,차량단독,공작물충돌,공작물충돌,단일로,기타단일로,원동기장치자전거,0
2012.10.3 14:00,주간,수,1,0,0,차대사람,기타,기타,교차로,교차로내,승용차,보행자
2012.10.13 18:00,야간,토,1,0,0,차대차,추돌,주정차중 추돌,단일로,기타단일로,이륜차,농기계
2012.7.6 3:00,야간,금,1,0,1,차대차,정면충돌,정면충돌,단일로,기타단일로,이륜차,승용차
2012.6.22 1:00,야간,금,1,0,0,차대차,측면직각충돌,측면직각충돌,교차로,교차로내,승용차,승용차
2013.4.18 5:00,야간,목,1,0,0,차대사람,기타,기타,단일로,횡단보도부근,승용차,보행자
2012.11.21 16:00,주간,수,1,0,0,차대차,기타,기타,단일로,기타단일로,화물차,자전거
2012.11.21 6:00,주간,수,1,1,2,차량단독,전도전복,전도전복,단일로,기타단일로,승용차,0
2012.11.18 6:00,주간,일,1,0,0,차대사람,기타,기타,단일로,기타단일로,승용차,보행자
2012.11.17 7:00,주간,토,1,0,0,차량단독,도로이탈,도로이탈 추락,기타/불명,기타/불명,건설기계,0
2012.11.15 0:00,야간,목,1,1,0,차대차,측면직각충돌,측면직각충돌,교차로,교차로내,승용차,이륜차
2012.10.30 23:00,야간,화,1,1,0,차대사람,횡단중,횡단중,교차로,교차로내,승용차,보행자
2012.10.31 22:00,야간,수,1,3,0,차대차,정면충돌,정면충돌,단일로,기타단일로,승용차,승용차
2012.11.1 3:00,야간,목,1,0,1,차대차,측면직각충돌,측면직각충돌,교차로,교차로내,승용차,승용차
2012.11.4 21:00,야간,일,1,0,0,차대차,기타,기타,교차로,교차로내,승용차,원동기장치자전거
2012.11.1 17:00,주간,목,1,0,0,차량단독,공작물충돌,공작물충돌,단일로,기타단일로,승용차,0
2012.5.5 1:00,야간,토,1,0,0,차대사람,기타,기타,단일로,기타단일로,화물차,보행자
2012.5.6 1:00,야간,일,1,2,0,차대차,측면직각충돌,측면직각충돌,교차로,교차로부근,승용차,원동기장치자전거
2012.5.17 11:00,주간,목,1,0,0,차대사람,길가장자리구역통행중,길가장자리구역통행중,단일로,기타단일로,승합차,보행자
2012.7.6 0:00,야간,금,1,1,0,차량단독,공작물충돌,공작물충돌,단일로,기타단일로,승용차,0
2012.4.30 17:00,주간,월,1,0,0,차대차,측면직각충돌,측면직각충돌,교차로,교차로부근,승용차,원동기장치자전거
2012.11.8 16:00,주간,목,1,1,0,차량단독,전도전복,전도전복,단일로,기타단일로,농기계,0
2012.11.20 10:00,주간,화,1,0,0,차대사람,기타,기타,교차로,교차로내,특수차,보행자
2012.11.19 21:00,야간,월,1,0,0,차대사람,횡단중,횡단중,교차로,교차로부근,승용차,보행자
2012.11.20 21:00,야간,화,1,0,0,차대차,정면충돌,정면충돌,단일로,기타단일로,승용차,원동기장치자전거
2012.11.16 6:00,주간,금,1,2,3,차대차,정면충돌,정면충돌,교차로,교차로부근,승용차,화물차
2012.11.20 22:00,야간,화,1,0,0,차대차,측면직각충돌,측면직각충돌,교차로,교차로내,이륜차,승합차