발생년월일시,주야,요일,사망자수,중상자수,경상자수,사고유형_대분류,사고유형_중분류,사고유형,도로형태_대분류,도로형태,당사자종별_1당_대분류,당사자종별_2당_대분류
2012.10.29 18:00,야간,월,1,0,1,차대차,추돌,진행중 추돌,단일로,기타단일로,승용차,건설기계
2012.11.3 10:00,주간,토,1,0,0,차대차,추돌,진행중 추돌,단일로,횡단보도부근,화물차,자전거
2012.11.4 17:00,주간,일,1,0,0,차대사람,횡단중,횡단중,교차로,교차로부근,승용차,보행자
2012.12.28 23:00,야간,금,1,0,0,차대차,기타,기타,단일로,기타단일로,승용차,화물차
2012.12.28 22:00,야간,금,1,0,0,차대사람,횡단중,횡단중,단일로,기타단일로,승합차,보행자
2012.12.28 20:00,야간,금,1,0,0,차대사람,횡단중,횡단중,교차로,교차로부근,승용차,보행자
2012.12.27 13:00,주간,목,1,0,0,차량단독,공작물충돌,공작물충돌,단일로,기타단일로,원동기장치자전거,0
2012.12.12 19:00,야간,수,1,0,0,차대사람,횡단중,횡단중,단일로,기타단일로,승용차,보행자
2012.12.13 12:00,주간,목,1,0,0,차대사람,차도통행중,차도통행중,단일로,기타단일로,승용차,보행자
2012.12.14 6:00,주간,금,1,0,0,차대사람,기타,기타,교차로,교차로내,승용차,보행자
2012.12.10 15:00,주간,월,1,0,0,차대사람,기타,기타,단일로,기타단일로,승용차,보행자
2012.12.23 17:00,주간,일,1,0,0,차대사람,기타,기타,단일로,기타단일로,화물차,보행자
2012.12.19 13:00,주간,수,1,0,0,차대사람,차도통행중,차도통행중,단일로,기타단일로,승용차,보행자
2012.12.26 11:00,주간,수,1,0,0,차대사람,기타,기타,교차로,교차로부근,승용차,보행자
2012.12.25 22:00,야간,화,1,0,0,차대사람,횡단중,횡단중,교차로,교차로내,승용차,보행자
2012.12.4 1:00,야간,화,1,0,0,차량단독,공작물충돌,공작물충돌,단일로,기타단일로,화물차,0
2012.12.4 18:00,야간,화,1,0,0,차대사람,횡단중,횡단중,단일로,기타단일로,화물차,보행자
2012.12.5 6:00,주간,수,1,0,0,차대사람,횡단중,횡단중,단일로,기타단일로,승용차,보행자
2012.12.3 19:00,야간,월,1,0,0,차대사람,횡단중,횡단중,단일로,기타단일로,승용차,보행자
2012.12.4 11:00,주간,화,1,0,0,차대차,측면직각충돌,측면직각충돌,교차로,교차로내,원동기장치자전거,승용차
2012.12.1 1:00,야간,토,1,0,0,차대차,기타,기타,단일로,기타단일로,화물차,화물차
2012.12.1 18:00,야간,토,1,0,0,차대사람,기타,기타,단일로,횡단보도상,승용차,보행자
2012.12.2 12:00,주간,일,2,3,1,차대차,기타,기타,단일로,기타단일로,승합차,승합차
2012.9.7 15:00,주간,금,1,2,2,차대차,측면직각충돌,측면직각충돌,단일로,터널안,승용차,승용차
2012.8.10 15:00,주간,금,1,0,4,차대차,기타,기타,교차로,교차로내,화물차,승합차
2012.8.9 14:00,주간,목,1,1,1,차대사람,기타,기타,단일로,기타단일로,승용차,보행자
2012.8.16 14:00,주간,목,1,1,0,차대차,추돌,주정차중 추돌,단일로,기타단일로,화물차,화물차
2012.8.14 21:00,야간,화,1,1,0,차대차,정면충돌,정면충돌,단일로,기타단일로,승용차,승용차
2012.8.14 16:00,주간,화,1,0,0,차대사람,기타,기타,단일로,기타단일로,승합차,보행자
2012.8.19 6:00,주간,토,2,0,0,차대차,기타,기타,교차로,교차로내,승용차,이륜차
2012.8.17 17:00,주간,금,1,0,0,차대사람,횡단중,횡단중,단일로,기타단일로,승용차,보행자
2012.8.24 19:00,야간,금,1,0,0,차대사람,횡단중,횡단중,교차로,교차로부근,승용차,보행자
2012.8.23 23:00,야간,목,1,0,0,차대차,측면직각충돌,측면직각충돌,단일로,기타단일로,화물차,화물차
2012.8.22 2:00,야간,수,1,0,0,차대사람,기타,기타,단일로,기타단일로,승용차,보행자
2012.8.29 18:00,야간,수,1,0,0,차대사람,횡단중,횡단중,교차로,교차로내,특수차,보행자
2012.8.27 21:00,야간,월,1,0,0,차량단독,기타,기타,교차로,교차로부근,화물차,0
2012.9.1 4:00,야간,토,1,0,0,차량단독,공작물충돌,공작물충돌,단일로,기타단일로,승용차,0
2012.9.1 12:00,주간,토,1,0,2,차대차,추돌,주정차중 추돌,단일로,기타단일로,승용차,화물차
2012.8.30 15:00,주간,목,1,0,1,차량단독,공작물충돌,공작물충돌,단일로,기타단일로,승용차,0
2012.9.5 13:00,주간,수,1,0,0,차대사람,차도통행중,차도통행중,단일로,기타단일로,화물차,보행자
2012.9.6 18:00,야간,목,1,0,0,차량단독,도로이탈,도로이탈 기타,단일로,기타단일로,이륜차,0
2012.9.4 11:00,주간,화,1,1,0,차량단독,전도전복,전도전복,단일로,기타단일로,화물차,0
2012.9.9 5:00,야간,일,1,2,0,차량단독,기타,기타,교차로,교차로부근,승용차,0
2012.9.8 4:00,야간,토,1,0,3,차대차,추돌,주정차중 추돌,교차로,교차로내,승용차,승용차
2012.9.13 18:00,야간,목,1,0,0,차대사람,기타,기타,단일로,교량위,승용차,보행자
2012.9.13 21:00,야간,목,1,1,0,차대사람,보도통행중,보도통행중,단일로,기타단일로,특수차,보행자
2012.9.14 10:00,주간,금,1,0,0,차대사람,기타,기타,단일로,기타단일로,화물차,보행자
2012.9.11 11:00,주간,화,1,0,0,차대차,정면충돌,정면충돌,단일로,기타단일로,화물차,이륜차
2012.9.10 21:00,야간,월,1,0,0,차대사람,횡단중,횡단중,단일로,기타단일로,승용차,보행자
2013.6.29 0:00,야간,토,1,0,0,차량단독,공작물충돌,공작물충돌,단일로,기타단일로,승용차,0
2013.5.17 21:00,야간,금,1,0,1,차대차,추돌,진행중 추돌,단일로,기타단일로,화물차,농기계
2013.5.13 20:00,야간,월,1,0,0,차대사람,횡단중,횡단중,단일로,기타단일로,승용차,보행자
2013.5.14 3:00,야간,화,1,0,0,차대차,추돌,주정차중 추돌,단일로,기타단일로,화물차,화물차
2013.5.15 20:00,야간,수,1,0,0,차대사람,기타,기타,단일로,기타단일로,승용차,보행자
2013.5.15 7:00,주간,수,1,0,0,차량단독,기타,기타,단일로,기타단일로,화물차,0
2013.5.15 14:00,주간,수,1,0,0,차대차,기타,기타,단일로,기타단일로,자전거,승용차
2012.4.28 20:00,야간,토,1,0,0,차대사람,기타,기타,단일로,기타단일로,승용차,보행자
2012.1.28 5:00,야간,토,1,0,0,차대사람,차도통행중,차도통행중,단일로,기타단일로,화물차,보행자
2012.10.30 19:00,야간,화,1,0,0,차대사람,차도통행중,차도통행중,단일로,기타단일로,승용차,보행자
2012.11.1 18:00,야간,목,1,0,0,차대사람,기타,기타,단일로,기타단일로,승용차,보행자
2012.12.31 14:00,주간,월,1,0,1,차대사람,횡단중,횡단중,단일로,기타단일로,승용차,보행자
2012.8.30 23:00,야간,목,1,0,0,차대사람,횡단중,횡단중,단일로,기타단일로,화물차,보행자
2012.9.4 8:00,주간,화,1,0,1,차대차,측면직각충돌,측면직각충돌,단일로,기타단일로,승용차,승용차
2012.8.14 9:00,주간,화,1,0,1,차대차,측면직각충돌,측면직각충돌,단일로,기타단일로,승합차,승용차
2012.8.28 10:00,주간,화,1,1,0,차대차,측면직각충돌,측면직각충돌,교차로,교차로내,승합차,원동기장치자전거
2012.8.30 16:00,주간,목,1,0,0,차대차,측면직각충돌,측면직각충돌,교차로,교차로내,승용차,원동기장치자전거
2012.9.27 1:00,야간,목,1,0,0,차대사람,횡단중,횡단중,단일로,기타단일로,승용차,보행자
2012.7.26 6:00,주간,목,1,0,0,차량단독,기타,기타,단일로,기타단일로,화물차,0
2012.7.28 20:00,야간,토,1,0,0,차대사람,횡단중,횡단중,단일로,기타단일로,승합차,보행자
2012.8.3 4:00,야간,금,1,0,0,차량단독,도로이탈,도로이탈 기타,교차로,교차로내,승용차,0
2012.6.26 18:00,야간,화,1,1,0,차대차,기타,기타,단일로,기타단일로,이륜차,자전거
2013.4.18 10:00,주간,목,1,0,0,차대사람,기타,기타,단일로,기타단일로,승용차,보행자
2013.4.26 19:00,야간,금,1,0,0,차대차,추돌,주정차중 추돌,단일로,기타단일로,이륜차,화물차
2013.4.23 15:00,주간,화,1,0,0,차대차,기타,기타,기타/불명,기타/불명,화물차,승용차
2013.5.3 6:00,주간,금,1,1,0,차대차,정면충돌,정면충돌,단일로,기타단일로,승용차,화물차
2013.5.3 12:00,주간,금,1,0,0,차대사람,횡단중,횡단중,단일로,횡단보도상,승용차,보행자
2013.5.3 14:00,주간,금,1,7,3,차대차,측면직각충돌,측면직각충돌,교차로,교차로내,승합차,건설기계
2013.4.28 1:00,야간,일,1,0,0,차대사람,차도통행중,차도통행중,단일로,기타단일로,승용차,보행자
2013.4.27 17:00,주간,토,1,2,1,차대차,측면직각충돌,측면직각충돌,교차로,교차로내,화물차,건설기계
2013.4.30 20:00,야간,화,1,0,0,차대사람,기타,기타,교차로,교차로부근,승용차,보행자
2013.4.30 2:00,야간,화,2,0,0,차량단독,공작물충돌,공작물충돌,단일로,기타단일로,승용차,0
2013.5.6 22:00,야간,월,1,0,0,차량단독,공작물충돌,공작물충돌,단일로,기타단일로,화물차,0
2013.5.7 0:00,야간,화,1,0,0,차대사람,길가장자리구역통행중,길가장자리구역통행중,단일로,기타단일로,승용차,보행자
2013.5.4 6:00,주간,토,1,0,2,차대차,측면직각충돌,측면직각충돌,교차로,교차로내,화물차,승용차
2013.5.3 23:00,야간,금,1,0,0,차대사람,보도통행중,보도통행중,단일로,기타단일로,승용차,보행자
2013.5.2 21:00,야간,목,1,0,0,차량단독,기타,기타,기타/불명,기타/불명,농기계,0
2013.5.4 4:00,야간,토,1,1,0,차대차,추돌,진행중 추돌,단일로,기타단일로,승용차,승용차
2013.5.13 3:00,야간,월,1,0,0,차량단독,공작물충돌,공작물충돌,단일로,기타단일로,승용차,0
2012.11.1 7:00,주간,목,1,1,0,차대차,추돌,진행중 추돌,단일로,기타단일로,화물차,화물차
2012.11.2 8:00,주간,금,1,0,0,차대사람,횡단중,횡단중,단일로,기타단일로,화물차,보행자
2012.11.5 0:00,야간,월,1,1,0,차대차,정면충돌,정면충돌,단일로,기타단일로,승용차,승용차
2012.12.31 14:00,주간,월,1,0,0,차대사람,기타,기타,단일로,기타단일로,승용차,보행자
2012.12.31 7:00,주간,월,1,0,0,차대사람,기타,기타,단일로,기타단일로,승용차,보행자
2012.12.9 20:00,야간,일,1,0,0,차대사람,기타,기타,교차로,교차로내,승합차,보행자
2012.12.13 16:00,주간,목,1,0,0,차량단독,전도전복,전도전복,단일로,기타단일로,승용차,0
2012.12.13 23:00,야간,목,1,0,0,차대사람,길가장자리구역통행중,길가장자리구역통행중,단일로,기타단일로,승용차,보행자
2012.12.14 5:00,야간,금,1,1,0,차대사람,기타,기타,단일로,기타단일로,승용차,보행자
2012.12.9 15:00,주간,일,1,1,1,차대사람,기타,기타,단일로,기타단일로,승용차,보행자
2012.12.10 6:00,주간,월,1,0,0,차대사람,기타,기타,교차로,교차로내,승용차,보행자
2012.12.11 14:00,주간,화,1,1,0,차대차,추돌,진행중 추돌,단일로,기타단일로,승용차,원동기장치자전거
2012.12.15 17:00,주간,토,1,0,1,차량단독,도로이탈,도로이탈 추락,단일로,기타단일로,화물차,0
2012.12.16 7:00,주간,일,1,0,0,차대사람,기타,기타,교차로,교차로부근,승용차,보행자
2012.12.12 10:00,주간,수,1,0,0,차대사람,횡단중,횡단중,단일로,기타단일로,화물차,보행자
2012.12.16 6:00,주간,일,1,1,0,차량단독,공작물충돌,공작물충돌,단일로,기타단일로,승용차,0
2012.12.16 7:00,주간,일,1,0,0,차대사람,차도통행중,차도통행중,교차로,교차로부근,승용차,보행자
2012.12.27 5:00,야간,목,1,1,0,차량단독,공작물충돌,공작물충돌,단일로,기타단일로,승용차,0
2012.12.27 3:00,야간,목,1,1,0,차대차,측면직각충돌,측면직각충돌,교차로,교차로내,승용차,승용차
2012.12.26 23:00,야간,수,1,1,1,차대사람,횡단중,횡단중,단일로,횡단보도상,승용차,보행자
2012.12.22 9:00,주간,토,1,0,0,차량단독,공작물충돌,공작물충돌,단일로,기타단일로,승합차,0
2012.12.18 10:00,주간,화,1,0,0,차대차,측면직각충돌,측면직각충돌,단일로,기타단일로,승합차,농기계
2012.12.18 1:00,야간,화,1,0,0,차대사람,차도통행중,차도통행중,단일로,기타단일로,승용차,보행자
2013.1.11 20:00,야간,금,1,0,0,차대차,추돌,진행중 추돌,단일로,기타단일로,승용차,농기계
2013.1.11 6:00,주간,금,1,0,0,차대사람,횡단중,횡단중,교차로,교차로내,화물차,보행자
2013.1.18 17:00,주간,금,1,0,0,차대사람,횡단중,횡단중,단일로,기타단일로,화물차,보행자
2013.1.22 11:00,주간,화,1,5,4,차대차,추돌,진행중 추돌,단일로,기타단일로,승용차,승용차
2013.1.22 6:00,주간,화,1,0,0,차대사람,기타,기타,단일로,기타단일로,화물차,보행자
2013.1.22 18:00,야간,화,1,0,0,차대사람,기타,기타,단일로,기타단일로,승용차,보행자
2013.1.29 10:00,주간,화,1,0,0,차량단독,기타,기타,교차로,교차로부근,원동기장치자전거,0
2013.2.6 7:00,주간,수,1,0,0,차대사람,횡단중,횡단중,단일로,기타단일로,승용차,보행자
2013.2.5 22:00,야간,화,1,0,0,차대사람,길가장자리구역통행중,길가장자리구역통행중,단일로,기타단일로,승용차,보행자
2013.2.1 5:00,야간,금,1,0,1,차량단독,기타,기타,단일로,기타단일로,승용차,0
2013.2.1 20:00,야간,금,1,0,1,차대차,추돌,진행중 추돌,단일로,기타단일로,승용차,화물차
2013.2.1 23:00,야간,금,1,0,0,차대사람,기타,기타,단일로,기타단일로,승합차,보행자
2013.2.2 14:00,주간,토,1,0,0,차대차,기타,기타,단일로,기타단일로,승용차,승용차
2013.2.13 2:00,야간,수,1,0,0,차대차,추돌,주정차중 추돌,교차로,교차로부근,승용차,건설기계
2013.2.13 4:00,야간,수,1,3,4,차대차,측면직각충돌,측면직각충돌,교차로,교차로내,승합차,승용차
2013.2.12 23:00,야간,화,1,0,0,차대사람,횡단중,횡단중,교차로,교차로내,승용차,보행자
2013.2.6 14:00,주간,수,1,0,0,차대차,기타,기타,교차로,교차로내,승용차,승용차
2012.1.2 10:00,주간,월,2,0,0,차량단독,도로이탈,도로이탈 기타,단일로,기타단일로,승용차,0
2013.10.12 19:00,야간,토,1,6,0,차대차,추돌,진행중 추돌,단일로,기타단일로,승합차,승용차
2013.1.3 7:00,주간,목,1,0,0,차대사람,길가장자리구역통행중,길가장자리구역통행중,기타/불명,기타/불명,승용차,보행자
2013.1.12 0:00,야간,토,1,2,0,차대차,기타,기타,단일로,기타단일로,승합차,승용차
2013.1.23 5:00,야간,수,1,0,0,차대차,기타,기타,교차로,교차로내,자전거,승합차
2013.1.24 7:00,주간,목,1,0,0,차량단독,전도전복,전도전복,교차로,교차로부근,원동기장치자전거,0
2013.1.29 23:00,야간,화,1,0,0,차량단독,공작물충돌,공작물충돌,단일로,기타단일로,승용차,0
2013.1.28 8:00,주간,월,1,0,0,차량단독,도로이탈,도로이탈 추락,단일로,기타단일로,화물차,0
2013.2.9 22:00,야간,토,1,2,2,차량단독,전도전복,전도전복,교차로,교차로부근,승용차,0
2013.2.11 19:00,야간,월,1,0,0,차대사람,횡단중,횡단중,단일로,기타단일로,승용차,보행자
2013.2.13 5:00,야간,수,1,0,0,차량단독,기타,기타,단일로,기타단일로,화물차,0
2013.2.12 19:00,야간,화,1,0,0,차대사람,차도통행중,차도통행중,단일로,기타단일로,승용차,보행자
2013.2.9 11:00,주간,토,1,3,0,차대차,정면충돌,정면충돌,교차로,교차로내,화물차,승용차
2013.2.9 8:00,주간,토,1,0,0,차대사람,기타,기타,단일로,기타단일로,화물차,보행자
2013.2.8 21:00,야간,금,1,0,0,차대사람,차도통행중,차도통행중,단일로,기타단일로,승용차,보행자
2013.2.7 22:00,야간,목,1,0,0,차대사람,횡단중,횡단중,단일로,기타단일로,승용차,보행자
2013.2.7 21:00,야간,목,1,0,0,차대사람,기타,기타,단일로,기타단일로,승용차,보행자
2013.2.9 1:00,야간,토,1,0,0,차대사람,기타,기타,단일로,기타단일로,승용차,보행자
2013.7.14 10:00,주간,일,1,0,0,차량단독,공작물충돌,공작물충돌,단일로,기타단일로,화물차,0
2012.12.21 22:00,야간,금,1,0,1,차대사람,기타,기타,단일로,기타단일로,승용차,보행자
2012.12.18 6:00,주간,화,1,1,0,차대사람,횡단중,횡단중,단일로,횡단보도상,이륜차,보행자
2012.11.14 14:00,주간,수,1,0,0,차대차,기타,기타,단일로,기타단일로,승용차,자전거
2012.12.19 17:00,주간,수,1,0,0,차대사람,기타,기타,단일로,기타단일로,승합차,보행자
2012.12.2 15:00,주간,일,1,0,0,차대차,정면충돌,정면충돌,단일로,기타단일로,승용차,이륜차
2012.9.6 5:00,야간,목,1,0,0,차대차,측면직각충돌,측면직각충돌,단일로,기타단일로,화물차,자전거
2012.9.7 19:00,야간,금,1,0,0,차대사람,횡단중,횡단중,단일로,기타단일로,승합차,보행자
2012.9.12 7:00,주간,수,1,0,0,차대사람,기타,기타,단일로,기타단일로,화물차,보행자
2012.10.27 23:00,야간,토,2,2,0,차대차,기타,기타,교차로,교차로내,승용차,승용차
2012.7.24 20:00,야간,화,1,0,0,차대사람,기타,기타,단일로,기타단일로,화물차,보행자
2013.4.19 5:00,야간,금,1,0,0,차량단독,공작물충돌,공작물충돌,기타/불명,기타/불명,승용차,0
2013.4.19 15:00,주간,금,1,3,2,차대차,정면충돌,정면충돌,단일로,기타단일로,승용차,화물차
2013.4.25 12:00,주간,목,1,1,0,차량단독,기타,기타,단일로,기타단일로,화물차,0
2013.4.26 19:00,야간,금,2,0,0,차대차,추돌,진행중 추돌,단일로,기타단일로,승합차,농기계
2013.4.22 16:00,주간,월,1,0,0,차대차,측면직각충돌,측면직각충돌,단일로,기타단일로,화물차,자전거
2013.4.25 19:00,야간,목,1,0,0,차대사람,횡단중,횡단중,교차로,교차로부근,화물차,보행자
2013.4.23 8:00,주간,화,1,0,0,차대차,측면직각충돌,측면직각충돌,단일로,기타단일로,승용차,이륜차
2013.4.22 18:00,야간,월,1,0,0,차량단독,기타,기타,단일로,기타단일로,원동기장치자전거,0
2013.5.11 23:00,야간,토,1,0,0,차량단독,도로이탈,도로이탈 기타,교차로,교차로부근,승용차,0
2013.5.13 23:00,야간,월,1,1,0,차대사람,횡단중,횡단중,단일로,기타단일로,화물차,보행자
2013.5.15 3:00,야간,수,1,0,0,차대사람,횡단중,횡단중,교차로,교차로부근,승용차,보행자
2013.5.15 1:00,야간,수,1,6,0,차대차,측면직각충돌,측면직각충돌,교차로,교차로내,승용차,승용차
2013.5.14 13:00,주간,화,1,0,0,차대사람,기타,기타,교차로,교차로부근,건설기계,보행자
2012.11.21 8:00,주간,수,1,0,0,차대차,추돌,진행중 추돌,단일로,기타단일로,승용차,농기계
2012.11.16 3:00,야간,금,1,0,0,차대사람,기타,기타,단일로,기타단일로,승용차,보행자
2012.11.4 17:00,주간,일,1,0,0,차대사람,기타,기타,단일로,기타단일로,화물차,보행자
2012.11.2 12:00,주간,금,1,0,0,차대차,측면직각충돌,측면직각충돌,교차로,교차로내,승합차,승용차
2012.11.6 19:00,야간,화,1,0,0,차대차,기타,기타,교차로,교차로부근,승합차,자전거
2012.11.6 5:00,야간,화,1,0,0,차대차,추돌,주정차중 추돌,기타/불명,기타/불명,승용차,승용차
2012.11.3 13:00,주간,토,1,0,0,차대사람,기타,기타,단일로,기타단일로,건설기계,보행자
2012.11.3 14:00,주간,토,1,0,0,차량단독,공작물충돌,공작물충돌,단일로,기타단일로,화물차,0
2012.11.3 17:00,주간,토,1,0,0,차대사람,길가장자리구역통행중,길가장자리구역통행중,단일로,기타단일로,승용차,보행자
2012.12.31 11:00,주간,월,1,0,0,차량단독,공작물충돌,공작물충돌,단일로,기타단일로,특수차,0
2012.12.31 18:00,야간,월,1,0,0,차대차,추돌,진행중 추돌,단일로,기타단일로,승합차,자전거
2012.12.30 0:00,야간,일,1,0,0,차대차,측면직각충돌,측면직각충돌,단일로,기타단일로,승용차,승용차
2012.12.29 18:00,야간,토,1,0,0,차대사람,기타,기타,교차로,교차로내,승용차,보행자
2012.12.15 19:00,야간,토,1,0,1,차대차,추돌,주정차중 추돌,단일로,기타단일로,승용차,특수차
2012.12.16 0:00,야간,일,1,0,0,차대사람,횡단중,횡단중,단일로,기타단일로,승용차,보행자
2012.12.12 21:00,야간,수,1,0,0,차대차,추돌,진행중 추돌,단일로,기타단일로,승용차,승용차
2012.12.13 7:00,주간,목,1,0,0,차대사람,기타,기타,단일로,횡단보도부근,승용차,보행자
2012.12.16 0:00,야간,일,1,0,0,차대차,측면직각충돌,측면직각충돌,교차로,교차로내,승용차,이륜차
2012.12.16 0:00,야간,일,1,0,6,차대차,기타,기타,교차로,교차로부근,승용차,승용차
2012.12.16 21:00,야간,일,1,1,0,차대차,정면충돌,정면충돌,단일로,기타단일로,승용차,승용차
2012.12.14 8:00,주간,금,1,1,0,차량단독,전도전복,전도전복,단일로,기타단일로,승용차,0
2012.12.19 7:00,주간,수,1,0,0,차대차,측면직각충돌,측면직각충돌,교차로,교차로부근,이륜차,승용차
2012.12.23 18:00,야간,일,1,1,0,차대차,기타,기타,단일로,기타단일로,이륜차,승용차
2012.12.25 19:00,야간,화,1,0,0,차대차,기타,기타,단일로,기타단일로,승합차,승용차
2012.12.26 4:00,야간,수,1,0,0,차대사람,횡단중,횡단중,단일로,기타단일로,승용차,보행자
2012.12.22 3:00,야간,토,1,1,0,차량단독,기타,기타,고가도로위,고가도로위,화물차,0
2012.12.22 7:00,주간,토,1,0,0,차대사람,차도통행중,차도통행중,단일로,기타단일로,승용차,보행자
2012.12.3 19:00,야간,월,1,0,0,차대사람,횡단중,횡단중,단일로,기타단일로,승용차,보행자
2012.11.30 16:00,주간,금,1,0,0,차대차,추돌,주정차중 추돌,교차로,교차로부근,이륜차,특수차
2012.12.4 17:00,주간,화,1,0,1,차대차,측면직각충돌,측면직각충돌,교차로,교차로내,승용차,화물차
2012.12.5 23:00,야간,수,1,0,0,차량단독,도로이탈,도로이탈 추락,단일로,기타단일로,승용차,0
2012.12.1 8:00,주간,토,1,0,0,차대사람,기타,기타,단일로,기타단일로,화물차,보행자
2012.12.1 15:00,주간,토,1,0,0,차대차,기타,기타,교차로,교차로부근,화물차,화물차
2012.12.1 18:00,야간,토,1,0,0,차대차,추돌,주정차중 추돌,단일로,기타단일로,화물차,화물차
2012.12.1 17:00,주간,토,1,0,0,차량단독,공작물충돌,공작물충돌,단일로,기타단일로,화물차,0
2012.12.1 11:00,주간,토,1,0,0,차대차,기타,기타,교차로,교차로내,원동기장치자전거,건설기계
2013.2.16 10:00,주간,토,1,0,0,차대사람,차도통행중,차도통행중,단일로,기타단일로,승용차,보행자
2013.2.18 17:00,주간,월,1,1,0,차대차,측면직각충돌,측면직각충돌,교차로,교차로내,승용차,화물차
2013.2.17 13:00,주간,일,1,0,0,차량단독,기타,기타,단일로,기타단일로,원동기장치자전거,0
2013.2.14 23:00,야간,목,1,0,0,차대사람,기타,기타,단일로,기타단일로,화물차,보행자
2013.2.25 22:00,야간,월,1,0,0,차대사람,횡단중,횡단중,단일로,기타단일로,승용차,보행자
2013.12.3 22:00,야간,화,1,0,0,차대차,추돌,주정차중 추돌,단일로,기타단일로,특수차,화물차
2013.1.17 22:00,야간,목,1,0,0,차대사람,횡단중,횡단중,단일로,기타단일로,승용차,보행자
2013.1.18 7:00,주간,금,1,0,0,차량단독,공작물충돌,공작물충돌,단일로,기타단일로,승용차,0
2013.1.18 21:00,야간,금,1,0,1,차대차,기타,기타,단일로,기타단일로,원동기장치자전거,승용차
2013.1.23 13:00,주간,수,1,0,0,차량단독,공작물충돌,공작물충돌,교차로,교차로내,이륜차,0
2013.1.24 4:00,야간,목,2,1,1,차대차,측면직각충돌,측면직각충돌,단일로,기타단일로,승용차,화물차
2013.1.24 12:00,주간,목,1,3,1,차대차,정면충돌,정면충돌,단일로,기타단일로,승용차,승용차
2013.1.26 18:00,야간,토,1,0,0,차대사람,차도통행중,차도통행중,교차로,교차로부근,승합차,보행자
2013.2.2 20:00,야간,토,1,0,0,차대사람,횡단중,횡단중,교차로,교차로내,승용차,보행자
2013.2.6 11:00,주간,수,1,1,1,차대차,추돌,주정차중 추돌,교차로,교차로부근,승용차,승용차
2013.2.7 0:00,야간,목,1,0,0,차대사람,기타,기타,단일로,기타단일로,승용차,보행자
2013.2.7 3:00,야간,목,1,2,0,차대차,정면충돌,정면충돌,단일로,기타단일로,승용차,승용차
2013.2.15 22:00,야간,금,1,0,0,차량단독,공작물충돌,공작물충돌,단일로,기타단일로,승용차,0
2013.8.14 10:00,주간,수,2,2,1,차대차,추돌,진행중 추돌,기타/불명,기타/불명,승합차,건설기계
2013.10.8 17:00,주간,화,1,0,2,차량단독,전도전복,전도전복,기타/불명,기타/불명,화물차,0
2012.11.13 18:00,야간,화,1,0,1,차대차,측면직각충돌,측면직각충돌,단일로,기타단일로,승용차,승합차
2013.5.2 16:00,주간,목,1,0,0,차량단독,공작물충돌,공작물충돌,단일로,기타단일로,원동기장치자전거,0
2013.4.28 15:00,주간,일,1,0,0,차대사람,기타,기타,교차로,교차로부근,승용차,보행자
2013.4.30 6:00,주간,화,1,0,0,차대사람,횡단중,횡단중,단일로,기타단일로,화물차,보행자
2013.4.28 21:00,야간,일,1,0,0,차대사람,차도통행중,차도통행중,단일로,기타단일로,화물차,보행자
2013.5.7 8:00,주간,화,1,0,0,차대차,기타,기타,교차로,교차로부근,화물차,원동기장치자전거
2013.5.6 23:00,야간,월,1,0,0,차대차,정면충돌,정면충돌,단일로,기타단일로,원동기장치자전거,승합차
2013.5.6 12:00,주간,월,1,0,1,차대차,추돌,진행중 추돌,단일로,기타단일로,화물차,화물차
2013.5.6 10:00,주간,월,1,1,0,차대사람,횡단중,횡단중,교차로,교차로내,승합차,보행자
2013.5.7 20:00,야간,화,1,0,0,차대사람,횡단중,횡단중,단일로,기타단일로,승용차,보행자
2013.5.6 5:00,야간,월,1,0,0,차대차,측면직각충돌,측면직각충돌,교차로,교차로내,승용차,승용차
2012.7.14 9:00,주간,토,1,3,0,차대차,기타,기타,교차로,교차로내,승용차,승용차
2013.5.5 21:00,야간,일,1,0,0,차대차,기타,기타,단일로,기타단일로,원동기장치자전거,승용차
2013.5.11 20:00,야간,토,1,0,0,차대사람,횡단중,횡단중,단일로,기타단일로,승용차,보행자
2013.5.11 1:00,야간,토,1,1,0,차대차,추돌,진행중 추돌,단일로,기타단일로,화물차,자전거
2013.5.8 0:00,야간,수,1,0,0,차대사람,횡단중,횡단중,교차로,교차로부근,승합차,보행자
2013.5.10 0:00,야간,금,1,0,0,차대사람,횡단중,횡단중,단일로,기타단일로,승용차,보행자
2012.5.2 7:00,주간,수,1,0,0,차량단독,공작물충돌,공작물충돌,교차로,교차로부근,승용차,0
2012.4.13 7:00,주간,금,1,0,3,차대차,정면충돌,정면충돌,단일로,기타단일로,승용차,승합차
2012.3.8 5:00,야간,목,1,0,0,차대사람,횡단중,횡단중,교차로,교차로내,승용차,보행자
2012.12.3 10:00,주간,월,1,0,0,차량단독,공작물충돌,공작물충돌,단일로,기타단일로,화물차,0
2012.1.3 17:00,주간,화,1,0,0,차대사람,횡단중,횡단중,단일로,기타단일로,승용차,보행자
2012.5.14 5:00,야간,월,1,0,0,차대차,기타,기타,교차로,교차로내,승용차,자전거
2012.11.12 21:00,야간,월,1,0,0,차량단독,전도전복,전도전복,단일로,기타단일로,승합차,0
2012.11.16 22:00,야간,금,1,15,10,차량단독,전도전복,전도전복,단일로,기타단일로,승합차,0