발생년월일시,주야,요일,사망자수,중상자수,경상자수,사고유형_대분류,사고유형_중분류,사고유형,도로형태_대분류,도로형태,당사자종별_1당_대분류,당사자종별_2당_대분류
2012.11.21 2:00,야간,수,1,0,0,차량단독,공작물충돌,공작물충돌,교차로,교차로내,승용차,0
2012.11.21 3:00,야간,수,1,0,0,차량단독,공작물충돌,공작물충돌,단일로,기타단일로,이륜차,0
2012.11.18 16:00,주간,일,1,0,0,차대차,추돌,진행중 추돌,단일로,기타단일로,승용차,농기계
2012.11.18 18:00,야간,일,1,0,0,차대사람,횡단중,횡단중,단일로,횡단보도부근,승용차,보행자
2012.11.3 11:00,주간,토,1,0,0,차대사람,횡단중,횡단중,단일로,횡단보도상,승용차,보행자
2013.6.12 15:00,주간,수,1,1,1,차대차,추돌,진행중 추돌,단일로,기타단일로,승합차,승용차
2013.6.21 1:00,야간,금,1,4,2,차대차,기타,기타,단일로,기타단일로,화물차,승용차
2013.2.13 16:00,주간,수,1,0,0,차량단독,기타,기타,기타/불명,기타/불명,자전거,0
2013.2.15 1:00,야간,금,1,0,0,차량단독,공작물충돌,공작물충돌,교차로,교차로내,승용차,0
2013.2.25 2:00,야간,월,1,0,0,차량단독,공작물충돌,공작물충돌,단일로,기타단일로,화물차,0
2013.2.25 8:00,주간,월,1,0,0,차대사람,보도통행중,보도통행중,기타/불명,기타/불명,승용차,보행자
2013.2.25 6:00,주간,월,1,1,2,차대차,기타,기타,단일로,기타단일로,승용차,건설기계
2013.2.23 20:00,야간,토,2,1,2,차대차,정면충돌,정면충돌,단일로,기타단일로,승용차,승용차
2013.2.22 20:00,야간,금,1,0,0,차대차,기타,기타,단일로,기타단일로,화물차,승용차
2013.2.21 18:00,야간,목,1,0,0,차대사람,횡단중,횡단중,교차로,교차로부근,화물차,보행자
2013.1.3 8:00,주간,목,1,0,0,차대사람,횡단중,횡단중,교차로,교차로부근,승합차,보행자
2013.1.3 4:00,야간,목,1,0,0,차량단독,공작물충돌,공작물충돌,단일로,기타단일로,승용차,0
2013.1.3 7:00,주간,목,1,0,0,차대사람,기타,기타,단일로,기타단일로,승용차,보행자
2013.4.19 0:00,야간,금,1,2,0,차대차,기타,기타,교차로,교차로내,승용차,승합차
2013.4.24 15:00,주간,수,1,0,0,차대차,기타,기타,단일로,기타단일로,이륜차,화물차
2013.4.23 3:00,야간,화,1,1,0,차량단독,기타,기타,단일로,기타단일로,이륜차,0
2013.4.23 19:00,야간,화,1,0,0,차대사람,횡단중,횡단중,교차로,교차로부근,화물차,보행자
2013.4.24 21:00,야간,수,1,0,0,차대사람,횡단중,횡단중,교차로,교차로내,승용차,보행자
2013.4.30 23:00,야간,화,1,0,0,차대사람,차도통행중,차도통행중,교차로,교차로부근,승용차,보행자
2013.4.29 19:00,야간,월,1,0,0,차대사람,횡단중,횡단중,단일로,횡단보도상,승용차,보행자
2013.5.4 21:00,야간,토,1,0,0,차대사람,기타,기타,단일로,기타단일로,승용차,보행자
2013.5.20 17:00,주간,월,1,0,5,차대차,기타,기타,단일로,기타단일로,화물차,승용차
2013.5.21 7:00,주간,화,1,0,0,차대차,측면직각충돌,측면직각충돌,단일로,기타단일로,승합차,자전거
2013.5.20 21:00,야간,월,1,3,0,차량단독,기타,기타,교차로,교차로내,승합차,0
2013.5.23 10:00,주간,목,1,1,0,차대차,추돌,주정차중 추돌,단일로,기타단일로,화물차,화물차
2013.5.23 1:00,야간,목,1,0,1,차대차,기타,기타,단일로,기타단일로,승용차,승용차
2013.5.22 18:00,야간,수,1,0,0,차대사람,기타,기타,교차로,교차로부근,승용차,보행자
2013.5.9 13:00,주간,목,1,0,0,차량단독,전도전복,전도전복,단일로,기타단일로,자전거,0
2013.5.8 22:00,야간,수,1,0,0,차량단독,도로이탈,도로이탈 추락,단일로,기타단일로,승용차,0
2012.5.16 16:00,주간,수,1,1,0,차대차,추돌,진행중 추돌,단일로,기타단일로,화물차,농기계
2012.5.17 18:00,야간,목,1,0,0,차대차,측면직각충돌,측면직각충돌,단일로,기타단일로,화물차,자전거
2012.2.13 18:00,야간,월,1,0,0,차대사람,횡단중,횡단중,교차로,교차로내,화물차,보행자
2012.12.20 15:00,주간,목,1,1,0,차대차,정면충돌,정면충돌,단일로,기타단일로,화물차,승용차
2012.11.29 18:00,야간,목,1,0,0,차대사람,횡단중,횡단중,교차로,교차로내,승합차,보행자
2012.9.10 16:00,주간,월,1,0,0,차대사람,횡단중,횡단중,단일로,기타단일로,승합차,보행자
2012.11.14 11:00,주간,수,1,0,0,차량단독,전도전복,전도전복,단일로,기타단일로,화물차,0
2012.11.21 2:00,야간,수,2,1,0,차량단독,공작물충돌,공작물충돌,단일로,기타단일로,승용차,0
2012.11.20 16:00,주간,화,1,1,3,차대차,측면직각충돌,측면직각충돌,교차로,교차로내,승용차,승용차
2012.11.17 18:00,야간,토,1,1,0,차대차,추돌,주정차중 추돌,단일로,기타단일로,화물차,건설기계
2012.11.17 20:00,야간,토,1,0,0,차대사람,횡단중,횡단중,단일로,기타단일로,화물차,보행자
2012.11.14 21:00,야간,수,1,0,0,차량단독,주/정차차량 충돌,주/정차차량 충돌,단일로,기타단일로,승용차,화물차
2012.11.19 7:00,주간,월,1,0,0,차대차,측면직각충돌,측면직각충돌,교차로,교차로부근,화물차,이륜차
2012.11.19 3:00,야간,월,1,2,1,차량단독,도로이탈,도로이탈 기타,단일로,기타단일로,승용차,0
2012.11.1 3:00,야간,목,1,0,0,차대차,추돌,진행중 추돌,단일로,기타단일로,승용차,승용차
2012.11.1 1:00,야간,목,1,0,0,차대사람,횡단중,횡단중,단일로,기타단일로,승합차,보행자
2012.11.4 15:00,주간,일,1,0,1,차대차,기타,기타,단일로,기타단일로,승용차,승용차
2012.11.5 12:00,주간,월,1,0,0,차량단독,전도전복,전도전복,기타/불명,기타/불명,농기계,0
2012.10.29 19:00,야간,월,1,0,0,차대사람,기타,기타,단일로,기타단일로,승합차,보행자
2012.11.2 13:00,주간,금,1,0,0,차대사람,횡단중,횡단중,고가도로위,고가도로위,화물차,보행자
2012.11.3 7:00,주간,토,1,4,0,차대차,측면직각충돌,측면직각충돌,교차로,교차로내,화물차,승용차
2012.12.30 6:00,주간,일,1,0,2,차대차,기타,기타,교차로,교차로내,화물차,승합차
2012.12.31 19:00,야간,월,1,0,0,차대사람,횡단중,횡단중,단일로,기타단일로,불명,보행자
2012.12.31 20:00,야간,월,1,0,0,차대사람,기타,기타,단일로,기타단일로,승합차,보행자
2012.12.14 9:00,주간,금,1,0,1,차대차,정면충돌,정면충돌,단일로,기타단일로,화물차,화물차
2012.12.11 17:00,주간,화,1,0,0,차대사람,기타,기타,단일로,기타단일로,승용차,보행자
2012.12.16 10:00,주간,일,1,0,0,차량단독,공작물충돌,공작물충돌,단일로,기타단일로,승용차,0
2012.12.12 14:00,주간,수,1,0,0,차대차,측면직각충돌,측면직각충돌,교차로,교차로내,자전거,승용차
2012.12.13 10:00,주간,목,1,0,0,차대사람,횡단중,횡단중,교차로,교차로내,승합차,보행자
2012.12.22 18:00,야간,토,1,0,0,차대사람,횡단중,횡단중,단일로,기타단일로,승용차,보행자
2012.12.2 3:00,야간,일,1,0,0,차량단독,공작물충돌,공작물충돌,단일로,기타단일로,화물차,0
2012.12.7 23:00,야간,금,1,0,0,차량단독,도로이탈,도로이탈 추락,단일로,기타단일로,승용차,0
2012.12.2 12:00,주간,일,1,0,0,차량단독,공작물충돌,공작물충돌,교차로,교차로내,승용차,0
2012.11.29 21:00,야간,목,2,0,2,차대차,추돌,주정차중 추돌,교차로,교차로내,승용차,승용차
2012.12.14 8:00,주간,금,1,0,0,차량단독,전도전복,전도전복,단일로,기타단일로,농기계,0
2012.12.14 7:00,주간,금,1,0,0,차대차,기타,기타,단일로,기타단일로,화물차,승합차
2012.11.14 13:00,주간,수,1,1,0,차량단독,기타,기타,단일로,기타단일로,이륜차,0
2012.1.6 9:00,주간,금,1,0,0,차량단독,전도전복,전도전복,교차로,교차로부근,이륜차,0
2012.5.19 14:00,주간,토,1,0,0,차대차,측면직각충돌,측면직각충돌,교차로,교차로부근,승용차,승용차
2012.10.30 18:00,야간,화,1,0,0,차대사람,횡단중,횡단중,단일로,기타단일로,화물차,보행자
2012.11.4 9:00,주간,일,1,0,0,차량단독,기타,기타,단일로,기타단일로,승용차,0
2012.10.31 16:00,주간,수,1,0,0,차대차,측면직각충돌,측면직각충돌,교차로,교차로내,화물차,이륜차
2012.10.31 8:00,주간,수,1,0,0,차대사람,기타,기타,단일로,기타단일로,화물차,보행자
2012.11.1 9:00,주간,목,1,0,0,차대사람,횡단중,횡단중,단일로,횡단보도상,승합차,보행자
2012.11.5 2:00,야간,월,1,0,0,차량단독,공작물충돌,공작물충돌,단일로,기타단일로,승용차,0
2012.11.1 3:00,야간,목,2,0,0,차대차,추돌,주정차중 추돌,단일로,기타단일로,승용차,승용차
2012.12.29 6:00,주간,토,1,0,0,차대차,추돌,진행중 추돌,단일로,기타단일로,승용차,승용차
2012.12.13 6:00,주간,목,1,0,0,차대사람,횡단중,횡단중,교차로,교차로내,승용차,보행자
2012.12.10 15:00,주간,월,1,0,0,차대사람,횡단중,횡단중,단일로,기타단일로,승용차,보행자
2012.12.14 20:00,야간,금,1,0,0,차대사람,차도통행중,차도통행중,단일로,기타단일로,승합차,보행자
2012.12.15 6:00,주간,토,1,1,0,차대차,추돌,진행중 추돌,단일로,기타단일로,승용차,건설기계
2012.12.22 9:00,주간,토,1,1,2,차대차,추돌,주정차중 추돌,교차로,교차로부근,승용차,승용차
2012.12.22 10:00,주간,토,1,0,0,차대차,정면충돌,정면충돌,단일로,기타단일로,화물차,승용차
2012.12.26 13:00,주간,수,1,0,0,차대사람,기타,기타,기타/불명,기타/불명,승합차,보행자
2012.12.23 3:00,야간,일,1,0,0,차대사람,횡단중,횡단중,단일로,기타단일로,승용차,보행자
2012.12.20 5:00,야간,목,1,0,0,차량단독,공작물충돌,공작물충돌,교차로,교차로내,승용차,0
2012.12.7 6:00,주간,금,1,1,0,차량단독,공작물충돌,공작물충돌,단일로,기타단일로,승용차,0
2012.12.6 22:00,야간,목,1,0,0,차대사람,기타,기타,단일로,기타단일로,승용차,보행자
2012.12.5 17:00,주간,수,1,0,0,차량단독,전도전복,전도전복,단일로,기타단일로,화물차,0
2012.12.2 20:00,야간,일,1,1,0,차대차,측면직각충돌,측면직각충돌,교차로,교차로내,이륜차,승합차
2012.12.3 20:00,야간,월,1,0,0,차대사람,기타,기타,단일로,기타단일로,승용차,보행자
2012.2.6 20:00,야간,월,1,0,0,차대사람,횡단중,횡단중,단일로,기타단일로,승용차,보행자
2012.2.5 0:00,야간,일,1,0,0,차대사람,횡단중,횡단중,단일로,기타단일로,승용차,보행자
2012.2.9 11:00,주간,목,1,0,0,차대차,기타,기타,단일로,기타단일로,화물차,자전거
2012.2.8 6:00,주간,수,1,0,0,차대사람,횡단중,횡단중,단일로,기타단일로,승용차,보행자
2012.2.7 1:00,야간,화,1,0,0,차량단독,공작물충돌,공작물충돌,단일로,기타단일로,이륜차,0
2012.2.6 20:00,야간,월,1,0,0,차대차,측면직각충돌,측면직각충돌,단일로,기타단일로,이륜차,승합차
2012.2.14 6:00,주간,화,1,0,0,차대사람,횡단중,횡단중,단일로,횡단보도상,승합차,보행자
2012.2.15 17:00,주간,수,1,0,0,차대사람,길가장자리구역통행중,길가장자리구역통행중,단일로,기타단일로,건설기계,보행자
2012.2.14 18:00,야간,화,2,3,0,차대차,정면충돌,정면충돌,단일로,기타단일로,승용차,화물차
2012.2.21 20:00,야간,화,1,0,0,차대차,측면직각충돌,측면직각충돌,교차로,교차로내,화물차,이륜차
2012.2.27 20:00,야간,월,1,0,0,차대사람,기타,기타,교차로,교차로부근,승용차,보행자
2012.3.5 6:00,주간,월,1,0,0,차대사람,횡단중,횡단중,교차로,교차로부근,승용차,보행자
2012.3.3 15:00,주간,토,1,0,0,차량단독,기타,기타,단일로,기타단일로,원동기장치자전거,0
2012.3.2 18:00,야간,금,1,0,0,차대사람,횡단중,횡단중,교차로,교차로내,승합차,보행자
2012.3.2 9:00,주간,금,1,0,0,차대차,측면직각충돌,측면직각충돌,교차로,교차로내,화물차,농기계
2012.1.18 18:00,야간,수,1,0,0,차대사람,길가장자리구역통행중,길가장자리구역통행중,단일로,기타단일로,승용차,보행자
2012.1.17 10:00,주간,화,1,0,0,차대차,기타,기타,교차로,교차로내,원동기장치자전거,승용차
2012.1.15 14:00,주간,일,1,0,2,차대차,측면직각충돌,측면직각충돌,단일로,기타단일로,승용차,승용차
2012.1.16 6:00,주간,월,1,0,0,차대사람,횡단중,횡단중,단일로,기타단일로,화물차,보행자
2012.1.15 6:00,주간,일,1,0,0,차대사람,횡단중,횡단중,단일로,횡단보도부근,승용차,보행자
2012.8.6 19:00,야간,월,1,1,1,차대사람,보도통행중,보도통행중,단일로,기타단일로,승용차,보행자
2012.8.15 20:00,야간,수,1,1,0,차대사람,횡단중,횡단중,단일로,기타단일로,화물차,보행자
2012.11.22 13:00,주간,목,1,0,2,차량단독,공작물충돌,공작물충돌,단일로,기타단일로,화물차,0
2012.7.3 21:00,야간,화,1,1,0,차대차,정면충돌,정면충돌,교차로,교차로내,원동기장치자전거,승용차
2012.9.27 18:00,야간,목,1,0,0,차대사람,보도통행중,보도통행중,단일로,횡단보도상,승용차,보행자
2012.6.26 5:00,야간,화,1,1,0,차량단독,도로이탈,도로이탈 추락,단일로,기타단일로,승용차,0
2012.6.25 10:00,주간,월,1,0,0,차대차,기타,기타,교차로,교차로내,자전거,화물차
2012.7.6 2:00,야간,금,1,1,3,차대차,추돌,주정차중 추돌,교차로,교차로부근,승용차,승용차
2012.7.5 16:00,주간,목,1,2,0,차대차,측면직각충돌,측면직각충돌,단일로,기타단일로,화물차,승합차
2012.7.15 4:00,야간,일,1,0,0,차량단독,공작물충돌,공작물충돌,단일로,기타단일로,승용차,0
2013.4.20 0:00,야간,토,1,0,0,차대사람,횡단중,횡단중,단일로,기타단일로,승용차,보행자
2013.4.26 8:00,주간,금,1,0,0,차대차,추돌,진행중 추돌,단일로,기타단일로,승용차,자전거
2013.4.24 0:00,야간,수,1,0,0,차대사람,횡단중,횡단중,단일로,기타단일로,승합차,보행자
2013.4.23 19:00,야간,화,1,0,0,차대사람,기타,기타,교차로,교차로부근,승용차,보행자
2013.4.24 18:00,야간,수,1,0,0,차대차,측면직각충돌,측면직각충돌,단일로,기타단일로,화물차,이륜차
2013.4.23 5:00,야간,화,3,1,0,차량단독,공작물충돌,공작물충돌,기타/불명,기타/불명,승용차,0
2013.5.1 0:00,야간,수,1,0,1,차대차,측면직각충돌,측면직각충돌,교차로,교차로내,승용차,화물차
2013.5.1 2:00,야간,수,1,0,0,차량단독,기타,기타,단일로,기타단일로,승용차,0
2012.12.7 6:00,주간,금,1,1,0,차대차,기타,기타,단일로,기타단일로,화물차,화물차
2012.12.2 18:00,야간,일,1,0,0,차대사람,기타,기타,단일로,기타단일로,화물차,보행자
2012.12.3 20:00,야간,월,1,0,0,차대사람,횡단중,횡단중,단일로,기타단일로,승용차,보행자
2012.12.4 8:00,주간,화,1,0,0,차대차,측면직각충돌,측면직각충돌,단일로,기타단일로,건설기계,자전거
2012.12.8 22:00,야간,토,1,0,0,차량단독,공작물충돌,공작물충돌,단일로,기타단일로,승용차,0
2012.1.14 20:00,야간,토,1,0,0,차량단독,도로이탈,도로이탈 추락,단일로,교량위,원동기장치자전거,0
2012.4.28 3:00,야간,토,1,1,0,차대차,정면충돌,정면충돌,단일로,기타단일로,승용차,화물차
2012.11.22 6:00,주간,목,1,0,0,차대사람,횡단중,횡단중,단일로,기타단일로,승용차,보행자
2012.6.2 6:00,주간,토,1,0,0,차대차,추돌,주정차중 추돌,단일로,기타단일로,승용차,화물차
2012.6.6 12:00,주간,수,1,0,0,차대사람,차도통행중,차도통행중,단일로,기타단일로,승용차,보행자
2012.11.6 22:00,야간,화,1,0,0,차대차,측면직각충돌,측면직각충돌,단일로,기타단일로,승용차,원동기장치자전거
2012.11.19 6:00,주간,월,1,0,0,차대차,추돌,진행중 추돌,단일로,기타단일로,승용차,건설기계
2012.11.16 12:00,주간,금,1,0,0,차대차,기타,기타,단일로,기타단일로,화물차,자전거
2012.11.20 21:00,야간,화,1,1,0,차량단독,공작물충돌,공작물충돌,단일로,기타단일로,승용차,0
2012.11.21 10:00,주간,수,1,0,0,차대차,측면직각충돌,측면직각충돌,단일로,기타단일로,화물차,이륜차
2012.11.20 18:00,야간,화,1,0,0,차대사람,횡단중,횡단중,단일로,기타단일로,건설기계,보행자
2012.11.14 11:00,주간,수,1,0,0,차량단독,전도전복,전도전복,단일로,기타단일로,승용차,0
2012.11.21 23:00,야간,수,1,0,1,차량단독,공작물충돌,공작물충돌,교차로,교차로부근,원동기장치자전거,0
2012.11.17 10:00,주간,토,1,0,0,차대사람,횡단중,횡단중,단일로,횡단보도상,승합차,보행자
2012.11.3 5:00,야간,토,1,0,0,차대사람,횡단중,횡단중,단일로,횡단보도부근,승용차,보행자
2012.10.30 18:00,야간,화,1,0,0,차대차,측면직각충돌,측면직각충돌,단일로,기타단일로,화물차,농기계
2012.10.31 19:00,야간,수,1,0,0,차대사람,횡단중,횡단중,교차로,교차로내,화물차,보행자
2012.11.4 6:00,주간,일,1,0,0,차대차,기타,기타,교차로,교차로부근,승용차,승용차
2012.10.31 20:00,야간,수,1,0,0,차대차,측면직각충돌,측면직각충돌,기타/불명,기타/불명,이륜차,화물차
2012.11.2 10:00,주간,금,1,0,0,차대차,기타,기타,단일로,기타단일로,승용차,자전거
2012.12.29 17:00,주간,토,1,0,0,차대사람,기타,기타,단일로,횡단보도부근,승합차,보행자
2012.12.13 0:00,야간,목,1,0,1,차대사람,기타,기타,단일로,교량위,승용차,보행자
2012.12.14 7:00,주간,금,1,0,0,차량단독,도로이탈,도로이탈 추락,단일로,기타단일로,화물차,0
2012.12.13 15:00,주간,목,1,2,1,차대차,추돌,진행중 추돌,교차로,교차로부근,승용차,승합차
2012.12.13 13:00,주간,목,1,0,0,차대사람,횡단중,횡단중,기타/불명,기타/불명,특수차,보행자
2012.12.14 15:00,주간,금,1,0,0,차량단독,주/정차차량 충돌,주/정차차량 충돌,단일로,기타단일로,승용차,승용차
2012.12.15 0:00,야간,토,1,0,0,차대사람,기타,기타,단일로,기타단일로,승용차,보행자
2012.12.21 6:00,주간,금,1,4,0,차대차,기타,기타,교차로,교차로내,승용차,승합차
2012.12.21 18:00,야간,금,1,0,0,차대사람,횡단중,횡단중,단일로,횡단보도부근,승합차,보행자
2012.12.26 18:00,야간,수,1,0,0,차대사람,기타,기타,교차로,교차로내,승합차,보행자
2012.12.18 5:00,야간,화,1,0,0,차량단독,공작물충돌,공작물충돌,기타/불명,기타/불명,이륜차,0
2012.12.5 5:00,야간,수,1,0,0,차대사람,차도통행중,차도통행중,단일로,기타단일로,화물차,보행자
2012.12.1 14:00,주간,토,1,0,0,차대차,측면직각충돌,측면직각충돌,교차로,교차로내,승용차,이륜차
2012.12.6 9:00,주간,목,1,0,1,차량단독,전도전복,전도전복,단일로,기타단일로,화물차,0
2012.12.6 9:00,주간,목,1,0,0,차량단독,공작물충돌,공작물충돌,단일로,기타단일로,화물차,0
2012.11.8 19:00,야간,목,1,0,0,차량단독,공작물충돌,공작물충돌,단일로,기타단일로,승용차,0
2012.11.17 5:00,야간,토,1,0,0,차량단독,기타,기타,단일로,기타단일로,화물차,0
2013.2.18 9:00,주간,월,1,0,0,차대사람,횡단중,횡단중,단일로,기타단일로,승용차,보행자
2013.2.16 13:00,주간,토,1,3,2,차대차,측면직각충돌,측면직각충돌,교차로,교차로내,승용차,승합차
2013.2.20 9:00,주간,수,1,3,0,차대차,기타,기타,단일로,기타단일로,승용차,화물차
2012.1.24 11:00,주간,화,1,0,0,차량단독,전도전복,전도전복,단일로,기타단일로,승용차,0
2012.1.21 0:00,야간,토,1,1,0,차대사람,횡단중,횡단중,단일로,기타단일로,승용차,보행자
2012.1.22 16:00,주간,일,1,0,0,차대차,정면충돌,정면충돌,교차로,교차로내,승합차,이륜차
2012.1.25 21:00,야간,수,1,0,0,차량단독,공작물충돌,공작물충돌,교차로,교차로내,승용차,0
2012.1.25 18:00,야간,수,1,0,0,차대사람,기타,기타,단일로,기타단일로,승용차,보행자
2012.1.25 0:00,야간,수,1,3,1,차대차,기타,기타,단일로,기타단일로,승용차,승합차
2012.1.25 1:00,야간,수,1,0,1,차량단독,공작물충돌,공작물충돌,단일로,기타단일로,승용차,0
2012.2.5 14:00,주간,일,1,0,0,차대사람,횡단중,횡단중,단일로,기타단일로,승합차,보행자
2012.2.6 9:00,주간,월,1,0,0,차대사람,횡단중,횡단중,단일로,기타단일로,승용차,보행자
2012.2.3 10:00,주간,금,1,0,0,차량단독,전도전복,전도전복,교차로,교차로부근,화물차,0
2012.2.11 5:00,야간,토,1,0,0,차대차,추돌,주정차중 추돌,단일로,기타단일로,승용차,화물차
2012.2.9 15:00,주간,목,1,1,0,차대차,추돌,주정차중 추돌,단일로,기타단일로,화물차,화물차
2012.2.9 1:00,야간,목,1,0,1,차대차,기타,기타,교차로,교차로내,원동기장치자전거,승용차
2012.2.8 7:00,주간,수,1,0,1,차대차,측면직각충돌,측면직각충돌,교차로,교차로부근,승용차,화물차
2012.2.15 6:00,주간,수,1,0,0,차대사람,횡단중,횡단중,단일로,기타단일로,승용차,보행자
2012.2.12 0:00,야간,일,1,0,0,차량단독,전도전복,전도전복,단일로,기타단일로,승합차,0
2012.2.13 21:00,야간,월,1,0,0,차대사람,횡단중,횡단중,단일로,기타단일로,승용차,보행자
2012.2.18 11:00,주간,토,1,3,0,차대차,측면직각충돌,측면직각충돌,단일로,기타단일로,화물차,이륜차
2012.2.22 14:00,주간,수,1,1,1,차량단독,공작물충돌,공작물충돌,단일로,기타단일로,화물차,0
2012.2.23 3:00,야간,목,1,1,0,차량단독,공작물충돌,공작물충돌,단일로,기타단일로,화물차,0
2012.2.22 17:00,주간,수,1,0,0,차대사람,기타,기타,단일로,기타단일로,화물차,보행자
2013.10.12 3:00,야간,토,1,0,1,차대차,추돌,진행중 추돌,단일로,기타단일로,화물차,화물차
2013.8.23 4:00,야간,금,1,0,0,차대차,추돌,진행중 추돌,단일로,기타단일로,승용차,화물차
2013.1.5 6:00,주간,토,1,0,0,차대사람,차도통행중,차도통행중,교차로,교차로부근,화물차,보행자
2013.5.15 14:00,주간,수,1,0,0,차대사람,기타,기타,단일로,기타단일로,승용차,보행자
2013.5.15 3:00,야간,수,1,0,0,차대차,측면직각충돌,측면직각충돌,교차로,교차로부근,이륜차,승용차
2013.5.13 17:00,주간,월,1,0,0,차량단독,기타,기타,단일로,기타단일로,건설기계,0
2013.5.13 17:00,주간,월,1,3,1,차대차,추돌,진행중 추돌,단일로,기타단일로,화물차,승용차
2013.5.14 7:00,주간,화,1,0,0,차대차,측면직각충돌,측면직각충돌,교차로,교차로내,승용차,자전거
2013.5.14 13:00,주간,화,1,0,0,차량단독,기타,기타,단일로,기타단일로,승용차,0
2012.4.8 18:00,야간,일,1,2,0,차대차,정면충돌,정면충돌,단일로,기타단일로,화물차,승용차
2012.3.8 22:00,야간,목,1,0,0,차량단독,공작물충돌,공작물충돌,단일로,기타단일로,승용차,0
2012.3.13 8:00,주간,화,1,0,3,차대차,측면직각충돌,측면직각충돌,교차로,교차로내,승용차,승용차
2012.3.19 1:00,야간,월,1,0,2,차대차,추돌,진행중 추돌,단일로,기타단일로,화물차,화물차
2012.1.17 20:00,야간,화,1,1,0,차대차,기타,기타,단일로,기타단일로,승용차,화물차
2012.1.20 0:00,야간,금,1,0,0,차대차,기타,기타,단일로,기타단일로,화물차,원동기장치자전거
2012.1.18 18:00,야간,수,1,0,0,차대사람,횡단중,횡단중,단일로,기타단일로,승합차,보행자
2012.12.17 13:00,주간,월,1,1,1,차대차,측면직각충돌,측면직각충돌,교차로,교차로내,승용차,화물차
2012.12.17 18:00,야간,월,1,3,0,차대차,정면충돌,정면충돌,단일로,기타단일로,화물차,화물차
2012.9.27 19:00,야간,목,1,0,0,차대사람,길가장자리구역통행중,길가장자리구역통행중,단일로,기타단일로,화물차,보행자
2012.11.9 22:00,야간,금,1,0,0,차대사람,보도통행중,보도통행중,고가도로위,고가도로위,승용차,보행자
2013.4.24 21:00,야간,수,2,1,0,차량단독,도로이탈,도로이탈 추락,단일로,기타단일로,승용차,0
2013.5.1 19:00,야간,수,1,0,0,차대사람,기타,기타,단일로,횡단보도상,승합차,보행자
2013.5.1 16:00,주간,수,1,0,0,차량단독,기타,기타,단일로,기타단일로,농기계,0
2013.5.4 14:00,주간,토,1,0,0,차대차,기타,기타,단일로,기타단일로,원동기장치자전거,화물차
2013.5.4 9:00,주간,토,1,0,1,차량단독,공작물충돌,공작물충돌,단일로,기타단일로,승용차,0
2013.5.4 22:00,야간,토,1,0,0,차대사람,횡단중,횡단중,단일로,기타단일로,승용차,보행자
2013.5.12 7:00,주간,일,1,0,1,차대차,추돌,주정차중 추돌,단일로,기타단일로,화물차,승용차
2013.5.11 20:00,야간,토,1,0,0,차대사람,기타,기타,단일로,기타단일로,원동기장치자전거,보행자
2013.5.11 7:00,주간,토,1,0,0,차대사람,기타,기타,단일로,기타단일로,화물차,보행자
2013.5.13 19:00,야간,월,1,0,0,차대사람,횡단중,횡단중,단일로,횡단보도상,승용차,보행자
2013.5.15 9:00,주간,수,1,0,0,차대사람,기타,기타,단일로,기타단일로,화물차,보행자
2013.5.14 13:00,주간,화,1,1,0,차량단독,공작물충돌,공작물충돌,단일로,기타단일로,이륜차,0
2013.5.13 20:00,야간,월,1,0,0,차대사람,횡단중,횡단중,단일로,기타단일로,승용차,보행자
2013.5.13 15:00,주간,월,1,1,0,차대차,기타,기타,단일로,기타단일로,승용차,승용차
2013.5.14 22:00,야간,화,1,0,0,차대사람,횡단중,횡단중,교차로,교차로부근,승용차,보행자
2013.5.13 15:00,주간,월,1,0,0,차대차,기타,기타,단일로,기타단일로,승용차,자전거
2012.3.10 7:00,주간,토,1,2,2,차대차,측면직각충돌,측면직각충돌,단일로,횡단보도부근,승용차,승합차
2012.4.7 3:00,야간,토,1,0,0,차대차,측면직각충돌,측면직각충돌,교차로,교차로내,승용차,화물차
2012.1.28 19:00,야간,토,1,0,0,차량단독,기타,기타,단일로,기타단일로,승용차,0
2012.1.16 18:00,야간,월,1,0,0,차대사람,차도통행중,차도통행중,단일로,기타단일로,승합차,보행자
2012.12.6 14:00,주간,목,1,0,0,차대차,측면직각충돌,측면직각충돌,교차로,교차로내,화물차,화물차
2012.11.30 4:00,야간,금,1,0,0,차대사람,횡단중,횡단중,단일로,횡단보도상,승용차,보행자
2012.11.18 22:00,야간,일,1,0,0,차대사람,차도통행중,차도통행중,단일로,기타단일로,승용차,보행자
2012.9.11 23:00,야간,화,1,0,0,차대사람,기타,기타,교차로,교차로내,화물차,보행자
2012.5.7 3:00,야간,월,1,0,0,차대사람,기타,기타,단일로,기타단일로,승용차,보행자
2012.11.14 16:00,주간,수,1,0,0,차량단독,전도전복,전도전복,단일로,기타단일로,불명,0
2012.11.17 23:00,야간,토,1,1,0,차대사람,횡단중,횡단중,단일로,기타단일로,승용차,보행자
2012.11.15 4:00,야간,목,1,0,1,차대차,측면직각충돌,측면직각충돌,교차로,교차로내,승용차,화물차
2012.11.19 6:00,주간,월,1,0,0,차대사람,보도통행중,보도통행중,단일로,횡단보도상,화물차,보행자
2012.11.15 16:00,주간,목,1,1,0,차대차,측면직각충돌,측면직각충돌,교차로,교차로내,승용차,승용차
2012.11.21 1:00,야간,수,1,0,2,차대사람,횡단중,횡단중,교차로,교차로내,승용차,보행자