발생년월일시,주야,요일,사망자수,중상자수,경상자수,사고유형_대분류,사고유형_중분류,사고유형,도로형태_대분류,도로형태,당사자종별_1당_대분류,당사자종별_2당_대분류
2013.4.24 11:00,주간,수,1,0,0,차대차,기타,기타,교차로,교차로부근,승합차,원동기장치자전거
2013.5.2 12:00,주간,목,1,0,0,차대차,측면직각충돌,측면직각충돌,교차로,교차로내,승용차,자전거
2013.4.27 15:00,주간,토,1,0,0,차량단독,전도전복,전도전복,교차로,교차로부근,건설기계,0
2013.4.27 17:00,주간,토,1,0,0,차대차,정면충돌,정면충돌,교차로,교차로부근,승용차,원동기장치자전거
2013.4.29 20:00,야간,월,1,0,0,차대사람,길가장자리구역통행중,길가장자리구역통행중,단일로,기타단일로,승용차,보행자
2013.5.5 12:00,주간,일,1,0,0,차량단독,도로이탈,도로이탈 추락,교차로,교차로부근,농기계,0
2013.5.8 0:00,야간,수,1,0,0,차대차,기타,기타,단일로,기타단일로,화물차,자전거
2013.5.5 0:00,야간,일,1,0,1,차대차,기타,기타,단일로,기타단일로,이륜차,승합차
2013.5.11 11:00,주간,토,1,0,0,차량단독,전도전복,전도전복,기타/불명,기타/불명,이륜차,0
2013.5.12 4:00,야간,일,1,0,0,차량단독,공작물충돌,공작물충돌,교차로,교차로부근,화물차,0
2013.5.12 9:00,주간,일,1,0,0,차대차,측면직각충돌,측면직각충돌,교차로,교차로내,이륜차,승합차
2013.5.17 16:00,주간,금,1,0,0,차대차,추돌,진행중 추돌,교차로,교차로내,승용차,이륜차
2013.5.16 11:00,주간,목,1,0,0,차대사람,기타,기타,단일로,기타단일로,승합차,보행자
2013.5.16 7:00,주간,목,1,0,0,차량단독,공작물충돌,공작물충돌,단일로,기타단일로,화물차,0
2012.8.5 16:00,주간,일,1,0,0,차대차,정면충돌,정면충돌,교차로,교차로내,이륜차,승용차
2012.8.4 21:00,야간,토,1,0,0,차대사람,횡단중,횡단중,교차로,교차로부근,승용차,보행자
2012.8.12 23:00,야간,일,1,0,0,차대차,기타,기타,단일로,기타단일로,자전거,승용차
2012.8.13 5:00,야간,월,1,0,0,차대사람,횡단중,횡단중,단일로,횡단보도상,승용차,보행자
2012.8.10 14:00,주간,금,1,0,0,차대사람,보도통행중,보도통행중,교차로,교차로내,건설기계,보행자
2012.8.9 7:00,주간,목,1,0,0,차대차,기타,기타,단일로,기타단일로,화물차,자전거
2012.8.16 0:00,야간,목,1,0,0,차대차,추돌,주정차중 추돌,교차로,교차로부근,승용차,화물차
2012.8.14 4:00,야간,화,1,0,0,차대사람,기타,기타,단일로,기타단일로,승용차,보행자
2012.8.19 8:00,주간,일,1,0,0,차대차,측면직각충돌,측면직각충돌,교차로,교차로부근,자전거,승용차
2012.8.20 14:00,주간,월,1,0,0,차량단독,기타,기타,단일로,기타단일로,농기계,0
2012.8.24 19:00,야간,금,1,0,0,차대사람,기타,기타,교차로,교차로부근,승용차,보행자
2012.8.21 23:00,야간,화,1,0,0,차대사람,횡단중,횡단중,교차로,교차로내,승용차,보행자
2012.8.29 18:00,야간,수,1,0,0,차대사람,횡단중,횡단중,단일로,기타단일로,승용차,보행자
2012.8.27 7:00,주간,월,1,0,0,차대차,정면충돌,정면충돌,교차로,교차로내,화물차,이륜차
2012.8.26 4:00,야간,일,1,0,0,차대사람,기타,기타,단일로,기타단일로,승용차,보행자
2012.9.2 7:00,주간,일,1,0,0,차량단독,전도전복,전도전복,교차로,교차로내,승용차,0
2012.9.1 10:00,주간,토,1,0,0,차대사람,보도통행중,보도통행중,단일로,횡단보도상,화물차,보행자
2012.9.6 8:00,주간,목,1,0,0,차대차,정면충돌,정면충돌,교차로,교차로내,농기계,승합차
2012.9.5 19:00,야간,수,1,0,1,차대사람,횡단중,횡단중,단일로,기타단일로,승용차,보행자
2012.9.14 19:00,야간,금,1,0,0,차대사람,기타,기타,단일로,기타단일로,승용차,보행자
2012.9.11 16:00,주간,화,1,0,0,차량단독,기타,기타,단일로,기타단일로,이륜차,0
2012.9.12 10:00,주간,수,1,0,1,차대차,기타,기타,단일로,기타단일로,승합차,자전거
2012.9.17 21:00,야간,월,1,0,0,차대사람,횡단중,횡단중,단일로,기타단일로,화물차,보행자
2012.9.17 18:00,야간,월,2,1,0,차대차,정면충돌,정면충돌,단일로,기타단일로,승용차,화물차
2012.9.16 0:00,야간,일,1,0,0,차대사람,기타,기타,단일로,기타단일로,승용차,보행자
2012.9.14 19:00,야간,금,1,0,0,차대사람,횡단중,횡단중,교차로,교차로내,승용차,보행자
2012.9.21 19:00,야간,금,1,0,0,차대차,정면충돌,정면충돌,교차로,교차로내,승용차,이륜차
2012.9.20 5:00,야간,목,1,0,0,차대사람,횡단중,횡단중,단일로,횡단보도부근,화물차,보행자
2012.9.24 20:00,야간,월,1,0,0,차대차,측면직각충돌,측면직각충돌,교차로,교차로부근,원동기장치자전거,승용차
2012.9.25 10:00,주간,화,1,0,0,차대차,측면직각충돌,측면직각충돌,교차로,교차로내,원동기장치자전거,화물차
2012.8.6 10:00,주간,월,1,0,0,차대사람,길가장자리구역통행중,길가장자리구역통행중,단일로,기타단일로,승용차,보행자
2012.8.4 19:00,야간,토,1,0,0,차대차,기타,기타,단일로,기타단일로,농기계,승용차
2012.8.12 8:00,주간,일,1,0,0,차대사람,기타,기타,교차로,교차로내,승용차,보행자
2012.8.12 6:00,주간,일,1,0,0,차대차,정면충돌,정면충돌,교차로,교차로부근,승용차,이륜차
2012.8.16 10:00,주간,목,1,0,0,차량단독,공작물충돌,공작물충돌,기타/불명,기타/불명,이륜차,0
2012.8.17 5:00,야간,금,1,0,0,차대사람,횡단중,횡단중,교차로,교차로내,화물차,보행자
2012.8.17 5:00,야간,금,1,0,0,차대사람,기타,기타,단일로,기타단일로,승용차,보행자
2012.8.20 21:00,야간,월,1,1,0,차대차,정면충돌,정면충돌,단일로,기타단일로,승용차,승합차
2012.8.17 23:00,야간,금,1,0,0,차대사람,횡단중,횡단중,교차로,교차로부근,승용차,보행자
2012.8.17 5:00,야간,금,1,0,0,차대사람,횡단중,횡단중,단일로,횡단보도상,화물차,보행자
2012.8.24 19:00,야간,금,1,0,0,차대사람,횡단중,횡단중,단일로,기타단일로,승용차,보행자
2012.8.25 1:00,야간,토,1,0,0,차대사람,횡단중,횡단중,교차로,교차로내,승용차,보행자
2013.11.21 0:00,야간,목,1,0,0,차대사람,횡단중,횡단중,단일로,기타단일로,승용차,보행자
2013.8.1 8:00,주간,목,1,1,0,차대차,추돌,진행중 추돌,단일로,기타단일로,화물차,화물차
2013.2.17 19:00,야간,일,1,2,1,차량단독,공작물충돌,공작물충돌,단일로,기타단일로,승용차,0
2013.1.20 21:00,야간,일,1,0,0,차대사람,기타,기타,단일로,기타단일로,화물차,보행자
2013.4.12 9:00,주간,금,1,0,0,차대차,기타,기타,단일로,기타단일로,화물차,특수차
2013.2.21 10:00,주간,목,1,2,0,차대차,기타,기타,교차로,교차로내,건설기계,승용차
2013.4.18 3:00,야간,목,1,0,0,차대사람,기타,기타,단일로,기타단일로,승용차,보행자
2013.4.26 21:00,야간,금,1,0,0,차대사람,횡단중,횡단중,교차로,교차로부근,승용차,보행자
2013.4.26 20:00,야간,금,1,1,1,차대사람,횡단중,횡단중,단일로,횡단보도상,승합차,보행자
2013.4.27 10:00,주간,토,1,1,0,차대사람,기타,기타,단일로,기타단일로,승용차,보행자
2013.4.26 14:00,주간,금,1,0,0,차량단독,전도전복,전도전복,단일로,기타단일로,화물차,0
2013.4.23 21:00,야간,화,1,0,4,차대차,정면충돌,정면충돌,단일로,교량위,승용차,승합차
2013.4.23 4:00,야간,화,1,0,0,차량단독,공작물충돌,공작물충돌,단일로,기타단일로,이륜차,0
2013.4.30 23:00,야간,화,1,0,0,차대사람,횡단중,횡단중,단일로,기타단일로,화물차,보행자
2013.5.2 3:00,야간,목,2,1,0,차대차,정면충돌,정면충돌,단일로,기타단일로,특수차,특수차
2013.5.3 1:00,야간,금,1,0,0,차대사람,횡단중,횡단중,교차로,교차로부근,승용차,보행자
2013.5.3 5:00,야간,금,1,0,0,차대사람,기타,기타,단일로,횡단보도상,승용차,보행자
2013.4.29 20:00,야간,월,1,0,0,차량단독,공작물충돌,공작물충돌,단일로,기타단일로,화물차,0
2013.4.28 12:00,주간,일,1,0,0,차대사람,횡단중,횡단중,단일로,기타단일로,승용차,보행자
2013.4.29 23:00,야간,월,1,0,0,차대사람,기타,기타,기타/불명,기타/불명,승용차,보행자
2013.5.7 16:00,주간,화,1,1,0,차대차,측면직각충돌,측면직각충돌,교차로,교차로내,농기계,이륜차
2013.5.6 16:00,주간,월,1,1,0,차대차,측면직각충돌,측면직각충돌,교차로,교차로내,원동기장치자전거,승용차
2013.5.7 4:00,야간,화,1,0,0,차량단독,공작물충돌,공작물충돌,단일로,기타단일로,승용차,0
2013.5.7 5:00,야간,화,1,0,0,차대차,기타,기타,교차로,교차로내,화물차,이륜차
2013.5.7 9:00,주간,화,1,0,0,차대사람,기타,기타,단일로,기타단일로,승용차,보행자
2013.5.4 15:00,주간,토,1,0,0,차대차,측면직각충돌,측면직각충돌,교차로,교차로내,화물차,승합차
2013.5.2 23:00,야간,목,1,0,3,차대차,측면직각충돌,측면직각충돌,교차로,교차로내,승용차,화물차
2013.5.3 5:00,야간,금,1,0,0,차대사람,횡단중,횡단중,단일로,기타단일로,승용차,보행자
2013.5.2 19:00,야간,목,1,0,0,차량단독,공작물충돌,공작물충돌,기타/불명,기타/불명,화물차,0
2013.5.3 12:00,주간,금,1,0,0,차대사람,횡단중,횡단중,단일로,기타단일로,건설기계,보행자
2013.5.11 3:00,야간,토,1,0,0,차대사람,횡단중,횡단중,단일로,기타단일로,승용차,보행자
2013.5.12 21:00,야간,일,1,0,0,차대사람,횡단중,횡단중,단일로,기타단일로,승용차,보행자
2012.3.15 12:00,주간,목,1,0,0,차량단독,전도전복,전도전복,기타/불명,기타/불명,화물차,0
2012.4.17 22:00,야간,화,1,0,0,차량단독,전도전복,전도전복,단일로,기타단일로,승용차,0
2012.1.31 21:00,야간,화,1,2,0,차대차,정면충돌,정면충돌,단일로,기타단일로,건설기계,승용차
2012.11.20 6:00,주간,화,1,0,1,차대차,측면직각충돌,측면직각충돌,기타/불명,기타/불명,화물차,건설기계
2012.12.28 18:00,야간,금,1,0,0,차대사람,횡단중,횡단중,단일로,기타단일로,승합차,보행자
2012.11.16 20:00,야간,금,1,0,0,차대사람,횡단중,횡단중,교차로,교차로내,화물차,보행자
2012.11.22 8:00,주간,목,1,0,0,차대사람,횡단중,횡단중,단일로,기타단일로,승용차,보행자
2012.11.21 18:00,야간,수,1,0,0,차대사람,횡단중,횡단중,교차로,교차로부근,승용차,보행자
2012.11.1 5:00,야간,목,1,0,0,차대사람,횡단중,횡단중,단일로,횡단보도부근,화물차,보행자
2012.11.1 18:00,야간,목,1,0,0,차량단독,기타,기타,기타/불명,기타/불명,화물차,0
2012.11.5 13:00,주간,월,1,0,0,차대차,기타,기타,교차로,교차로부근,이륜차,승용차
2012.11.6 16:00,주간,화,1,0,0,차량단독,공작물충돌,공작물충돌,교차로,교차로부근,화물차,0
2012.11.2 2:00,야간,금,1,0,0,차대사람,길가장자리구역통행중,길가장자리구역통행중,단일로,기타단일로,화물차,보행자
2012.11.2 15:00,주간,금,1,0,0,차대차,측면직각충돌,측면직각충돌,단일로,기타단일로,건설기계,자전거
2012.11.5 4:00,야간,월,1,0,0,차대사람,기타,기타,단일로,기타단일로,승합차,보행자
2012.10.30 5:00,야간,화,1,0,0,차량단독,공작물충돌,공작물충돌,교차로,교차로부근,승용차,0
2012.10.30 9:00,주간,화,1,3,5,차대차,추돌,진행중 추돌,단일로,기타단일로,승합차,승용차
2013.5.18 18:00,야간,토,1,0,0,차량단독,공작물충돌,공작물충돌,단일로,기타단일로,승용차,0
2012.3.19 21:00,야간,월,1,0,0,차대사람,횡단중,횡단중,단일로,횡단보도상,승용차,보행자
2012.3.30 16:00,주간,금,1,0,0,차량단독,기타,기타,단일로,기타단일로,이륜차,0
2012.2.7 23:00,야간,화,1,0,0,차량단독,공작물충돌,공작물충돌,단일로,기타단일로,승용차,0
2012.3.5 2:00,야간,월,1,0,0,차대사람,횡단중,횡단중,단일로,기타단일로,승용차,보행자
2012.8.6 14:00,주간,월,1,0,0,차대사람,차도통행중,차도통행중,단일로,기타단일로,화물차,보행자
2012.9.9 6:00,주간,일,1,1,0,차량단독,공작물충돌,공작물충돌,단일로,기타단일로,원동기장치자전거,0
2012.10.3 8:00,주간,수,1,0,0,차대차,정면충돌,정면충돌,단일로,기타단일로,이륜차,화물차
2012.10.1 6:00,주간,월,1,3,0,차량단독,공작물충돌,공작물충돌,단일로,횡단보도부근,화물차,0
2012.6.26 17:00,주간,화,1,0,0,차량단독,도로이탈,도로이탈 추락,단일로,기타단일로,원동기장치자전거,0
2012.7.3 21:00,야간,화,1,0,0,차대차,기타,기타,단일로,기타단일로,화물차,화물차
2012.2.15 19:00,야간,수,2,0,0,차량단독,공작물충돌,공작물충돌,교차로,교차로부근,승용차,0
2012.12.17 18:00,야간,월,1,0,0,차량단독,공작물충돌,공작물충돌,교차로,교차로부근,화물차,0
2012.12.23 2:00,야간,일,1,1,0,차대사람,횡단중,횡단중,교차로,교차로부근,승용차,보행자
2012.12.6 10:00,주간,목,1,0,3,차량단독,공작물충돌,공작물충돌,단일로,기타단일로,승용차,0
2012.12.3 20:00,야간,월,1,0,1,차대차,측면직각충돌,측면직각충돌,교차로,교차로부근,승용차,화물차
2012.12.6 17:00,주간,목,1,1,0,차대차,추돌,진행중 추돌,단일로,기타단일로,승용차,이륜차
2012.12.4 8:00,주간,화,1,0,2,차량단독,전도전복,전도전복,단일로,기타단일로,승합차,0
2012.1.14 18:00,야간,토,1,0,0,차대차,측면직각충돌,측면직각충돌,단일로,기타단일로,자전거,승용차
2012.2.23 10:00,주간,목,1,0,0,차대차,추돌,진행중 추돌,단일로,기타단일로,화물차,승용차
2012.1.12 12:00,주간,목,1,0,0,차대차,추돌,주정차중 추돌,단일로,기타단일로,화물차,화물차
2012.5.14 11:00,주간,월,1,0,1,차대차,추돌,주정차중 추돌,교차로,교차로내,화물차,승합차
2013.11.21 15:00,주간,목,1,0,0,차대사람,횡단중,횡단중,단일로,기타단일로,이륜차,보행자
2013.11.24 20:00,야간,일,1,0,0,차대차,기타,기타,단일로,기타단일로,승합차,이륜차
2013.11.24 23:00,야간,일,1,1,1,차대차,정면충돌,정면충돌,교차로,교차로부근,승용차,승용차
2013.11.25 0:00,야간,월,1,0,0,차량단독,공작물충돌,공작물충돌,단일로,기타단일로,승용차,0
2013.11.25 5:00,야간,월,1,0,0,차대사람,기타,기타,단일로,기타단일로,화물차,보행자
2013.12.3 11:00,주간,화,1,0,0,차대차,기타,기타,교차로,교차로내,이륜차,승용차
2013.12.3 19:00,야간,화,1,0,0,차량단독,기타,기타,단일로,기타단일로,이륜차,0
2013.12.2 11:00,주간,월,1,0,0,차대차,측면직각충돌,측면직각충돌,교차로,교차로내,이륜차,화물차
2013.12.3 10:00,주간,화,1,0,0,차대사람,기타,기타,단일로,기타단일로,화물차,보행자
2013.12.5 15:00,주간,목,1,0,0,차대사람,기타,기타,단일로,기타단일로,승용차,보행자
2013.12.4 6:00,주간,수,1,0,0,차대사람,횡단중,횡단중,기타/불명,기타/불명,화물차,보행자
2013.12.3 18:00,야간,화,1,0,1,차대차,추돌,주정차중 추돌,단일로,기타단일로,승합차,승합차
2013.12.3 7:00,주간,화,1,0,0,차대차,정면충돌,정면충돌,단일로,기타단일로,이륜차,화물차
2013.12.3 19:00,야간,화,1,0,0,차대사람,기타,기타,단일로,기타단일로,승용차,보행자
2013.12.3 7:00,주간,화,1,0,0,차대차,기타,기타,교차로,교차로부근,승용차,자전거
2013.12.4 13:00,주간,수,1,0,0,차대차,측면직각충돌,측면직각충돌,단일로,기타단일로,승용차,자전거
2013.12.2 18:00,야간,월,1,0,0,차대사람,횡단중,횡단중,단일로,횡단보도상,승용차,보행자
2013.12.6 9:00,주간,금,1,0,0,차대차,측면직각충돌,측면직각충돌,기타/불명,기타/불명,승합차,화물차
2013.12.4 20:00,야간,수,1,0,0,차량단독,도로이탈,도로이탈 추락,단일로,교량위,자전거,0
2013.12.4 18:00,야간,수,1,0,0,차대차,추돌,주정차중 추돌,단일로,기타단일로,이륜차,화물차
2013.12.4 7:00,주간,수,1,0,0,차대사람,횡단중,횡단중,교차로,교차로부근,승용차,보행자
2013.12.5 18:00,야간,목,1,0,0,차량단독,공작물충돌,공작물충돌,단일로,기타단일로,화물차,0
2013.12.31 18:00,야간,화,1,0,0,차대사람,횡단중,횡단중,교차로,교차로부근,승용차,보행자
2013.12.31 21:00,야간,화,1,5,2,차대차,정면충돌,정면충돌,단일로,기타단일로,승용차,승용차
2013.12.30 23:00,야간,월,1,1,0,차대사람,횡단중,횡단중,교차로,교차로부근,승용차,보행자
2013.12.25 5:00,야간,수,1,0,0,차대사람,횡단중,횡단중,교차로,교차로내,승용차,보행자
2013.12.25 18:00,야간,수,1,0,0,차대사람,보도통행중,보도통행중,단일로,횡단보도상,승용차,보행자
2013.10.26 18:00,야간,토,1,0,0,차량단독,공작물충돌,공작물충돌,단일로,기타단일로,이륜차,0
2013.10.27 17:00,주간,일,1,0,0,차대사람,기타,기타,단일로,기타단일로,승합차,보행자
2013.10.27 13:00,주간,일,1,0,0,차량단독,공작물충돌,공작물충돌,단일로,기타단일로,원동기장치자전거,0
2013.10.27 10:00,주간,일,1,0,0,차대사람,기타,기타,단일로,기타단일로,승용차,보행자
2013.10.24 5:00,야간,목,1,0,0,차량단독,기타,기타,단일로,기타단일로,원동기장치자전거,0
2013.10.23 20:00,야간,수,1,0,0,차대사람,기타,기타,교차로,교차로부근,승용차,보행자
2013.10.25 15:00,주간,금,1,0,0,차대사람,횡단중,횡단중,단일로,기타단일로,승용차,보행자
2013.10.23 10:00,주간,수,1,0,0,차대사람,차도통행중,차도통행중,교차로,교차로내,화물차,보행자
2013.10.23 14:00,주간,수,1,0,0,차대사람,횡단중,횡단중,단일로,기타단일로,건설기계,보행자
2013.11.1 18:00,야간,금,1,0,0,차대사람,횡단중,횡단중,교차로,교차로부근,승용차,보행자
2013.10.31 19:00,야간,목,1,0,0,차대차,기타,기타,단일로,기타단일로,승용차,승합차
2013.10.29 11:00,주간,화,1,1,1,차대차,측면직각충돌,측면직각충돌,교차로,교차로내,승용차,이륜차
2013.11.5 5:00,야간,화,1,0,0,차대차,측면직각충돌,측면직각충돌,교차로,교차로내,화물차,화물차
2013.11.3 19:00,야간,일,1,0,0,차대차,추돌,진행중 추돌,교차로,교차로부근,승용차,자전거
2013.12.4 11:00,주간,수,1,0,0,차대차,측면직각충돌,측면직각충돌,교차로,교차로내,이륜차,승용차
2013.12.5 18:00,야간,목,1,0,0,차대사람,기타,기타,단일로,횡단보도상,화물차,보행자
2013.8.15 20:00,야간,목,1,0,1,차대사람,기타,기타,단일로,기타단일로,승용차,보행자
2013.4.18 12:00,주간,목,1,1,0,차대차,측면직각충돌,측면직각충돌,교차로,교차로내,승용차,승용차
2013.4.26 21:00,야간,금,1,0,0,차대사람,기타,기타,단일로,기타단일로,화물차,보행자
2013.5.1 13:00,주간,수,1,0,0,차대차,기타,기타,단일로,기타단일로,화물차,농기계
2013.5.2 19:00,야간,목,1,0,0,차대차,측면직각충돌,측면직각충돌,단일로,기타단일로,원동기장치자전거,화물차
2013.5.2 22:00,야간,목,1,0,0,차대사람,기타,기타,단일로,기타단일로,화물차,보행자
2013.4.28 7:00,주간,일,1,1,0,차대차,추돌,진행중 추돌,단일로,기타단일로,승용차,화물차
2013.4.30 10:00,주간,화,1,1,0,차대차,측면직각충돌,측면직각충돌,교차로,교차로내,화물차,화물차
2013.5.12 1:00,야간,일,1,1,0,차량단독,공작물충돌,공작물충돌,단일로,기타단일로,승용차,0
2013.5.12 13:00,주간,일,1,0,0,차량단독,기타,기타,단일로,기타단일로,이륜차,0
2013.5.9 7:00,주간,목,1,0,0,차대차,기타,기타,교차로,교차로내,화물차,화물차
2013.5.9 0:00,야간,목,1,0,0,차량단독,도로이탈,도로이탈 추락,단일로,기타단일로,화물차,0
2013.5.9 8:00,주간,목,1,0,0,차대차,기타,기타,교차로,교차로내,건설기계,자전거
2013.5.16 17:00,주간,목,1,0,0,차대차,추돌,진행중 추돌,단일로,기타단일로,원동기장치자전거,화물차
2013.5.18 14:00,주간,토,1,1,0,차대차,정면충돌,정면충돌,단일로,기타단일로,승용차,화물차
2013.5.17 4:00,야간,금,1,0,0,차대차,측면직각충돌,측면직각충돌,단일로,기타단일로,승용차,원동기장치자전거
2013.5.17 10:00,주간,금,1,0,0,차대차,추돌,주정차중 추돌,교차로,교차로내,이륜차,승합차
2013.5.18 10:00,주간,토,1,0,0,차대차,측면직각충돌,측면직각충돌,교차로,교차로내,원동기장치자전거,승합차
2013.5.18 4:00,야간,토,1,0,0,차대사람,횡단중,횡단중,교차로,교차로내,승용차,보행자
2013.5.16 23:00,야간,목,1,0,0,차대사람,횡단중,횡단중,단일로,기타단일로,승합차,보행자
2013.5.16 18:00,야간,목,1,0,1,차대차,정면충돌,정면충돌,단일로,기타단일로,원동기장치자전거,이륜차
2013.5.16 9:00,주간,목,2,2,1,차대사람,기타,기타,단일로,횡단보도부근,화물차,보행자
2012.4.1 0:00,야간,일,1,0,0,차대사람,기타,기타,단일로,횡단보도부근,승용차,보행자
2012.12.6 9:00,주간,목,1,0,0,차대사람,기타,기타,교차로,교차로내,화물차,보행자
2012.11.9 8:00,주간,금,1,0,0,차량단독,전도전복,전도전복,단일로,기타단일로,화물차,0
2012.12.5 22:00,야간,수,1,0,0,차대사람,기타,기타,단일로,기타단일로,승용차,보행자
2012.11.8 19:00,야간,목,1,0,0,차량단독,공작물충돌,공작물충돌,단일로,기타단일로,승합차,0
2012.12.1 22:00,야간,토,1,0,0,차대차,추돌,주정차중 추돌,교차로,교차로부근,원동기장치자전거,화물차
2012.9.7 23:00,야간,금,1,1,0,차량단독,공작물충돌,공작물충돌,단일로,기타단일로,화물차,0
2012.7.15 1:00,야간,일,1,2,0,차대차,정면충돌,정면충돌,단일로,기타단일로,승용차,승용차
2012.10.21 9:00,주간,일,1,0,0,차대사람,횡단중,횡단중,단일로,기타단일로,화물차,보행자
2012.6.23 0:00,야간,토,1,0,0,차량단독,공작물충돌,공작물충돌,단일로,기타단일로,승용차,0
2012.6.19 7:00,주간,화,1,0,0,차대사람,기타,기타,단일로,기타단일로,자전거,보행자
2013.4.19 7:00,주간,금,1,1,0,차대사람,기타,기타,교차로,교차로부근,화물차,보행자
2012.11.2 19:00,야간,금,1,1,0,차대사람,기타,기타,단일로,기타단일로,승용차,보행자
2012.11.2 17:00,주간,금,1,0,0,차대차,기타,기타,교차로,교차로내,원동기장치자전거,승용차
2012.10.30 18:00,야간,화,1,0,0,차대사람,횡단중,횡단중,단일로,기타단일로,승용차,보행자
2012.11.3 14:00,주간,토,1,0,0,차대차,기타,기타,단일로,기타단일로,이륜차,승합차
2012.10.30 21:00,야간,화,1,0,0,차량단독,기타,기타,단일로,기타단일로,원동기장치자전거,0
2012.10.30 10:00,주간,화,1,0,0,차대차,기타,기타,단일로,기타단일로,화물차,원동기장치자전거
2012.10.31 11:00,주간,수,1,0,0,차량단독,전도전복,전도전복,단일로,기타단일로,농기계,0
2012.12.29 11:00,주간,토,1,0,0,차대사람,횡단중,횡단중,교차로,교차로내,화물차,보행자
2012.12.27 22:00,야간,목,1,0,0,차량단독,공작물충돌,공작물충돌,단일로,기타단일로,승용차,0
2012.12.31 22:00,야간,월,1,0,0,차량단독,공작물충돌,공작물충돌,단일로,기타단일로,승용차,0
2012.12.11 6:00,주간,화,1,2,0,차량단독,공작물충돌,공작물충돌,단일로,기타단일로,승용차,0
2012.12.16 0:00,야간,목,1,0,0,차대사람,횡단중,횡단중,교차로,교차로부근,화물차,보행자
2012.12.17 7:00,주간,월,1,2,0,차대차,정면충돌,정면충돌,단일로,기타단일로,승용차,승합차
2012.12.8 3:00,야간,토,2,2,0,차량단독,공작물충돌,공작물충돌,단일로,교량위,승용차,0
2012.12.9 10:00,주간,일,1,0,0,차량단독,전도전복,전도전복,기타/불명,기타/불명,이륜차,0
2012.12.14 7:00,주간,금,1,0,0,차대사람,길가장자리구역통행중,길가장자리구역통행중,단일로,기타단일로,화물차,보행자
2012.12.14 7:00,주간,금,1,1,0,차대차,측면직각충돌,측면직각충돌,교차로,교차로내,승합차,승용차
2012.12.23 20:00,야간,일,1,0,0,차대사람,기타,기타,단일로,기타단일로,승용차,보행자
2012.12.19 1:00,야간,수,5,0,0,차대차,정면충돌,정면충돌,단일로,기타단일로,승용차,승용차
2012.12.19 18:00,야간,수,1,0,0,차대사람,기타,기타,단일로,횡단보도부근,승합차,보행자
2012.12.20 14:00,주간,목,1,0,0,차대차,기타,기타,교차로,교차로부근,승합차,자전거
2012.12.24 17:00,주간,월,1,0,1,차대차,기타,기타,단일로,기타단일로,화물차,화물차
2012.12.3 19:00,야간,월,1,0,0,차대사람,횡단중,횡단중,교차로,교차로내,승합차,보행자
2012.12.4 9:00,주간,화,1,0,0,차대차,측면직각충돌,측면직각충돌,교차로,교차로부근,화물차,자전거
2012.12.8 9:00,주간,토,1,0,0,차대사람,기타,기타,단일로,기타단일로,승합차,보행자
2012.12.4 10:00,주간,화,1,0,0,차량단독,공작물충돌,공작물충돌,단일로,기타단일로,승용차,0
2012.12.8 13:00,주간,토,1,0,0,차대사람,기타,기타,단일로,기타단일로,화물차,보행자
2012.6.23 15:00,주간,토,1,1,1,차대차,추돌,주정차중 추돌,기타/불명,기타/불명,승용차,화물차
2012.12.10 15:00,주간,월,1,0,0,차대사람,횡단중,횡단중,단일로,기타단일로,승합차,보행자
2012.12.12 6:00,주간,수,1,2,0,차대차,기타,기타,교차로,교차로부근,화물차,특수차
2012.12.16 7:00,주간,일,1,0,0,차량단독,공작물충돌,공작물충돌,단일로,교량위,승용차,0
2012.12.16 0:00,야간,일,1,0,0,차대사람,횡단중,횡단중,교차로,교차로부근,승용차,보행자
2012.12.24 20:00,야간,월,1,0,0,차대사람,횡단중,횡단중,단일로,기타단일로,승합차,보행자
2012.12.26 8:00,주간,수,1,0,0,차대차,추돌,진행중 추돌,교차로,교차로부근,승용차,농기계
2012.12.19 18:00,야간,수,1,1,0,차대차,추돌,진행중 추돌,단일로,교량위,승용차,승용차
2012.12.21 3:00,야간,금,1,4,5,차대차,정면충돌,정면충돌,교차로,교차로내,승용차,승합차
2012.12.26 18:00,야간,수,1,0,0,차대사람,횡단중,횡단중,교차로,교차로내,승용차,보행자
2012.12.16 14:00,주간,일,1,0,0,차량단독,공작물충돌,공작물충돌,단일로,기타단일로,승용차,0
2012.9.14 11:00,주간,금,1,0,0,차대차,측면직각충돌,측면직각충돌,교차로,교차로내,화물차,승합차
2012.9.14 17:00,주간,금,1,0,0,차량단독,전도전복,전도전복,단일로,기타단일로,자전거,0
2012.9.18 11:00,주간,화,1,0,1,차량단독,도로이탈,도로이탈 추락,단일로,기타단일로,승용차,0
2012.11.3 12:00,주간,토,1,0,0,차대차,측면직각충돌,측면직각충돌,단일로,기타단일로,자전거,화물차
2012.11.4 18:00,야간,일,1,0,0,차대사람,횡단중,횡단중,교차로,교차로내,승용차,보행자
2012.10.30 5:00,야간,화,1,0,0,차대차,기타,기타,단일로,횡단보도상,승용차,승용차
2012.11.2 15:00,주간,금,1,0,0,차대사람,횡단중,횡단중,교차로,교차로내,승용차,보행자
2012.10.30 6:00,주간,월,1,0,0,차대차,추돌,진행중 추돌,단일로,기타단일로,화물차,이륜차