발생년월일시,주야,요일,사망자수,중상자수,경상자수,사고유형_대분류,사고유형_중분류,사고유형,도로형태_대분류,도로형태,당사자종별_1당_대분류,당사자종별_2당_대분류
2012.11.2 22:00,야간,금,1,0,0,차대사람,차도통행중,차도통행중,단일로,기타단일로,승용차,보행자
2012.12.30 19:00,야간,일,1,0,1,차량단독,전도전복,전도전복,단일로,기타단일로,승용차,0
2012.12.29 15:00,주간,토,1,0,0,차량단독,도로이탈,도로이탈 추락,교차로,교차로부근,원동기장치자전거,0
2012.12.11 18:00,야간,화,1,0,0,차대사람,횡단중,횡단중,교차로,교차로내,화물차,보행자
2012.12.15 20:00,야간,토,1,0,0,차대사람,기타,기타,단일로,기타단일로,승합차,보행자
2012.12.12 7:00,주간,수,1,0,0,차대사람,횡단중,횡단중,교차로,교차로내,승용차,보행자
2012.12.12 7:00,주간,수,1,0,0,차대차,추돌,주정차중 추돌,단일로,기타단일로,승용차,화물차
2012.12.13 23:00,야간,목,1,0,0,차대사람,횡단중,횡단중,단일로,기타단일로,승용차,보행자
2013.1.25 6:00,주간,금,1,0,0,차량단독,공작물충돌,공작물충돌,교차로,교차로부근,승용차,0
2013.1.31 6:00,주간,목,1,2,1,차대차,추돌,진행중 추돌,단일로,기타단일로,화물차,특수차
2013.1.28 6:00,주간,월,1,0,0,차대사람,차도통행중,차도통행중,단일로,기타단일로,화물차,보행자
2013.1.30 20:00,야간,수,2,4,0,차대차,추돌,주정차중 추돌,교차로,교차로부근,승용차,화물차
2013.1.30 6:00,주간,수,1,0,0,차대사람,횡단중,횡단중,교차로,교차로내,화물차,보행자
2013.2.5 2:00,야간,화,1,0,0,차량단독,공작물충돌,공작물충돌,단일로,기타단일로,승용차,0
2013.2.4 3:00,야간,월,1,0,0,차량단독,공작물충돌,공작물충돌,단일로,기타단일로,승용차,0
2013.2.1 22:00,야간,금,1,0,0,차대사람,기타,기타,단일로,기타단일로,승합차,보행자
2013.2.2 1:00,야간,토,1,2,0,차대차,정면충돌,정면충돌,단일로,기타단일로,승용차,승용차
2013.2.2 10:00,주간,토,1,0,0,차대사람,길가장자리구역통행중,길가장자리구역통행중,단일로,기타단일로,승합차,보행자
2013.2.12 16:00,주간,화,1,0,0,차량단독,도로이탈,도로이탈 추락,단일로,기타단일로,화물차,0
2013.2.10 19:00,야간,일,1,0,0,차대사람,횡단중,횡단중,단일로,기타단일로,승용차,보행자
2013.2.12 11:00,주간,화,1,7,17,차대차,추돌,진행중 추돌,단일로,기타단일로,승용차,승합차
2013.2.10 8:00,주간,일,1,0,0,차량단독,공작물충돌,공작물충돌,단일로,기타단일로,승용차,0
2013.2.9 2:00,야간,토,1,2,0,차대차,측면직각충돌,측면직각충돌,단일로,기타단일로,승용차,화물차
2013.2.11 12:00,주간,월,1,0,0,차대차,추돌,진행중 추돌,단일로,기타단일로,이륜차,승용차
2013.2.11 19:00,야간,월,1,0,2,차대차,기타,기타,교차로,교차로부근,승용차,승용차
2013.2.7 14:00,주간,목,1,0,0,차대차,기타,기타,교차로,교차로내,승용차,원동기장치자전거
2013.2.7 18:00,야간,목,1,0,0,차대사람,횡단중,횡단중,단일로,횡단보도상,승용차,보행자
2013.2.6 18:00,야간,수,1,0,0,차대사람,횡단중,횡단중,교차로,교차로내,화물차,보행자
2013.2.19 8:00,주간,화,1,0,0,차량단독,공작물충돌,공작물충돌,단일로,기타단일로,승용차,0
2013.2.19 8:00,주간,화,1,0,0,차량단독,기타,기타,단일로,기타단일로,이륜차,0
2013.2.13 17:00,주간,수,1,0,0,차대사람,기타,기타,단일로,기타단일로,승용차,보행자
2013.2.14 19:00,야간,목,1,0,0,차대사람,기타,기타,교차로,교차로부근,승용차,보행자
2013.2.14 16:00,주간,목,1,0,0,차대차,추돌,진행중 추돌,단일로,기타단일로,화물차,자전거
2013.2.13 22:00,야간,수,1,0,1,차대차,측면직각충돌,측면직각충돌,교차로,교차로부근,승용차,승용차
2013.2.25 20:00,야간,월,1,0,0,차대사람,길가장자리구역통행중,길가장자리구역통행중,단일로,교량위,승용차,보행자
2013.1.1 20:00,야간,화,1,3,0,차대차,기타,기타,단일로,교량위,승용차,승용차
2013.1.2 5:00,야간,수,1,0,0,차대사람,기타,기타,단일로,기타단일로,승용차,보행자
2013.12.4 8:00,주간,수,1,0,0,차대차,기타,기타,단일로,기타단일로,화물차,자전거
2013.10.24 11:00,주간,목,1,0,0,차량단독,전도전복,전도전복,단일로,기타단일로,농기계,0
2013.10.24 18:00,야간,목,1,0,0,차대사람,횡단중,횡단중,단일로,기타단일로,승합차,보행자
2013.10.24 18:00,야간,목,2,0,0,차대차,추돌,진행중 추돌,단일로,기타단일로,화물차,농기계
2013.10.30 20:00,야간,수,1,0,0,차량단독,공작물충돌,공작물충돌,단일로,기타단일로,이륜차,0
2013.11.1 1:00,야간,금,1,0,0,차량단독,전도전복,전도전복,단일로,기타단일로,승용차,0
2013.11.5 4:00,야간,화,1,0,0,차대사람,횡단중,횡단중,단일로,횡단보도상,승합차,보행자
2013.11.2 18:00,야간,토,1,0,0,차대차,추돌,주정차중 추돌,단일로,기타단일로,승용차,승용차
2013.11.2 3:00,야간,토,1,0,0,차대사람,차도통행중,차도통행중,교차로,교차로부근,승용차,보행자
2013.11.10 3:00,야간,일,2,2,0,차대차,측면직각충돌,측면직각충돌,단일로,기타단일로,승용차,화물차
2013.11.20 11:00,주간,수,1,0,0,차대차,측면직각충돌,측면직각충돌,교차로,교차로내,화물차,이륜차
2013.11.24 19:00,야간,일,1,0,0,차대사람,기타,기타,교차로,교차로내,승용차,보행자
2013.11.25 5:00,야간,월,1,0,1,차대차,측면직각충돌,측면직각충돌,교차로,교차로내,자전거,승용차
2013.11.24 12:00,주간,일,1,0,0,차대사람,횡단중,횡단중,교차로,교차로부근,건설기계,보행자
2013.11.22 0:00,야간,금,1,0,0,차대사람,횡단중,횡단중,단일로,기타단일로,승용차,보행자
2013.11.22 8:00,주간,금,2,1,0,차대사람,횡단중,횡단중,교차로,교차로부근,승용차,보행자
2013.11.22 19:00,야간,금,1,0,0,차대차,기타,기타,단일로,횡단보도상,승합차,승용차
2013.11.22 12:00,주간,금,1,0,0,차대사람,차도통행중,차도통행중,단일로,기타단일로,승합차,보행자
2013.11.22 17:00,주간,금,1,0,0,차대차,측면직각충돌,측면직각충돌,단일로,기타단일로,원동기장치자전거,승용차
2013.11.22 18:00,야간,금,1,0,0,차대차,측면직각충돌,측면직각충돌,단일로,기타단일로,화물차,이륜차
2013.11.23 11:00,주간,토,1,0,1,차대차,정면충돌,정면충돌,단일로,기타단일로,승용차,화물차
2013.11.30 10:00,주간,토,1,0,0,차대사람,횡단중,횡단중,단일로,횡단보도상,승합차,보행자
2013.11.29 23:00,야간,금,1,0,0,차대차,측면직각충돌,측면직각충돌,교차로,교차로내,원동기장치자전거,승용차
2013.11.30 18:00,야간,토,1,0,0,차량단독,공작물충돌,공작물충돌,단일로,기타단일로,화물차,0
2012.10.8 18:00,야간,월,1,0,0,차대사람,기타,기타,교차로,교차로부근,승합차,보행자
2013.11.30 19:00,야간,토,1,0,0,차대사람,기타,기타,단일로,기타단일로,승용차,보행자
2013.11.30 18:00,야간,토,1,0,0,차대사람,횡단중,횡단중,단일로,기타단일로,승용차,보행자
2013.11.28 8:00,주간,목,1,0,0,차대사람,횡단중,횡단중,교차로,교차로내,승용차,보행자
2013.11.28 22:00,야간,목,1,0,0,차량단독,공작물충돌,공작물충돌,단일로,기타단일로,화물차,0
2013.11.29 8:00,주간,금,1,0,0,차량단독,도로이탈,도로이탈 추락,단일로,기타단일로,승용차,0
2013.11.28 0:00,야간,목,1,0,0,차량단독,기타,기타,단일로,기타단일로,원동기장치자전거,0
2013.11.27 23:00,야간,수,1,0,0,차량단독,공작물충돌,공작물충돌,단일로,기타단일로,승용차,0
2013.11.28 11:00,주간,목,1,0,0,차대차,측면직각충돌,측면직각충돌,교차로,교차로내,화물차,원동기장치자전거
2013.12.6 23:00,야간,금,1,1,0,차대차,기타,기타,교차로,교차로내,이륜차,승용차
2013.12.6 23:00,야간,금,1,0,0,차대사람,기타,기타,단일로,기타단일로,승용차,보행자
2013.12.6 5:00,야간,금,1,1,0,차대차,추돌,주정차중 추돌,단일로,기타단일로,승용차,승용차
2013.12.6 17:00,주간,금,1,0,0,차대사람,보도통행중,보도통행중,교차로,교차로부근,화물차,보행자
2013.12.2 21:00,야간,월,1,2,0,차대사람,횡단중,횡단중,단일로,횡단보도상,이륜차,보행자
2013.12.6 18:00,야간,금,1,0,0,차대사람,기타,기타,단일로,기타단일로,화물차,보행자
2012.9.27 18:00,야간,목,1,0,0,차대차,측면직각충돌,측면직각충돌,교차로,교차로부근,승합차,이륜차
2012.11.27 6:00,주간,화,1,0,0,차대차,추돌,진행중 추돌,교차로,교차로내,화물차,화물차
2012.11.27 10:00,주간,화,1,0,0,차대차,기타,기타,교차로,교차로내,이륜차,건설기계
2013.4.18 13:00,주간,목,1,0,0,차대사람,길가장자리구역통행중,길가장자리구역통행중,단일로,기타단일로,특수차,보행자
2013.4.25 18:00,야간,목,1,0,0,차대사람,횡단중,횡단중,단일로,횡단보도상,승합차,보행자
2013.4.25 0:00,야간,목,1,1,0,차대차,추돌,주정차중 추돌,교차로,교차로부근,승용차,승용차
2013.4.22 23:00,야간,월,1,0,0,차량단독,공작물충돌,공작물충돌,교차로,교차로내,화물차,0
2013.5.1 9:00,주간,수,1,0,0,차대차,기타,기타,단일로,기타단일로,이륜차,화물차
2013.5.8 12:00,주간,수,1,0,0,차대차,추돌,주정차중 추돌,단일로,교량위,원동기장치자전거,건설기계
2013.5.10 9:00,주간,금,1,1,3,차대차,측면직각충돌,측면직각충돌,교차로,교차로부근,승용차,승합차
2013.5.9 12:00,주간,목,2,2,0,차량단독,전도전복,전도전복,단일로,기타단일로,승용차,0
2012.9.17 1:00,야간,월,1,0,0,차대차,기타,기타,단일로,기타단일로,승용차,승용차
2012.5.24 4:00,야간,목,1,0,0,차대사람,횡단중,횡단중,단일로,기타단일로,화물차,보행자
2012.11.7 1:00,야간,수,1,0,0,차량단독,공작물충돌,공작물충돌,교차로,교차로내,화물차,0
2012.11.6 23:00,야간,화,1,0,0,차대사람,횡단중,횡단중,단일로,기타단일로,승합차,보행자
2012.11.14 18:00,야간,수,1,0,0,차대사람,횡단중,횡단중,단일로,기타단일로,승용차,보행자
2012.11.20 7:00,주간,화,1,1,0,차대차,기타,기타,단일로,기타단일로,화물차,화물차
2012.11.16 17:00,주간,금,1,0,0,차대사람,차도통행중,차도통행중,기타/불명,기타/불명,승용차,보행자
2012.11.1 6:00,주간,목,1,0,0,차량단독,기타,기타,단일로,기타단일로,승용차,0
2012.11.1 2:00,야간,목,1,0,0,차대사람,차도통행중,차도통행중,단일로,기타단일로,승용차,보행자
2012.11.5 12:00,주간,월,1,3,1,차대차,기타,기타,단일로,기타단일로,승용차,화물차
2012.10.30 4:00,야간,화,1,0,0,차량단독,공작물충돌,공작물충돌,단일로,기타단일로,승합차,0
2012.10.29 16:00,주간,월,1,0,0,차대사람,기타,기타,단일로,기타단일로,승합차,보행자
2012.10.29 18:00,야간,월,1,4,1,차대차,측면직각충돌,측면직각충돌,교차로,교차로부근,승용차,화물차
2012.11.3 6:00,주간,토,1,3,1,차대차,측면직각충돌,측면직각충돌,단일로,기타단일로,화물차,농기계
2012.12.27 15:00,주간,목,1,0,0,차대사람,횡단중,횡단중,교차로,교차로내,화물차,보행자
2012.12.28 10:00,주간,금,1,0,0,차량단독,공작물충돌,공작물충돌,단일로,기타단일로,승용차,0
2012.12.16 1:00,야간,일,1,1,0,차대차,추돌,주정차중 추돌,단일로,기타단일로,승용차,화물차
2012.12.16 19:00,야간,일,1,0,0,차량단독,전도전복,전도전복,교차로,교차로내,승용차,0
2012.12.8 5:00,야간,토,1,0,0,차대차,측면직각충돌,측면직각충돌,단일로,기타단일로,화물차,자전거
2012.12.13 23:00,야간,목,1,0,0,차대사람,기타,기타,단일로,기타단일로,승합차,보행자
2012.12.22 5:00,야간,토,1,0,0,차대차,추돌,주정차중 추돌,단일로,기타단일로,승합차,화물차
2012.12.17 17:00,주간,월,1,0,0,차대사람,횡단중,횡단중,단일로,횡단보도상,승용차,보행자
2012.12.23 19:00,야간,일,1,0,0,차대사람,기타,기타,단일로,횡단보도부근,승용차,보행자
2012.12.24 13:00,주간,월,1,0,0,차량단독,공작물충돌,공작물충돌,단일로,기타단일로,승용차,0
2012.12.19 0:00,야간,수,1,0,0,차대사람,기타,기타,단일로,기타단일로,승합차,보행자
2012.12.18 18:00,야간,화,1,0,0,차대사람,기타,기타,단일로,기타단일로,승용차,보행자
2012.12.19 12:00,주간,수,1,0,0,차대차,측면직각충돌,측면직각충돌,교차로,교차로내,원동기장치자전거,승용차
2012.12.18 21:00,야간,화,1,0,0,차량단독,기타,기타,단일로,기타단일로,승용차,0
2012.12.23 23:00,야간,일,1,0,0,차대사람,횡단중,횡단중,교차로,교차로부근,승용차,보행자
2012.12.19 10:00,주간,수,1,0,0,차대차,측면직각충돌,측면직각충돌,단일로,기타단일로,화물차,원동기장치자전거
2012.12.20 5:00,야간,목,1,8,6,차대차,측면직각충돌,측면직각충돌,교차로,교차로내,승용차,승합차
2012.12.3 20:00,야간,월,1,0,0,차대사람,차도통행중,차도통행중,단일로,기타단일로,승용차,보행자
2012.12.7 13:00,주간,금,1,1,0,차대사람,길가장자리구역통행중,길가장자리구역통행중,단일로,기타단일로,승용차,보행자
2012.11.29 22:00,야간,목,1,0,0,차량단독,기타,기타,단일로,기타단일로,화물차,0
2012.11.29 19:00,야간,목,1,0,0,차대사람,길가장자리구역통행중,길가장자리구역통행중,단일로,기타단일로,화물차,보행자
2012.9.21 17:00,주간,금,1,0,0,차량단독,기타,기타,단일로,기타단일로,농기계,0
2012.9.21 21:00,야간,금,1,0,0,차대사람,길가장자리구역통행중,길가장자리구역통행중,단일로,기타단일로,화물차,보행자
2012.9.20 18:00,야간,목,1,0,0,차량단독,공작물충돌,공작물충돌,교차로,교차로내,승용차,0
2012.9.20 7:00,주간,목,1,0,0,차대차,측면직각충돌,측면직각충돌,교차로,교차로내,승용차,화물차
2012.9.22 17:00,주간,토,1,0,0,차대사람,기타,기타,단일로,기타단일로,화물차,보행자
2012.9.23 16:00,주간,일,1,0,0,차대차,기타,기타,교차로,교차로부근,승용차,자전거
2012.8.4 12:00,주간,토,1,0,0,차대차,정면충돌,정면충돌,단일로,기타단일로,이륜차,승용차
2012.8.3 15:00,주간,금,1,0,0,차대사람,횡단중,횡단중,단일로,횡단보도상,승합차,보행자
2012.8.12 4:00,야간,일,1,2,0,차대사람,횡단중,횡단중,단일로,횡단보도상,이륜차,보행자
2012.8.9 14:00,주간,목,1,2,0,차대차,정면충돌,정면충돌,단일로,기타단일로,승용차,승용차
2012.8.15 20:00,야간,수,1,0,0,차대사람,길가장자리구역통행중,길가장자리구역통행중,교차로,교차로부근,승용차,보행자
2012.8.16 8:00,주간,목,1,1,0,차대차,측면직각충돌,측면직각충돌,교차로,교차로부근,화물차,화물차
2012.8.16 12:00,주간,목,1,1,3,차대차,정면충돌,정면충돌,단일로,기타단일로,화물차,화물차
2012.8.16 8:00,주간,목,1,0,0,차대차,측면직각충돌,측면직각충돌,교차로,교차로내,특수차,이륜차
2012.8.13 21:00,야간,월,1,0,0,차대사람,횡단중,횡단중,단일로,기타단일로,승용차,보행자
2012.8.13 22:00,야간,월,1,0,0,차대차,측면직각충돌,측면직각충돌,교차로,교차로내,승합차,이륜차
2012.8.12 12:00,주간,일,1,1,3,차대차,기타,기타,단일로,기타단일로,승용차,승용차
2012.8.12 5:00,야간,일,1,0,0,차량단독,도로이탈,도로이탈 기타,단일로,기타단일로,승용차,0
2012.8.17 6:00,주간,금,1,0,0,차대차,측면직각충돌,측면직각충돌,단일로,기타단일로,이륜차,승용차
2012.8.24 11:00,주간,금,1,0,0,차대사람,보도통행중,보도통행중,교차로,교차로내,승용차,보행자
2012.8.22 6:00,주간,수,1,0,0,차량단독,전도전복,전도전복,단일로,기타단일로,농기계,0
2012.8.21 16:00,주간,화,1,0,0,차대차,기타,기타,교차로,교차로부근,이륜차,승용차
2012.8.27 20:00,야간,월,1,1,0,차대차,기타,기타,단일로,기타단일로,승용차,화물차
2012.8.25 0:00,야간,토,1,0,0,차대차,추돌,주정차중 추돌,단일로,기타단일로,이륜차,화물차
2012.9.1 22:00,야간,토,1,0,0,차대차,측면직각충돌,측면직각충돌,단일로,기타단일로,승합차,이륜차
2012.9.1 10:00,주간,토,1,0,0,차대차,측면직각충돌,측면직각충돌,단일로,기타단일로,건설기계,승합차
2012.8.29 23:00,야간,수,1,1,0,차대사람,기타,기타,단일로,기타단일로,승용차,보행자
2012.8.29 14:00,주간,수,1,0,0,차대차,측면직각충돌,측면직각충돌,교차로,교차로내,승용차,원동기장치자전거
2012.9.7 3:00,야간,금,1,0,0,차대차,측면직각충돌,측면직각충돌,단일로,기타단일로,원동기장치자전거,화물차
2013.5.28 22:00,야간,화,1,0,2,차대차,추돌,주정차중 추돌,단일로,기타단일로,승용차,승용차
2013.1.20 19:00,야간,일,1,1,0,차대차,기타,기타,단일로,기타단일로,승용차,화물차
2013.3.14 11:00,주간,목,1,0,0,차대차,기타,기타,단일로,기타단일로,화물차,건설기계
2013.1.2 4:00,야간,수,1,0,0,차대사람,횡단중,횡단중,단일로,기타단일로,화물차,보행자
2013.11.26 8:00,주간,화,1,0,0,차량단독,공작물충돌,공작물충돌,단일로,기타단일로,화물차,0
2013.11.10 11:00,주간,일,1,14,28,차대차,추돌,진행중 추돌,단일로,기타단일로,승합차,승합차
2013.1.16 0:00,야간,수,1,0,0,차대사람,기타,기타,단일로,교량위,승용차,보행자
2012.11.29 17:00,주간,목,1,0,0,차대사람,횡단중,횡단중,단일로,기타단일로,승용차,보행자
2012.11.23 19:00,야간,금,1,0,0,차대사람,횡단중,횡단중,단일로,횡단보도상,승용차,보행자
2012.11.28 4:00,야간,수,1,0,1,차대사람,횡단중,횡단중,단일로,기타단일로,승용차,보행자
2012.11.29 6:00,주간,목,1,0,1,차대차,측면직각충돌,측면직각충돌,교차로,교차로내,승용차,화물차
2012.11.24 19:00,야간,토,1,0,0,차대차,측면직각충돌,측면직각충돌,교차로,교차로내,이륜차,화물차
2012.11.26 8:00,주간,월,1,0,0,차량단독,기타,기타,단일로,기타단일로,자전거,0
2012.11.8 11:00,주간,목,1,0,0,차량단독,전도전복,전도전복,단일로,기타단일로,승용차,0
2012.11.8 0:00,야간,목,2,0,0,차량단독,공작물충돌,공작물충돌,교차로,교차로내,승용차,0
2012.11.11 19:00,야간,일,1,0,0,차량단독,전도전복,전도전복,단일로,교량위,농기계,0
2012.11.12 21:00,야간,월,1,0,0,차대사람,보도통행중,보도통행중,교차로,교차로부근,승용차,보행자
2012.11.11 7:00,주간,일,1,0,0,차대사람,기타,기타,단일로,기타단일로,승용차,보행자
2012.11.9 18:00,야간,금,1,0,0,차대차,기타,기타,단일로,기타단일로,승용차,농기계
2012.11.9 0:00,야간,금,1,0,0,차대차,추돌,주정차중 추돌,단일로,기타단일로,승용차,특수차
2012.11.8 23:00,야간,목,1,0,0,차량단독,공작물충돌,공작물충돌,교차로,교차로부근,승용차,0
2012.11.9 11:00,주간,금,1,0,0,차대사람,길가장자리구역통행중,길가장자리구역통행중,단일로,기타단일로,특수차,보행자
2012.11.9 12:00,주간,금,1,0,0,차대차,측면직각충돌,측면직각충돌,단일로,기타단일로,화물차,원동기장치자전거
2012.11.8 19:00,야간,목,1,0,0,차대사람,차도통행중,차도통행중,단일로,기타단일로,승용차,보행자
2012.9.24 10:00,주간,월,1,0,0,차대차,기타,기타,단일로,횡단보도상,건설기계,자전거
2012.9.25 0:00,야간,화,1,0,0,차량단독,공작물충돌,공작물충돌,교차로,교차로내,승용차,0
2012.10.28 3:00,야간,일,1,0,1,차량단독,도로이탈,도로이탈 추락,단일로,기타단일로,승용차,0
2012.10.24 10:00,주간,수,1,0,0,차대차,측면직각충돌,측면직각충돌,단일로,기타단일로,농기계,원동기장치자전거
2012.10.24 18:00,야간,수,1,0,0,차대사람,횡단중,횡단중,단일로,기타단일로,승합차,보행자
2012.10.28 11:00,주간,일,1,0,0,차대차,정면충돌,정면충돌,단일로,기타단일로,이륜차,승용차
2012.10.29 4:00,야간,월,1,0,0,차대사람,차도통행중,차도통행중,교차로,교차로내,승용차,보행자
2012.10.29 12:00,주간,월,1,0,0,차량단독,전도전복,전도전복,단일로,기타단일로,이륜차,0
2012.10.25 3:00,야간,목,1,1,0,차대차,추돌,진행중 추돌,단일로,기타단일로,화물차,화물차
2012.10.22 4:00,야간,월,1,1,0,차량단독,공작물충돌,공작물충돌,기타/불명,기타/불명,화물차,0
2012.10.26 8:00,주간,금,1,0,0,차대차,측면직각충돌,측면직각충돌,단일로,기타단일로,화물차,자전거
2012.10.22 17:00,주간,월,1,0,0,차량단독,도로이탈,도로이탈 추락,단일로,기타단일로,승용차,0
2012.10.12 5:00,야간,금,1,2,0,차대차,추돌,진행중 추돌,단일로,기타단일로,승용차,이륜차
2012.10.12 0:00,야간,금,1,0,0,차대사람,기타,기타,단일로,기타단일로,승용차,보행자
2012.10.9 7:00,주간,화,2,0,0,차대차,측면직각충돌,측면직각충돌,단일로,기타단일로,승용차,농기계
2012.10.5 21:00,야간,금,1,0,0,차대사람,횡단중,횡단중,단일로,기타단일로,승용차,보행자
2012.10.10 9:00,주간,수,1,0,0,차대차,측면직각충돌,측면직각충돌,교차로,교차로내,승용차,원동기장치자전거
2012.10.10 13:00,주간,수,1,0,0,차대차,추돌,진행중 추돌,단일로,기타단일로,승용차,자전거
2012.10.15 15:00,주간,월,1,0,0,차대차,추돌,진행중 추돌,단일로,기타단일로,승용차,이륜차
2012.10.15 15:00,주간,월,1,0,0,차대사람,횡단중,횡단중,단일로,기타단일로,승합차,보행자
2012.10.15 10:00,주간,월,1,1,0,차대차,측면직각충돌,측면직각충돌,교차로,교차로내,이륜차,승용차
2012.10.15 18:00,야간,월,1,2,0,차대차,정면충돌,정면충돌,단일로,기타단일로,화물차,화물차
2012.8.30 17:00,주간,목,1,0,0,차대차,기타,기타,교차로,교차로부근,원동기장치자전거,승합차
2012.8.31 10:00,주간,금,1,0,0,차대차,추돌,진행중 추돌,단일로,기타단일로,자전거,화물차
2012.8.31 3:00,야간,금,2,2,1,차량단독,공작물충돌,공작물충돌,단일로,기타단일로,승용차,0
2012.9.7 5:00,야간,금,1,0,0,차대사람,기타,기타,교차로,교차로내,승용차,보행자
2012.11.30 20:00,야간,금,1,0,0,차대사람,기타,기타,교차로,교차로내,화물차,보행자
2012.12.4 7:00,주간,화,1,0,0,차량단독,전도전복,전도전복,단일로,교량위,승용차,0
2012.12.1 16:00,주간,토,1,2,0,차량단독,도로이탈,도로이탈 추락,단일로,기타단일로,승용차,0
2012.12.1 6:00,주간,토,1,0,0,차대사람,횡단중,횡단중,단일로,기타단일로,승합차,보행자
2012.12.1 18:00,야간,토,1,1,11,차대차,추돌,주정차중 추돌,교차로,교차로부근,화물차,화물차
2013.8.5 9:00,주간,월,1,0,0,차량단독,기타,기타,단일로,기타단일로,화물차,0
2013.6.23 9:00,주간,일,1,0,0,차량단독,전도전복,전도전복,단일로,기타단일로,화물차,0
2013.9.24 1:00,야간,화,1,0,0,차량단독,공작물충돌,공작물충돌,단일로,기타단일로,화물차,0
2013.8.27 5:00,야간,화,2,0,0,차대차,추돌,진행중 추돌,단일로,기타단일로,화물차,화물차
2013.6.23 10:00,주간,일,1,4,0,차대차,기타,기타,단일로,기타단일로,승용차,특수차
2013.6.29 17:00,주간,토,2,2,0,차대차,기타,기타,단일로,기타단일로,화물차,승용차
2012.12.14 10:00,주간,금,1,0,0,차대사람,횡단중,횡단중,단일로,기타단일로,승합차,보행자
2012.12.28 8:00,주간,금,1,0,1,차대차,정면충돌,정면충돌,단일로,기타단일로,승용차,승합차
2012.9.7 17:00,주간,금,1,0,0,차대사람,기타,기타,교차로,교차로내,승용차,보행자
2012.8.18 3:00,야간,토,1,1,0,차량단독,기타,기타,교차로,교차로부근,원동기장치자전거,0
2012.5.12 12:00,주간,토,1,0,0,차대차,측면직각충돌,측면직각충돌,단일로,기타단일로,이륜차,승용차
2012.11.23 21:00,야간,금,1,0,0,차대사람,기타,기타,교차로,교차로내,화물차,보행자
2012.11.7 17:00,주간,수,1,0,0,차량단독,공작물충돌,공작물충돌,기타/불명,기타/불명,승합차,0
2012.9.27 0:00,야간,목,2,0,0,차대사람,횡단중,횡단중,단일로,횡단보도상,화물차,보행자
2012.9.28 23:00,야간,금,1,0,0,차대차,측면직각충돌,측면직각충돌,교차로,교차로내,승합차,화물차
2012.11.11 6:00,주간,일,1,0,0,차량단독,전도전복,전도전복,단일로,기타단일로,화물차,0
2012.7.20 2:00,야간,금,1,0,0,차량단독,공작물충돌,공작물충돌,단일로,기타단일로,승용차,0
2013.4.26 7:00,주간,금,1,0,1,차대차,측면직각충돌,측면직각충돌,교차로,교차로내,건설기계,승용차
2013.4.28 0:00,야간,일,1,0,0,차대사람,기타,기타,교차로,교차로부근,승용차,보행자
2013.4.26 23:00,야간,금,1,1,1,차대차,정면충돌,정면충돌,교차로,교차로부근,승용차,화물차
2013.4.23 20:00,야간,화,1,0,0,차대차,측면직각충돌,측면직각충돌,교차로,교차로내,승용차,이륜차
2013.4.23 19:00,야간,화,1,0,0,차대차,기타,기타,단일로,기타단일로,화물차,자전거
2013.4.27 22:00,야간,토,1,0,0,차대사람,차도통행중,차도통행중,교차로,교차로내,승용차,보행자
2013.4.29 1:00,야간,월,1,0,0,차대사람,기타,기타,단일로,기타단일로,승용차,보행자
2013.5.5 7:00,주간,일,1,1,0,차량단독,전도전복,전도전복,교차로,교차로내,승용차,0
2013.5.5 18:00,야간,일,1,0,0,차대차,기타,기타,단일로,횡단보도상,원동기장치자전거,승용차
2013.5.11 4:00,야간,토,1,0,0,차량단독,공작물충돌,공작물충돌,단일로,기타단일로,이륜차,0
2013.5.17 15:00,주간,금,1,0,0,차량단독,전도전복,전도전복,교차로,교차로내,농기계,0
2013.5.17 11:00,주간,금,1,0,0,차대차,측면직각충돌,측면직각충돌,단일로,기타단일로,이륜차,승합차
2013.5.16 5:00,야간,목,1,0,1,차대차,측면직각충돌,측면직각충돌,교차로,교차로내,이륜차,승용차
2013.5.15 20:00,야간,수,1,0,0,차량단독,도로이탈,도로이탈 추락,단일로,기타단일로,화물차,0
2013.5.16 7:00,주간,목,1,0,1,차대사람,차도통행중,차도통행중,단일로,기타단일로,이륜차,보행자
2013.5.17 8:00,주간,금,1,0,0,차대사람,기타,기타,교차로,교차로내,화물차,보행자
2013.5.14 20:00,야간,화,1,0,0,차대차,정면충돌,정면충돌,단일로,기타단일로,화물차,승용차
2012.5.28 6:00,주간,월,1,0,0,차대차,추돌,주정차중 추돌,단일로,기타단일로,이륜차,화물차
2012.4.24 7:00,주간,화,1,2,1,차량단독,도로이탈,도로이탈 기타,교차로,교차로부근,승용차,0
2012.2.20 19:00,야간,월,1,0,0,차대사람,횡단중,횡단중,단일로,기타단일로,승용차,보행자
2012.12.23 15:00,주간,일,1,0,0,차대사람,횡단중,횡단중,단일로,기타단일로,승용차,보행자
2012.3.23 19:00,야간,금,1,0,0,차대사람,보도통행중,보도통행중,단일로,기타단일로,승용차,보행자
2012.11.24 10:00,주간,금,1,0,0,차대차,측면직각충돌,측면직각충돌,단일로,횡단보도상,원동기장치자전거,승용차
2012.11.25 3:00,야간,일,1,0,0,차대사람,횡단중,횡단중,단일로,기타단일로,화물차,보행자
2012.10.20 13:00,주간,토,1,0,0,차대사람,기타,기타,기타/불명,기타/불명,승합차,보행자