발생년월일시,주야,요일,사망자수,중상자수,경상자수,사고유형_대분류,사고유형_중분류,사고유형,도로형태_대분류,도로형태,당사자종별_1당_대분류,당사자종별_2당_대분류
2012.11.26 0:00,야간,월,1,0,0,차대사람,횡단중,횡단중,교차로,교차로부근,승용차,보행자
2012.11.26 6:00,주간,월,1,0,0,차대차,기타,기타,교차로,교차로부근,화물차,승합차
2012.11.27 4:00,야간,화,1,0,0,차대사람,보도통행중,보도통행중,단일로,기타단일로,승용차,보행자
2012.11.22 18:00,야간,목,1,0,0,차대사람,기타,기타,교차로,교차로부근,이륜차,보행자
2012.11.13 0:00,야간,화,1,0,0,차대사람,기타,기타,교차로,교차로부근,화물차,보행자
2012.11.10 3:00,야간,토,1,0,0,차대사람,횡단중,횡단중,단일로,횡단보도부근,승용차,보행자
2012.11.10 18:00,야간,토,1,0,0,차대사람,기타,기타,단일로,기타단일로,승합차,보행자
2012.11.13 15:00,주간,화,1,1,0,차대차,정면충돌,정면충돌,단일로,기타단일로,화물차,화물차
2012.11.9 20:00,야간,금,1,0,0,차대사람,횡단중,횡단중,단일로,기타단일로,승용차,보행자
2012.11.9 18:00,야간,금,1,0,0,차대사람,횡단중,횡단중,교차로,교차로내,승용차,보행자
2012.9.24 11:00,주간,월,1,1,0,차대차,측면직각충돌,측면직각충돌,교차로,교차로내,이륜차,화물차
2012.9.25 11:00,주간,화,1,1,0,차량단독,공작물충돌,공작물충돌,단일로,기타단일로,승용차,0
2012.9.25 5:00,야간,화,1,0,0,차대차,추돌,주정차중 추돌,교차로,교차로부근,화물차,화물차
2012.9.24 21:00,야간,월,1,0,0,차대차,기타,기타,단일로,기타단일로,승용차,자전거
2012.10.28 19:00,야간,일,1,0,0,차량단독,기타,기타,단일로,기타단일로,원동기장치자전거,0
2012.10.21 23:00,야간,일,1,0,1,차대차,측면직각충돌,측면직각충돌,단일로,기타단일로,승용차,승합차
2012.10.26 7:00,주간,금,1,0,0,차량단독,공작물충돌,공작물충돌,단일로,기타단일로,이륜차,0
2012.10.26 7:00,주간,금,1,0,0,차량단독,공작물충돌,공작물충돌,단일로,기타단일로,이륜차,0
2012.10.25 21:00,야간,목,1,0,1,차대차,측면직각충돌,측면직각충돌,교차로,교차로부근,승용차,원동기장치자전거
2012.10.26 14:00,주간,금,1,0,0,차대차,추돌,진행중 추돌,기타/불명,기타/불명,화물차,농기계
2012.10.27 1:00,야간,토,1,0,0,차대사람,횡단중,횡단중,단일로,기타단일로,승용차,보행자
2012.10.12 15:00,주간,금,1,0,0,차대차,측면직각충돌,측면직각충돌,교차로,교차로내,승용차,화물차
2012.10.13 19:00,야간,토,1,0,0,차량단독,전도전복,전도전복,단일로,기타단일로,이륜차,0
2012.10.5 12:00,주간,금,1,0,0,차량단독,공작물충돌,공작물충돌,단일로,기타단일로,농기계,0
2012.10.9 17:00,주간,화,1,0,0,차대사람,횡단중,횡단중,단일로,기타단일로,건설기계,보행자
2012.9.4 22:00,야간,화,1,0,0,차량단독,기타,기타,단일로,기타단일로,이륜차,0
2012.9.9 7:00,주간,일,1,0,5,차대차,기타,기타,교차로,교차로내,화물차,승용차
2012.9.9 20:00,야간,일,1,1,1,차대차,정면충돌,정면충돌,단일로,기타단일로,화물차,승용차
2012.9.14 19:00,야간,금,1,0,0,차대사람,횡단중,횡단중,단일로,기타단일로,화물차,보행자
2012.9.13 20:00,야간,목,1,0,0,차대차,기타,기타,단일로,기타단일로,승용차,승용차
2012.9.15 9:00,주간,토,1,0,2,차대차,측면직각충돌,측면직각충돌,교차로,교차로부근,화물차,승용차
2012.9.15 15:00,주간,토,1,0,1,차대차,추돌,진행중 추돌,단일로,기타단일로,불명,원동기장치자전거
2012.9.21 19:00,야간,금,1,0,0,차대사람,횡단중,횡단중,교차로,교차로내,화물차,보행자
2012.6.18 22:00,야간,월,1,0,0,차대차,측면직각충돌,측면직각충돌,단일로,기타단일로,승용차,화물차
2012.6.19 6:00,주간,화,1,0,0,차대차,추돌,진행중 추돌,단일로,기타단일로,화물차,원동기장치자전거
2012.6.16 14:00,주간,토,1,1,1,차대사람,기타,기타,기타/불명,기타/불명,승용차,보행자
2012.6.15 10:00,주간,금,1,0,0,차대차,기타,기타,교차로,교차로내,자전거,승용차
2012.6.20 6:00,주간,수,1,0,0,차대사람,횡단중,횡단중,단일로,횡단보도상,특수차,보행자
2012.6.21 9:00,주간,목,1,0,0,차대차,추돌,진행중 추돌,교차로,교차로내,화물차,특수차
2012.6.27 14:00,주간,수,1,0,3,차대차,측면직각충돌,측면직각충돌,단일로,기타단일로,승용차,화물차
2012.6.28 9:00,주간,목,1,0,3,차대차,측면직각충돌,측면직각충돌,단일로,기타단일로,승용차,농기계
2012.6.24 16:00,주간,일,1,0,0,차량단독,공작물충돌,공작물충돌,단일로,기타단일로,승용차,0
2012.6.23 15:00,주간,토,1,1,0,차량단독,공작물충돌,공작물충돌,단일로,기타단일로,승합차,0
2012.6.30 1:00,야간,토,1,0,0,차대사람,차도통행중,차도통행중,단일로,기타단일로,승용차,보행자
2012.6.30 8:00,주간,토,1,3,0,차대차,측면직각충돌,측면직각충돌,교차로,교차로내,화물차,승용차
2012.6.27 23:00,야간,수,2,3,1,차량단독,전도전복,전도전복,단일로,기타단일로,승용차,0
2012.7.4 23:00,야간,수,1,0,0,차대차,기타,기타,단일로,기타단일로,승용차,승용차
2012.7.4 7:00,주간,수,1,0,0,차대사람,횡단중,횡단중,단일로,기타단일로,승합차,보행자
2012.7.3 11:00,주간,화,1,1,0,차대차,측면직각충돌,측면직각충돌,교차로,교차로내,승용차,화물차
2012.7.8 9:00,주간,일,1,0,0,차대사람,횡단중,횡단중,단일로,기타단일로,승합차,보행자
2012.7.12 4:00,야간,목,1,0,0,차대차,추돌,주정차중 추돌,단일로,기타단일로,승용차,화물차
2012.7.11 12:00,주간,수,1,0,0,차대사람,횡단중,횡단중,교차로,교차로내,승용차,보행자
2012.7.10 21:00,야간,화,1,0,0,차대사람,기타,기타,단일로,횡단보도부근,승용차,보행자
2012.7.16 8:00,주간,월,1,0,0,차대사람,기타,기타,교차로,교차로내,승용차,보행자
2012.7.15 6:00,주간,일,1,1,0,차대차,측면직각충돌,측면직각충돌,교차로,교차로내,이륜차,승용차
2012.8.11 23:00,야간,토,1,0,0,차대사람,횡단중,횡단중,단일로,기타단일로,승용차,보행자
2012.8.8 18:00,야간,수,1,2,0,차대차,측면직각충돌,측면직각충돌,교차로,교차로내,승용차,원동기장치자전거
2012.8.10 0:00,야간,금,1,0,0,차대차,기타,기타,단일로,기타단일로,승용차,승용차
2012.8.10 9:00,주간,금,1,0,0,차대차,측면직각충돌,측면직각충돌,단일로,기타단일로,화물차,원동기장치자전거
2012.8.16 10:00,주간,목,1,0,0,차대사람,보도통행중,보도통행중,교차로,교차로내,화물차,보행자
2012.8.14 5:00,야간,화,1,0,0,차대사람,횡단중,횡단중,단일로,횡단보도상,승용차,보행자
2012.8.13 14:00,주간,월,2,0,2,차대사람,기타,기타,단일로,기타단일로,승용차,보행자
2012.8.12 21:00,야간,일,1,0,0,차대사람,횡단중,횡단중,지하도로내,지하도로내,승용차,보행자
2012.8.14 15:00,주간,화,1,2,1,차량단독,공작물충돌,공작물충돌,단일로,기타단일로,승용차,0
2012.8.19 23:00,야간,일,1,0,0,차대사람,길가장자리구역통행중,길가장자리구역통행중,단일로,기타단일로,승합차,보행자
2012.8.17 14:00,주간,금,1,0,0,차량단독,도로이탈,도로이탈 추락,단일로,기타단일로,이륜차,0
2012.8.24 13:00,주간,금,1,0,0,차대차,정면충돌,정면충돌,단일로,기타단일로,승용차,승합차
2012.8.23 20:00,야간,목,1,0,0,차량단독,공작물충돌,공작물충돌,단일로,기타단일로,화물차,0
2012.8.30 1:00,야간,목,1,2,0,차대차,측면직각충돌,측면직각충돌,교차로,교차로내,승용차,승용차
2012.8.27 15:00,주간,월,1,0,0,차대차,측면직각충돌,측면직각충돌,교차로,교차로내,승용차,원동기장치자전거
2012.8.26 21:00,야간,일,1,1,3,차대차,측면직각충돌,측면직각충돌,교차로,교차로내,승용차,이륜차
2012.9.1 1:00,야간,토,1,0,0,차량단독,전도전복,전도전복,단일로,기타단일로,이륜차,0
2012.8.31 23:00,야간,금,1,0,0,차량단독,공작물충돌,공작물충돌,단일로,기타단일로,이륜차,0
2012.8.31 9:00,주간,금,1,0,0,차대사람,기타,기타,단일로,기타단일로,화물차,보행자
2012.8.31 12:00,주간,금,1,1,0,차대차,기타,기타,교차로,교차로부근,원동기장치자전거,특수차
2012.10.14 9:00,주간,일,1,0,0,차대차,정면충돌,정면충돌,단일로,기타단일로,화물차,이륜차
2012.10.18 15:00,주간,목,1,0,0,차대차,기타,기타,교차로,교차로내,화물차,화물차
2012.10.15 15:00,주간,월,1,0,0,차대사람,횡단중,횡단중,교차로,교차로내,화물차,보행자
2012.10.19 19:00,야간,금,1,0,0,차대사람,길가장자리구역통행중,길가장자리구역통행중,단일로,기타단일로,승용차,보행자
2012.10.16 8:00,주간,화,1,0,0,차대사람,기타,기타,교차로,교차로부근,건설기계,보행자
2012.10.3 20:00,야간,수,1,0,0,차대사람,기타,기타,단일로,기타단일로,승용차,보행자
2012.9.28 18:00,야간,금,1,0,0,차량단독,기타,기타,교차로,교차로내,원동기장치자전거,0
2012.9.28 18:00,야간,금,2,2,0,차대차,정면충돌,정면충돌,단일로,교량위,승용차,화물차
2012.10.4 15:00,주간,목,1,0,0,차대사람,기타,기타,교차로,교차로부근,화물차,보행자
2012.9.30 17:00,주간,일,1,0,0,차대사람,횡단중,횡단중,교차로,교차로부근,승용차,보행자
2012.7.10 8:00,주간,화,1,0,0,차대차,추돌,진행중 추돌,단일로,터널안,화물차,농기계
2012.7.16 11:00,주간,월,1,0,0,차대차,측면직각충돌,측면직각충돌,교차로,교차로내,화물차,원동기장치자전거
2012.7.17 16:00,주간,화,1,0,0,차대사람,기타,기타,단일로,횡단보도부근,승용차,보행자
2012.7.17 1:00,야간,화,1,0,0,차대사람,횡단중,횡단중,기타/불명,기타/불명,승용차,보행자
2012.7.17 11:00,주간,화,1,0,0,차대차,측면직각충돌,측면직각충돌,단일로,기타단일로,승용차,원동기장치자전거
2012.7.14 18:00,야간,토,1,0,0,차량단독,도로이탈,도로이탈 추락,교차로,교차로내,이륜차,0
2012.7.14 9:00,주간,토,1,0,0,차대사람,횡단중,횡단중,단일로,횡단보도상,승합차,보행자
2012.7.21 16:00,주간,토,1,0,0,차량단독,공작물충돌,공작물충돌,단일로,기타단일로,이륜차,0
2012.7.30 13:00,주간,월,1,0,0,차대차,정면충돌,정면충돌,단일로,기타단일로,승합차,원동기장치자전거
2012.7.28 13:00,주간,토,2,0,0,차대차,정면충돌,정면충돌,단일로,기타단일로,화물차,건설기계
2012.7.27 22:00,야간,금,1,0,0,차량단독,도로이탈,도로이탈 추락,단일로,기타단일로,화물차,0
2012.7.27 10:00,주간,금,1,0,0,차대차,측면직각충돌,측면직각충돌,교차로,교차로내,특수차,원동기장치자전거
2012.8.1 17:00,주간,금,1,0,1,차대차,정면충돌,정면충돌,단일로,기타단일로,승용차,화물차
2012.7.30 16:00,주간,월,1,1,0,차대사람,차도통행중,차도통행중,단일로,터널안,승용차,보행자
2012.7.31 11:00,주간,화,1,1,0,차대사람,기타,기타,단일로,기타단일로,승용차,보행자
2012.7.31 1:00,야간,화,1,0,0,차대사람,횡단중,횡단중,단일로,기타단일로,승용차,보행자
2012.6.12 11:00,주간,화,1,0,0,차대차,측면직각충돌,측면직각충돌,교차로,교차로내,화물차,원동기장치자전거
2012.6.18 11:00,주간,월,1,0,0,차대차,정면충돌,정면충돌,교차로,교차로내,특수차,원동기장치자전거
2012.6.18 5:00,야간,월,1,0,0,차량단독,기타,기타,단일로,기타단일로,화물차,0
2012.6.18 10:00,주간,월,1,0,0,차대사람,횡단중,횡단중,단일로,기타단일로,승용차,보행자
2012.6.16 21:00,야간,토,1,0,0,차대사람,기타,기타,단일로,기타단일로,승용차,보행자
2012.6.22 14:00,주간,금,1,1,0,차대차,정면충돌,정면충돌,단일로,기타단일로,승용차,건설기계
2012.6.23 1:00,야간,토,1,0,0,차대사람,보도통행중,보도통행중,단일로,기타단일로,화물차,보행자
2012.6.23 1:00,야간,토,1,0,0,차량단독,공작물충돌,공작물충돌,단일로,기타단일로,승용차,0
2012.6.22 18:00,야간,금,1,0,0,차대차,정면충돌,정면충돌,교차로,교차로내,이륜차,승용차
2012.6.21 4:00,야간,목,1,3,0,차량단독,전도전복,전도전복,단일로,기타단일로,승용차,0
2012.6.20 16:00,주간,수,1,0,0,차량단독,전도전복,전도전복,단일로,기타단일로,이륜차,0
2012.6.19 8:00,주간,화,1,0,0,차량단독,공작물충돌,공작물충돌,교차로,교차로부근,건설기계,0
2012.6.27 1:00,야간,수,1,0,0,차대사람,기타,기타,단일로,기타단일로,승용차,보행자
2012.6.24 20:00,야간,일,1,3,1,차대차,측면직각충돌,측면직각충돌,단일로,기타단일로,승용차,승용차
2012.6.24 16:00,주간,일,1,0,0,차량단독,공작물충돌,공작물충돌,단일로,교량위,승용차,0
2012.8.19 4:00,야간,일,1,0,0,차대사람,기타,기타,단일로,기타단일로,승용차,보행자
2012.8.18 20:00,야간,토,1,1,0,차대사람,기타,기타,단일로,기타단일로,승용차,보행자
2012.8.18 20:00,야간,토,1,1,0,차대차,정면충돌,정면충돌,교차로,교차로내,승용차,원동기장치자전거
2012.8.18 14:00,주간,토,1,0,0,차량단독,공작물충돌,공작물충돌,단일로,기타단일로,승용차,0
2012.8.24 3:00,야간,금,1,0,1,차대차,측면직각충돌,측면직각충돌,단일로,기타단일로,원동기장치자전거,승용차
2012.8.23 9:00,주간,목,1,0,0,차량단독,전도전복,전도전복,단일로,기타단일로,화물차,0
2012.8.22 18:00,야간,수,1,0,0,차대사람,차도통행중,차도통행중,교차로,교차로내,화물차,보행자
2012.8.28 17:00,주간,화,1,1,1,차대차,기타,기타,단일로,기타단일로,화물차,승용차
2012.8.28 0:00,야간,화,1,0,0,차대사람,횡단중,횡단중,단일로,횡단보도상,승용차,보행자
2012.8.26 7:00,주간,일,1,0,0,차량단독,공작물충돌,공작물충돌,단일로,기타단일로,승용차,0
2012.9.1 6:00,주간,토,1,0,0,차대사람,보도통행중,보도통행중,단일로,기타단일로,승용차,보행자
2012.8.30 0:00,야간,목,1,0,1,차대사람,횡단중,횡단중,단일로,기타단일로,승용차,보행자
2012.8.31 18:00,야간,금,1,0,0,차량단독,공작물충돌,공작물충돌,단일로,기타단일로,이륜차,0
2012.9.5 10:00,주간,수,1,0,0,차대차,측면직각충돌,측면직각충돌,교차로,교차로내,승용차,화물차
2012.9.5 8:00,주간,수,2,0,0,차량단독,공작물충돌,공작물충돌,단일로,기타단일로,승용차,0
2012.9.4 14:00,주간,화,1,0,0,차대차,추돌,주정차중 추돌,단일로,기타단일로,이륜차,화물차
2012.9.8 14:00,주간,토,1,0,0,차대사람,기타,기타,단일로,기타단일로,건설기계,보행자
2012.9.13 10:00,주간,목,1,0,0,차량단독,공작물충돌,공작물충돌,단일로,기타단일로,화물차,0
2012.9.12 5:00,야간,수,1,0,0,차대사람,횡단중,횡단중,단일로,횡단보도상,화물차,보행자
2012.9.11 15:00,주간,화,1,2,1,차대차,정면충돌,정면충돌,단일로,기타단일로,화물차,농기계
2012.9.11 14:00,주간,화,1,0,0,차대차,측면직각충돌,측면직각충돌,단일로,기타단일로,승용차,이륜차
2012.9.10 17:00,주간,월,1,0,0,차량단독,공작물충돌,공작물충돌,교차로,교차로내,승용차,0
2012.9.17 9:00,주간,월,1,0,0,차량단독,전도전복,전도전복,교차로,교차로부근,농기계,0
2012.9.17 5:00,야간,월,1,0,0,차대사람,기타,기타,단일로,기타단일로,화물차,보행자
2012.9.17 15:00,주간,월,1,0,0,차량단독,도로이탈,도로이탈 추락,단일로,기타단일로,농기계,0
2012.9.16 5:00,야간,일,1,0,0,차대사람,횡단중,횡단중,교차로,교차로부근,승용차,보행자
2012.9.15 10:00,주간,토,1,0,0,차대차,정면충돌,정면충돌,교차로,교차로내,승용차,이륜차
2012.9.15 4:00,야간,토,1,0,0,차대차,기타,기타,단일로,기타단일로,화물차,승용차
2012.9.21 17:00,주간,금,1,0,0,차대차,기타,기타,단일로,기타단일로,화물차,자전거
2012.9.21 21:00,야간,금,1,0,0,차량단독,공작물충돌,공작물충돌,단일로,기타단일로,승용차,0
2012.9.21 20:00,야간,금,1,0,0,차대사람,기타,기타,단일로,횡단보도부근,승용차,보행자
2012.9.19 7:00,주간,수,1,1,1,차대사람,보도통행중,보도통행중,단일로,기타단일로,승용차,보행자
2012.9.19 18:00,야간,수,1,0,0,차대사람,횡단중,횡단중,교차로,교차로내,승합차,보행자
2012.9.26 19:00,야간,수,1,1,0,차량단독,기타,기타,단일로,기타단일로,승용차,0
2012.9.22 10:00,주간,토,1,0,0,차대사람,횡단중,횡단중,교차로,교차로부근,화물차,보행자
2012.8.7 3:00,야간,화,1,0,0,차대차,추돌,주정차중 추돌,단일로,기타단일로,승용차,승용차
2012.8.8 2:00,야간,수,1,0,1,차량단독,공작물충돌,공작물충돌,단일로,기타단일로,승용차,0
2013.10.31 18:00,야간,목,1,0,0,차대사람,횡단중,횡단중,단일로,기타단일로,화물차,보행자
2013.10.29 10:00,주간,화,1,0,0,차대차,측면직각충돌,측면직각충돌,단일로,기타단일로,승용차,승용차
2013.10.28 16:00,주간,월,1,0,0,차대차,측면직각충돌,측면직각충돌,교차로,교차로내,자전거,승합차
2013.11.5 13:00,주간,화,1,0,0,차량단독,전도전복,전도전복,단일로,기타단일로,이륜차,0
2013.11.5 16:00,주간,화,1,0,0,차량단독,기타,기타,기타/불명,기타/불명,농기계,0
2013.11.6 18:00,야간,수,1,0,0,차대차,추돌,진행중 추돌,단일로,기타단일로,화물차,자전거
2012.9.20 19:00,야간,목,1,0,0,차대사람,횡단중,횡단중,단일로,기타단일로,이륜차,보행자
2012.9.21 22:00,야간,금,1,0,2,차대차,추돌,주정차중 추돌,교차로,교차로부근,화물차,화물차
2012.9.22 18:00,야간,토,1,0,0,차대사람,보도통행중,보도통행중,단일로,횡단보도상,이륜차,보행자
2012.9.23 3:00,야간,일,1,0,0,차대차,추돌,주정차중 추돌,단일로,기타단일로,원동기장치자전거,화물차
2012.9.23 23:00,야간,일,1,0,2,차대사람,횡단중,횡단중,단일로,기타단일로,승합차,보행자
2012.8.8 5:00,야간,수,1,0,0,차대사람,횡단중,횡단중,단일로,기타단일로,승용차,보행자
2012.8.6 12:00,주간,월,1,0,0,차대차,측면직각충돌,측면직각충돌,교차로,교차로내,화물차,이륜차
2012.8.5 4:00,야간,일,1,1,0,차대차,추돌,주정차중 추돌,교차로,교차로부근,이륜차,승용차
2012.8.11 1:00,야간,토,1,0,0,차대사람,횡단중,횡단중,교차로,교차로내,승용차,보행자
2012.8.9 18:00,야간,목,1,0,0,차대사람,횡단중,횡단중,교차로,교차로부근,건설기계,보행자
2012.8.9 14:00,주간,목,1,0,0,차량단독,기타,기타,단일로,기타단일로,농기계,0
2012.8.15 5:00,야간,수,2,1,0,차량단독,도로이탈,도로이탈 추락,단일로,기타단일로,승용차,0
2012.8.15 6:00,주간,수,1,0,0,차대차,추돌,주정차중 추돌,기타/불명,기타/불명,승용차,특수차
2012.8.20 20:00,야간,월,1,0,1,차대차,기타,기타,단일로,기타단일로,승용차,승용차
2012.8.20 9:00,주간,월,1,0,0,차대차,기타,기타,교차로,교차로내,화물차,이륜차
2012.8.25 5:00,야간,토,1,0,0,차대사람,기타,기타,단일로,기타단일로,승용차,보행자
2012.8.24 22:00,야간,금,1,0,0,차대사람,횡단중,횡단중,단일로,횡단보도상,승용차,보행자
2012.8.24 18:00,야간,금,1,0,0,차량단독,도로이탈,도로이탈 추락,단일로,기타단일로,이륜차,0
2012.8.24 14:00,주간,금,1,2,2,차대차,측면직각충돌,측면직각충돌,교차로,교차로부근,승용차,승용차
2012.8.24 23:00,야간,금,1,0,0,차대사람,횡단중,횡단중,단일로,기타단일로,승용차,보행자
2012.8.23 7:00,주간,목,1,0,0,차대차,기타,기타,단일로,기타단일로,특수차,자전거
2012.8.22 10:00,주간,수,1,0,0,차대차,측면직각충돌,측면직각충돌,교차로,교차로내,승용차,이륜차
2012.8.22 1:00,야간,수,1,0,0,차량단독,도로이탈,도로이탈 기타,단일로,기타단일로,승용차,0
2012.8.21 14:00,주간,화,1,0,0,차대차,측면직각충돌,측면직각충돌,교차로,교차로내,원동기장치자전거,승합차
2012.8.26 4:00,야간,일,1,0,0,차대사람,기타,기타,단일로,횡단보도상,승용차,보행자
2012.8.26 11:00,주간,일,2,0,0,차대차,측면직각충돌,측면직각충돌,단일로,기타단일로,이륜차,이륜차
2012.9.2 4:00,야간,일,1,0,0,차대사람,기타,기타,단일로,기타단일로,승용차,보행자
2012.8.31 15:00,주간,금,1,0,0,차량단독,도로이탈,도로이탈 추락,단일로,기타단일로,이륜차,0
2012.9.9 5:00,야간,일,1,0,0,차대사람,횡단중,횡단중,교차로,교차로부근,승용차,보행자
2012.9.10 10:00,주간,월,1,0,0,차대차,추돌,주정차중 추돌,단일로,기타단일로,화물차,화물차
2012.9.9 13:00,주간,일,1,0,1,차대차,추돌,주정차중 추돌,교차로,교차로내,이륜차,승용차
2012.9.13 23:00,야간,목,1,1,0,차량단독,전도전복,전도전복,단일로,기타단일로,승용차,0
2012.9.12 1:00,야간,수,1,0,0,차대차,기타,기타,단일로,기타단일로,승용차,화물차
2013.12.24 18:00,야간,화,1,0,0,차량단독,전도전복,전도전복,단일로,기타단일로,이륜차,0
2013.12.20 1:00,야간,금,1,0,0,차대차,기타,기타,단일로,기타단일로,승용차,승용차
2013.12.20 11:00,주간,금,1,1,3,차대차,추돌,주정차중 추돌,단일로,횡단보도부근,승용차,승합차
2013.12.22 1:00,야간,일,1,1,0,차대차,정면충돌,정면충돌,단일로,기타단일로,승용차,화물차
2013.12.24 18:00,야간,화,2,0,0,차대차,기타,기타,단일로,기타단일로,화물차,화물차
2013.12.22 22:00,야간,일,1,0,0,차대사람,횡단중,횡단중,단일로,기타단일로,승용차,보행자
2013.12.22 6:00,주간,일,1,0,0,차대사람,횡단중,횡단중,단일로,횡단보도상,승합차,보행자
2013.12.24 17:00,주간,화,1,0,0,차대사람,횡단중,횡단중,교차로,교차로부근,승용차,보행자
2013.12.25 19:00,야간,수,1,0,0,차대사람,기타,기타,교차로,교차로부근,승용차,보행자
2012.9.6 10:00,주간,목,1,1,1,차대차,정면충돌,정면충돌,단일로,기타단일로,화물차,승용차
2012.9.7 4:00,야간,금,1,0,0,차대사람,횡단중,횡단중,교차로,교차로내,승용차,보행자
2012.9.6 17:00,주간,목,1,0,0,차대사람,횡단중,횡단중,단일로,기타단일로,승용차,보행자
2012.9.5 4:00,야간,수,1,0,0,차량단독,공작물충돌,공작물충돌,교차로,교차로부근,원동기장치자전거,0
2012.9.4 21:00,야간,화,1,0,0,차대사람,횡단중,횡단중,단일로,기타단일로,승용차,보행자
2012.9.4 7:00,주간,화,1,0,0,차량단독,공작물충돌,공작물충돌,단일로,기타단일로,원동기장치자전거,0
2012.9.4 21:00,야간,화,2,1,8,차대차,기타,기타,단일로,기타단일로,승용차,승합차
2012.9.10 14:00,주간,월,1,0,0,차대차,측면직각충돌,측면직각충돌,단일로,횡단보도상,원동기장치자전거,화물차
2012.9.9 9:00,주간,일,1,0,0,차대차,정면충돌,정면충돌,단일로,기타단일로,승용차,화물차
2012.9.8 2:00,야간,토,1,0,0,차량단독,공작물충돌,공작물충돌,단일로,교량위,승용차,0
2012.9.6 18:00,야간,목,1,0,0,차대사람,기타,기타,단일로,기타단일로,화물차,보행자
2012.9.7 23:00,야간,금,1,0,0,차대사람,횡단중,횡단중,단일로,기타단일로,승용차,보행자
2012.9.14 0:00,야간,금,1,3,1,차대차,측면직각충돌,측면직각충돌,교차로,교차로내,승용차,화물차
2012.9.14 17:00,주간,금,1,0,0,차량단독,전도전복,전도전복,단일로,기타단일로,농기계,0
2012.9.13 13:00,주간,목,1,0,0,차대차,기타,기타,교차로,교차로부근,화물차,자전거
2012.9.11 13:00,주간,화,1,0,0,차대차,측면직각충돌,측면직각충돌,교차로,교차로내,건설기계,자전거
2012.9.17 5:00,야간,월,1,0,2,차대차,측면직각충돌,측면직각충돌,단일로,기타단일로,승용차,승합차
2012.9.17 4:00,야간,월,1,1,0,차대차,정면충돌,정면충돌,단일로,교량위,승용차,승용차
2012.9.18 2:00,야간,화,1,0,0,차대사람,횡단중,횡단중,단일로,기타단일로,승용차,보행자
2012.9.22 5:00,야간,토,1,0,0,차대사람,횡단중,횡단중,교차로,교차로부근,승용차,보행자
2012.9.21 0:00,야간,금,1,0,0,차량단독,공작물충돌,공작물충돌,교차로,교차로내,승용차,0
2014.3.14 11:00,주간,금,1,0,0,차대차,측면직각충돌,측면직각충돌,단일로,기타단일로,이륜차,승용차
2014.3.13 13:00,주간,목,1,3,5,차대차,정면충돌,정면충돌,단일로,기타단일로,화물차,승합차
2014.3.11 21:00,야간,화,1,0,2,차대사람,기타,기타,단일로,기타단일로,승용차,보행자
2014.3.12 5:00,야간,수,1,0,0,차량단독,공작물충돌,공작물충돌,교차로,교차로부근,이륜차,0
2014.3.12 9:00,주간,수,1,0,0,차대사람,보도통행중,보도통행중,단일로,횡단보도상,특수차,보행자
2014.3.11 2:00,야간,화,1,1,1,차량단독,전도전복,전도전복,교차로,교차로내,승용차,0
2014.3.23 19:00,야간,일,1,0,0,차대사람,기타,기타,교차로,교차로부근,승용차,보행자
2013.12.26 17:00,주간,목,1,0,0,차대사람,횡단중,횡단중,교차로,교차로내,화물차,보행자
2013.12.27 13:00,주간,금,1,1,0,차대차,추돌,진행중 추돌,단일로,기타단일로,승용차,승용차
2013.12.29 11:00,주간,일,1,1,1,차대차,추돌,주정차중 추돌,단일로,기타단일로,승용차,화물차
2013.12.18 19:00,야간,수,1,0,0,차대차,측면직각충돌,측면직각충돌,단일로,기타단일로,이륜차,승용차
2013.12.23 4:00,야간,월,1,0,0,차량단독,도로이탈,도로이탈 추락,단일로,기타단일로,승용차,0
2013.12.24 22:00,야간,화,1,0,0,차대사람,횡단중,횡단중,단일로,기타단일로,승용차,보행자
2013.12.27 20:00,야간,금,1,0,0,차대사람,횡단중,횡단중,단일로,기타단일로,승용차,보행자
2013.12.26 9:00,주간,목,1,0,0,차대사람,횡단중,횡단중,교차로,교차로내,화물차,보행자
2013.12.28 20:00,야간,토,1,0,0,차대사람,기타,기타,단일로,기타단일로,승용차,보행자
2013.12.28 23:00,야간,토,1,0,0,차대차,기타,기타,단일로,횡단보도부근,승용차,승용차
2013.12.28 23:00,야간,토,1,0,0,차대사람,차도통행중,차도통행중,단일로,기타단일로,승용차,보행자
2013.12.20 8:00,주간,금,1,2,2,차대차,기타,기타,단일로,기타단일로,승용차,화물차
2013.12.12 9:00,주간,목,1,0,0,차량단독,기타,기타,단일로,기타단일로,이륜차,0
2013.12.17 17:00,주간,화,1,0,0,차대사람,횡단중,횡단중,교차로,교차로부근,화물차,보행자
2013.12.17 6:00,주간,화,1,0,0,차대사람,횡단중,횡단중,단일로,기타단일로,승용차,보행자
2012.6.25 20:00,야간,월,1,0,0,차대사람,횡단중,횡단중,교차로,교차로내,승용차,보행자
2012.6.25 14:00,주간,월,1,0,0,차량단독,도로이탈,도로이탈 기타,단일로,기타단일로,화물차,0
2012.6.23 12:00,주간,토,2,1,2,차대차,추돌,진행중 추돌,단일로,횡단보도상,승용차,승용차
2012.6.25 16:00,주간,월,1,0,0,차대차,기타,기타,단일로,기타단일로,승용차,원동기장치자전거
2012.7.1 4:00,야간,일,1,0,0,차대차,추돌,진행중 추돌,기타/불명,기타/불명,승용차,이륜차
2012.7.1 14:00,주간,일,1,0,0,차대차,측면직각충돌,측면직각충돌,단일로,횡단보도부근,승용차,자전거