발생년월일시,주야,요일,사망자수,중상자수,경상자수,사고유형_대분류,사고유형_중분류,사고유형,도로형태_대분류,도로형태,당사자종별_1당_대분류,당사자종별_2당_대분류
2012.6.29 10:00,주간,금,1,1,1,차대차,추돌,주정차중 추돌,교차로,교차로부근,승용차,승용차
2012.6.29 18:00,야간,금,1,0,0,차대사람,기타,기타,단일로,횡단보도부근,승용차,보행자
2012.6.29 14:00,주간,금,1,0,0,차대차,측면직각충돌,측면직각충돌,단일로,기타단일로,승합차,자전거
2012.6.29 19:00,야간,금,1,0,0,차대차,정면충돌,정면충돌,단일로,기타단일로,이륜차,승용차
2013.11.13 19:00,야간,수,1,0,0,차대사람,횡단중,횡단중,단일로,기타단일로,승용차,보행자
2013.11.11 14:00,주간,월,1,0,1,차대차,추돌,주정차중 추돌,교차로,교차로부근,승용차,건설기계
2012.5.18 19:00,야간,금,1,0,0,차대차,기타,기타,단일로,기타단일로,승용차,승용차
2013.11.13 12:00,주간,수,1,0,0,차대사람,횡단중,횡단중,교차로,교차로부근,화물차,보행자
2012.10.4 7:00,주간,목,1,0,0,차대차,기타,기타,단일로,기타단일로,화물차,농기계
2013.11.19 10:00,주간,화,1,1,0,차대차,정면충돌,정면충돌,단일로,기타단일로,승용차,농기계
2013.11.18 1:00,야간,월,1,2,0,차량단독,도로이탈,도로이탈 추락,교차로,교차로부근,승용차,0
2013.11.18 18:00,야간,월,1,0,0,차대사람,기타,기타,교차로,교차로내,승용차,보행자
2013.11.18 18:00,야간,월,1,0,0,차대차,측면직각충돌,측면직각충돌,교차로,교차로내,화물차,자전거
2013.11.16 18:00,야간,토,1,0,0,차대사람,기타,기타,단일로,기타단일로,승용차,보행자
2013.11.16 22:00,야간,토,1,1,7,차대차,측면직각충돌,측면직각충돌,교차로,교차로내,화물차,승합차
2013.11.17 17:00,주간,일,1,0,0,차대사람,횡단중,횡단중,단일로,기타단일로,화물차,보행자
2013.11.17 19:00,야간,일,1,0,0,차량단독,공작물충돌,공작물충돌,단일로,기타단일로,원동기장치자전거,0
2013.11.25 18:00,야간,월,1,0,0,차대사람,횡단중,횡단중,단일로,기타단일로,승합차,보행자
2013.11.25 18:00,야간,월,1,0,0,차대사람,기타,기타,기타/불명,기타/불명,승용차,보행자
2013.11.25 18:00,야간,월,1,0,0,차대사람,횡단중,횡단중,단일로,기타단일로,승용차,보행자
2013.11.26 0:00,야간,화,1,0,0,차대차,추돌,주정차중 추돌,단일로,기타단일로,승용차,건설기계
2013.11.26 7:00,주간,화,1,0,0,차대사람,횡단중,횡단중,단일로,기타단일로,승합차,보행자
2013.11.26 18:00,야간,화,1,0,0,차대사람,길가장자리구역통행중,길가장자리구역통행중,단일로,기타단일로,화물차,보행자
2013.11.22 19:00,야간,금,1,0,0,차대사람,횡단중,횡단중,단일로,기타단일로,승용차,보행자
2013.11.23 8:00,주간,토,1,0,0,차대사람,차도통행중,차도통행중,교차로,교차로내,건설기계,보행자
2013.10.26 18:00,야간,토,1,0,0,차대사람,횡단중,횡단중,교차로,교차로내,승용차,보행자
2013.10.27 3:00,야간,일,1,0,0,차량단독,공작물충돌,공작물충돌,단일로,기타단일로,승용차,0
2013.10.27 17:00,주간,일,1,0,0,차대차,기타,기타,단일로,기타단일로,이륜차,화물차
2013.10.24 17:00,주간,목,1,0,0,차대사람,횡단중,횡단중,단일로,기타단일로,승합차,보행자
2013.10.25 6:00,주간,금,1,0,0,차대사람,횡단중,횡단중,단일로,기타단일로,승합차,보행자
2013.10.31 18:00,야간,목,1,0,0,차대사람,횡단중,횡단중,단일로,기타단일로,승용차,보행자
2013.10.30 18:00,야간,수,1,0,0,차대사람,길가장자리구역통행중,길가장자리구역통행중,단일로,기타단일로,승합차,보행자
2013.10.28 8:00,주간,월,1,0,0,차대사람,기타,기타,단일로,횡단보도상,승용차,보행자
2013.10.28 21:00,야간,월,1,0,0,차대사람,기타,기타,단일로,기타단일로,승용차,보행자
2013.11.6 16:00,주간,수,1,0,0,차대사람,횡단중,횡단중,교차로,교차로부근,화물차,보행자
2013.11.4 18:00,야간,월,1,0,0,차량단독,도로이탈,도로이탈 추락,단일로,기타단일로,자전거,0
2013.11.9 15:00,주간,토,1,0,0,차대차,측면직각충돌,측면직각충돌,단일로,기타단일로,승용차,이륜차
2013.11.9 8:00,주간,토,1,0,0,차대차,정면충돌,정면충돌,단일로,기타단일로,원동기장치자전거,승용차
2013.11.15 16:00,주간,금,1,0,0,차량단독,기타,기타,단일로,기타단일로,농기계,0
2013.11.13 9:00,주간,수,1,0,0,차대사람,기타,기타,교차로,교차로내,승합차,보행자
2013.11.13 3:00,야간,수,1,0,0,차대사람,기타,기타,단일로,기타단일로,승용차,보행자
2013.11.13 0:00,야간,수,1,0,0,차대사람,차도통행중,차도통행중,단일로,기타단일로,승용차,보행자
2013.11.19 18:00,야간,화,1,0,1,차대차,추돌,주정차중 추돌,단일로,기타단일로,화물차,승용차
2013.11.24 18:00,야간,일,1,0,0,차대차,기타,기타,단일로,기타단일로,원동기장치자전거,승용차
2013.11.27 23:00,야간,수,1,0,0,차대차,추돌,주정차중 추돌,교차로,교차로부근,화물차,승합차
2013.11.26 16:00,주간,화,1,3,0,차대차,기타,기타,단일로,기타단일로,승용차,승용차
2013.11.27 0:00,야간,수,1,0,0,차대차,기타,기타,단일로,기타단일로,이륜차,화물차
2013.11.26 13:00,주간,화,1,0,0,차대사람,차도통행중,차도통행중,단일로,기타단일로,승용차,보행자
2013.11.27 15:00,주간,수,1,0,0,차대차,기타,기타,교차로,교차로내,화물차,자전거
2013.11.28 18:00,야간,목,1,0,0,차대차,추돌,주정차중 추돌,단일로,기타단일로,승용차,화물차
2013.11.27 6:00,주간,수,1,0,0,차대사람,기타,기타,단일로,기타단일로,화물차,보행자
2013.11.27 14:00,주간,수,1,0,0,차대사람,기타,기타,단일로,기타단일로,승합차,보행자
2013.12.3 19:00,야간,화,1,0,0,차대사람,기타,기타,단일로,기타단일로,화물차,보행자
2013.12.4 13:00,주간,수,1,0,0,차량단독,기타,기타,단일로,기타단일로,이륜차,0
2013.12.7 7:00,주간,토,1,0,0,차대사람,보도통행중,보도통행중,교차로,교차로부근,승용차,보행자
2013.12.7 0:00,야간,토,1,0,0,차대차,기타,기타,단일로,기타단일로,승용차,승용차
2013.12.3 5:00,야간,화,1,0,20,차대차,추돌,진행중 추돌,교차로,교차로부근,승용차,화물차
2013.12.3 10:00,주간,화,1,1,0,차대차,정면충돌,정면충돌,단일로,기타단일로,화물차,화물차
2013.12.6 19:00,야간,금,1,0,0,차량단독,기타,기타,단일로,기타단일로,화물차,0
2013.12.6 18:00,야간,금,1,1,0,차대사람,길가장자리구역통행중,길가장자리구역통행중,단일로,기타단일로,승용차,보행자
2013.10.26 12:00,주간,토,1,0,0,차량단독,도로이탈,도로이탈 추락,단일로,기타단일로,농기계,0
2013.10.25 18:00,야간,금,1,0,0,차대사람,횡단중,횡단중,단일로,기타단일로,화물차,보행자
2013.10.25 21:00,야간,금,1,0,0,차량단독,기타,기타,단일로,기타단일로,승용차,0
2013.10.25 18:00,야간,금,1,0,0,차대사람,기타,기타,단일로,기타단일로,승용차,보행자
2013.11.1 18:00,야간,금,1,0,17,차대차,기타,기타,교차로,교차로부근,승용차,승합차
2013.10.28 19:00,야간,월,1,0,0,차대사람,차도통행중,차도통행중,단일로,기타단일로,화물차,보행자
2013.10.30 0:00,야간,수,1,0,0,차대사람,횡단중,횡단중,단일로,기타단일로,승용차,보행자
2013.10.28 4:00,야간,월,1,0,0,차대차,추돌,주정차중 추돌,단일로,기타단일로,승용차,화물차
2013.10.29 18:00,야간,화,1,0,0,차대차,추돌,진행중 추돌,단일로,기타단일로,화물차,농기계
2013.11.6 4:00,야간,수,1,0,0,차대사람,횡단중,횡단중,교차로,교차로내,승합차,보행자
2013.11.5 5:00,야간,화,1,0,0,차대차,측면직각충돌,측면직각충돌,교차로,교차로내,승용차,이륜차
2013.11.23 6:00,주간,토,1,0,0,차량단독,도로이탈,도로이탈 기타,단일로,기타단일로,화물차,0
2013.11.23 2:00,야간,토,1,0,0,차대사람,기타,기타,단일로,기타단일로,승용차,보행자
2013.11.23 18:00,야간,토,1,0,0,차대사람,보도통행중,보도통행중,교차로,교차로내,승용차,보행자
2013.11.30 18:00,야간,토,1,0,0,차대차,추돌,진행중 추돌,단일로,기타단일로,화물차,자전거
2013.11.30 4:00,야간,토,1,0,0,차대사람,기타,기타,교차로,교차로내,승용차,보행자
2013.11.29 21:00,야간,금,1,1,0,차대사람,기타,기타,교차로,교차로내,화물차,보행자
2013.12.9 11:00,주간,월,1,6,0,차량단독,기타,기타,단일로,기타단일로,승용차,0
2013.12.15 19:00,야간,일,1,0,0,차대사람,길가장자리구역통행중,길가장자리구역통행중,단일로,기타단일로,화물차,보행자
2013.12.18 7:00,주간,수,1,0,1,차대사람,기타,기타,단일로,횡단보도부근,승용차,보행자
2012.2.16 14:00,주간,목,1,0,0,차대차,추돌,주정차중 추돌,단일로,기타단일로,화물차,화물차
2013.12.9 17:00,주간,월,1,0,0,차대차,기타,기타,교차로,교차로내,승합차,원동기장치자전거
2013.12.11 3:00,야간,수,1,1,1,차대차,정면충돌,정면충돌,단일로,기타단일로,승용차,승합차
2013.12.11 5:00,야간,수,1,0,0,차대사람,횡단중,횡단중,교차로,교차로내,승용차,보행자
2013.12.18 18:00,야간,수,1,0,0,차대사람,기타,기타,단일로,기타단일로,화물차,보행자
2013.12.18 15:00,주간,수,1,0,0,차량단독,공작물충돌,공작물충돌,단일로,기타단일로,승용차,0
2013.12.10 17:00,주간,화,1,0,0,차대차,추돌,주정차중 추돌,교차로,교차로내,승용차,승합차
2013.12.11 3:00,야간,수,1,0,0,차량단독,공작물충돌,공작물충돌,단일로,기타단일로,승용차,0
2013.12.10 10:00,주간,화,1,0,0,차대차,기타,기타,단일로,횡단보도부근,승용차,자전거
2013.12.8 14:00,주간,일,1,0,0,차량단독,기타,기타,단일로,기타단일로,원동기장치자전거,0
2013.12.8 2:00,야간,일,1,0,0,차대사람,횡단중,횡단중,단일로,기타단일로,승용차,보행자
2012.9.29 13:00,주간,토,1,0,0,차대차,기타,기타,교차로,교차로내,원동기장치자전거,승용차
2014.2.17 18:00,야간,월,1,1,0,차량단독,공작물충돌,공작물충돌,교차로,교차로내,화물차,0
2013.1.28 18:00,야간,월,1,0,0,차대사람,차도통행중,차도통행중,단일로,기타단일로,승용차,보행자
2013.6.18 15:00,주간,화,1,1,1,차량단독,공작물충돌,공작물충돌,단일로,기타단일로,승용차,0
2014.2.19 19:00,야간,수,1,0,0,차대차,측면직각충돌,측면직각충돌,교차로,교차로내,승용차,화물차
2012.8.28 23:00,야간,화,1,0,0,차대차,측면직각충돌,측면직각충돌,교차로,교차로내,승용차,이륜차
2012.1.11 10:00,주간,수,1,9,17,차대차,측면직각충돌,측면직각충돌,단일로,기타단일로,승합차,승합차
2014.2.25 23:00,야간,화,1,0,0,차대사람,기타,기타,단일로,기타단일로,승용차,보행자
2014.2.25 22:00,야간,화,1,0,0,차대사람,횡단중,횡단중,단일로,기타단일로,승용차,보행자
2014.2.27 2:00,야간,목,1,0,0,차량단독,공작물충돌,공작물충돌,단일로,기타단일로,승용차,0
2014.2.25 6:00,주간,화,1,0,0,차대차,기타,기타,교차로,교차로내,이륜차,화물차
2014.3.6 19:00,야간,목,1,0,0,차대차,측면직각충돌,측면직각충돌,단일로,기타단일로,승용차,불명
2014.3.4 13:00,주간,화,1,0,0,차대사람,차도통행중,차도통행중,단일로,기타단일로,승용차,보행자
2014.3.21 10:00,주간,금,1,0,1,차대차,추돌,진행중 추돌,교차로,교차로내,원동기장치자전거,이륜차
2014.3.23 5:00,야간,일,2,0,0,차대차,측면직각충돌,측면직각충돌,교차로,교차로내,승용차,화물차
2014.3.20 14:00,주간,목,1,0,0,차대사람,기타,기타,단일로,기타단일로,승용차,보행자
2014.3.20 0:00,야간,목,1,0,0,차대사람,횡단중,횡단중,교차로,교차로부근,승용차,보행자
2014.3.20 8:00,주간,목,1,0,0,차대사람,기타,기타,단일로,기타단일로,승용차,보행자
2013.12.29 23:00,야간,일,1,0,0,차량단독,도로이탈,도로이탈 추락,단일로,기타단일로,자전거,0
2013.12.27 22:00,야간,금,1,0,1,차대차,측면직각충돌,측면직각충돌,교차로,교차로내,승용차,승용차
2013.12.10 21:00,야간,화,1,0,0,차량단독,전도전복,전도전복,단일로,기타단일로,원동기장치자전거,0
2013.12.7 19:00,야간,토,1,0,0,차대차,추돌,진행중 추돌,단일로,기타단일로,이륜차,승합차
2013.12.10 17:00,주간,화,1,0,0,차대사람,횡단중,횡단중,교차로,교차로내,화물차,보행자
2013.12.11 5:00,야간,수,1,0,0,차량단독,기타,기타,단일로,기타단일로,이륜차,0
2013.12.24 9:00,주간,화,1,0,0,차대사람,차도통행중,차도통행중,단일로,기타단일로,승용차,보행자
2014.2.17 10:00,주간,월,1,0,0,차대차,기타,기타,교차로,교차로내,원동기장치자전거,화물차
2014.2.17 11:00,주간,월,1,0,0,차대차,측면직각충돌,측면직각충돌,단일로,기타단일로,건설기계,자전거
2014.2.25 0:00,야간,화,1,0,0,차대사람,횡단중,횡단중,단일로,기타단일로,승용차,보행자
2014.2.25 18:00,야간,화,1,0,0,차량단독,전도전복,전도전복,단일로,기타단일로,이륜차,0
2014.2.24 20:00,야간,월,1,0,0,차량단독,전도전복,전도전복,단일로,기타단일로,이륜차,0
2014.2.28 14:00,주간,금,1,2,0,차량단독,공작물충돌,공작물충돌,단일로,횡단보도부근,승용차,0
2014.3.10 20:00,야간,월,1,0,0,차대사람,횡단중,횡단중,단일로,기타단일로,승합차,보행자
2014.3.9 13:00,주간,일,1,0,2,차대차,추돌,진행중 추돌,교차로,교차로내,이륜차,승용차
2014.3.13 13:00,주간,목,1,0,0,차대사람,기타,기타,교차로,교차로부근,승합차,보행자
2014.3.21 22:00,야간,금,1,0,0,차량단독,공작물충돌,공작물충돌,교차로,교차로내,이륜차,0
2014.3.20 22:00,야간,목,1,0,0,차대사람,차도통행중,차도통행중,단일로,기타단일로,승용차,보행자
2014.3.20 20:00,야간,목,2,1,0,차대차,정면충돌,정면충돌,단일로,기타단일로,승용차,화물차
2014.3.24 1:00,야간,월,1,0,0,차량단독,기타,기타,교차로,교차로부근,이륜차,0
2014.3.22 15:00,주간,토,1,0,0,차량단독,전도전복,전도전복,단일로,기타단일로,농기계,0
2014.3.23 13:00,주간,일,1,0,0,차대사람,기타,기타,단일로,기타단일로,화물차,보행자
2013.12.28 4:00,야간,토,1,0,0,차대사람,횡단중,횡단중,단일로,기타단일로,승용차,보행자
2012.10.19 14:00,주간,금,1,0,0,차대사람,기타,기타,교차로,교차로내,원동기장치자전거,보행자
2012.10.19 18:00,야간,금,1,0,0,차대사람,차도통행중,차도통행중,단일로,교량위,화물차,보행자
2012.10.15 18:00,야간,월,1,0,0,차대차,추돌,진행중 추돌,단일로,기타단일로,승용차,농기계
2012.10.1 2:00,야간,월,1,0,0,차대차,추돌,주정차중 추돌,단일로,기타단일로,승합차,화물차
2012.10.5 14:00,주간,금,1,0,0,차대차,측면직각충돌,측면직각충돌,교차로,교차로부근,화물차,이륜차
2012.9.30 17:00,주간,일,1,0,0,차대사람,횡단중,횡단중,단일로,기타단일로,화물차,보행자
2012.10.2 8:00,주간,화,1,0,0,차량단독,기타,기타,단일로,기타단일로,자전거,0
2012.9.27 0:00,야간,목,1,0,0,차량단독,전도전복,전도전복,교차로,교차로내,승용차,0
2012.9.27 11:00,주간,목,1,0,0,차대차,정면충돌,정면충돌,단일로,기타단일로,화물차,원동기장치자전거
2012.10.1 13:00,주간,월,2,4,0,차대차,정면충돌,정면충돌,단일로,기타단일로,승용차,승용차
2012.10.2 14:00,주간,화,1,0,1,차대차,측면직각충돌,측면직각충돌,단일로,기타단일로,이륜차,승용차
2012.10.2 11:00,주간,화,1,0,0,차량단독,전도전복,전도전복,단일로,기타단일로,화물차,0
2012.11.23 16:00,주간,금,1,0,0,차대차,측면직각충돌,측면직각충돌,교차로,교차로내,자전거,승용차
2012.11.23 11:00,주간,금,1,0,0,차량단독,도로이탈,도로이탈 추락,기타/불명,기타/불명,농기계,0
2012.11.28 19:00,야간,수,1,0,0,차대사람,기타,기타,교차로,교차로부근,화물차,보행자
2012.11.29 15:00,주간,목,1,0,0,차대사람,횡단중,횡단중,교차로,교차로부근,화물차,보행자
2012.11.21 20:00,야간,수,1,0,0,차대사람,차도통행중,차도통행중,교차로,교차로부근,화물차,보행자
2012.11.12 13:00,주간,월,1,0,0,차대차,기타,기타,단일로,기타단일로,이륜차,화물차
2012.11.13 17:00,주간,화,1,1,0,차대차,측면직각충돌,측면직각충돌,교차로,교차로내,승용차,이륜차
2012.11.9 22:00,야간,금,1,0,0,차량단독,전도전복,전도전복,단일로,기타단일로,승용차,0
2012.11.10 13:00,주간,토,1,0,0,차대차,추돌,진행중 추돌,단일로,기타단일로,화물차,자전거
2012.9.24 9:00,주간,월,1,0,0,차대사람,차도통행중,차도통행중,단일로,기타단일로,화물차,보행자
2012.9.26 15:00,주간,수,1,0,0,차대차,기타,기타,단일로,기타단일로,원동기장치자전거,화물차
2013.10.29 10:00,주간,화,1,0,0,차대사람,횡단중,횡단중,단일로,기타단일로,화물차,보행자
2013.11.6 5:00,야간,수,1,0,0,차대차,기타,기타,교차로,교차로부근,승용차,자전거
2013.11.4 6:00,주간,월,1,0,0,차대사람,횡단중,횡단중,단일로,횡단보도상,화물차,보행자
2013.11.3 14:00,주간,일,1,0,2,차대사람,기타,기타,단일로,기타단일로,승용차,보행자
2013.11.2 18:00,야간,토,1,0,1,차대차,추돌,진행중 추돌,단일로,기타단일로,승용차,농기계
2013.11.9 9:00,주간,토,1,0,0,차대차,측면직각충돌,측면직각충돌,교차로,교차로내,승합차,이륜차
2013.11.10 16:00,주간,일,1,0,0,차량단독,공작물충돌,공작물충돌,단일로,기타단일로,이륜차,0
2013.11.10 15:00,주간,일,1,3,2,차량단독,공작물충돌,공작물충돌,단일로,기타단일로,승합차,0
2013.11.8 21:00,야간,금,1,0,0,차대차,측면직각충돌,측면직각충돌,단일로,기타단일로,자전거,승용차
2013.11.14 19:00,야간,목,1,0,0,차대사람,횡단중,횡단중,교차로,교차로내,승용차,보행자
2014.2.24 21:00,야간,월,1,0,0,차량단독,공작물충돌,공작물충돌,교차로,교차로부근,화물차,0
2014.2.26 15:00,주간,수,1,1,5,차대차,측면직각충돌,측면직각충돌,교차로,교차로내,승용차,승용차
2014.2.26 13:00,주간,수,1,0,0,차량단독,전도전복,전도전복,단일로,기타단일로,이륜차,0
2014.2.26 17:00,주간,수,1,1,0,차대차,추돌,주정차중 추돌,단일로,기타단일로,이륜차,승용차
2014.2.28 12:00,주간,금,1,0,0,차대사람,횡단중,횡단중,교차로,교차로내,화물차,보행자
2014.3.4 4:00,야간,화,1,0,0,차량단독,공작물충돌,공작물충돌,교차로,교차로내,승용차,0
2014.3.9 8:00,주간,일,1,0,0,차량단독,공작물충돌,공작물충돌,단일로,터널안,화물차,0
2014.3.4 12:00,주간,화,1,2,0,차량단독,공작물충돌,공작물충돌,단일로,기타단일로,승용차,0
2014.3.16 19:00,야간,일,2,0,3,차대차,정면충돌,정면충돌,단일로,기타단일로,화물차,승합차
2014.3.15 6:00,주간,토,1,0,0,차대사람,횡단중,횡단중,단일로,횡단보도상,이륜차,보행자
2014.3.16 12:00,주간,일,1,0,0,차량단독,도로이탈,도로이탈 추락,단일로,기타단일로,이륜차,0
2014.3.15 9:00,주간,토,1,0,0,차량단독,전도전복,전도전복,단일로,기타단일로,건설기계,0
2014.3.16 23:00,야간,일,1,0,0,차대사람,기타,기타,단일로,기타단일로,승용차,보행자
2014.3.15 0:00,야간,토,2,0,1,차대사람,기타,기타,교차로,교차로부근,승용차,보행자
2014.3.15 13:00,주간,토,1,1,0,차대사람,횡단중,횡단중,단일로,기타단일로,승용차,보행자
2014.3.13 11:00,주간,목,1,0,0,차대차,기타,기타,단일로,기타단일로,자전거,화물차
2014.3.14 3:00,야간,금,1,0,2,차대차,정면충돌,정면충돌,단일로,기타단일로,승용차,승용차
2014.3.12 18:00,야간,수,1,0,1,차대차,기타,기타,단일로,기타단일로,승용차,승용차
2014.3.9 13:00,주간,일,1,0,0,차대사람,기타,기타,단일로,기타단일로,승합차,보행자
2014.3.10 19:00,야간,월,1,0,0,차대사람,보도통행중,보도통행중,교차로,교차로부근,화물차,보행자
2014.3.4 19:00,야간,화,1,0,0,차대사람,횡단중,횡단중,교차로,교차로내,승용차,보행자
2013.12.24 9:00,주간,화,2,1,0,차량단독,도로이탈,도로이탈 기타,단일로,기타단일로,승용차,0
2013.12.28 10:00,주간,토,1,0,0,차량단독,공작물충돌,공작물충돌,단일로,기타단일로,승용차,0
2013.12.28 1:00,야간,토,1,1,3,차대차,기타,기타,단일로,교량위,승용차,승용차
2013.12.21 0:00,야간,토,1,0,0,차대사람,기타,기타,단일로,기타단일로,승용차,보행자
2013.12.12 13:00,주간,목,1,0,0,차량단독,기타,기타,단일로,기타단일로,이륜차,0
2013.12.17 21:00,야간,화,1,0,0,차대사람,기타,기타,교차로,교차로내,승용차,보행자
2013.12.7 6:00,주간,토,1,0,0,차대사람,횡단중,횡단중,단일로,기타단일로,화물차,보행자
2013.12.9 23:00,야간,월,1,0,0,차대사람,기타,기타,교차로,교차로내,승용차,보행자
2013.12.10 20:00,야간,화,1,0,0,차대사람,기타,기타,단일로,기타단일로,승용차,보행자
2013.12.16 17:00,주간,월,1,0,0,차대사람,기타,기타,단일로,기타단일로,승용차,보행자
2013.12.25 4:00,야간,수,1,0,0,차대사람,횡단중,횡단중,단일로,기타단일로,승용차,보행자
2013.12.7 23:00,야간,토,1,1,0,차량단독,공작물충돌,공작물충돌,단일로,기타단일로,화물차,0
2013.12.23 17:00,주간,월,1,0,0,차대사람,길가장자리구역통행중,길가장자리구역통행중,단일로,기타단일로,화물차,보행자
2013.11.30 23:00,야간,토,2,0,0,차량단독,공작물충돌,공작물충돌,교차로,교차로부근,승용차,0
2013.11.30 8:00,주간,토,1,0,0,차대차,측면직각충돌,측면직각충돌,교차로,교차로내,화물차,자전거
2013.12.1 3:00,야간,일,1,0,0,차량단독,공작물충돌,공작물충돌,단일로,기타단일로,승용차,0
2013.11.30 12:00,주간,토,1,0,0,차대차,측면직각충돌,측면직각충돌,교차로,교차로내,원동기장치자전거,승용차
2013.11.30 18:00,야간,토,1,1,1,차대차,추돌,주정차중 추돌,단일로,기타단일로,화물차,승용차
2013.10.27 2:00,야간,일,1,0,0,차대사람,기타,기타,단일로,기타단일로,승용차,보행자
2013.10.23 1:00,야간,수,1,0,0,차대사람,기타,기타,단일로,기타단일로,승용차,보행자
2013.10.23 10:00,주간,수,1,0,0,차대차,측면직각충돌,측면직각충돌,단일로,기타단일로,자전거,승합차
2013.10.25 3:00,야간,금,1,0,0,차대사람,기타,기타,단일로,기타단일로,불명,보행자
2013.10.24 23:00,야간,목,1,1,0,차량단독,공작물충돌,공작물충돌,단일로,기타단일로,이륜차,0
2013.10.22 17:00,주간,화,1,1,0,차대사람,횡단중,횡단중,교차로,교차로부근,화물차,보행자
2013.10.31 14:00,주간,목,1,1,2,차대차,정면충돌,정면충돌,단일로,기타단일로,승용차,승용차
2013.11.1 10:00,주간,금,1,0,0,차량단독,전도전복,전도전복,단일로,기타단일로,화물차,0
2013.10.28 21:00,야간,월,1,0,0,차대사람,기타,기타,교차로,교차로내,승용차,보행자
2013.10.29 0:00,야간,화,1,0,0,차대사람,횡단중,횡단중,단일로,기타단일로,승합차,보행자
2013.10.28 18:00,야간,월,2,0,0,차대차,추돌,주정차중 추돌,단일로,기타단일로,승용차,농기계
2013.11.3 18:00,야간,일,1,1,0,차량단독,전도전복,전도전복,교차로,교차로부근,화물차,0
2013.11.3 21:00,야간,일,1,0,0,차량단독,전도전복,전도전복,단일로,기타단일로,승용차,0
2013.11.14 17:00,주간,목,2,0,0,차대차,추돌,주정차중 추돌,교차로,교차로부근,승용차,화물차
2013.11.15 15:00,주간,금,1,0,0,차량단독,기타,기타,기타/불명,기타/불명,농기계,0
2013.11.19 18:00,야간,화,1,0,0,차대사람,횡단중,횡단중,단일로,기타단일로,승합차,보행자
2013.12.4 21:00,야간,수,1,0,0,차대차,정면충돌,정면충돌,단일로,기타단일로,승용차,승용차
2013.12.2 17:00,주간,월,1,0,5,차대차,측면직각충돌,측면직각충돌,교차로,교차로내,승용차,승합차
2013.12.2 17:00,주간,월,1,0,0,차대사람,횡단중,횡단중,교차로,교차로내,화물차,보행자
2013.12.31 1:00,야간,화,1,1,0,차량단독,공작물충돌,공작물충돌,단일로,기타단일로,승용차,0
2013.12.31 4:00,야간,화,1,0,0,차대사람,횡단중,횡단중,단일로,기타단일로,화물차,보행자
2013.12.30 15:00,주간,월,1,0,0,차량단독,전도전복,전도전복,단일로,기타단일로,화물차,0
2013.12.31 18:00,야간,화,1,0,0,차대사람,횡단중,횡단중,단일로,횡단보도상,승용차,보행자
2013.12.31 7:00,주간,화,1,0,0,차대차,측면직각충돌,측면직각충돌,단일로,기타단일로,불명,자전거
2013.12.29 5:00,야간,일,2,0,0,차량단독,기타,기타,단일로,기타단일로,승용차,0
2013.11.26 0:00,야간,화,1,0,0,차대차,기타,기타,교차로,교차로내,승용차,이륜차
2013.11.26 9:00,주간,화,1,9,4,차대차,측면직각충돌,측면직각충돌,교차로,교차로내,건설기계,승합차
2013.11.26 4:00,야간,화,1,0,0,차대차,기타,기타,단일로,기타단일로,승용차,건설기계
2013.11.26 11:00,주간,화,1,0,3,차대사람,기타,기타,기타/불명,기타/불명,화물차,보행자
2012.3.26 19:00,야간,월,1,0,0,차대차,측면직각충돌,측면직각충돌,교차로,교차로부근,원동기장치자전거,화물차
2013.11.23 3:00,야간,토,1,0,1,차대차,추돌,주정차중 추돌,단일로,기타단일로,승용차,건설기계
2012.11.7 9:00,주간,수,1,0,0,차대사람,횡단중,횡단중,단일로,기타단일로,승용차,보행자
2012.11.11 1:00,야간,일,1,0,0,차대차,기타,기타,교차로,교차로부근,승용차,승용차
2012.11.7 21:00,야간,수,1,0,0,차대차,기타,기타,단일로,기타단일로,원동기장치자전거,승용차
2012.11.8 11:00,주간,목,1,0,0,차량단독,기타,기타,단일로,기타단일로,원동기장치자전거,0
2012.11.12 18:00,야간,월,1,0,0,차대사람,차도통행중,차도통행중,단일로,기타단일로,승합차,보행자
2012.11.12 17:00,주간,월,1,0,0,차대차,추돌,진행중 추돌,단일로,기타단일로,승용차,농기계
2012.9.26 19:00,야간,수,1,0,0,차대차,추돌,진행중 추돌,단일로,기타단일로,특수차,이륜차
2013.12.6 21:00,야간,금,1,0,0,차대사람,기타,기타,교차로,교차로내,승용차,보행자
2013.12.31 6:00,주간,화,1,1,0,차대차,정면충돌,정면충돌,단일로,교량위,승용차,승용차
2013.12.23 21:00,야간,월,1,1,0,차량단독,도로이탈,도로이탈 추락,단일로,기타단일로,승용차,0
2013.12.26 11:00,주간,목,1,0,1,차대차,기타,기타,단일로,기타단일로,승용차,승용차
2013.12.25 23:00,야간,수,1,0,0,차대차,정면충돌,정면충돌,교차로,교차로부근,이륜차,승용차
2013.12.28 21:00,야간,토,1,7,0,차대차,정면충돌,정면충돌,단일로,기타단일로,승용차,승용차
2013.12.29 12:00,주간,일,1,1,1,차대차,추돌,주정차중 추돌,지하도로내,지하도로내,승용차,화물차