발생년월일시,주야,요일,사망자수,중상자수,경상자수,사고유형_대분류,사고유형_중분류,사고유형,도로형태_대분류,도로형태,당사자종별_1당_대분류,당사자종별_2당_대분류
2013.12.20 5:00,야간,금,1,0,0,차량단독,전도전복,전도전복,교차로,교차로부근,승용차,0
2013.12.22 3:00,야간,일,1,0,0,차대사람,횡단중,횡단중,교차로,교차로내,승용차,보행자
2013.12.24 17:00,주간,화,1,0,0,차량단독,공작물충돌,공작물충돌,단일로,기타단일로,승용차,0
2013.12.24 23:00,야간,화,1,0,0,차대사람,차도통행중,차도통행중,단일로,횡단보도부근,승용차,보행자
2013.12.20 20:00,야간,금,1,0,0,차대사람,기타,기타,교차로,교차로부근,승용차,보행자
2013.12.23 18:00,야간,월,1,0,0,차대사람,횡단중,횡단중,단일로,기타단일로,승용차,보행자
2013.12.11 15:00,주간,수,1,0,0,차대사람,횡단중,횡단중,교차로,교차로부근,화물차,보행자
2013.12.17 10:00,주간,화,1,1,0,차대차,정면충돌,정면충돌,교차로,교차로부근,화물차,승합차
2013.12.17 18:00,야간,화,1,0,0,차대사람,횡단중,횡단중,단일로,기타단일로,승합차,보행자
2013.12.12 21:00,야간,목,1,1,0,차대사람,횡단중,횡단중,단일로,기타단일로,승용차,보행자
2013.12.9 2:00,야간,월,1,0,0,차대차,기타,기타,단일로,기타단일로,이륜차,승용차
2014.2.27 14:00,주간,목,1,0,0,차량단독,기타,기타,단일로,기타단일로,이륜차,0
2014.3.23 8:00,주간,일,1,0,0,차대차,측면직각충돌,측면직각충돌,교차로,교차로부근,승용차,자전거
2014.3.24 1:00,야간,월,1,0,0,차량단독,공작물충돌,공작물충돌,단일로,기타단일로,승용차,0
2014.3.21 8:00,주간,금,1,0,0,차대사람,횡단중,횡단중,교차로,교차로내,화물차,보행자
2014.3.23 14:00,주간,일,1,0,0,차대사람,기타,기타,단일로,교량위,승용차,보행자
2014.3.21 5:00,야간,금,1,1,0,차대사람,길가장자리구역통행중,길가장자리구역통행중,단일로,기타단일로,승용차,보행자
2014.3.9 4:00,야간,일,1,0,0,차량단독,공작물충돌,공작물충돌,단일로,기타단일로,화물차,0
2014.3.8 6:00,주간,토,1,0,0,차대사람,보도통행중,보도통행중,단일로,횡단보도상,승합차,보행자
2014.3.8 5:00,야간,토,2,0,0,차량단독,공작물충돌,공작물충돌,교차로,교차로부근,승용차,0
2014.3.17 20:00,야간,월,1,0,0,차대사람,기타,기타,단일로,기타단일로,승용차,보행자
2014.3.17 22:00,야간,월,1,0,0,차대사람,횡단중,횡단중,단일로,기타단일로,화물차,보행자
2014.3.19 5:00,야간,수,1,0,0,차대사람,기타,기타,교차로,교차로부근,화물차,보행자
2014.3.6 18:00,야간,목,1,0,0,차대사람,기타,기타,교차로,교차로부근,승용차,보행자
2013.12.7 18:00,야간,토,1,0,0,차대사람,기타,기타,단일로,기타단일로,이륜차,보행자
2012.10.10 13:00,주간,수,1,0,0,차대차,기타,기타,단일로,교량위,자전거,승용차
2012.10.6 20:00,야간,토,1,0,0,차대차,측면직각충돌,측면직각충돌,교차로,교차로내,승용차,이륜차
2012.10.7 15:00,주간,일,1,2,0,차량단독,도로이탈,도로이탈 추락,단일로,기타단일로,화물차,0
2012.10.11 4:00,야간,목,1,0,0,차량단독,공작물충돌,공작물충돌,교차로,교차로부근,승용차,0
2012.10.12 8:00,주간,금,1,0,0,차량단독,도로이탈,도로이탈 추락,단일로,기타단일로,농기계,0
2012.10.8 4:00,야간,월,2,0,0,차대차,추돌,진행중 추돌,단일로,기타단일로,승용차,이륜차
2012.10.7 19:00,야간,일,1,0,0,차대사람,길가장자리구역통행중,길가장자리구역통행중,단일로,기타단일로,화물차,보행자
2012.10.18 21:00,야간,목,1,0,0,차대차,기타,기타,단일로,기타단일로,승용차,자전거
2012.10.16 14:00,주간,화,1,0,0,차대사람,횡단중,횡단중,교차로,교차로부근,건설기계,보행자
2012.10.20 4:00,야간,토,1,0,0,차대사람,횡단중,횡단중,단일로,기타단일로,승용차,보행자
2012.9.24 14:00,주간,월,1,0,0,차대차,측면직각충돌,측면직각충돌,단일로,기타단일로,승합차,자전거
2012.9.24 19:00,야간,월,1,0,0,차대사람,차도통행중,차도통행중,단일로,교량위,승용차,보행자
2012.10.23 16:00,주간,화,1,0,0,차대사람,기타,기타,단일로,횡단보도상,승합차,보행자
2012.10.24 7:00,주간,수,1,1,0,차대차,측면직각충돌,측면직각충돌,교차로,교차로내,승용차,승용차
2012.10.24 22:00,야간,수,1,0,0,차대사람,횡단중,횡단중,교차로,교차로내,승용차,보행자
2012.10.22 13:00,주간,월,2,0,0,차량단독,기타,기타,단일로,기타단일로,승용차,0
2012.10.26 0:00,야간,금,1,0,0,차량단독,공작물충돌,공작물충돌,단일로,기타단일로,승용차,0
2012.10.26 12:00,주간,금,1,0,0,차량단독,전도전복,전도전복,기타/불명,기타/불명,농기계,0
2012.10.22 16:00,주간,월,1,0,0,차대사람,횡단중,횡단중,단일로,횡단보도상,승용차,보행자
2012.10.22 8:00,주간,월,1,0,0,차량단독,공작물충돌,공작물충돌,단일로,기타단일로,승용차,0
2012.10.13 10:00,주간,토,1,0,0,차량단독,도로이탈,도로이탈 기타,단일로,기타단일로,원동기장치자전거,0
2012.10.10 14:00,주간,수,1,0,0,차대사람,횡단중,횡단중,단일로,기타단일로,승용차,보행자
2012.10.10 18:00,야간,수,1,0,0,차대차,측면직각충돌,측면직각충돌,단일로,횡단보도상,승합차,이륜차
2012.10.11 16:00,주간,목,1,0,0,차대사람,횡단중,횡단중,교차로,교차로내,자전거,보행자
2012.10.22 10:00,주간,월,1,0,1,차대사람,기타,기타,교차로,교차로부근,승용차,보행자
2012.10.19 18:00,야간,금,1,0,0,차대차,추돌,주정차중 추돌,단일로,기타단일로,원동기장치자전거,농기계
2012.10.17 3:00,야간,수,1,0,0,차대차,기타,기타,단일로,기타단일로,승용차,이륜차
2012.10.21 9:00,주간,일,1,1,0,차대차,기타,기타,단일로,기타단일로,승용차,이륜차
2012.10.17 17:00,주간,수,1,0,0,차량단독,공작물충돌,공작물충돌,단일로,기타단일로,이륜차,0
2012.10.14 18:00,야간,일,1,0,0,차대차,측면직각충돌,측면직각충돌,교차로,교차로내,이륜차,승용차
2012.7.20 19:00,야간,금,1,0,0,차대차,측면직각충돌,측면직각충돌,단일로,기타단일로,원동기장치자전거,승용차
2012.7.25 18:00,야간,수,1,0,0,차대차,측면직각충돌,측면직각충돌,단일로,기타단일로,화물차,이륜차
2012.7.23 16:00,주간,월,1,0,1,차대차,정면충돌,정면충돌,단일로,기타단일로,화물차,건설기계
2012.7.23 15:00,주간,월,1,1,0,차대차,측면직각충돌,측면직각충돌,단일로,횡단보도상,화물차,이륜차
2012.7.26 16:00,주간,목,1,0,0,차대사람,기타,기타,단일로,기타단일로,화물차,보행자
2012.8.2 22:00,야간,목,1,0,0,차대차,정면충돌,정면충돌,교차로,교차로내,원동기장치자전거,화물차
2012.6.13 1:00,야간,수,1,0,0,차대차,측면직각충돌,측면직각충돌,단일로,기타단일로,이륜차,승용차
2012.6.17 16:00,주간,일,1,0,0,차량단독,공작물충돌,공작물충돌,단일로,기타단일로,승합차,0
2012.6.18 11:00,주간,월,1,0,0,차대차,추돌,진행중 추돌,교차로,교차로내,특수차,원동기장치자전거
2012.6.18 12:00,주간,월,1,0,0,차대차,측면직각충돌,측면직각충돌,단일로,기타단일로,승용차,자전거
2012.6.22 12:00,주간,금,2,0,0,차량단독,공작물충돌,공작물충돌,교차로,교차로내,화물차,0
2012.6.21 10:00,주간,목,1,0,0,차량단독,전도전복,전도전복,단일로,기타단일로,화물차,0
2012.6.20 19:00,야간,수,1,0,0,차대차,추돌,진행중 추돌,단일로,기타단일로,승합차,이륜차
2012.6.26 14:00,주간,화,1,0,0,차대차,기타,기타,단일로,기타단일로,원동기장치자전거,화물차
2012.6.28 10:00,주간,목,1,0,0,차대사람,횡단중,횡단중,단일로,횡단보도부근,승용차,보행자
2012.6.25 18:00,야간,월,1,1,0,차량단독,공작물충돌,공작물충돌,고가도로위,고가도로위,원동기장치자전거,0
2012.6.24 23:00,야간,일,1,0,0,차대사람,횡단중,횡단중,단일로,횡단보도상,승용차,보행자
2012.6.25 6:00,주간,월,1,0,0,차대차,정면충돌,정면충돌,단일로,기타단일로,이륜차,승용차
2012.6.24 8:00,주간,일,1,0,0,차량단독,공작물충돌,공작물충돌,단일로,기타단일로,승용차,0
2012.6.28 18:00,야간,목,1,0,0,차대사람,횡단중,횡단중,단일로,기타단일로,승용차,보행자
2012.7.4 14:00,주간,수,2,1,3,차대차,정면충돌,정면충돌,기타/불명,기타/불명,화물차,건설기계
2012.7.2 23:00,야간,월,1,0,1,차대차,측면직각충돌,측면직각충돌,교차로,교차로내,원동기장치자전거,승용차
2012.7.9 15:00,주간,월,1,0,0,차대차,추돌,진행중 추돌,기타/불명,기타/불명,이륜차,이륜차
2014.2.27 0:00,야간,목,1,0,1,차대사람,횡단중,횡단중,단일로,기타단일로,승용차,보행자
2014.2.25 20:00,야간,화,1,0,0,차대차,정면충돌,정면충돌,단일로,기타단일로,승용차,승용차
2014.2.25 19:00,야간,화,1,0,0,차량단독,도로이탈,도로이탈 추락,단일로,기타단일로,이륜차,0
2014.2.25 8:00,주간,화,1,0,0,차량단독,도로이탈,도로이탈 추락,단일로,기타단일로,승용차,0
2014.2.25 20:00,야간,화,1,0,0,차량단독,기타,기타,단일로,기타단일로,화물차,0
2014.3.10 6:00,주간,월,1,0,0,차대차,측면직각충돌,측면직각충돌,단일로,기타단일로,화물차,이륜차
2014.3.10 19:00,야간,월,1,0,0,차대차,추돌,진행중 추돌,단일로,기타단일로,승용차,농기계
2014.3.8 9:00,주간,토,1,0,0,차대차,측면직각충돌,측면직각충돌,단일로,기타단일로,농기계,승용차
2014.3.15 4:00,야간,토,1,0,0,차량단독,기타,기타,단일로,기타단일로,승용차,0
2012.9.30 16:00,주간,일,1,0,0,차대차,기타,기타,단일로,기타단일로,자전거,불명
2012.9.30 11:00,주간,일,1,0,0,차대사람,기타,기타,단일로,기타단일로,화물차,보행자
2012.9.27 0:00,야간,목,1,0,0,차대사람,횡단중,횡단중,단일로,기타단일로,승용차,보행자
2012.10.2 7:00,주간,화,1,0,0,차대차,추돌,주정차중 추돌,단일로,기타단일로,화물차,화물차
2012.11.26 4:00,야간,월,2,0,0,차대차,측면직각충돌,측면직각충돌,교차로,교차로내,화물차,특수차
2012.11.28 5:00,야간,수,1,0,0,차대사람,횡단중,횡단중,단일로,기타단일로,승합차,보행자
2012.11.28 18:00,야간,수,1,1,0,차대차,기타,기타,단일로,기타단일로,승합차,화물차
2012.11.24 10:00,주간,토,1,0,0,차대사람,길가장자리구역통행중,길가장자리구역통행중,교차로,교차로내,화물차,보행자
2012.11.28 9:00,주간,수,1,0,1,차대차,측면직각충돌,측면직각충돌,교차로,교차로내,승용차,승용차
2012.11.29 7:00,주간,목,1,0,0,차량단독,공작물충돌,공작물충돌,단일로,기타단일로,승용차,0
2012.11.29 14:00,주간,목,1,0,0,차대차,측면직각충돌,측면직각충돌,단일로,기타단일로,자전거,승합차
2012.11.30 0:00,야간,금,1,0,0,차대사람,차도통행중,차도통행중,교차로,교차로내,승용차,보행자
2012.11.8 11:00,주간,목,1,1,0,차량단독,공작물충돌,공작물충돌,단일로,기타단일로,원동기장치자전거,0
2012.11.8 13:00,주간,목,1,0,0,차량단독,도로이탈,도로이탈 기타,교차로,교차로부근,이륜차,0
2012.11.9 13:00,주간,금,1,2,0,차대차,정면충돌,정면충돌,교차로,교차로내,건설기계,승용차
2012.11.8 4:00,야간,목,1,0,0,차대사람,횡단중,횡단중,단일로,기타단일로,승용차,보행자
2012.11.6 23:00,야간,화,1,0,0,차대사람,기타,기타,단일로,기타단일로,승합차,보행자
2012.9.23 16:00,주간,일,1,0,0,차량단독,전도전복,전도전복,기타/불명,기타/불명,농기계,0
2012.9.24 16:00,주간,월,1,0,0,차량단독,공작물충돌,공작물충돌,단일로,교량위,원동기장치자전거,0
2012.10.27 2:00,야간,토,2,2,0,차대차,기타,기타,단일로,기타단일로,승용차,특수차
2012.10.29 7:00,주간,월,1,0,0,차량단독,기타,기타,단일로,기타단일로,승합차,0
2012.10.29 6:00,주간,월,1,0,0,차대사람,횡단중,횡단중,교차로,교차로내,승용차,보행자
2012.10.12 13:00,주간,금,1,0,0,차량단독,공작물충돌,공작물충돌,교차로,교차로부근,원동기장치자전거,0
2012.10.7 17:00,주간,일,1,0,0,차대차,측면직각충돌,측면직각충돌,교차로,교차로내,승용차,이륜차
2012.10.8 10:00,주간,월,1,0,0,차대사람,횡단중,횡단중,단일로,횡단보도상,건설기계,보행자
2012.10.12 10:00,주간,금,1,0,0,차대사람,횡단중,횡단중,단일로,기타단일로,승용차,보행자
2012.10.11 18:00,야간,목,1,0,0,차대차,기타,기타,교차로,교차로내,승용차,자전거
2012.10.12 16:00,주간,금,1,0,0,차대사람,횡단중,횡단중,교차로,교차로부근,화물차,보행자
2012.10.13 14:00,주간,토,1,1,3,차대차,추돌,주정차중 추돌,교차로,교차로부근,승용차,화물차
2012.10.5 5:00,야간,금,1,0,0,차량단독,도로이탈,도로이탈 기타,단일로,기타단일로,원동기장치자전거,0
2012.10.10 19:00,야간,수,1,0,0,차대차,기타,기타,교차로,교차로내,승용차,원동기장치자전거
2012.10.5 22:00,야간,금,1,0,0,차대사람,기타,기타,단일로,기타단일로,승합차,보행자
2012.10.6 12:00,주간,토,1,0,0,차량단독,공작물충돌,공작물충돌,교차로,교차로부근,건설기계,0
2012.10.21 2:00,야간,일,2,1,1,차량단독,공작물충돌,공작물충돌,단일로,기타단일로,승용차,0
2012.10.26 21:00,야간,금,1,0,0,차대사람,기타,기타,단일로,기타단일로,승용차,보행자
2012.10.23 0:00,야간,화,1,0,0,차량단독,공작물충돌,공작물충돌,단일로,기타단일로,승용차,0
2012.10.23 8:00,주간,화,1,0,0,차대차,추돌,진행중 추돌,교차로,교차로내,화물차,농기계
2012.10.26 19:00,야간,금,1,0,0,차대사람,기타,기타,단일로,기타단일로,승용차,보행자
2012.10.23 10:00,주간,화,1,0,1,차대차,추돌,진행중 추돌,단일로,기타단일로,승용차,농기계
2012.10.23 15:00,주간,화,1,0,0,차대차,기타,기타,단일로,기타단일로,원동기장치자전거,화물차
2012.10.27 21:00,야간,토,1,0,0,차량단독,공작물충돌,공작물충돌,단일로,기타단일로,승용차,0
2012.10.28 21:00,야간,일,1,0,0,차량단독,기타,기타,기타/불명,기타/불명,화물차,0
2012.10.7 11:00,주간,일,1,0,0,차대사람,횡단중,횡단중,단일로,기타단일로,승용차,보행자
2012.10.11 15:00,주간,목,1,0,0,차대차,정면충돌,정면충돌,교차로,교차로내,화물차,이륜차
2012.10.7 6:00,주간,일,1,0,1,차대차,기타,기타,교차로,교차로부근,승용차,특수차
2012.10.12 7:00,주간,금,1,0,0,차대사람,기타,기타,단일로,기타단일로,승용차,보행자
2012.10.8 8:00,주간,월,1,0,0,차량단독,전도전복,전도전복,교차로,교차로부근,특수차,0
2012.10.12 13:00,주간,금,1,0,0,차대사람,횡단중,횡단중,교차로,교차로내,건설기계,보행자
2012.10.9 3:00,야간,화,1,0,0,차대사람,기타,기타,단일로,기타단일로,승용차,보행자
2012.10.12 18:00,야간,금,1,0,0,차대사람,횡단중,횡단중,교차로,교차로내,승용차,보행자
2012.10.12 16:00,주간,금,1,0,0,차대사람,횡단중,횡단중,단일로,횡단보도상,화물차,보행자
2012.10.13 3:00,야간,토,1,0,0,차량단독,공작물충돌,공작물충돌,기타/불명,기타/불명,승용차,0
2012.10.13 5:00,야간,토,1,0,0,차대사람,횡단중,횡단중,단일로,횡단보도상,이륜차,보행자
2012.10.13 23:00,야간,토,1,0,0,차대사람,보도통행중,보도통행중,단일로,기타단일로,승용차,보행자
2012.10.14 18:00,야간,일,1,0,0,차대사람,횡단중,횡단중,단일로,기타단일로,승용차,보행자
2012.10.18 8:00,주간,목,1,0,0,차대차,기타,기타,교차로,교차로내,승용차,원동기장치자전거
2012.10.18 10:00,주간,목,1,1,0,차대차,측면직각충돌,측면직각충돌,고가도로위,고가도로위,이륜차,승용차
2012.10.18 18:00,야간,목,1,0,0,차대사람,횡단중,횡단중,단일로,기타단일로,화물차,보행자
2012.10.15 20:00,야간,월,1,0,0,차대차,측면직각충돌,측면직각충돌,교차로,교차로내,이륜차,승용차
2012.10.19 12:00,주간,금,1,0,2,차대차,기타,기타,교차로,교차로부근,화물차,승용차
2012.10.19 23:00,야간,금,1,0,0,차대사람,차도통행중,차도통행중,교차로,교차로부근,승용차,보행자
2012.10.15 18:00,야간,월,1,0,0,차대사람,보도통행중,보도통행중,단일로,횡단보도상,승용차,보행자
2012.10.3 20:00,야간,수,1,0,0,차대차,측면직각충돌,측면직각충돌,교차로,교차로내,자전거,승용차
2012.9.29 20:00,야간,토,1,0,0,차대차,기타,기타,단일로,기타단일로,이륜차,승용차
2012.10.5 5:00,야간,금,1,0,0,차대사람,횡단중,횡단중,단일로,횡단보도상,승합차,보행자
2012.9.26 20:00,야간,수,1,0,0,차대차,기타,기타,단일로,횡단보도상,승용차,이륜차
2012.10.1 10:00,주간,월,1,3,0,차대차,기타,기타,단일로,기타단일로,이륜차,승용차
2012.9.27 13:00,주간,목,1,0,0,차대사람,기타,기타,단일로,기타단일로,불명,보행자
2012.11.27 20:00,야간,화,1,0,0,차대사람,횡단중,횡단중,단일로,기타단일로,승용차,보행자
2013.9.16 1:00,야간,월,1,0,0,차량단독,기타,기타,교차로,교차로부근,승용차,0
2013.9.16 11:00,주간,월,1,0,0,차대사람,횡단중,횡단중,단일로,기타단일로,화물차,보행자
2013.9.16 13:00,주간,월,1,1,0,차대차,정면충돌,정면충돌,단일로,기타단일로,화물차,승용차
2013.9.27 17:00,주간,금,1,0,0,차량단독,공작물충돌,공작물충돌,단일로,기타단일로,이륜차,0
2013.9.27 20:00,야간,금,1,0,1,차대차,측면직각충돌,측면직각충돌,교차로,교차로내,승용차,승합차
2013.9.26 0:00,야간,목,1,0,0,차량단독,공작물충돌,공작물충돌,교차로,교차로내,화물차,0
2013.9.23 13:00,주간,월,1,3,3,차대차,정면충돌,정면충돌,단일로,기타단일로,승합차,승합차
2013.9.23 20:00,야간,월,1,0,0,차대사람,횡단중,횡단중,교차로,교차로부근,화물차,보행자
2012.10.16 12:00,주간,화,1,0,0,차대차,기타,기타,교차로,교차로내,승용차,불명
2012.10.17 17:00,주간,수,1,0,0,차대사람,길가장자리구역통행중,길가장자리구역통행중,단일로,기타단일로,승용차,보행자
2012.10.21 9:00,주간,일,1,0,0,차대차,정면충돌,정면충돌,단일로,기타단일로,원동기장치자전거,승용차
2012.10.18 16:00,주간,목,2,0,1,차대차,기타,기타,단일로,기타단일로,승용차,승용차
2012.10.21 6:00,주간,일,1,0,0,차량단독,공작물충돌,공작물충돌,단일로,기타단일로,화물차,0
2012.10.14 16:00,주간,일,1,0,0,차량단독,공작물충돌,공작물충돌,단일로,기타단일로,농기계,0
2012.10.5 5:00,야간,금,1,0,0,차대사람,기타,기타,단일로,기타단일로,화물차,보행자
2012.10.1 18:00,야간,월,1,1,1,차대차,추돌,진행중 추돌,단일로,기타단일로,이륜차,이륜차
2012.9.27 17:00,주간,목,1,0,0,차대사람,보도통행중,보도통행중,단일로,횡단보도상,건설기계,보행자
2012.9.27 20:00,야간,목,1,0,0,차대사람,횡단중,횡단중,단일로,기타단일로,승용차,보행자
2012.10.2 22:00,야간,화,1,0,1,차량단독,공작물충돌,공작물충돌,고가도로위,고가도로위,승용차,0
2012.9.27 19:00,야간,목,1,0,1,차대차,측면직각충돌,측면직각충돌,교차로,교차로내,이륜차,이륜차
2012.11.30 6:00,주간,금,1,0,0,차대사람,기타,기타,교차로,교차로부근,승용차,보행자
2012.11.29 19:00,야간,목,1,0,0,차대사람,횡단중,횡단중,단일로,기타단일로,승용차,보행자
2012.11.26 4:00,야간,월,1,0,1,차대차,추돌,주정차중 추돌,교차로,교차로부근,화물차,화물차
2012.11.23 3:00,야간,금,1,0,0,차대차,측면직각충돌,측면직각충돌,교차로,교차로내,화물차,화물차
2012.11.22 17:00,주간,목,1,0,0,차대사람,횡단중,횡단중,교차로,교차로내,화물차,보행자
2012.11.26 20:00,야간,월,1,1,0,차대차,측면직각충돌,측면직각충돌,단일로,기타단일로,승용차,원동기장치자전거
2012.11.10 13:00,주간,토,1,7,4,차대차,측면직각충돌,측면직각충돌,교차로,교차로내,승합차,승합차
2012.11.7 17:00,주간,수,1,0,0,차량단독,도로이탈,도로이탈 추락,교차로,교차로부근,승용차,0
2012.11.6 22:00,야간,화,1,0,5,차대사람,횡단중,횡단중,단일로,횡단보도상,승합차,보행자
2012.11.10 23:00,야간,토,1,0,0,차대차,추돌,주정차중 추돌,교차로,교차로부근,승합차,승합차
2012.9.24 5:00,야간,월,2,1,0,차량단독,공작물충돌,공작물충돌,단일로,기타단일로,승용차,0
2012.9.26 7:00,주간,수,1,3,0,차량단독,공작물충돌,공작물충돌,단일로,기타단일로,승용차,0
2012.9.26 11:00,주간,수,1,0,0,차량단독,기타,기타,단일로,기타단일로,자전거,0
2012.10.25 9:00,주간,목,1,0,0,차대사람,횡단중,횡단중,단일로,기타단일로,화물차,보행자
2012.10.22 4:00,야간,월,1,0,0,차량단독,공작물충돌,공작물충돌,단일로,기타단일로,화물차,0
2012.10.26 16:00,주간,금,1,0,0,차대차,측면직각충돌,측면직각충돌,단일로,기타단일로,원동기장치자전거,승용차
2012.10.26 18:00,야간,금,1,0,0,차대차,추돌,진행중 추돌,단일로,기타단일로,승용차,농기계
2012.10.23 19:00,야간,화,1,0,0,차대차,측면직각충돌,측면직각충돌,교차로,교차로내,승용차,이륜차
2012.10.27 19:00,야간,토,1,0,0,차대사람,기타,기타,단일로,기타단일로,승용차,보행자
2012.10.12 5:00,야간,금,1,0,0,차량단독,공작물충돌,공작물충돌,단일로,기타단일로,승용차,0
2012.9.17 21:00,야간,월,1,0,0,차대차,측면직각충돌,측면직각충돌,단일로,기타단일로,이륜차,승용차
2012.9.21 19:00,야간,금,1,0,1,차대차,정면충돌,정면충돌,단일로,기타단일로,원동기장치자전거,승용차
2012.9.21 5:00,야간,금,1,0,0,차대차,추돌,주정차중 추돌,단일로,기타단일로,승용차,승합차
2012.9.20 2:00,야간,목,1,0,0,차대사람,기타,기타,단일로,기타단일로,화물차,보행자
2012.9.19 17:00,주간,수,1,0,0,차량단독,기타,기타,단일로,기타단일로,이륜차,0
2012.9.24 20:00,야간,월,1,0,0,차량단독,전도전복,전도전복,단일로,기타단일로,이륜차,0
2012.8.8 9:00,주간,수,1,0,0,차대차,측면직각충돌,측면직각충돌,교차로,교차로내,이륜차,화물차
2012.8.4 17:00,주간,토,1,0,0,차대차,기타,기타,단일로,기타단일로,자전거,승용차
2012.8.4 18:00,야간,토,2,2,0,차량단독,전도전복,전도전복,단일로,기타단일로,승용차,0
2012.8.12 14:00,주간,일,1,0,0,차량단독,공작물충돌,공작물충돌,교차로,교차로부근,승용차,0
2012.7.7 2:00,야간,토,1,0,0,차량단독,공작물충돌,공작물충돌,단일로,기타단일로,승용차,0
2012.7.12 6:00,주간,목,1,4,0,차대차,측면직각충돌,측면직각충돌,단일로,기타단일로,승용차,승용차
2012.7.13 11:00,주간,금,1,0,0,차대사람,차도통행중,차도통행중,교차로,교차로내,승용차,보행자
2012.7.10 16:00,주간,화,1,2,0,차대차,기타,기타,교차로,교차로내,승용차,이륜차
2012.7.9 18:00,야간,월,1,1,0,차대사람,횡단중,횡단중,단일로,횡단보도상,승용차,보행자
2012.7.15 17:00,주간,일,1,0,3,차대차,기타,기타,교차로,교차로내,승용차,화물차
2012.7.14 19:00,야간,토,1,0,1,차대차,정면충돌,정면충돌,교차로,교차로부근,승용차,화물차
2012.7.14 15:00,주간,토,1,0,0,차대차,기타,기타,교차로,교차로내,이륜차,자전거
2012.7.14 20:00,야간,토,1,1,0,차대차,추돌,주정차중 추돌,교차로,교차로부근,승용차,이륜차
2012.7.14 5:00,야간,토,1,0,0,차대차,측면직각충돌,측면직각충돌,교차로,교차로내,화물차,원동기장치자전거
2012.7.13 18:00,야간,금,1,0,0,차대사람,기타,기타,단일로,기타단일로,승합차,보행자
2012.7.18 17:00,주간,수,1,2,2,차대차,추돌,진행중 추돌,단일로,기타단일로,화물차,화물차
2012.7.18 15:00,주간,수,1,0,0,차대사람,횡단중,횡단중,교차로,교차로내,승용차,보행자
2012.7.18 20:00,야간,수,1,0,0,차대차,측면직각충돌,측면직각충돌,단일로,기타단일로,승용차,자전거
2012.7.19 6:00,주간,목,1,0,0,차량단독,공작물충돌,공작물충돌,단일로,기타단일로,화물차,0
2012.7.24 6:00,주간,화,2,0,0,차량단독,전도전복,전도전복,단일로,기타단일로,화물차,0
2012.7.30 17:00,주간,월,1,0,0,차량단독,전도전복,전도전복,단일로,기타단일로,농기계,0
2012.7.28 20:00,야간,토,1,0,0,차량단독,도로이탈,도로이탈 추락,단일로,기타단일로,화물차,0
2012.9.19 21:00,야간,수,1,0,0,차대차,측면직각충돌,측면직각충돌,교차로,교차로부근,이륜차,승용차
2012.9.25 17:00,주간,화,1,1,1,차대차,기타,기타,교차로,교차로부근,승용차,승용차
2012.9.23 3:00,야간,일,1,0,0,차량단독,공작물충돌,공작물충돌,단일로,기타단일로,승용차,0
2012.8.8 6:00,주간,수,1,0,0,차대사람,차도통행중,차도통행중,단일로,기타단일로,건설기계,보행자
2012.8.6 16:00,주간,월,1,0,0,차대차,측면직각충돌,측면직각충돌,교차로,교차로부근,건설기계,원동기장치자전거
2012.8.3 16:00,주간,금,1,0,0,차대사람,기타,기타,단일로,기타단일로,승용차,보행자
2012.8.14 0:00,야간,화,1,0,0,차대사람,횡단중,횡단중,단일로,기타단일로,승용차,보행자
2012.8.14 2:00,야간,화,1,2,2,차량단독,공작물충돌,공작물충돌,단일로,기타단일로,승용차,0
2012.8.19 14:00,주간,일,1,0,0,차대사람,횡단중,횡단중,단일로,횡단보도상,승용차,보행자
2012.8.16 23:00,야간,목,1,0,2,차대차,정면충돌,정면충돌,단일로,기타단일로,승용차,승용차
2012.8.18 12:00,주간,토,1,0,0,차대사람,보도통행중,보도통행중,교차로,교차로부근,승용차,보행자
2012.8.18 11:00,주간,토,1,1,0,차량단독,도로이탈,도로이탈 추락,단일로,기타단일로,화물차,0
2012.8.19 3:00,야간,일,1,0,0,차량단독,기타,기타,교차로,교차로부근,승용차,0
2012.8.18 3:00,야간,토,1,0,0,차대차,측면직각충돌,측면직각충돌,교차로,교차로부근,이륜차,승용차
2012.8.23 22:00,야간,목,1,0,0,차대차,추돌,주정차중 추돌,단일로,기타단일로,화물차,화물차
2012.8.24 6:00,주간,금,1,0,0,차량단독,기타,기타,교차로,교차로내,농기계,0
2012.8.28 5:00,야간,화,1,0,0,차대사람,차도통행중,차도통행중,단일로,기타단일로,승용차,보행자
2012.8.27 3:00,야간,월,1,1,0,차대사람,횡단중,횡단중,단일로,횡단보도상,화물차,보행자
2012.8.25 22:00,야간,토,1,0,0,차량단독,공작물충돌,공작물충돌,단일로,기타단일로,승용차,0
2012.9.1 9:00,주간,토,1,0,0,차대사람,횡단중,횡단중,단일로,기타단일로,승용차,보행자
2012.9.1 13:00,주간,토,1,0,1,차대차,정면충돌,정면충돌,단일로,기타단일로,화물차,건설기계
2012.8.31 19:00,야간,금,1,0,0,차대차,기타,기타,교차로,교차로부근,특수차,자전거
2012.9.4 14:00,주간,화,1,0,0,차대사람,기타,기타,단일로,기타단일로,화물차,보행자