발생년월일시,주야,요일,사망자수,중상자수,경상자수,사고유형_대분류,사고유형_중분류,사고유형,도로형태_대분류,도로형태,당사자종별_1당_대분류,당사자종별_2당_대분류
2013.3.6 8:00,주간,수,1,1,0,차대차,추돌,주정차중 추돌,단일로,기타단일로,화물차,특수차
2013.3.6 4:00,야간,수,1,0,0,차대사람,기타,기타,단일로,기타단일로,화물차,보행자
2013.3.4 14:00,주간,월,1,0,0,차량단독,기타,기타,단일로,기타단일로,농기계,0
2013.3.13 3:00,야간,수,1,0,2,차대차,추돌,진행중 추돌,단일로,교량위,승용차,특수차
2013.3.14 17:00,주간,목,1,0,1,차대차,측면직각충돌,측면직각충돌,교차로,교차로내,원동기장치자전거,화물차
2013.3.12 16:00,주간,화,1,0,0,차량단독,기타,기타,단일로,기타단일로,이륜차,0
2013.3.12 7:00,주간,화,1,0,0,차대사람,횡단중,횡단중,교차로,교차로내,승용차,보행자
2013.12.23 13:00,주간,월,1,0,0,차대사람,기타,기타,단일로,기타단일로,승합차,보행자
2013.12.25 20:00,야간,수,1,2,0,차대사람,길가장자리구역통행중,길가장자리구역통행중,교차로,교차로부근,승용차,보행자
2013.12.26 20:00,야간,목,1,0,0,차대사람,기타,기타,단일로,기타단일로,승용차,보행자
2013.12.23 8:00,주간,월,1,0,0,차대차,기타,기타,단일로,기타단일로,화물차,자전거
2013.12.25 5:00,야간,수,1,0,0,차대사람,횡단중,횡단중,단일로,기타단일로,화물차,보행자
2013.12.28 8:00,주간,토,1,0,0,차량단독,도로이탈,도로이탈 추락,단일로,교량위,승용차,0
2013.12.28 21:00,야간,토,1,0,3,차대차,측면직각충돌,측면직각충돌,교차로,교차로내,승용차,승용차
2013.12.8 6:00,주간,일,1,0,0,차대사람,차도통행중,차도통행중,단일로,기타단일로,승합차,보행자
2013.12.14 19:00,야간,토,1,0,0,차대사람,기타,기타,단일로,기타단일로,승합차,보행자
2013.12.7 19:00,야간,토,1,0,0,차대사람,횡단중,횡단중,교차로,교차로부근,화물차,보행자
2013.12.8 1:00,야간,일,1,0,0,차량단독,도로이탈,도로이탈 추락,기타/불명,기타/불명,이륜차,0
2013.12.11 9:00,주간,수,1,0,0,차대차,추돌,주정차중 추돌,단일로,기타단일로,화물차,화물차
2013.12.16 18:00,야간,월,1,0,0,차대사람,기타,기타,기타/불명,기타/불명,승용차,보행자
2013.12.11 0:00,야간,수,1,0,1,차대사람,횡단중,횡단중,단일로,기타단일로,승용차,보행자
2013.12.19 6:00,주간,목,1,1,1,차대차,정면충돌,정면충돌,단일로,기타단일로,승용차,승용차
2013.12.15 0:00,야간,일,1,3,0,차대차,기타,기타,교차로,교차로내,승용차,승합차
2013.12.9 6:00,주간,월,1,1,0,차량단독,전도전복,전도전복,단일로,교량위,승용차,0
2013.12.9 7:00,주간,월,1,1,0,차대차,측면직각충돌,측면직각충돌,교차로,교차로내,승용차,농기계
2013.12.7 20:00,야간,토,1,0,0,차대사람,횡단중,횡단중,단일로,기타단일로,승용차,보행자
2013.12.8 23:00,야간,일,1,0,0,차대사람,기타,기타,단일로,기타단일로,승용차,보행자
2013.12.17 8:00,주간,화,1,0,1,차대차,측면직각충돌,측면직각충돌,단일로,기타단일로,승용차,승용차
2013.11.26 9:00,주간,화,1,0,0,차대사람,횡단중,횡단중,단일로,횡단보도상,승합차,보행자
2014.2.20 4:00,야간,목,1,3,1,차대차,추돌,주정차중 추돌,단일로,기타단일로,승용차,승용차
2014.2.19 18:00,야간,수,1,0,1,차대사람,기타,기타,단일로,기타단일로,승용차,보행자
2014.2.20 3:00,야간,목,1,0,0,차량단독,공작물충돌,공작물충돌,단일로,기타단일로,승용차,0
2014.2.17 20:00,야간,월,1,0,0,차대차,기타,기타,단일로,기타단일로,화물차,승합차
2014.2.18 10:00,주간,화,1,0,0,차대차,측면직각충돌,측면직각충돌,단일로,기타단일로,화물차,원동기장치자전거
2014.2.18 7:00,주간,화,1,0,0,차대사람,횡단중,횡단중,교차로,교차로부근,승합차,보행자
2014.2.17 20:00,야간,월,1,0,0,차대사람,횡단중,횡단중,단일로,기타단일로,승용차,보행자
2013.12.17 13:00,주간,화,1,0,0,차대차,측면직각충돌,측면직각충돌,단일로,기타단일로,이륜차,화물차
2014.3.14 16:00,주간,금,1,0,0,차대사람,횡단중,횡단중,교차로,교차로내,화물차,보행자
2014.3.16 4:00,야간,일,1,0,1,차대차,정면충돌,정면충돌,단일로,기타단일로,승용차,화물차
2014.3.16 1:00,야간,일,1,0,0,차량단독,공작물충돌,공작물충돌,단일로,기타단일로,승용차,0
2013.12.19 17:00,주간,목,1,0,0,차대사람,횡단중,횡단중,단일로,기타단일로,승용차,보행자
2013.12.24 8:00,주간,화,1,1,1,차대차,기타,기타,단일로,기타단일로,승용차,승용차
2013.12.26 23:00,야간,목,1,0,0,차대사람,기타,기타,단일로,기타단일로,승용차,보행자
2013.12.27 0:00,야간,금,1,0,1,차대사람,횡단중,횡단중,단일로,기타단일로,승용차,보행자
2013.12.27 7:00,주간,금,1,0,0,차대차,측면직각충돌,측면직각충돌,단일로,기타단일로,자전거,화물차
2013.12.30 7:00,주간,월,1,0,0,차대차,기타,기타,단일로,기타단일로,승용차,화물차
2013.12.28 16:00,주간,토,1,1,1,차대차,측면직각충돌,측면직각충돌,단일로,기타단일로,승용차,승합차
2013.12.22 3:00,야간,일,1,0,0,차량단독,전도전복,전도전복,단일로,기타단일로,승용차,0
2014.2.25 20:00,야간,화,1,0,0,차대사람,횡단중,횡단중,단일로,기타단일로,승합차,보행자
2014.2.28 15:00,주간,금,1,0,0,차량단독,기타,기타,단일로,기타단일로,농기계,0
2014.3.1 11:00,주간,토,1,0,0,차량단독,도로이탈,도로이탈 기타,단일로,기타단일로,특수차,0
2014.3.1 0:00,야간,토,1,0,0,차대사람,횡단중,횡단중,단일로,기타단일로,승용차,보행자
2014.3.1 6:00,주간,토,2,0,0,차대사람,기타,기타,단일로,기타단일로,승용차,보행자
2014.3.7 19:00,야간,금,1,0,0,차대사람,기타,기타,교차로,교차로부근,건설기계,보행자
2014.3.10 13:00,주간,월,1,0,0,차대차,측면직각충돌,측면직각충돌,교차로,교차로내,승용차,자전거
2014.3.8 15:00,주간,토,1,0,0,차량단독,기타,기타,단일로,기타단일로,승용차,0
2014.3.22 14:00,주간,토,1,0,0,차량단독,도로이탈,도로이탈 추락,단일로,기타단일로,화물차,0
2014.3.24 5:00,야간,월,1,0,0,차대사람,횡단중,횡단중,단일로,기타단일로,승합차,보행자
2014.3.23 15:00,주간,일,1,0,0,차대사람,기타,기타,단일로,기타단일로,승용차,보행자
2014.3.23 12:00,주간,일,1,0,0,차대사람,기타,기타,교차로,교차로내,승용차,보행자
2014.3.20 20:00,야간,목,1,0,0,차대사람,기타,기타,단일로,기타단일로,건설기계,보행자
2014.3.21 19:00,야간,금,1,0,0,차량단독,공작물충돌,공작물충돌,단일로,기타단일로,이륜차,0
2014.3.21 20:00,야간,금,1,0,0,차대차,추돌,진행중 추돌,단일로,기타단일로,화물차,자전거
2014.3.22 14:00,주간,토,1,0,0,차대사람,길가장자리구역통행중,길가장자리구역통행중,단일로,기타단일로,승용차,보행자
2012.10.14 1:00,야간,일,1,0,2,차대차,추돌,주정차중 추돌,교차로,교차로부근,이륜차,승용차
2012.10.21 10:00,주간,일,2,4,2,차대차,측면직각충돌,측면직각충돌,교차로,교차로내,화물차,화물차
2012.10.3 20:00,야간,수,1,0,0,차대사람,길가장자리구역통행중,길가장자리구역통행중,단일로,기타단일로,승용차,보행자
2012.11.24 11:00,주간,토,1,0,0,차대사람,길가장자리구역통행중,길가장자리구역통행중,단일로,기타단일로,불명,보행자
2012.11.29 6:00,주간,목,1,0,0,차대사람,차도통행중,차도통행중,교차로,교차로내,승용차,보행자
2012.11.24 22:00,야간,토,1,0,0,차량단독,공작물충돌,공작물충돌,단일로,기타단일로,화물차,0
2012.11.26 14:00,주간,월,1,2,0,차대차,추돌,주정차중 추돌,교차로,교차로내,화물차,승용차
2012.11.22 17:00,주간,목,1,0,0,차대사람,기타,기타,단일로,기타단일로,승용차,보행자
2012.11.26 15:00,주간,월,2,0,0,차대차,측면직각충돌,측면직각충돌,단일로,기타단일로,화물차,농기계
2012.11.9 14:00,주간,금,1,0,0,차대사람,기타,기타,단일로,기타단일로,승용차,보행자
2012.11.10 16:00,주간,토,1,0,0,차대사람,기타,기타,단일로,기타단일로,불명,보행자
2012.10.25 10:00,주간,목,1,0,0,차대차,측면직각충돌,측면직각충돌,교차로,교차로내,화물차,화물차
2012.10.25 3:00,야간,목,1,0,0,차량단독,전도전복,전도전복,교차로,교차로부근,승용차,0
2012.10.25 18:00,야간,목,1,0,0,차량단독,기타,기타,단일로,기타단일로,자전거,0
2012.10.25 21:00,야간,목,1,1,0,차대차,측면직각충돌,측면직각충돌,교차로,교차로부근,승용차,자전거
2012.10.23 5:00,야간,화,1,0,0,차대차,추돌,진행중 추돌,교차로,교차로부근,승용차,자전거
2012.10.26 14:00,주간,금,1,0,0,차대사람,기타,기타,단일로,기타단일로,화물차,보행자
2012.10.26 16:00,주간,금,1,0,0,차대사람,횡단중,횡단중,교차로,교차로내,화물차,보행자
2012.10.27 1:00,야간,토,1,0,0,차대사람,횡단중,횡단중,단일로,기타단일로,승용차,보행자
2012.10.23 5:00,야간,화,1,0,0,차대차,기타,기타,교차로,교차로내,화물차,승용차
2012.10.22 23:00,야간,월,1,0,0,차대사람,기타,기타,교차로,교차로내,특수차,보행자
2012.10.27 9:00,주간,토,1,0,0,차대차,기타,기타,단일로,기타단일로,승합차,승용차
2012.10.11 14:00,주간,목,1,0,0,차대차,측면직각충돌,측면직각충돌,교차로,교차로내,승용차,이륜차
2012.10.6 12:00,주간,토,1,0,2,차대차,측면직각충돌,측면직각충돌,교차로,교차로내,화물차,이륜차
2012.10.11 8:00,주간,목,1,0,1,차대차,측면직각충돌,측면직각충돌,단일로,기타단일로,이륜차,화물차
2012.10.11 1:00,야간,목,1,0,0,차량단독,공작물충돌,공작물충돌,단일로,기타단일로,이륜차,0
2012.10.6 19:00,야간,토,1,0,0,차대사람,기타,기타,교차로,교차로부근,승용차,보행자
2013.11.16 1:00,야간,토,1,0,0,차대사람,기타,기타,고가도로위,고가도로위,승용차,보행자
2013.11.14 18:00,야간,목,1,0,0,차대차,추돌,진행중 추돌,단일로,기타단일로,승용차,농기계
2013.11.13 23:00,야간,수,1,0,0,차대사람,기타,기타,단일로,기타단일로,승용차,보행자
2013.11.14 0:00,야간,목,1,0,0,차대사람,기타,기타,단일로,기타단일로,승용차,보행자
2013.11.13 17:00,주간,수,1,3,0,차대차,기타,기타,단일로,기타단일로,승합차,화물차
2013.11.12 23:00,야간,화,1,0,0,차대차,측면직각충돌,측면직각충돌,교차로,교차로내,승용차,이륜차
2013.11.4 7:00,주간,월,1,0,0,차대차,측면직각충돌,측면직각충돌,교차로,교차로내,승합차,자전거
2013.11.4 0:00,야간,월,1,0,0,차대사람,기타,기타,단일로,기타단일로,승용차,보행자
2013.11.3 20:00,야간,일,1,0,0,차대사람,횡단중,횡단중,단일로,기타단일로,승용차,보행자
2013.11.4 8:00,주간,월,1,0,0,차량단독,공작물충돌,공작물충돌,단일로,기타단일로,승용차,0
2013.11.7 18:00,야간,목,1,0,0,차대사람,기타,기타,단일로,기타단일로,승용차,보행자
2013.11.8 7:00,주간,금,1,0,0,차량단독,공작물충돌,공작물충돌,교차로,교차로내,승용차,0
2013.11.15 15:00,주간,금,1,0,0,차대차,기타,기타,교차로,교차로내,화물차,자전거
2013.11.15 5:00,야간,금,1,0,1,차대차,정면충돌,정면충돌,교차로,교차로내,이륜차,승용차
2013.11.15 16:00,주간,금,1,2,0,차대사람,기타,기타,단일로,기타단일로,이륜차,보행자
2013.11.11 8:00,주간,월,1,0,0,차대사람,기타,기타,단일로,기타단일로,화물차,보행자
2013.11.12 3:00,야간,화,1,0,0,차대사람,차도통행중,차도통행중,단일로,기타단일로,승용차,보행자
2013.11.19 17:00,주간,화,1,0,0,차대사람,횡단중,횡단중,단일로,횡단보도상,화물차,보행자
2013.11.19 15:00,주간,화,1,0,0,차량단독,공작물충돌,공작물충돌,교차로,교차로부근,승용차,0
2013.11.19 17:00,주간,화,1,1,0,차대차,추돌,진행중 추돌,단일로,기타단일로,화물차,농기계
2013.11.20 6:00,주간,수,1,0,0,차대사람,횡단중,횡단중,단일로,기타단일로,화물차,보행자
2013.11.19 10:00,주간,화,1,1,0,차대사람,보도통행중,보도통행중,기타/불명,기타/불명,화물차,보행자
2013.11.25 1:00,야간,월,1,0,0,차대사람,기타,기타,단일로,기타단일로,승용차,보행자
2013.11.26 8:00,주간,화,1,0,0,차대차,측면직각충돌,측면직각충돌,단일로,기타단일로,이륜차,승용차
2013.12.3 18:00,야간,화,1,0,0,차대사람,차도통행중,차도통행중,단일로,기타단일로,승용차,보행자
2013.12.3 11:00,주간,화,1,0,0,차대사람,기타,기타,단일로,기타단일로,화물차,보행자
2013.12.3 15:00,주간,화,1,0,1,차대차,측면직각충돌,측면직각충돌,단일로,기타단일로,화물차,건설기계
2013.12.3 18:00,야간,화,1,0,0,차대사람,기타,기타,교차로,교차로내,승용차,보행자
2013.12.3 21:00,야간,화,1,0,0,차대차,추돌,진행중 추돌,단일로,기타단일로,승용차,자전거
2013.12.6 10:00,주간,금,1,0,0,차량단독,도로이탈,도로이탈 추락,단일로,기타단일로,농기계,0
2013.12.5 22:00,야간,목,1,0,0,차대차,측면직각충돌,측면직각충돌,단일로,기타단일로,이륜차,승용차
2013.12.4 7:00,주간,수,1,0,0,차대사람,횡단중,횡단중,단일로,기타단일로,화물차,보행자
2013.12.4 6:00,주간,수,1,0,1,차대차,추돌,주정차중 추돌,교차로,교차로내,화물차,화물차
2013.12.4 19:00,야간,수,1,0,0,차량단독,기타,기타,단일로,기타단일로,승용차,0
2013.12.6 22:00,야간,금,1,0,0,차대사람,횡단중,횡단중,단일로,기타단일로,승합차,보행자
2013.12.31 6:00,주간,화,1,0,0,차대사람,횡단중,횡단중,교차로,교차로내,승용차,보행자
2013.12.31 17:00,주간,화,1,0,0,차대차,측면직각충돌,측면직각충돌,교차로,교차로내,승합차,이륜차
2013.12.31 13:00,주간,화,1,1,0,차대차,기타,기타,단일로,기타단일로,승용차,승용차
2013.12.30 18:00,야간,월,1,0,0,차대사람,횡단중,횡단중,단일로,기타단일로,승용차,보행자
2013.12.31 19:00,야간,화,1,0,0,차대사람,횡단중,횡단중,교차로,교차로내,화물차,보행자
2013.12.31 6:00,주간,화,1,0,0,차대사람,횡단중,횡단중,단일로,기타단일로,승용차,보행자
2013.12.31 13:00,주간,화,1,1,0,차대차,정면충돌,정면충돌,단일로,기타단일로,화물차,승합차
2013.12.30 16:00,주간,월,1,1,0,차대차,정면충돌,정면충돌,단일로,기타단일로,승합차,승용차
2013.3.10 16:00,주간,일,1,0,0,차대차,기타,기타,교차로,교차로내,화물차,원동기장치자전거
2013.3.11 9:00,주간,월,1,0,0,차대사람,차도통행중,차도통행중,교차로,교차로내,승용차,보행자
2013.3.10 19:00,야간,일,1,0,0,차대사람,차도통행중,차도통행중,단일로,기타단일로,승용차,보행자
2013.3.19 23:00,야간,화,1,0,0,차대사람,차도통행중,차도통행중,교차로,교차로부근,승용차,보행자
2013.3.19 13:00,주간,화,1,0,0,차대사람,횡단중,횡단중,교차로,교차로내,화물차,보행자
2013.3.17 20:00,야간,일,1,0,0,차대사람,보도통행중,보도통행중,단일로,기타단일로,화물차,보행자
2013.3.16 2:00,야간,토,2,0,0,차대차,측면직각충돌,측면직각충돌,교차로,교차로내,원동기장치자전거,승용차
2013.3.17 22:00,야간,일,1,0,0,차대사람,횡단중,횡단중,교차로,교차로부근,승용차,보행자
2013.3.16 3:00,야간,토,1,0,0,차량단독,기타,기타,기타/불명,기타/불명,승용차,0
2013.3.16 21:00,야간,토,1,1,0,차대차,측면직각충돌,측면직각충돌,교차로,교차로내,이륜차,승합차
2013.3.24 21:00,야간,일,1,0,0,차대사람,기타,기타,단일로,기타단일로,승용차,보행자
2013.3.25 16:00,주간,월,1,0,0,차대사람,횡단중,횡단중,단일로,기타단일로,승합차,보행자
2013.3.24 21:00,야간,일,1,0,0,차대사람,횡단중,횡단중,교차로,교차로내,승용차,보행자
2013.3.24 18:00,야간,일,1,0,0,차대사람,횡단중,횡단중,단일로,기타단일로,화물차,보행자
2013.3.23 19:00,야간,토,1,0,0,차대사람,횡단중,횡단중,단일로,기타단일로,승합차,보행자
2013.3.24 0:00,야간,일,1,0,0,차대사람,횡단중,횡단중,단일로,기타단일로,승용차,보행자
2013.3.23 19:00,야간,토,1,0,0,차대사람,횡단중,횡단중,단일로,기타단일로,승용차,보행자
2013.3.23 3:00,야간,토,1,1,0,차대차,정면충돌,정면충돌,단일로,기타단일로,승용차,화물차
2013.3.23 21:00,야간,토,1,0,0,차대사람,횡단중,횡단중,단일로,기타단일로,화물차,보행자
2013.3.30 23:00,야간,토,1,0,0,차대사람,기타,기타,교차로,교차로부근,승용차,보행자
2013.3.31 6:00,주간,일,1,0,0,차대차,추돌,주정차중 추돌,단일로,기타단일로,승용차,화물차
2013.3.30 6:00,주간,토,1,1,0,차대차,측면직각충돌,측면직각충돌,교차로,교차로내,승용차,승용차
2013.3.27 15:00,주간,수,1,0,0,차대차,추돌,진행중 추돌,지하도로내,지하도로내,건설기계,원동기장치자전거
2013.3.28 1:00,야간,목,1,0,0,차량단독,기타,기타,단일로,기타단일로,승용차,0
2013.3.29 11:00,주간,금,1,0,0,차대차,측면직각충돌,측면직각충돌,교차로,교차로내,승용차,이륜차
2013.4.20 23:00,야간,토,2,0,0,차대차,정면충돌,정면충돌,고가도로위,고가도로위,승용차,승용차
2013.3.2 0:00,야간,토,1,0,0,차대차,기타,기타,단일로,기타단일로,승용차,화물차
2013.3.2 6:00,주간,토,1,0,0,차대사람,횡단중,횡단중,단일로,횡단보도상,승용차,보행자
2013.3.1 18:00,야간,금,1,0,0,차대사람,기타,기타,단일로,기타단일로,화물차,보행자
2013.3.9 16:00,주간,토,1,1,0,차대차,추돌,진행중 추돌,단일로,기타단일로,화물차,농기계
2013.3.9 12:00,주간,토,1,0,0,차대차,추돌,진행중 추돌,단일로,기타단일로,화물차,자전거
2013.3.9 20:00,야간,토,1,0,0,차대사람,길가장자리구역통행중,길가장자리구역통행중,단일로,기타단일로,승용차,보행자
2013.3.4 17:00,주간,월,1,0,0,차대차,측면직각충돌,측면직각충돌,교차로,교차로내,화물차,이륜차
2013.7.15 6:00,주간,월,1,0,1,차대차,기타,기타,교차로,교차로내,화물차,화물차
2013.7.15 11:00,주간,월,1,0,0,차대차,기타,기타,교차로,교차로내,건설기계,자전거
2013.7.25 7:00,주간,목,1,1,0,차대차,정면충돌,정면충돌,단일로,기타단일로,승용차,승용차
2013.7.24 5:00,야간,수,1,0,0,차대사람,기타,기타,교차로,교차로내,승용차,보행자
2013.7.19 23:00,야간,금,1,0,0,차량단독,기타,기타,교차로,교차로내,원동기장치자전거,0
2013.7.22 20:00,야간,월,1,0,0,차대차,기타,기타,교차로,교차로내,이륜차,승용차
2013.7.20 3:00,야간,토,1,1,0,차량단독,공작물충돌,공작물충돌,단일로,기타단일로,원동기장치자전거,0
2013.7.20 3:00,야간,토,1,0,0,차량단독,공작물충돌,공작물충돌,단일로,기타단일로,승용차,0
2013.7.30 11:00,주간,화,1,0,0,차대차,기타,기타,교차로,교차로부근,이륜차,화물차
2013.12.14 19:00,야간,토,1,0,0,차대사람,기타,기타,교차로,교차로부근,승합차,보행자
2013.12.18 7:00,주간,수,1,0,0,차대사람,기타,기타,단일로,기타단일로,화물차,보행자
2013.12.17 19:00,야간,화,1,0,0,차대사람,횡단중,횡단중,단일로,기타단일로,승용차,보행자
2013.12.6 20:00,야간,금,1,0,0,차대사람,횡단중,횡단중,교차로,교차로내,승합차,보행자
2014.2.28 19:00,야간,금,1,0,0,차대사람,차도통행중,차도통행중,단일로,기타단일로,승용차,보행자
2014.3.20 23:00,야간,목,1,1,1,차대차,정면충돌,정면충돌,단일로,기타단일로,승용차,승용차
2014.3.21 19:00,야간,금,1,0,0,차대사람,횡단중,횡단중,단일로,횡단보도부근,승용차,보행자
2014.3.10 5:00,야간,월,1,0,0,차량단독,공작물충돌,공작물충돌,단일로,기타단일로,건설기계,0
2014.3.7 20:00,야간,금,1,0,0,차대사람,기타,기타,단일로,기타단일로,승용차,보행자
2014.3.10 19:00,야간,월,1,0,0,차대차,측면직각충돌,측면직각충돌,교차로,교차로내,건설기계,이륜차
2014.3.10 9:00,주간,월,1,0,0,차량단독,도로이탈,도로이탈 추락,단일로,교량위,화물차,0
2014.3.6 6:00,주간,목,1,0,0,차대사람,횡단중,횡단중,단일로,횡단보도상,승합차,보행자
2014.3.7 15:00,주간,금,2,0,0,차량단독,전도전복,전도전복,단일로,기타단일로,승용차,0
2014.3.7 6:00,주간,금,1,0,0,차대차,측면직각충돌,측면직각충돌,교차로,교차로내,원동기장치자전거,화물차
2014.3.19 20:00,야간,수,3,2,1,차대차,측면직각충돌,측면직각충돌,교차로,교차로내,승용차,승용차
2014.3.20 16:00,주간,목,1,0,0,차대차,기타,기타,교차로,교차로내,화물차,자전거
2014.3.20 14:00,주간,목,2,0,0,차대차,기타,기타,단일로,기타단일로,승용차,화물차
2014.3.5 0:00,야간,수,1,0,0,차대사람,횡단중,횡단중,단일로,기타단일로,승합차,보행자
2014.3.15 2:00,야간,토,1,0,0,차대사람,차도통행중,차도통행중,단일로,기타단일로,화물차,보행자
2014.3.15 22:00,야간,토,1,0,0,차대차,측면직각충돌,측면직각충돌,교차로,교차로내,승용차,이륜차
2014.3.15 19:00,야간,토,1,1,0,차대차,추돌,진행중 추돌,단일로,기타단일로,승합차,농기계
2013.12.18 5:00,야간,수,1,0,0,차대차,추돌,진행중 추돌,교차로,교차로부근,화물차,화물차
2013.12.21 10:00,주간,토,1,0,0,차대사람,횡단중,횡단중,교차로,교차로내,승용차,보행자
2014.3.13 4:00,야간,목,1,0,0,차량단독,공작물충돌,공작물충돌,단일로,교량위,승용차,0
2014.3.13 3:00,야간,목,1,0,0,차량단독,공작물충돌,공작물충돌,단일로,기타단일로,승용차,0
2014.2.19 14:00,주간,수,1,1,0,차대차,측면직각충돌,측면직각충돌,교차로,교차로내,화물차,농기계
2013.12.21 1:00,야간,토,1,0,0,차대차,측면직각충돌,측면직각충돌,교차로,교차로내,이륜차,승용차
2013.12.20 20:00,야간,금,1,0,0,차대차,기타,기타,고가도로위,고가도로위,승용차,자전거
2013.12.25 7:00,주간,수,1,0,0,차대사람,기타,기타,단일로,기타단일로,화물차,보행자
2012.10.13 13:00,주간,토,1,0,0,차대사람,횡단중,횡단중,단일로,기타단일로,승용차,보행자
2012.10.10 19:00,야간,수,1,0,0,차대사람,기타,기타,단일로,기타단일로,승용차,보행자
2012.10.13 9:00,주간,토,1,0,0,차대사람,횡단중,횡단중,교차로,교차로부근,승용차,보행자
2012.10.6 23:00,야간,토,1,6,0,차대사람,횡단중,횡단중,단일로,기타단일로,승용차,보행자
2012.10.16 22:00,야간,화,1,0,0,차대사람,횡단중,횡단중,교차로,교차로내,승용차,보행자
2012.10.21 19:00,야간,일,1,0,0,차대사람,횡단중,횡단중,단일로,기타단일로,승용차,보행자
2012.10.20 22:00,야간,토,1,0,0,차대차,측면직각충돌,측면직각충돌,교차로,교차로내,승용차,원동기장치자전거
2012.10.16 20:00,야간,화,1,0,1,차대차,기타,기타,단일로,기타단일로,화물차,농기계
2012.10.14 2:00,야간,일,1,0,0,차대사람,횡단중,횡단중,단일로,기타단일로,화물차,보행자
2012.10.13 22:00,야간,토,1,0,0,차대사람,기타,기타,단일로,기타단일로,승용차,보행자
2012.10.17 22:00,야간,수,1,0,0,차량단독,도로이탈,도로이탈 추락,단일로,교량위,화물차,0
2012.10.18 18:00,야간,목,1,0,0,차대차,기타,기타,단일로,기타단일로,화물차,원동기장치자전거
2012.10.19 6:00,주간,금,1,0,0,차대차,측면직각충돌,측면직각충돌,교차로,교차로내,원동기장치자전거,승용차
2012.10.8 15:00,주간,월,1,0,0,차대차,측면직각충돌,측면직각충돌,단일로,기타단일로,자전거,화물차
2012.10.20 15:00,주간,토,1,0,0,차량단독,도로이탈,도로이탈 기타,단일로,기타단일로,농기계,0
2012.10.16 23:00,야간,화,1,1,0,차대사람,보도통행중,보도통행중,단일로,횡단보도상,승용차,보행자
2012.10.16 12:00,주간,화,1,0,0,차대사람,횡단중,횡단중,단일로,기타단일로,화물차,보행자
2012.10.17 19:00,야간,수,1,0,0,차대사람,기타,기타,단일로,기타단일로,승용차,보행자
2012.10.17 18:00,야간,수,1,0,0,차대사람,횡단중,횡단중,교차로,교차로부근,승용차,보행자
2012.10.14 18:00,야간,일,1,0,0,차대사람,차도통행중,차도통행중,단일로,기타단일로,승용차,보행자
2012.10.17 2:00,야간,수,1,1,1,차대차,측면직각충돌,측면직각충돌,단일로,기타단일로,이륜차,승용차
2012.10.14 17:00,주간,일,1,0,0,차량단독,도로이탈,도로이탈 추락,단일로,기타단일로,이륜차,0
2012.10.15 0:00,야간,월,1,0,0,차대차,기타,기타,단일로,기타단일로,승용차,승합차
2012.10.14 22:00,야간,일,1,0,2,차대사람,기타,기타,단일로,기타단일로,화물차,보행자
2012.10.1 19:00,야간,월,1,0,0,차대사람,횡단중,횡단중,교차로,교차로부근,승용차,보행자
2012.10.1 22:00,야간,월,1,0,0,차대사람,차도통행중,차도통행중,단일로,기타단일로,승용차,보행자
2012.10.1 21:00,야간,월,1,0,0,차대차,기타,기타,단일로,기타단일로,승용차,승용차
2012.10.2 10:00,주간,화,1,1,0,차량단독,공작물충돌,공작물충돌,교차로,교차로내,원동기장치자전거,0
2012.9.28 6:00,주간,금,1,0,0,차량단독,기타,기타,단일로,기타단일로,승용차,0
2012.7.28 4:00,야간,토,1,0,0,차대사람,기타,기타,단일로,기타단일로,승용차,보행자
2012.8.2 5:00,야간,목,1,0,0,차량단독,기타,기타,단일로,기타단일로,이륜차,0
2012.8.1 23:00,야간,수,1,2,2,차대차,정면충돌,정면충돌,단일로,기타단일로,승용차,승용차
2012.8.2 16:00,주간,목,1,0,0,차대사람,횡단중,횡단중,단일로,기타단일로,승용차,보행자
2012.6.12 8:00,주간,화,1,0,3,차대차,정면충돌,정면충돌,단일로,기타단일로,건설기계,승용차
2012.6.18 21:00,야간,월,1,0,0,차대사람,횡단중,횡단중,단일로,기타단일로,승용차,보행자
2012.6.16 23:00,야간,토,1,0,0,차대차,추돌,주정차중 추돌,단일로,교량위,승용차,원동기장치자전거
2012.6.16 4:00,야간,토,1,4,0,차대차,정면충돌,정면충돌,단일로,기타단일로,승용차,승용차
2012.6.16 6:00,주간,토,1,1,0,차대차,추돌,주정차중 추돌,교차로,교차로부근,화물차,화물차
2012.6.22 19:00,야간,금,1,0,0,차대사람,차도통행중,차도통행중,단일로,기타단일로,화물차,보행자
2012.6.20 22:00,야간,수,1,0,0,차대사람,길가장자리구역통행중,길가장자리구역통행중,단일로,기타단일로,화물차,보행자
2012.6.27 14:00,주간,수,1,0,0,차대차,기타,기타,단일로,기타단일로,화물차,자전거
2012.6.27 9:00,주간,수,1,0,0,차대사람,횡단중,횡단중,단일로,기타단일로,원동기장치자전거,보행자
2012.6.28 8:00,주간,목,1,0,0,차량단독,도로이탈,도로이탈 기타,단일로,기타단일로,화물차,0
2012.6.27 18:00,야간,수,1,0,0,차대사람,기타,기타,단일로,기타단일로,승용차,보행자