발생년월일시,주야,요일,사망자수,중상자수,경상자수,사고유형_대분류,사고유형_중분류,사고유형,도로형태_대분류,도로형태,당사자종별_1당_대분류,당사자종별_2당_대분류
2012.6.25 11:00,주간,월,1,0,0,차대사람,기타,기타,단일로,기타단일로,승용차,보행자
2012.6.27 17:00,주간,수,1,0,0,차대차,측면직각충돌,측면직각충돌,단일로,기타단일로,승용차,승합차
2012.7.5 9:00,주간,목,1,0,0,차대차,측면직각충돌,측면직각충돌,교차로,교차로부근,승용차,승용차
2012.7.4 21:00,야간,수,1,0,2,차대차,측면직각충돌,측면직각충돌,교차로,교차로내,이륜차,승용차
2012.7.5 21:00,야간,목,1,0,0,차량단독,공작물충돌,공작물충돌,단일로,기타단일로,승용차,0
2012.7.5 21:00,야간,목,1,0,0,차대사람,기타,기타,단일로,기타단일로,화물차,보행자
2012.7.8 0:00,야간,일,1,0,0,차대사람,횡단중,횡단중,단일로,횡단보도상,이륜차,보행자
2012.7.7 13:00,주간,토,1,2,0,차량단독,공작물충돌,공작물충돌,단일로,기타단일로,승용차,0
2012.7.11 20:00,야간,수,1,0,1,차량단독,기타,기타,단일로,기타단일로,승용차,0
2012.7.17 0:00,야간,화,1,0,0,차대사람,기타,기타,단일로,기타단일로,승용차,보행자
2012.7.15 6:00,주간,일,1,0,0,차대사람,횡단중,횡단중,단일로,횡단보도상,승합차,보행자
2013.12.31 4:00,야간,화,1,0,1,차대차,기타,기타,교차로,교차로내,승용차,승용차
2013.12.31 5:00,야간,화,1,0,0,차대사람,기타,기타,단일로,기타단일로,승용차,보행자
2013.11.27 1:00,야간,수,1,0,0,차량단독,공작물충돌,공작물충돌,교차로,교차로내,승용차,0
2013.11.26 6:00,주간,화,1,0,0,차대차,추돌,주정차중 추돌,교차로,교차로부근,승용차,화물차
2012.9.27 0:00,야간,목,1,0,0,차량단독,공작물충돌,공작물충돌,단일로,터널안,승용차,0
2012.10.2 15:00,주간,화,1,0,0,차대사람,기타,기타,단일로,기타단일로,승용차,보행자
2012.11.29 9:00,주간,금,1,0,0,차대차,기타,기타,교차로,교차로내,자전거,승용차
2012.11.23 6:00,주간,금,1,1,0,차대사람,횡단중,횡단중,교차로,교차로내,승용차,보행자
2012.11.27 10:00,주간,화,1,0,0,차대차,측면직각충돌,측면직각충돌,단일로,기타단일로,자전거,승합차
2012.11.25 4:00,야간,일,1,2,0,차대차,정면충돌,정면충돌,단일로,기타단일로,승용차,승용차
2012.11.25 23:00,야간,일,1,0,1,차대차,정면충돌,정면충돌,단일로,기타단일로,승용차,승용차
2012.11.8 18:00,야간,목,1,0,0,차대사람,횡단중,횡단중,단일로,기타단일로,승용차,보행자
2012.11.10 0:00,야간,토,1,0,0,차대사람,기타,기타,단일로,기타단일로,화물차,보행자
2012.11.13 11:00,주간,화,1,4,1,차량단독,공작물충돌,공작물충돌,단일로,기타단일로,승용차,0
2012.11.6 5:00,야간,화,1,0,0,차대사람,보도통행중,보도통행중,교차로,교차로내,승합차,보행자
2012.11.7 17:00,주간,수,1,0,0,차대사람,횡단중,횡단중,고가도로위,고가도로위,화물차,보행자
2012.11.7 22:00,야간,수,1,0,0,차량단독,공작물충돌,공작물충돌,단일로,기타단일로,이륜차,0
2012.11.8 14:00,주간,목,1,0,0,차대차,측면직각충돌,측면직각충돌,교차로,교차로내,농기계,화물차
2012.11.8 18:00,야간,목,1,0,0,차대사람,기타,기타,교차로,교차로부근,승용차,보행자
2012.9.23 20:00,야간,일,1,0,0,차대사람,기타,기타,단일로,기타단일로,승용차,보행자
2012.10.24 21:00,야간,수,1,0,0,차량단독,공작물충돌,공작물충돌,교차로,교차로내,이륜차,0
2012.10.25 11:00,주간,목,1,0,0,차량단독,전도전복,전도전복,단일로,기타단일로,농기계,0
2012.10.25 14:00,주간,목,1,0,0,차대사람,횡단중,횡단중,교차로,교차로부근,화물차,보행자
2012.10.25 19:00,야간,목,1,0,0,차대사람,횡단중,횡단중,단일로,기타단일로,승용차,보행자
2012.10.25 19:00,야간,목,1,0,0,차대사람,횡단중,횡단중,단일로,횡단보도부근,건설기계,보행자
2012.10.8 17:00,주간,월,1,0,0,차량단독,공작물충돌,공작물충돌,단일로,기타단일로,원동기장치자전거,0
2012.10.9 8:00,주간,화,1,0,1,차대차,측면직각충돌,측면직각충돌,교차로,교차로내,원동기장치자전거,승용차
2012.10.5 10:00,주간,금,1,0,0,차대차,측면직각충돌,측면직각충돌,단일로,기타단일로,승용차,자전거
2012.10.5 20:00,야간,금,1,0,0,차대사람,기타,기타,단일로,기타단일로,승용차,보행자
2012.10.6 2:00,야간,토,1,0,0,차대사람,기타,기타,교차로,교차로부근,승용차,보행자
2012.10.11 12:00,주간,목,1,0,0,차대사람,기타,기타,단일로,기타단일로,화물차,보행자
2012.10.14 19:00,야간,일,1,0,0,차대사람,보도통행중,보도통행중,교차로,교차로부근,승용차,보행자
2012.10.15 2:00,야간,월,1,0,0,차대사람,기타,기타,단일로,기타단일로,승용차,보행자
2012.10.15 17:00,주간,월,1,0,0,차대사람,횡단중,횡단중,교차로,교차로내,승합차,보행자
2012.10.19 13:00,주간,금,1,1,0,차대사람,횡단중,횡단중,단일로,횡단보도상,화물차,보행자
2012.10.20 13:00,주간,토,1,0,0,차량단독,전도전복,전도전복,교차로,교차로부근,농기계,0
2012.10.17 4:00,야간,수,1,0,0,차량단독,공작물충돌,공작물충돌,교차로,교차로부근,승용차,0
2012.10.21 17:00,주간,일,1,0,0,차대사람,기타,기타,단일로,기타단일로,화물차,보행자
2012.10.17 17:00,주간,수,1,0,0,차량단독,공작물충돌,공작물충돌,단일로,기타단일로,화물차,0
2012.10.17 6:00,주간,수,1,0,0,차대사람,횡단중,횡단중,단일로,기타단일로,승용차,보행자
2012.9.29 16:00,주간,토,1,0,1,차대차,측면직각충돌,측면직각충돌,교차로,교차로부근,원동기장치자전거,승용차
2012.10.5 17:00,주간,금,1,0,1,차대차,측면직각충돌,측면직각충돌,교차로,교차로내,건설기계,승용차
2012.11.27 8:00,주간,화,1,0,0,차대사람,횡단중,횡단중,교차로,교차로부근,승용차,보행자
2013.7.29 18:00,야간,월,1,0,0,차량단독,기타,기타,단일로,기타단일로,화물차,0
2013.7.26 9:00,주간,금,1,6,11,차대차,측면직각충돌,측면직각충돌,교차로,교차로내,승합차,화물차
2013.7.26 20:00,야간,금,1,0,0,차대사람,횡단중,횡단중,단일로,기타단일로,승용차,보행자
2013.7.28 3:00,야간,일,1,0,0,차대사람,횡단중,횡단중,단일로,기타단일로,승용차,보행자
2013.8.3 21:00,야간,토,1,0,0,차대사람,기타,기타,단일로,기타단일로,화물차,보행자
2013.8.3 20:00,야간,토,1,0,0,차대사람,차도통행중,차도통행중,단일로,횡단보도상,승용차,보행자
2013.7.30 21:00,야간,화,1,1,0,차량단독,전도전복,전도전복,고가도로위,고가도로위,이륜차,0
2013.7.30 15:00,주간,화,1,0,0,차대차,측면직각충돌,측면직각충돌,단일로,기타단일로,승용차,이륜차
2013.7.30 14:00,주간,화,1,0,0,차대사람,횡단중,횡단중,교차로,교차로부근,승용차,보행자
2013.8.2 12:00,주간,금,1,0,0,차대차,측면직각충돌,측면직각충돌,교차로,교차로내,승용차,원동기장치자전거
2013.8.8 5:00,야간,목,1,0,0,차량단독,도로이탈,도로이탈 추락,단일로,기타단일로,승용차,0
2013.8.8 12:00,주간,목,1,0,0,차대차,측면직각충돌,측면직각충돌,교차로,교차로내,건설기계,이륜차
2013.8.6 10:00,주간,화,1,1,0,차대차,측면직각충돌,측면직각충돌,교차로,교차로내,화물차,이륜차
2013.8.6 12:00,주간,화,1,1,0,차대차,정면충돌,정면충돌,단일로,기타단일로,화물차,화물차
2013.8.6 18:00,야간,화,1,0,0,차량단독,기타,기타,단일로,기타단일로,원동기장치자전거,0
2013.8.6 23:00,야간,화,1,1,0,차량단독,도로이탈,도로이탈 추락,단일로,기타단일로,승용차,0
2013.8.7 5:00,야간,수,2,1,0,차대사람,기타,기타,단일로,기타단일로,승용차,보행자
2013.8.14 17:00,주간,수,1,0,0,차대차,추돌,진행중 추돌,교차로,교차로내,이륜차,승용차
2013.8.15 6:00,주간,목,1,1,1,차대차,기타,기타,교차로,교차로내,원동기장치자전거,승용차
2013.8.13 17:00,주간,화,1,0,0,차량단독,공작물충돌,공작물충돌,단일로,기타단일로,승용차,0
2013.8.19 18:00,야간,월,1,0,0,차대사람,횡단중,횡단중,교차로,교차로내,승용차,보행자
2013.8.16 5:00,야간,금,1,0,0,차대사람,기타,기타,교차로,교차로내,승용차,보행자
2013.8.16 18:00,야간,금,1,0,0,차량단독,전도전복,전도전복,단일로,기타단일로,농기계,0
2013.8.16 17:00,주간,금,1,0,0,차대차,기타,기타,교차로,교차로내,화물차,이륜차
2013.8.17 7:00,주간,토,1,0,0,차대사람,기타,기타,단일로,기타단일로,건설기계,보행자
2013.8.16 22:00,야간,금,1,0,0,차대사람,기타,기타,기타/불명,기타/불명,승용차,보행자
2013.8.24 14:00,주간,토,1,0,0,차대차,측면직각충돌,측면직각충돌,단일로,기타단일로,자전거,승용차
2013.7.10 17:00,주간,수,1,0,1,차대차,추돌,진행중 추돌,교차로,교차로내,승용차,화물차
2013.7.18 16:00,주간,목,1,0,0,차대사람,차도통행중,차도통행중,교차로,교차로부근,승용차,보행자
2013.7.19 13:00,주간,금,1,0,0,차대차,측면직각충돌,측면직각충돌,교차로,교차로내,자전거,승용차
2013.7.19 9:00,주간,금,1,0,0,차대사람,횡단중,횡단중,단일로,횡단보도부근,승합차,보행자
2013.7.17 18:00,야간,수,1,0,0,차대사람,기타,기타,단일로,기타단일로,승용차,보행자
2013.7.22 13:00,주간,월,1,1,0,차량단독,공작물충돌,공작물충돌,단일로,기타단일로,이륜차,0
2013.10.2 2:00,야간,수,1,0,0,차량단독,전도전복,전도전복,교차로,교차로부근,이륜차,0
2013.10.2 1:00,야간,수,1,0,0,차대차,측면직각충돌,측면직각충돌,교차로,교차로내,승용차,이륜차
2013.9.30 9:00,주간,월,1,0,0,차대차,측면직각충돌,측면직각충돌,교차로,교차로내,승용차,이륜차
2013.10.2 7:00,주간,수,1,0,0,차대사람,횡단중,횡단중,단일로,기타단일로,화물차,보행자
2013.10.2 7:00,주간,수,1,0,0,차대차,측면직각충돌,측면직각충돌,단일로,기타단일로,자전거,화물차
2013.10.1 19:00,야간,화,1,0,0,차대차,기타,기타,단일로,기타단일로,승용차,농기계
2013.10.7 20:00,야간,월,1,0,0,차대사람,차도통행중,차도통행중,단일로,기타단일로,승용차,보행자
2013.10.6 18:00,야간,일,1,0,0,차대사람,기타,기타,단일로,기타단일로,승용차,보행자
2013.10.3 5:00,야간,목,1,0,0,차대사람,기타,기타,단일로,기타단일로,승용차,보행자
2013.10.16 11:00,주간,수,1,0,1,차량단독,공작물충돌,공작물충돌,단일로,기타단일로,승용차,0
2012.10.18 18:00,야간,목,1,0,0,차대차,추돌,진행중 추돌,기타/불명,기타/불명,이륜차,승용차
2012.10.19 9:00,주간,금,1,0,0,차대사람,보도통행중,보도통행중,단일로,횡단보도부근,화물차,보행자
2012.9.28 11:00,주간,금,1,0,0,차대차,추돌,진행중 추돌,단일로,기타단일로,자전거,승용차
2012.10.2 3:00,야간,화,1,0,0,차대사람,횡단중,횡단중,단일로,기타단일로,승용차,보행자
2012.9.28 1:00,야간,금,1,0,0,차대사람,기타,기타,단일로,기타단일로,불명,보행자
2012.9.29 13:00,주간,토,1,0,0,차대차,추돌,주정차중 추돌,단일로,기타단일로,이륜차,이륜차
2012.9.29 0:00,야간,토,1,0,1,차대차,측면직각충돌,측면직각충돌,교차로,교차로내,승용차,승용차
2012.10.4 14:00,주간,목,1,0,0,차대사람,기타,기타,단일로,기타단일로,화물차,보행자
2012.11.29 4:00,야간,목,1,0,0,차대사람,기타,기타,단일로,기타단일로,승용차,보행자
2012.11.25 19:00,야간,일,1,0,0,차대사람,기타,기타,기타/불명,기타/불명,화물차,보행자
2012.11.22 9:00,주간,목,1,0,0,차대차,측면직각충돌,측면직각충돌,단일로,기타단일로,이륜차,승용차
2012.11.22 15:00,주간,목,1,0,0,차대사람,길가장자리구역통행중,길가장자리구역통행중,단일로,기타단일로,농기계,보행자
2012.11.23 18:00,야간,금,1,0,0,차대사람,길가장자리구역통행중,길가장자리구역통행중,단일로,기타단일로,승용차,보행자
2012.11.24 15:00,주간,토,1,0,0,차대사람,보도통행중,보도통행중,교차로,교차로내,화물차,보행자
2012.11.28 15:00,주간,수,1,0,0,차대차,정면충돌,정면충돌,기타/불명,기타/불명,승용차,건설기계
2012.11.28 16:00,주간,수,1,0,0,차량단독,도로이탈,도로이탈 기타,단일로,기타단일로,화물차,0
2012.11.10 16:00,주간,토,2,0,0,차량단독,공작물충돌,공작물충돌,단일로,기타단일로,화물차,0
2012.11.7 11:00,주간,수,1,0,0,차대사람,기타,기타,교차로,교차로부근,화물차,보행자
2012.11.12 13:00,주간,월,1,3,1,차대차,정면충돌,정면충돌,교차로,교차로내,승합차,이륜차
2012.9.26 14:00,주간,수,1,0,0,차대사람,기타,기타,교차로,교차로부근,화물차,보행자
2012.9.26 19:00,야간,수,1,0,0,차량단독,도로이탈,도로이탈 추락,단일로,기타단일로,원동기장치자전거,0
2012.9.26 15:00,주간,수,1,0,0,차대차,추돌,주정차중 추돌,단일로,기타단일로,농기계,승용차
2012.9.22 13:00,주간,토,1,0,0,차량단독,전도전복,전도전복,단일로,터널안,이륜차,0
2012.10.27 5:00,야간,토,1,1,0,차대차,정면충돌,정면충돌,교차로,교차로내,승용차,화물차
2012.10.23 9:00,주간,화,3,0,0,차량단독,도로이탈,도로이탈 기타,단일로,기타단일로,화물차,0
2012.10.22 19:00,야간,월,1,0,1,차대차,추돌,진행중 추돌,고가도로위,고가도로위,화물차,승용차
2012.10.23 15:00,주간,화,1,0,0,차대차,정면충돌,정면충돌,교차로,교차로내,이륜차,화물차
2012.10.23 19:00,야간,화,1,0,0,차대사람,기타,기타,단일로,기타단일로,승합차,보행자
2012.10.23 22:00,야간,화,1,0,0,차대사람,기타,기타,단일로,기타단일로,승용차,보행자
2012.8.13 13:00,주간,월,1,0,0,차량단독,기타,기타,단일로,기타단일로,승용차,0
2012.8.19 16:00,주간,일,1,0,0,차대차,기타,기타,단일로,기타단일로,이륜차,승용차
2012.8.20 5:00,야간,월,1,2,0,차대차,정면충돌,정면충돌,교차로,교차로부근,승용차,승용차
2012.8.25 4:00,야간,토,1,0,2,차대차,측면직각충돌,측면직각충돌,교차로,교차로부근,승용차,화물차
2012.8.23 23:00,야간,목,1,0,1,차대차,추돌,주정차중 추돌,단일로,기타단일로,화물차,승합차
2012.8.22 15:00,주간,수,1,0,0,차대차,추돌,진행중 추돌,단일로,기타단일로,화물차,자전거
2012.8.22 7:00,주간,수,1,2,2,차대차,정면충돌,정면충돌,교차로,교차로부근,화물차,승용차
2012.8.21 23:00,야간,화,1,0,0,차대차,추돌,진행중 추돌,단일로,기타단일로,승합차,자전거
2012.8.30 1:00,야간,목,1,0,0,차량단독,공작물충돌,공작물충돌,교차로,교차로부근,승용차,0
2012.8.27 19:00,야간,월,1,0,0,차대사람,횡단중,횡단중,교차로,교차로내,승용차,보행자
2012.8.27 1:00,야간,월,1,0,0,차대사람,횡단중,횡단중,단일로,기타단일로,승용차,보행자
2012.8.26 8:00,주간,일,1,1,0,차대차,측면직각충돌,측면직각충돌,교차로,교차로내,승용차,승용차
2012.9.2 17:00,주간,일,1,0,0,차대사람,차도통행중,차도통행중,교차로,교차로내,승합차,보행자
2012.9.2 11:00,주간,일,1,0,0,차대사람,횡단중,횡단중,교차로,교차로부근,승합차,보행자
2012.7.19 8:00,주간,목,1,1,0,차량단독,공작물충돌,공작물충돌,단일로,기타단일로,승용차,0
2012.7.18 15:00,주간,수,1,0,1,차대사람,차도통행중,차도통행중,단일로,기타단일로,화물차,보행자
2012.7.18 21:00,야간,수,1,0,0,차대차,기타,기타,교차로,교차로부근,자전거,화물차
2012.7.24 19:00,야간,화,1,0,0,차대사람,횡단중,횡단중,교차로,교차로내,승용차,보행자
2012.7.23 11:00,주간,월,1,0,0,차대사람,횡단중,횡단중,단일로,기타단일로,승용차,보행자
2012.7.22 7:00,주간,일,1,0,0,차대차,기타,기타,단일로,기타단일로,원동기장치자전거,승용차
2012.7.29 2:00,야간,일,3,0,0,차량단독,공작물충돌,공작물충돌,교차로,교차로부근,승용차,0
2012.7.29 12:00,주간,일,1,1,0,차량단독,도로이탈,도로이탈 추락,기타/불명,기타/불명,승용차,0
2012.7.30 14:00,주간,월,1,0,0,차량단독,공작물충돌,공작물충돌,기타/불명,기타/불명,승용차,0
2012.6.11 19:00,야간,월,1,0,0,차대차,추돌,주정차중 추돌,단일로,기타단일로,승용차,승합차
2012.6.12 20:00,야간,화,1,0,0,차대사람,횡단중,횡단중,교차로,교차로내,승용차,보행자
2012.6.18 23:00,야간,월,1,0,0,차대차,정면충돌,정면충돌,단일로,기타단일로,자전거,승용차
2012.6.18 21:00,야간,월,1,0,0,차대사람,기타,기타,단일로,기타단일로,승용차,보행자
2012.6.16 21:00,야간,토,1,2,2,차대차,정면충돌,정면충돌,고가도로위,고가도로위,승용차,승용차
2012.6.24 3:00,야간,일,2,2,0,차량단독,전도전복,전도전복,단일로,교량위,승용차,0
2012.6.21 20:00,야간,목,1,0,0,차량단독,도로이탈,도로이탈 추락,단일로,기타단일로,승용차,0
2013.11.8 21:00,야간,금,1,0,0,차대사람,기타,기타,단일로,기타단일로,화물차,보행자
2013.11.8 17:00,주간,금,1,0,0,차대차,추돌,진행중 추돌,단일로,터널안,화물차,건설기계
2013.11.8 13:00,주간,금,1,0,0,차대사람,보도통행중,보도통행중,교차로,교차로부근,건설기계,보행자
2013.11.7 11:00,주간,목,1,1,0,차대차,기타,기타,단일로,횡단보도상,승용차,승합차
2013.11.15 21:00,야간,금,1,0,0,차대사람,차도통행중,차도통행중,단일로,기타단일로,화물차,보행자
2013.11.15 6:00,주간,금,1,0,0,차대차,기타,기타,단일로,기타단일로,원동기장치자전거,승합차
2013.11.15 12:00,주간,금,1,0,0,차대차,기타,기타,교차로,교차로내,이륜차,승용차
2013.11.15 6:00,주간,금,2,0,0,차량단독,공작물충돌,공작물충돌,단일로,기타단일로,승용차,0
2013.11.15 17:00,주간,금,1,0,0,차대차,측면직각충돌,측면직각충돌,단일로,기타단일로,화물차,화물차
2013.11.16 6:00,주간,토,1,0,0,차대사람,횡단중,횡단중,단일로,기타단일로,건설기계,보행자
2012.5.20 23:00,야간,일,1,5,0,차량단독,공작물충돌,공작물충돌,교차로,교차로부근,승용차,0
2012.8.15 13:00,주간,수,1,0,0,차대사람,보도통행중,보도통행중,기타/불명,기타/불명,화물차,보행자
2013.11.12 17:00,주간,화,1,0,0,차대사람,차도통행중,차도통행중,단일로,기타단일로,화물차,보행자
2013.11.12 2:00,야간,화,2,2,0,차량단독,공작물충돌,공작물충돌,단일로,기타단일로,승용차,0
2013.11.12 19:00,야간,화,1,0,0,차대사람,차도통행중,차도통행중,단일로,기타단일로,승용차,보행자
2013.11.12 13:00,주간,화,1,0,0,차대사람,기타,기타,단일로,기타단일로,특수차,보행자
2013.11.20 9:00,주간,수,1,0,0,차대사람,횡단중,횡단중,교차로,교차로부근,화물차,보행자
2012.6.30 23:00,야간,토,1,0,0,차대사람,기타,기타,단일로,기타단일로,화물차,보행자
2013.11.21 5:00,야간,목,1,0,0,차대사람,횡단중,횡단중,단일로,기타단일로,승용차,보행자
2013.11.18 22:00,야간,월,1,0,0,차대사람,기타,기타,교차로,교차로내,승용차,보행자
2013.11.17 1:00,야간,일,1,0,0,차량단독,공작물충돌,공작물충돌,단일로,기타단일로,승용차,0
2013.11.16 22:00,야간,토,1,0,0,차대차,측면직각충돌,측면직각충돌,단일로,기타단일로,승용차,승용차
2013.11.17 18:00,야간,일,1,1,0,차대사람,보도통행중,보도통행중,단일로,기타단일로,화물차,보행자
2013.11.17 23:00,야간,일,1,0,0,차량단독,도로이탈,도로이탈 기타,단일로,기타단일로,원동기장치자전거,0
2013.11.24 23:00,야간,일,1,1,0,차대사람,기타,기타,교차로,교차로내,승용차,보행자
2013.10.23 20:00,야간,수,1,0,0,차량단독,공작물충돌,공작물충돌,단일로,기타단일로,화물차,0
2013.11.1 18:00,야간,금,1,0,0,차대사람,기타,기타,단일로,기타단일로,승용차,보행자
2012.11.28 10:00,주간,수,1,0,0,차대사람,횡단중,횡단중,단일로,기타단일로,승합차,보행자
2012.11.29 1:00,야간,목,1,0,0,차량단독,공작물충돌,공작물충돌,단일로,기타단일로,승용차,0
2012.11.25 21:00,야간,일,1,0,0,차대사람,차도통행중,차도통행중,단일로,기타단일로,승용차,보행자
2012.11.26 19:00,야간,월,2,1,0,차대차,측면직각충돌,측면직각충돌,단일로,기타단일로,특수차,승용차
2012.8.13 16:00,주간,월,1,0,0,차량단독,도로이탈,도로이탈 기타,단일로,기타단일로,화물차,0
2012.8.13 19:00,야간,월,1,0,0,차량단독,공작물충돌,공작물충돌,교차로,교차로부근,원동기장치자전거,0
2012.8.13 6:00,주간,월,1,0,0,차대차,측면직각충돌,측면직각충돌,교차로,교차로내,승용차,이륜차
2012.8.18 13:00,주간,토,1,0,0,차량단독,공작물충돌,공작물충돌,단일로,기타단일로,화물차,0
2012.8.18 20:00,야간,토,1,0,0,차대사람,횡단중,횡단중,교차로,교차로내,화물차,보행자
2012.8.16 19:00,야간,목,1,0,0,차대사람,횡단중,횡단중,교차로,교차로부근,승용차,보행자
2012.8.23 15:00,주간,목,1,0,0,차대사람,차도통행중,차도통행중,단일로,횡단보도부근,화물차,보행자
2012.9.3 11:00,주간,월,1,0,0,차대차,측면직각충돌,측면직각충돌,단일로,기타단일로,자전거,건설기계
2012.8.31 18:00,야간,금,1,0,0,차대차,측면직각충돌,측면직각충돌,교차로,교차로내,화물차,이륜차
2012.9.4 9:00,주간,토,2,0,0,차량단독,도로이탈,도로이탈 추락,단일로,기타단일로,농기계,0
2012.9.4 10:00,주간,화,1,0,0,차대차,기타,기타,교차로,교차로내,화물차,원동기장치자전거
2012.9.4 16:00,주간,화,1,0,0,차량단독,기타,기타,단일로,기타단일로,농기계,0
2012.9.3 5:00,야간,월,1,0,0,차대사람,기타,기타,단일로,기타단일로,승용차,보행자
2012.9.9 4:00,야간,일,1,0,0,차대사람,횡단중,횡단중,교차로,교차로내,승용차,보행자
2012.9.11 1:00,야간,화,1,1,0,차대사람,횡단중,횡단중,단일로,기타단일로,승용차,보행자
2012.9.14 5:00,야간,금,1,0,0,차대사람,차도통행중,차도통행중,단일로,기타단일로,화물차,보행자
2012.9.14 23:00,야간,금,1,0,0,차량단독,전도전복,전도전복,단일로,기타단일로,농기계,0
2012.9.14 15:00,주간,금,1,0,3,차대차,추돌,진행중 추돌,교차로,교차로부근,화물차,화물차
2012.9.11 23:00,야간,화,1,0,0,차대사람,횡단중,횡단중,단일로,횡단보도상,승용차,보행자
2012.9.12 14:00,주간,수,1,2,0,차대차,측면직각충돌,측면직각충돌,교차로,교차로내,승용차,화물차
2012.9.11 7:00,주간,화,1,0,0,차대차,측면직각충돌,측면직각충돌,교차로,교차로내,이륜차,화물차
2012.9.17 19:00,야간,월,1,0,0,차량단독,전도전복,전도전복,단일로,기타단일로,승용차,0
2012.9.18 13:00,주간,화,1,1,0,차대차,측면직각충돌,측면직각충돌,교차로,교차로내,원동기장치자전거,화물차
2012.9.15 19:00,야간,토,1,1,0,차대차,정면충돌,정면충돌,단일로,기타단일로,화물차,건설기계
2012.9.22 0:00,야간,토,1,0,0,차대차,측면직각충돌,측면직각충돌,교차로,교차로내,화물차,이륜차
2012.9.19 9:00,주간,수,1,0,0,차대차,기타,기타,단일로,기타단일로,화물차,자전거
2012.9.19 1:00,야간,수,1,0,0,차대차,기타,기타,단일로,기타단일로,화물차,화물차
2012.9.20 2:00,야간,목,1,0,0,차량단독,공작물충돌,공작물충돌,단일로,기타단일로,승용차,0
2012.9.25 20:00,야간,화,1,0,0,차대사람,길가장자리구역통행중,길가장자리구역통행중,단일로,기타단일로,화물차,보행자
2012.8.7 20:00,야간,화,1,0,0,차대사람,횡단중,횡단중,단일로,기타단일로,승용차,보행자
2012.8.6 14:00,주간,월,1,1,0,차량단독,기타,기타,단일로,기타단일로,승용차,0
2012.8.6 11:00,주간,월,1,0,0,차대사람,횡단중,횡단중,단일로,횡단보도부근,승합차,보행자
2012.8.7 19:00,야간,화,1,0,0,차대사람,횡단중,횡단중,단일로,횡단보도상,승용차,보행자
2012.8.6 5:00,야간,월,1,0,0,차대사람,길가장자리구역통행중,길가장자리구역통행중,단일로,기타단일로,화물차,보행자
2012.8.4 9:00,주간,토,1,0,0,차량단독,전도전복,전도전복,단일로,기타단일로,화물차,0
2012.8.11 20:00,야간,토,1,0,0,차대사람,횡단중,횡단중,단일로,기타단일로,화물차,보행자
2012.8.11 21:00,야간,토,1,0,0,차량단독,공작물충돌,공작물충돌,단일로,기타단일로,승용차,0
2012.8.9 16:00,주간,목,1,0,0,차량단독,전도전복,전도전복,단일로,기타단일로,이륜차,0
2012.8.9 9:00,주간,목,1,2,0,차대사람,기타,기타,단일로,기타단일로,승용차,보행자
2012.8.16 2:00,야간,목,1,0,0,차대사람,기타,기타,단일로,기타단일로,승합차,보행자
2013.10.16 8:00,주간,수,1,0,0,차대차,측면직각충돌,측면직각충돌,교차로,교차로내,승용차,자전거
2013.10.16 20:00,야간,수,1,0,0,차대사람,길가장자리구역통행중,길가장자리구역통행중,단일로,기타단일로,승용차,보행자
2013.10.16 17:00,주간,수,1,0,0,차대차,추돌,진행중 추돌,단일로,기타단일로,승용차,농기계
2013.10.13 11:00,주간,일,1,1,1,차대차,측면직각충돌,측면직각충돌,교차로,교차로내,승용차,원동기장치자전거
2013.10.14 18:00,야간,월,1,1,0,차대사람,기타,기타,단일로,기타단일로,승용차,보행자
2013.10.14 20:00,야간,월,1,0,0,차대사람,차도통행중,차도통행중,단일로,기타단일로,승용차,보행자
2013.10.13 23:00,야간,일,1,0,0,차대차,추돌,주정차중 추돌,교차로,교차로부근,승용차,이륜차
2013.10.13 6:00,주간,일,1,2,1,차대차,측면직각충돌,측면직각충돌,교차로,교차로내,승용차,승용차
2013.10.15 13:00,주간,화,1,0,0,차대차,추돌,주정차중 추돌,단일로,기타단일로,이륜차,화물차
2013.10.15 18:00,야간,화,1,1,1,차대차,측면직각충돌,측면직각충돌,교차로,교차로내,화물차,승합차
2013.10.15 22:00,야간,화,1,1,0,차대차,기타,기타,단일로,기타단일로,화물차,승용차
2013.10.14 15:00,주간,월,1,0,0,차대차,측면직각충돌,측면직각충돌,교차로,교차로내,원동기장치자전거,승용차
2013.10.13 19:00,야간,일,1,0,0,차대사람,횡단중,횡단중,기타/불명,기타/불명,승용차,보행자
2013.10.21 18:00,야간,월,1,1,0,차대차,기타,기타,단일로,기타단일로,이륜차,승용차
2013.10.21 10:00,주간,월,1,0,0,차대차,측면직각충돌,측면직각충돌,단일로,기타단일로,자전거,승용차
2013.10.21 14:00,주간,월,1,0,0,차대사람,횡단중,횡단중,단일로,기타단일로,승합차,보행자
2013.10.22 16:00,주간,화,1,0,0,차량단독,기타,기타,단일로,기타단일로,승용차,0
2013.9.5 12:00,주간,목,1,0,0,차대차,측면직각충돌,측면직각충돌,교차로,교차로내,승용차,원동기장치자전거
2013.9.8 10:00,주간,일,1,0,0,차대차,기타,기타,단일로,기타단일로,승용차,원동기장치자전거
2013.9.10 0:00,야간,화,1,0,0,차량단독,기타,기타,단일로,기타단일로,승용차,0
2013.9.8 0:00,야간,일,1,0,4,차대차,정면충돌,정면충돌,교차로,교차로내,승용차,승용차