발생년월일시,주야,요일,사망자수,중상자수,경상자수,사고유형_대분류,사고유형_중분류,사고유형,도로형태_대분류,도로형태,당사자종별_1당_대분류,당사자종별_2당_대분류
2013.9.6 6:00,주간,금,1,0,0,차대차,기타,기타,교차로,교차로부근,원동기장치자전거,승용차
2013.9.14 20:00,야간,토,1,0,0,차대사람,차도통행중,차도통행중,단일로,기타단일로,승용차,보행자
2013.9.12 22:00,야간,목,1,0,0,차대사람,횡단중,횡단중,교차로,교차로내,승합차,보행자
2013.9.13 4:00,야간,금,1,0,1,차대차,측면직각충돌,측면직각충돌,교차로,교차로내,승용차,승용차
2013.9.19 22:00,야간,목,1,1,0,차량단독,공작물충돌,공작물충돌,단일로,기타단일로,승용차,0
2013.9.19 21:00,야간,목,1,0,0,차대사람,횡단중,횡단중,기타/불명,기타/불명,승용차,보행자
2013.9.21 0:00,야간,토,1,0,0,차량단독,기타,기타,단일로,기타단일로,승용차,0
2013.9.18 6:00,주간,수,1,1,0,차량단독,공작물충돌,공작물충돌,지하도로내,지하도로내,승용차,0
2013.9.16 11:00,주간,월,1,0,0,차대차,기타,기타,교차로,교차로부근,화물차,자전거
2013.9.26 19:00,야간,목,1,0,1,차대사람,횡단중,횡단중,단일로,기타단일로,승용차,보행자
2012.7.29 3:00,야간,일,1,2,0,차대차,기타,기타,교차로,교차로내,승용차,이륜차
2012.7.29 1:00,야간,일,1,0,0,차대사람,차도통행중,차도통행중,단일로,기타단일로,승용차,보행자
2012.7.29 17:00,주간,일,1,0,0,차대차,측면직각충돌,측면직각충돌,단일로,기타단일로,화물차,이륜차
2012.7.26 5:00,야간,목,1,0,0,차대차,정면충돌,정면충돌,단일로,기타단일로,승용차,화물차
2012.8.3 8:00,주간,금,1,0,0,차대차,기타,기타,단일로,기타단일로,승용차,이륜차
2012.8.3 0:00,야간,금,1,0,0,차량단독,도로이탈,도로이탈 기타,단일로,기타단일로,화물차,0
2012.8.3 1:00,야간,금,1,0,0,차대사람,차도통행중,차도통행중,단일로,기타단일로,승용차,보행자
2012.6.12 7:00,주간,화,1,0,0,차대사람,횡단중,횡단중,단일로,기타단일로,승합차,보행자
2012.6.21 20:00,야간,목,1,0,0,차대사람,차도통행중,차도통행중,단일로,기타단일로,승용차,보행자
2012.6.21 17:00,주간,목,1,0,0,차대사람,기타,기타,교차로,교차로부근,화물차,보행자
2012.6.20 21:00,야간,수,1,0,0,차대사람,길가장자리구역통행중,길가장자리구역통행중,단일로,기타단일로,승용차,보행자
2012.8.31 1:00,야간,금,1,2,1,차대차,추돌,주정차중 추돌,단일로,기타단일로,승용차,승용차
2012.8.31 8:00,주간,금,1,0,0,차대사람,기타,기타,단일로,횡단보도상,승용차,보행자
2012.8.31 6:00,주간,금,1,0,0,차대차,기타,기타,단일로,기타단일로,승합차,농기계
2012.9.5 0:00,야간,수,1,0,0,차량단독,기타,기타,단일로,기타단일로,화물차,0
2012.9.4 9:00,주간,화,1,0,0,차량단독,공작물충돌,공작물충돌,단일로,교량위,승용차,0
2012.9.3 13:00,주간,월,1,0,0,차대차,추돌,주정차중 추돌,단일로,기타단일로,이륜차,건설기계
2012.9.11 1:00,야간,화,1,0,0,차량단독,공작물충돌,공작물충돌,교차로,교차로내,승용차,0
2012.9.8 2:00,야간,토,1,0,0,차대사람,차도통행중,차도통행중,단일로,기타단일로,승용차,보행자
2012.9.7 8:00,주간,금,2,0,1,차대차,기타,기타,교차로,교차로내,이륜차,승용차
2012.9.14 21:00,야간,금,1,0,0,차대사람,기타,기타,교차로,교차로내,승합차,보행자
2012.9.12 22:00,야간,수,1,0,0,차대사람,기타,기타,기타/불명,기타/불명,승합차,보행자
2012.9.11 2:00,야간,화,1,0,0,차량단독,도로이탈,도로이탈 추락,단일로,기타단일로,승용차,0
2012.9.17 17:00,주간,월,1,0,1,차대차,측면직각충돌,측면직각충돌,교차로,교차로내,원동기장치자전거,승용차
2012.9.17 19:00,야간,월,1,0,0,차대사람,기타,기타,단일로,기타단일로,승용차,보행자
2012.9.17 9:00,주간,월,1,2,1,차량단독,공작물충돌,공작물충돌,단일로,기타단일로,승용차,0
2012.9.14 19:00,야간,금,1,0,0,차대사람,기타,기타,단일로,기타단일로,화물차,보행자
2012.9.21 23:00,야간,금,1,0,0,차량단독,기타,기타,단일로,기타단일로,원동기장치자전거,0
2012.9.22 2:00,야간,토,1,0,0,차대사람,횡단중,횡단중,단일로,횡단보도상,승용차,보행자
2012.9.18 18:00,야간,화,1,0,1,차대차,기타,기타,교차로,교차로부근,이륜차,승용차
2012.9.25 2:00,야간,화,1,0,0,차대사람,횡단중,횡단중,교차로,교차로내,승용차,보행자
2012.9.23 5:00,야간,일,1,0,0,차대차,추돌,진행중 추돌,교차로,교차로내,승용차,자전거
2012.9.24 12:00,주간,월,1,1,0,차량단독,기타,기타,단일로,기타단일로,농기계,0
2012.9.24 4:00,야간,월,1,1,0,차량단독,전도전복,전도전복,단일로,기타단일로,승용차,0
2012.8.6 16:00,주간,월,1,0,0,차대사람,횡단중,횡단중,단일로,기타단일로,승용차,보행자
2012.8.11 6:00,주간,토,1,0,0,차량단독,공작물충돌,공작물충돌,단일로,기타단일로,이륜차,0
2012.8.11 6:00,주간,토,1,0,0,차량단독,공작물충돌,공작물충돌,고가도로위,고가도로위,원동기장치자전거,0
2012.8.10 9:00,주간,금,1,0,0,차량단독,도로이탈,도로이탈 기타,단일로,기타단일로,승용차,0
2014.2.26 1:00,야간,수,1,0,0,차량단독,도로이탈,도로이탈 추락,단일로,기타단일로,승용차,0
2014.2.27 7:00,주간,목,1,0,0,차대사람,횡단중,횡단중,교차로,교차로부근,승합차,보행자
2014.2.27 15:00,주간,목,1,1,0,차대차,기타,기타,기타/불명,기타/불명,자전거,자전거
2014.3.3 17:00,주간,월,1,0,0,차대사람,기타,기타,단일로,횡단보도상,승합차,보행자
2014.2.28 18:00,야간,금,1,0,0,차량단독,전도전복,전도전복,기타/불명,기타/불명,이륜차,0
2014.3.4 8:00,주간,화,1,0,0,차대사람,기타,기타,단일로,기타단일로,자전거,보행자
2014.3.3 9:00,주간,월,1,0,0,차량단독,도로이탈,도로이탈 추락,단일로,기타단일로,이륜차,0
2014.2.27 20:00,야간,목,1,0,0,차대차,추돌,주정차중 추돌,단일로,기타단일로,이륜차,화물차
2014.3.3 21:00,야간,월,1,0,0,차대사람,횡단중,횡단중,단일로,횡단보도상,승합차,보행자
2014.3.4 9:00,주간,화,1,0,0,차대차,추돌,주정차중 추돌,단일로,기타단일로,승용차,화물차
2014.3.20 19:00,야간,목,1,0,0,차대차,정면충돌,정면충돌,기타/불명,기타/불명,화물차,농기계
2014.3.6 18:00,야간,목,1,0,0,차대차,기타,기타,교차로,교차로내,화물차,원동기장치자전거
2013.12.23 16:00,주간,월,1,0,0,차량단독,전도전복,전도전복,교차로,교차로부근,화물차,0
2013.12.23 22:00,야간,월,1,0,0,차대사람,차도통행중,차도통행중,교차로,교차로부근,승합차,보행자
2013.12.21 16:00,주간,토,1,0,0,차량단독,공작물충돌,공작물충돌,교차로,교차로부근,승용차,0
2013.12.24 4:00,야간,화,1,0,0,차대사람,기타,기타,교차로,교차로부근,승용차,보행자
2013.11.1 10:00,주간,금,1,0,0,차대차,측면직각충돌,측면직각충돌,단일로,기타단일로,이륜차,승용차
2013.11.1 8:00,주간,금,1,0,0,차량단독,도로이탈,도로이탈 기타,교차로,교차로부근,원동기장치자전거,0
2013.11.1 14:00,주간,금,1,0,1,차대사람,기타,기타,기타/불명,기타/불명,승합차,보행자
2013.11.1 16:00,주간,금,1,0,0,차량단독,공작물충돌,공작물충돌,단일로,기타단일로,이륜차,0
2013.11.1 1:00,야간,금,1,0,0,차대차,추돌,주정차중 추돌,단일로,기타단일로,승용차,승용차
2013.10.29 22:00,야간,화,1,0,0,차대사람,기타,기타,교차로,교차로내,승용차,보행자
2013.10.29 21:00,야간,화,1,0,0,차대사람,기타,기타,단일로,기타단일로,승용차,보행자
2013.11.4 0:00,야간,월,1,0,0,차량단독,도로이탈,도로이탈 추락,단일로,교량위,승용차,0
2013.11.2 0:00,야간,토,1,0,0,차대사람,기타,기타,교차로,교차로부근,승용차,보행자
2013.11.10 14:00,주간,일,1,0,0,차대사람,횡단중,횡단중,교차로,교차로내,승용차,보행자
2013.11.10 16:00,주간,일,1,0,0,차대사람,횡단중,횡단중,단일로,기타단일로,승용차,보행자
2013.11.9 22:00,야간,토,1,0,0,차량단독,공작물충돌,공작물충돌,단일로,교량위,승용차,0
2013.11.10 22:00,야간,일,1,0,0,차대사람,기타,기타,단일로,기타단일로,승용차,보행자
2013.11.10 23:00,야간,일,1,2,0,차량단독,도로이탈,도로이탈 추락,단일로,기타단일로,화물차,0
2013.11.7 9:00,주간,목,1,0,0,차대사람,길가장자리구역통행중,길가장자리구역통행중,단일로,기타단일로,화물차,보행자
2013.11.7 2:00,야간,목,1,0,0,차량단독,공작물충돌,공작물충돌,단일로,기타단일로,화물차,0
2014.3.22 9:00,주간,토,1,1,2,차대차,기타,기타,단일로,기타단일로,승용차,승용차
2014.3.22 9:00,주간,토,1,0,0,차대차,추돌,진행중 추돌,단일로,기타단일로,이륜차,승합차
2014.3.23 16:00,주간,일,1,0,0,차대사람,기타,기타,단일로,기타단일로,승용차,보행자
2014.3.18 21:00,야간,화,1,0,0,차대사람,횡단중,횡단중,단일로,기타단일로,승용차,보행자
2014.3.18 10:00,주간,화,1,0,1,차대차,기타,기타,교차로,교차로부근,건설기계,특수차
2014.3.19 23:00,야간,수,3,7,1,차대차,추돌,주정차중 추돌,단일로,기타단일로,승합차,승용차
2013.12.26 4:00,야간,목,1,0,0,차량단독,공작물충돌,공작물충돌,단일로,기타단일로,승용차,0
2013.12.19 13:00,주간,목,1,0,0,차대차,측면직각충돌,측면직각충돌,단일로,기타단일로,건설기계,자전거
2013.12.24 11:00,주간,화,1,0,0,차대차,측면직각충돌,측면직각충돌,교차로,교차로내,자전거,승용차
2013.12.29 18:00,야간,일,1,0,0,차대사람,기타,기타,단일로,기타단일로,화물차,보행자
2013.12.21 6:00,주간,토,1,0,0,차대사람,횡단중,횡단중,단일로,기타단일로,화물차,보행자
2013.12.26 12:00,주간,목,1,0,0,차량단독,전도전복,전도전복,단일로,기타단일로,화물차,0
2013.12.28 20:00,야간,토,1,0,0,차대사람,횡단중,횡단중,교차로,교차로부근,승용차,보행자
2013.12.8 18:00,야간,일,1,1,0,차대차,측면직각충돌,측면직각충돌,단일로,기타단일로,이륜차,승합차
2013.12.9 18:00,야간,월,1,1,1,차대차,기타,기타,단일로,기타단일로,건설기계,승용차
2013.12.15 19:00,야간,일,1,0,0,차대사람,횡단중,횡단중,교차로,교차로내,화물차,보행자
2013.12.14 23:00,야간,토,1,2,1,차량단독,전도전복,전도전복,단일로,기타단일로,승용차,0
2013.12.11 17:00,주간,수,1,0,0,차대사람,기타,기타,교차로,교차로부근,승합차,보행자
2013.12.18 19:00,야간,수,1,0,0,차대사람,기타,기타,단일로,횡단보도상,승용차,보행자
2013.12.18 22:00,야간,수,1,0,0,차대사람,횡단중,횡단중,교차로,교차로부근,승용차,보행자
2013.12.12 23:00,야간,목,1,0,0,차대차,정면충돌,정면충돌,교차로,교차로부근,승용차,이륜차
2013.12.12 19:00,야간,목,1,0,0,차대차,정면충돌,정면충돌,단일로,기타단일로,승용차,승합차
2013.12.12 17:00,주간,목,1,2,0,차량단독,전도전복,전도전복,단일로,기타단일로,승용차,0
2014.2.18 15:00,주간,화,1,0,0,차대사람,기타,기타,교차로,교차로부근,승용차,보행자
2014.2.27 14:00,주간,목,1,0,0,차대사람,횡단중,횡단중,단일로,기타단일로,승합차,보행자
2014.3.3 5:00,야간,월,1,0,0,차량단독,도로이탈,도로이탈 추락,단일로,기타단일로,승용차,0
2014.3.3 5:00,야간,월,1,0,0,차대사람,횡단중,횡단중,단일로,횡단보도부근,승용차,보행자
2012.8.15 15:00,주간,수,1,0,0,차대사람,횡단중,횡단중,단일로,기타단일로,승용차,보행자
2012.8.13 22:00,야간,월,1,0,1,차대사람,기타,기타,단일로,기타단일로,승용차,보행자
2013.11.14 1:00,야간,목,1,0,0,차대사람,횡단중,횡단중,단일로,기타단일로,승용차,보행자
2013.11.13 14:00,주간,수,1,0,0,차대사람,기타,기타,단일로,기타단일로,승합차,보행자
2012.2.22 6:00,주간,수,1,0,0,차대사람,횡단중,횡단중,단일로,기타단일로,승용차,보행자
2013.11.21 16:00,주간,목,1,0,0,차대차,추돌,진행중 추돌,단일로,기타단일로,화물차,농기계
2013.11.17 14:00,주간,일,1,0,0,차대차,측면직각충돌,측면직각충돌,교차로,교차로내,승용차,원동기장치자전거
2013.11.17 19:00,야간,일,1,0,0,차대사람,횡단중,횡단중,단일로,기타단일로,승용차,보행자
2013.11.18 8:00,주간,월,1,0,0,차대차,측면직각충돌,측면직각충돌,교차로,교차로내,승용차,승용차
2013.11.18 1:00,야간,월,1,0,0,차대사람,횡단중,횡단중,단일로,기타단일로,승용차,보행자
2013.11.21 17:00,주간,목,1,0,0,차대차,측면직각충돌,측면직각충돌,교차로,교차로부근,승용차,이륜차
2013.11.22 6:00,주간,금,1,0,0,차대차,추돌,주정차중 추돌,단일로,기타단일로,화물차,화물차
2013.11.29 10:00,주간,금,1,0,0,차량단독,기타,기타,단일로,기타단일로,농기계,0
2013.11.29 10:00,주간,금,1,0,0,차대차,기타,기타,교차로,교차로부근,화물차,화물차
2013.12.1 20:00,야간,일,1,0,2,차대차,측면직각충돌,측면직각충돌,단일로,기타단일로,화물차,승용차
2013.11.30 14:00,주간,토,1,0,0,차대사람,기타,기타,단일로,기타단일로,승합차,보행자
2013.12.1 19:00,야간,일,1,0,0,차대사람,기타,기타,단일로,기타단일로,승용차,보행자
2013.11.30 19:00,야간,토,1,0,0,차대사람,횡단중,횡단중,단일로,기타단일로,승용차,보행자
2013.11.30 21:00,야간,토,1,0,0,차대사람,차도통행중,차도통행중,교차로,교차로내,승용차,보행자
2013.11.30 13:00,주간,토,1,0,0,차대사람,횡단중,횡단중,교차로,교차로내,승합차,보행자
2013.12.1 4:00,야간,일,1,0,0,차량단독,전도전복,전도전복,단일로,기타단일로,승용차,0
2013.10.26 6:00,주간,토,1,0,0,차대사람,횡단중,횡단중,단일로,횡단보도상,승용차,보행자
2013.10.27 0:00,야간,일,1,1,0,차대차,측면직각충돌,측면직각충돌,교차로,교차로내,승용차,이륜차
2013.10.26 18:00,야간,토,1,0,0,차대사람,횡단중,횡단중,교차로,교차로부근,화물차,보행자
2013.10.24 16:00,주간,목,1,0,0,차량단독,전도전복,전도전복,단일로,기타단일로,화물차,0
2013.10.31 3:00,야간,목,1,0,0,차량단독,전도전복,전도전복,지하도로내,지하도로내,이륜차,0
2013.10.28 18:00,야간,월,1,0,0,차대사람,횡단중,횡단중,교차로,교차로부근,승용차,보행자
2013.10.29 23:00,야간,화,1,0,0,차량단독,공작물충돌,공작물충돌,교차로,교차로부근,이륜차,0
2013.10.30 1:00,야간,수,1,1,0,차대사람,기타,기타,교차로,교차로부근,화물차,보행자
2013.11.6 0:00,야간,수,1,0,0,차량단독,도로이탈,도로이탈 기타,단일로,기타단일로,승용차,0
2013.11.5 7:00,주간,화,1,0,0,차대사람,기타,기타,지하도로내,지하도로내,승합차,보행자
2013.11.5 18:00,야간,화,1,0,0,차대차,추돌,진행중 추돌,단일로,기타단일로,승용차,농기계
2013.11.5 5:00,야간,화,1,0,0,차대차,추돌,주정차중 추돌,기타/불명,기타/불명,화물차,화물차
2013.11.2 15:00,주간,토,1,0,0,차대사람,기타,기타,지하도로내,지하도로내,화물차,보행자
2013.11.2 14:00,주간,토,1,0,0,차대사람,횡단중,횡단중,교차로,교차로부근,승용차,보행자
2013.11.10 15:00,주간,일,1,0,0,차량단독,전도전복,전도전복,기타/불명,기타/불명,승용차,0
2013.11.10 4:00,야간,일,1,0,0,차량단독,공작물충돌,공작물충돌,교차로,교차로부근,승용차,0
2013.11.9 3:00,야간,토,1,0,0,차대사람,기타,기타,교차로,교차로내,승용차,보행자
2013.11.9 9:00,주간,토,1,0,0,차량단독,도로이탈,도로이탈 기타,단일로,기타단일로,농기계,0
2013.11.7 16:00,주간,목,1,0,0,차대사람,횡단중,횡단중,단일로,기타단일로,건설기계,보행자
2013.11.7 18:00,야간,목,1,0,1,차대차,추돌,진행중 추돌,교차로,교차로부근,이륜차,승용차
2013.11.7 15:00,주간,목,1,0,1,차량단독,도로이탈,도로이탈 추락,단일로,기타단일로,승용차,0
2012.6.20 12:00,주간,수,1,0,0,차대사람,기타,기타,단일로,기타단일로,승용차,보행자
2012.6.30 3:00,야간,토,1,0,0,차대사람,횡단중,횡단중,교차로,교차로내,승용차,보행자
2012.6.30 0:00,야간,토,1,0,0,차대사람,횡단중,횡단중,기타/불명,기타/불명,승합차,보행자
2012.6.30 20:00,야간,토,1,0,0,차대사람,횡단중,횡단중,단일로,기타단일로,승용차,보행자
2012.6.30 20:00,야간,토,2,0,0,차량단독,도로이탈,도로이탈 추락,단일로,기타단일로,승용차,0
2012.7.1 22:00,야간,일,1,0,0,차대사람,기타,기타,교차로,교차로부근,승용차,보행자
2012.6.29 7:00,주간,금,1,0,0,차대차,기타,기타,교차로,교차로내,화물차,자전거
2012.7.5 8:00,주간,목,1,0,16,차대차,정면충돌,정면충돌,교차로,교차로내,승합차,화물차
2012.7.3 14:00,주간,화,1,0,0,차대사람,기타,기타,단일로,기타단일로,승용차,보행자
2012.7.2 12:00,주간,월,1,1,0,차량단독,전도전복,전도전복,단일로,기타단일로,이륜차,0
2012.7.2 12:00,주간,월,1,1,2,차량단독,전도전복,전도전복,단일로,기타단일로,승용차,0
2012.7.8 20:00,야간,일,1,0,0,차대사람,횡단중,횡단중,교차로,교차로내,승용차,보행자
2012.7.6 2:00,야간,금,2,0,0,차량단독,공작물충돌,공작물충돌,단일로,기타단일로,승용차,0
2012.7.13 15:00,주간,금,1,0,1,차대차,정면충돌,정면충돌,단일로,기타단일로,화물차,승용차
2012.7.17 9:00,주간,화,1,0,0,차대사람,횡단중,횡단중,단일로,기타단일로,화물차,보행자
2012.7.17 1:00,야간,화,1,0,0,차대사람,기타,기타,단일로,기타단일로,승용차,보행자
2012.7.14 12:00,주간,토,1,0,0,차대사람,기타,기타,교차로,교차로내,승용차,보행자
2012.7.14 3:00,야간,토,1,0,0,차대사람,기타,기타,단일로,기타단일로,승용차,보행자
2012.7.13 19:00,야간,금,1,1,0,차량단독,공작물충돌,공작물충돌,단일로,기타단일로,승용차,0
2012.7.21 10:00,주간,토,1,0,1,차대사람,기타,기타,단일로,기타단일로,승용차,보행자
2012.7.21 3:00,야간,토,1,0,1,차량단독,공작물충돌,공작물충돌,단일로,기타단일로,원동기장치자전거,0
2012.7.22 12:00,주간,일,1,0,0,차량단독,공작물충돌,공작물충돌,단일로,기타단일로,원동기장치자전거,0
2012.7.21 21:00,야간,토,1,0,0,차량단독,기타,기타,단일로,기타단일로,원동기장치자전거,0
2012.7.19 0:00,야간,목,1,0,0,차대사람,기타,기타,단일로,기타단일로,승용차,보행자
2012.7.20 0:00,야간,금,1,0,0,차대사람,기타,기타,단일로,기타단일로,승용차,보행자
2012.7.20 4:00,야간,금,1,0,0,차대사람,횡단중,횡단중,단일로,횡단보도상,이륜차,보행자
2012.7.24 13:00,주간,화,1,0,0,차량단독,전도전복,전도전복,단일로,기타단일로,화물차,0
2012.7.24 15:00,주간,화,1,0,0,차대사람,기타,기타,단일로,기타단일로,건설기계,보행자
2012.7.24 7:00,주간,화,1,1,1,차대차,기타,기타,교차로,교차로부근,화물차,화물차
2012.7.24 5:00,야간,월,1,7,1,차대차,측면직각충돌,측면직각충돌,교차로,교차로내,자전거,승합차
2012.7.28 20:00,야간,토,1,0,0,차대차,기타,기타,교차로,교차로내,화물차,자전거
2013.3.14 16:00,주간,목,1,0,0,차대사람,횡단중,횡단중,교차로,교차로부근,화물차,보행자
2013.3.14 6:00,주간,목,1,0,0,차대사람,횡단중,횡단중,교차로,교차로부근,건설기계,보행자
2013.3.12 15:00,주간,화,1,0,0,차대사람,길가장자리구역통행중,길가장자리구역통행중,단일로,기타단일로,화물차,보행자
2013.3.12 18:00,야간,화,1,4,1,차대차,기타,기타,단일로,기타단일로,승용차,승용차
2013.3.11 5:00,야간,월,1,0,0,차대사람,횡단중,횡단중,단일로,횡단보도상,승용차,보행자
2013.3.19 2:00,야간,화,1,0,0,차대사람,기타,기타,단일로,기타단일로,승용차,보행자
2013.3.19 11:00,주간,화,1,3,0,차대차,기타,기타,교차로,교차로내,화물차,화물차
2013.3.21 7:00,주간,목,1,0,0,차대사람,횡단중,횡단중,단일로,기타단일로,승용차,보행자
2013.3.16 10:00,주간,토,1,0,1,차대사람,횡단중,횡단중,교차로,교차로내,화물차,보행자
2013.3.17 15:00,주간,일,1,0,0,차량단독,전도전복,전도전복,교차로,교차로부근,농기계,0
2013.3.18 6:00,주간,월,1,0,0,차량단독,공작물충돌,공작물충돌,단일로,기타단일로,승용차,0
2013.3.18 6:00,주간,월,1,0,0,차량단독,기타,기타,단일로,기타단일로,농기계,0
2013.12.26 8:00,주간,목,1,1,0,차대차,측면직각충돌,측면직각충돌,교차로,교차로내,화물차,원동기장치자전거
2013.12.20 10:00,주간,금,1,0,0,차대사람,기타,기타,교차로,교차로내,건설기계,보행자
2013.12.20 6:00,주간,금,1,0,0,차대사람,길가장자리구역통행중,길가장자리구역통행중,단일로,기타단일로,화물차,보행자
2013.12.22 20:00,야간,일,1,0,0,차량단독,기타,기타,기타/불명,기타/불명,승용차,0
2013.12.28 20:00,야간,토,1,0,0,차량단독,공작물충돌,공작물충돌,단일로,기타단일로,승용차,0
2013.12.7 22:00,야간,토,1,0,0,차대사람,횡단중,횡단중,단일로,기타단일로,승용차,보행자
2013.12.13 5:00,야간,금,1,0,0,차대차,정면충돌,정면충돌,단일로,기타단일로,승용차,건설기계
2013.12.16 1:00,야간,월,1,0,0,차대사람,횡단중,횡단중,단일로,기타단일로,승용차,보행자
2013.12.17 10:00,주간,화,1,0,0,차대사람,기타,기타,교차로,교차로부근,화물차,보행자
2013.12.11 7:00,주간,수,1,2,0,차대차,추돌,진행중 추돌,단일로,기타단일로,화물차,승용차
2013.12.8 8:00,주간,일,1,0,1,차대차,정면충돌,정면충돌,교차로,교차로내,승용차,화물차
2013.12.7 20:00,야간,토,1,0,0,차대사람,횡단중,횡단중,단일로,기타단일로,승용차,보행자
2013.12.14 22:00,야간,토,1,3,0,차대차,측면직각충돌,측면직각충돌,교차로,교차로부근,승용차,승용차
2014.2.19 6:00,주간,수,1,0,0,차대사람,횡단중,횡단중,교차로,교차로내,승용차,보행자
2014.2.18 8:00,주간,화,1,1,0,차량단독,도로이탈,도로이탈 기타,단일로,기타단일로,화물차,0
2014.2.17 20:00,야간,월,1,0,0,차대사람,기타,기타,단일로,기타단일로,승용차,보행자
2014.2.16 14:00,주간,일,1,0,0,차대차,측면직각충돌,측면직각충돌,교차로,교차로내,승용차,농기계
2014.2.18 6:00,주간,화,1,0,0,차대사람,횡단중,횡단중,교차로,교차로부근,승용차,보행자
2014.2.18 16:00,주간,화,1,0,0,차대차,측면직각충돌,측면직각충돌,교차로,교차로내,승합차,자전거
2014.2.27 7:00,주간,목,1,0,0,차대차,측면직각충돌,측면직각충돌,교차로,교차로내,화물차,이륜차
2014.2.25 23:00,야간,화,1,0,3,차량단독,전도전복,전도전복,단일로,기타단일로,승용차,0
2014.2.26 10:00,주간,수,1,0,0,차량단독,기타,기타,단일로,기타단일로,원동기장치자전거,0
2014.3.1 1:00,야간,토,1,0,0,차대사람,횡단중,횡단중,교차로,교차로내,승용차,보행자
2014.3.1 3:00,야간,토,1,2,1,차대차,측면직각충돌,측면직각충돌,단일로,기타단일로,승용차,승용차
2014.3.1 0:00,야간,토,1,2,0,차대차,기타,기타,교차로,교차로부근,승용차,승용차
2014.3.2 2:00,야간,일,1,0,0,차량단독,공작물충돌,공작물충돌,단일로,기타단일로,승용차,0
2013.12.27 19:00,야간,금,1,0,0,차대사람,기타,기타,단일로,기타단일로,화물차,보행자
2013.12.24 3:00,야간,화,1,0,0,차대차,기타,기타,단일로,기타단일로,승용차,화물차
2013.12.22 0:00,야간,일,1,0,0,차대차,기타,기타,기타/불명,기타/불명,승용차,승용차
2013.12.8 0:00,야간,일,1,0,0,차대사람,횡단중,횡단중,단일로,기타단일로,승용차,보행자
2013.12.17 3:00,야간,화,1,0,0,차대사람,기타,기타,교차로,교차로내,화물차,보행자
2013.12.28 5:00,야간,토,1,0,0,차량단독,공작물충돌,공작물충돌,단일로,기타단일로,승용차,0
2013.12.8 6:00,주간,일,1,0,0,차대사람,횡단중,횡단중,교차로,교차로내,승용차,보행자
2014.3.7 18:00,야간,금,1,0,0,차대사람,횡단중,횡단중,교차로,교차로부근,승합차,보행자
2014.3.7 15:00,주간,금,1,0,0,차대사람,횡단중,횡단중,교차로,교차로내,승용차,보행자
2014.3.6 0:00,야간,목,1,0,0,차대차,정면충돌,정면충돌,단일로,기타단일로,승용차,승용차
2014.3.5 5:00,야간,수,1,0,0,차대사람,횡단중,횡단중,단일로,기타단일로,승용차,보행자
2014.3.6 19:00,야간,목,1,0,0,차대차,측면직각충돌,측면직각충돌,단일로,기타단일로,승용차,이륜차
2014.3.5 22:00,야간,수,1,1,1,차대차,기타,기타,단일로,기타단일로,승용차,이륜차
2014.3.5 22:00,야간,수,2,2,0,차대차,추돌,진행중 추돌,교차로,교차로내,승용차,특수차
2014.3.6 1:00,야간,목,2,0,0,차대차,측면직각충돌,측면직각충돌,교차로,교차로부근,승용차,승용차
2014.3.5 7:00,주간,수,1,0,0,차대사람,횡단중,횡단중,단일로,기타단일로,승용차,보행자
2014.3.3 20:00,야간,월,1,0,0,차대사람,횡단중,횡단중,교차로,교차로부근,승용차,보행자
2014.3.9 18:00,야간,일,1,0,0,차대사람,횡단중,횡단중,교차로,교차로내,화물차,보행자
2014.3.9 4:00,야간,일,1,0,0,차량단독,전도전복,전도전복,단일로,기타단일로,승용차,0
2014.3.22 22:00,야간,토,1,0,0,차대사람,횡단중,횡단중,교차로,교차로내,승용차,보행자
2014.3.21 7:00,주간,금,1,0,0,차대차,추돌,진행중 추돌,단일로,기타단일로,이륜차,건설기계
2014.3.19 6:00,주간,수,1,0,0,차대사람,차도통행중,차도통행중,단일로,기타단일로,승용차,보행자
2014.3.19 16:00,주간,수,1,0,0,차대차,정면충돌,정면충돌,단일로,기타단일로,화물차,승합차
2014.3.19 14:00,주간,수,1,0,0,차대차,추돌,진행중 추돌,교차로,교차로내,원동기장치자전거,화물차
2014.3.7 10:00,주간,금,1,0,0,차량단독,전도전복,전도전복,단일로,기타단일로,승용차,0
2014.3.8 0:00,야간,토,1,0,0,차량단독,전도전복,전도전복,단일로,기타단일로,승용차,0
2014.3.6 13:00,주간,목,1,0,0,차대차,측면직각충돌,측면직각충돌,단일로,기타단일로,자전거,승합차
2014.3.3 14:00,주간,월,1,4,8,차대차,추돌,진행중 추돌,단일로,기타단일로,건설기계,승용차
2013.12.27 7:00,주간,금,1,0,0,차대사람,기타,기타,단일로,횡단보도상,건설기계,보행자
2013.12.20 23:00,야간,금,1,0,0,차대차,추돌,주정차중 추돌,단일로,기타단일로,화물차,승용차
2013.12.20 20:00,야간,금,1,3,1,차대차,기타,기타,단일로,기타단일로,승용차,승합차
2013.12.26 12:00,주간,목,1,0,0,차대사람,기타,기타,단일로,횡단보도상,승합차,보행자
2012.9.28 14:00,주간,금,1,0,0,차대차,측면직각충돌,측면직각충돌,단일로,기타단일로,화물차,농기계
2012.9.28 21:00,야간,금,1,0,0,차대사람,길가장자리구역통행중,길가장자리구역통행중,단일로,기타단일로,화물차,보행자