발생년월일시,주야,요일,사망자수,중상자수,경상자수,사고유형_대분류,사고유형_중분류,사고유형,도로형태_대분류,도로형태,당사자종별_1당_대분류,당사자종별_2당_대분류
2012.10.4 2:00,야간,목,1,0,1,차대차,기타,기타,교차로,교차로내,자전거,승합차
2012.9.29 0:00,야간,토,2,0,0,차대사람,기타,기타,단일로,횡단보도부근,승용차,보행자
2012.9.29 17:00,주간,토,1,0,0,차대사람,횡단중,횡단중,단일로,횡단보도부근,승용차,보행자
2012.11.24 18:00,야간,토,1,0,0,차대사람,횡단중,횡단중,단일로,횡단보도상,승용차,보행자
2012.11.22 9:00,주간,목,1,0,0,차대사람,횡단중,횡단중,단일로,기타단일로,승합차,보행자
2012.11.26 22:00,야간,월,1,0,0,차대사람,횡단중,횡단중,단일로,기타단일로,승합차,보행자
2012.11.22 18:00,야간,목,1,0,0,차대차,추돌,진행중 추돌,단일로,기타단일로,승용차,농기계
2012.11.27 5:00,야간,화,1,0,0,차대사람,횡단중,횡단중,단일로,기타단일로,승용차,보행자
2012.11.23 5:00,야간,금,1,0,0,차대사람,횡단중,횡단중,단일로,횡단보도상,승용차,보행자
2012.11.23 12:00,주간,금,1,9,1,차대차,기타,기타,단일로,기타단일로,승용차,화물차
2012.11.27 15:00,주간,화,1,0,0,차대차,측면직각충돌,측면직각충돌,교차로,교차로내,승용차,자전거
2012.11.6 3:00,야간,화,1,0,0,차량단독,기타,기타,단일로,기타단일로,이륜차,0
2012.11.6 1:00,야간,화,1,0,0,차량단독,공작물충돌,공작물충돌,교차로,교차로부근,승용차,0
2012.11.6 12:00,주간,화,1,0,0,차대사람,횡단중,횡단중,단일로,기타단일로,화물차,보행자
2012.11.7 3:00,야간,수,1,1,0,차대사람,기타,기타,단일로,기타단일로,화물차,보행자
2012.11.10 22:00,야간,토,1,1,0,차대차,추돌,주정차중 추돌,단일로,기타단일로,화물차,화물차
2012.11.11 19:00,야간,일,1,0,0,차대사람,횡단중,횡단중,기타/불명,기타/불명,화물차,보행자
2012.11.13 9:00,주간,화,1,0,0,차량단독,전도전복,전도전복,기타/불명,기타/불명,농기계,0
2012.9.22 13:00,주간,토,1,0,0,차대사람,차도통행중,차도통행중,교차로,교차로내,승용차,보행자
2012.10.26 16:00,주간,금,1,0,0,차대차,측면직각충돌,측면직각충돌,교차로,교차로내,이륜차,승용차
2012.10.27 4:00,야간,토,1,0,0,차량단독,공작물충돌,공작물충돌,교차로,교차로부근,이륜차,0
2012.10.27 1:00,야간,토,1,0,0,차대차,기타,기타,단일로,기타단일로,승용차,승용차
2012.10.27 20:00,야간,토,1,0,0,차대사람,차도통행중,차도통행중,단일로,기타단일로,승용차,보행자
2012.10.6 23:00,야간,토,1,0,0,차대사람,기타,기타,교차로,교차로부근,화물차,보행자
2012.10.6 20:00,야간,토,1,0,0,차량단독,도로이탈,도로이탈 추락,단일로,기타단일로,이륜차,0
2013.11.8 5:00,야간,금,1,0,0,차량단독,기타,기타,기타/불명,기타/불명,불명,0
2013.11.24 1:00,야간,일,1,0,1,차대차,추돌,진행중 추돌,교차로,교차로부근,승용차,승용차
2013.11.25 14:00,주간,월,1,0,0,차량단독,공작물충돌,공작물충돌,단일로,기타단일로,화물차,0
2013.10.23 13:00,주간,수,1,0,0,차대사람,횡단중,횡단중,교차로,교차로내,승용차,보행자
2013.10.30 14:00,주간,수,1,0,0,차량단독,전도전복,전도전복,단일로,기타단일로,이륜차,0
2013.10.30 19:00,야간,수,1,0,0,차대사람,횡단중,횡단중,단일로,횡단보도상,화물차,보행자
2013.10.31 7:00,주간,목,1,0,0,차대차,측면직각충돌,측면직각충돌,단일로,기타단일로,승용차,원동기장치자전거
2013.11.1 6:00,주간,금,1,0,0,차대차,정면충돌,정면충돌,단일로,횡단보도상,화물차,자전거
2013.10.28 11:00,주간,월,1,0,1,차대사람,횡단중,횡단중,교차로,교차로내,승용차,보행자
2013.10.30 6:00,주간,수,1,0,0,차대사람,횡단중,횡단중,단일로,횡단보도부근,승합차,보행자
2013.11.2 17:00,주간,토,1,2,1,차대차,측면직각충돌,측면직각충돌,단일로,기타단일로,승용차,승용차
2013.11.2 17:00,주간,토,1,0,0,차대차,추돌,진행중 추돌,교차로,교차로부근,승용차,승합차
2013.11.1 20:00,야간,금,1,0,0,차대사람,횡단중,횡단중,단일로,기타단일로,승용차,보행자
2013.11.1 23:00,야간,금,1,0,0,차대사람,횡단중,횡단중,교차로,교차로부근,승용차,보행자
2013.11.1 20:00,야간,금,1,0,0,차대사람,길가장자리구역통행중,길가장자리구역통행중,교차로,교차로내,승합차,보행자
2013.11.10 6:00,주간,일,1,0,0,차대사람,횡단중,횡단중,교차로,교차로부근,승합차,보행자
2013.11.8 17:00,주간,금,1,0,0,차대사람,길가장자리구역통행중,길가장자리구역통행중,단일로,기타단일로,화물차,보행자
2013.11.8 23:00,야간,금,1,1,0,차량단독,도로이탈,도로이탈 기타,교차로,교차로내,승용차,0
2013.11.16 12:00,주간,토,1,2,0,차대차,추돌,진행중 추돌,교차로,교차로부근,화물차,화물차
2013.11.14 17:00,주간,목,1,0,2,차대차,추돌,진행중 추돌,교차로,교차로부근,화물차,화물차
2013.11.19 20:00,야간,화,1,0,0,차대차,측면직각충돌,측면직각충돌,단일로,기타단일로,이륜차,승합차
2013.11.20 20:00,야간,수,1,0,3,차대차,기타,기타,교차로,교차로내,승용차,화물차
2013.11.20 18:00,야간,수,1,1,0,차량단독,공작물충돌,공작물충돌,교차로,교차로내,이륜차,0
2013.11.25 20:00,야간,월,1,0,0,차대사람,횡단중,횡단중,교차로,교차로부근,승용차,보행자
2013.12.1 10:00,주간,일,1,0,0,차대사람,기타,기타,교차로,교차로내,승용차,보행자
2013.12.1 18:00,야간,일,1,0,0,차대사람,기타,기타,단일로,횡단보도부근,승합차,보행자
2013.12.3 8:00,주간,화,1,0,0,차대사람,횡단중,횡단중,단일로,기타단일로,승용차,보행자
2013.12.3 8:00,주간,화,1,0,0,차량단독,전도전복,전도전복,단일로,기타단일로,승합차,0
2013.12.4 17:00,주간,수,1,0,0,차량단독,도로이탈,도로이탈 기타,단일로,기타단일로,화물차,0
2013.12.4 19:00,야간,수,1,0,0,차대차,측면직각충돌,측면직각충돌,교차로,교차로내,화물차,원동기장치자전거
2012.4.13 1:00,야간,금,1,0,0,차대차,추돌,진행중 추돌,단일로,기타단일로,승용차,특수차
2012.1.17 18:00,야간,화,1,0,1,차대차,추돌,진행중 추돌,교차로,교차로부근,화물차,승용차
2012.8.6 19:00,야간,월,1,0,0,차량단독,도로이탈,도로이탈 추락,단일로,기타단일로,농기계,0
2013.12.31 6:00,주간,화,1,0,0,차대사람,기타,기타,교차로,교차로내,승용차,보행자
2013.12.30 21:00,야간,월,1,0,0,차대차,기타,기타,교차로,교차로부근,승용차,승용차
2013.12.31 3:00,야간,화,1,0,0,차량단독,공작물충돌,공작물충돌,교차로,교차로내,승용차,0
2013.12.30 21:00,야간,월,1,1,0,차대사람,횡단중,횡단중,교차로,교차로내,원동기장치자전거,보행자
2013.12.21 15:00,주간,토,1,0,0,차량단독,공작물충돌,공작물충돌,단일로,기타단일로,승용차,0
2013.11.26 19:00,야간,화,1,1,0,차대차,정면충돌,정면충돌,기타/불명,기타/불명,농기계,승용차
2013.11.24 13:00,주간,일,1,0,0,차대차,기타,기타,단일로,기타단일로,건설기계,자전거
2013.11.25 13:00,주간,월,1,0,0,차대사람,기타,기타,교차로,교차로내,건설기계,보행자
2013.11.24 22:00,야간,일,1,1,1,차량단독,공작물충돌,공작물충돌,단일로,기타단일로,승용차,0
2013.11.25 6:00,주간,월,1,0,0,차대차,추돌,진행중 추돌,단일로,기타단일로,승용차,자전거
2013.3.24 14:00,주간,일,1,0,0,차대차,측면직각충돌,측면직각충돌,교차로,교차로내,이륜차,화물차
2013.3.27 0:00,야간,수,1,0,0,차대사람,횡단중,횡단중,단일로,횡단보도상,승용차,보행자
2013.3.26 11:00,주간,화,1,0,0,차량단독,공작물충돌,공작물충돌,기타/불명,기타/불명,농기계,0
2013.3.24 23:00,야간,일,1,0,0,차대사람,차도통행중,차도통행중,단일로,기타단일로,승용차,보행자
2013.3.25 22:00,야간,월,1,2,0,차대차,측면직각충돌,측면직각충돌,교차로,교차로내,승용차,승용차
2013.3.25 20:00,야간,월,1,0,0,차대사람,차도통행중,차도통행중,단일로,기타단일로,승용차,보행자
2013.3.25 8:00,주간,월,2,4,2,차대차,정면충돌,정면충돌,단일로,기타단일로,화물차,승합차
2013.3.25 8:00,주간,월,1,0,0,차대사람,기타,기타,교차로,교차로내,건설기계,보행자
2013.3.30 17:00,주간,토,1,0,0,차대사람,횡단중,횡단중,단일로,횡단보도상,승용차,보행자
2013.3.30 23:00,야간,토,1,0,0,차대사람,기타,기타,단일로,기타단일로,승용차,보행자
2013.3.31 21:00,야간,일,1,0,0,차대차,추돌,주정차중 추돌,단일로,횡단보도부근,화물차,화물차
2013.3.27 22:00,야간,수,1,0,0,차대사람,차도통행중,차도통행중,교차로,교차로부근,승합차,보행자
2013.3.28 23:00,야간,목,1,1,0,차량단독,기타,기타,교차로,교차로부근,승용차,0
2013.3.29 4:00,야간,금,1,0,0,차대사람,횡단중,횡단중,단일로,횡단보도상,승용차,보행자
2013.3.27 0:00,야간,수,1,0,0,차량단독,기타,기타,단일로,기타단일로,이륜차,0
2013.3.27 19:00,야간,수,1,1,4,차대차,기타,기타,단일로,기타단일로,승용차,승용차
2013.3.27 18:00,야간,수,1,0,0,차대사람,횡단중,횡단중,단일로,기타단일로,승용차,보행자
2013.4.4 20:00,야간,목,1,1,0,차대차,기타,기타,기타/불명,기타/불명,화물차,원동기장치자전거
2013.2.22 0:00,야간,금,1,0,0,차대차,기타,기타,교차로,교차로부근,승용차,원동기장치자전거
2013.2.27 22:00,야간,수,1,0,0,차량단독,기타,기타,단일로,기타단일로,승용차,0
2013.2.27 23:00,야간,수,1,1,0,차대사람,기타,기타,교차로,교차로부근,이륜차,보행자
2013.3.3 5:00,야간,일,1,0,0,차량단독,기타,기타,단일로,기타단일로,이륜차,0
2013.3.8 5:00,야간,금,1,1,1,차대사람,기타,기타,단일로,기타단일로,승용차,보행자
2013.3.8 17:00,주간,금,1,0,0,차대차,추돌,진행중 추돌,교차로,교차로내,승용차,원동기장치자전거
2013.3.7 19:00,야간,목,1,2,0,차대차,기타,기타,단일로,기타단일로,승용차,승용차
2013.3.5 10:00,주간,화,1,0,0,차대사람,횡단중,횡단중,교차로,교차로내,화물차,보행자
2013.3.4 14:00,주간,월,1,0,0,차량단독,공작물충돌,공작물충돌,단일로,기타단일로,농기계,0
2013.3.15 14:00,주간,금,1,0,0,차대사람,기타,기타,교차로,교차로내,승합차,보행자
2013.3.16 8:00,주간,토,1,0,0,차대사람,기타,기타,단일로,기타단일로,화물차,보행자
2013.3.11 15:00,주간,월,1,0,0,차량단독,공작물충돌,공작물충돌,단일로,기타단일로,특수차,0
2013.3.11 16:00,주간,월,1,1,0,차량단독,도로이탈,도로이탈 기타,단일로,기타단일로,승용차,0
2013.7.23 17:00,주간,화,1,0,0,차대사람,기타,기타,단일로,횡단보도부근,승합차,보행자
2013.7.20 1:00,야간,토,1,0,1,차대차,추돌,진행중 추돌,교차로,교차로부근,승용차,화물차
2013.7.20 15:00,주간,토,1,0,0,차대사람,차도통행중,차도통행중,단일로,교량위,승용차,보행자
2013.7.21 5:00,야간,일,1,0,0,차대사람,횡단중,횡단중,교차로,교차로내,승용차,보행자
2013.7.27 12:00,주간,토,1,0,0,차대차,측면직각충돌,측면직각충돌,교차로,교차로내,이륜차,승용차
2013.7.27 22:00,야간,토,1,0,0,차량단독,전도전복,전도전복,단일로,기타단일로,이륜차,0
2013.7.25 17:00,주간,목,1,0,0,차대사람,차도통행중,차도통행중,단일로,기타단일로,화물차,보행자
2013.8.3 6:00,주간,토,1,1,0,차대차,측면직각충돌,측면직각충돌,교차로,교차로내,화물차,승용차
2013.8.3 5:00,야간,토,1,2,0,차대사람,기타,기타,교차로,교차로부근,승용차,보행자
2013.7.30 18:00,야간,화,1,0,0,차대차,측면직각충돌,측면직각충돌,단일로,터널안,화물차,농기계
2013.7.30 22:00,야간,화,1,0,0,차대사람,횡단중,횡단중,단일로,기타단일로,승용차,보행자
2013.7.31 1:00,야간,수,1,0,0,차량단독,공작물충돌,공작물충돌,교차로,교차로내,승용차,0
2014.3.15 5:00,야간,토,2,0,0,차량단독,공작물충돌,공작물충돌,단일로,기타단일로,승용차,0
2014.3.16 15:00,주간,일,1,0,0,차대사람,기타,기타,교차로,교차로내,승합차,보행자
2014.3.15 19:00,야간,토,1,0,0,차대차,측면직각충돌,측면직각충돌,단일로,기타단일로,이륜차,승용차
2014.3.15 22:00,야간,토,1,3,0,차대차,정면충돌,정면충돌,단일로,기타단일로,승용차,승용차
2014.3.10 23:00,야간,월,1,0,0,차량단독,공작물충돌,공작물충돌,단일로,기타단일로,화물차,0
2014.3.14 14:00,주간,금,1,0,0,차대차,기타,기타,단일로,기타단일로,원동기장치자전거,승용차
2014.3.12 19:00,야간,수,1,0,0,차대사람,기타,기타,단일로,기타단일로,승용차,보행자
2013.12.29 1:00,야간,일,1,2,0,차대차,기타,기타,교차로,교차로부근,승용차,특수차
2013.12.29 23:00,야간,일,1,0,0,차대사람,차도통행중,차도통행중,단일로,기타단일로,승용차,보행자
2013.12.18 18:00,야간,수,1,0,0,차대사람,기타,기타,교차로,교차로부근,승용차,보행자
2014.3.12 22:00,야간,수,1,0,0,차량단독,공작물충돌,공작물충돌,단일로,기타단일로,승용차,0
2014.3.23 17:00,주간,일,1,0,0,차대차,기타,기타,단일로,기타단일로,승용차,자전거
2013.12.24 0:00,야간,화,1,0,0,차량단독,공작물충돌,공작물충돌,교차로,교차로내,승합차,0
2013.12.24 5:00,야간,화,1,0,0,차대사람,기타,기타,교차로,교차로부근,화물차,보행자
2013.12.28 1:00,야간,토,1,0,0,차량단독,공작물충돌,공작물충돌,단일로,기타단일로,승용차,0
2013.12.28 19:00,야간,토,1,0,0,차량단독,전도전복,전도전복,단일로,기타단일로,이륜차,0
2013.12.25 2:00,야간,수,1,0,0,차대차,추돌,진행중 추돌,단일로,기타단일로,승용차,화물차
2013.12.27 23:00,야간,금,1,0,0,차대사람,횡단중,횡단중,단일로,기타단일로,승용차,보행자
2013.12.23 18:00,야간,월,1,0,0,차대사람,횡단중,횡단중,단일로,횡단보도상,승용차,보행자
2013.12.23 18:00,야간,월,1,0,0,차대사람,기타,기타,단일로,기타단일로,승용차,보행자
2013.12.26 6:00,주간,목,2,0,0,차대사람,기타,기타,교차로,교차로부근,승용차,보행자
2013.12.18 18:00,야간,수,1,0,0,차대사람,기타,기타,단일로,기타단일로,승용차,보행자
2013.12.9 22:00,야간,월,1,0,0,차대사람,기타,기타,기타/불명,기타/불명,승용차,보행자
2013.12.7 3:00,야간,토,1,0,0,차대사람,횡단중,횡단중,단일로,기타단일로,승용차,보행자
2014.3.7 6:00,주간,금,1,0,0,차대사람,횡단중,횡단중,교차로,교차로부근,승용차,보행자
2012.10.23 19:00,야간,화,1,1,0,차대차,기타,기타,교차로,교차로내,원동기장치자전거,화물차
2012.10.23 17:00,주간,화,3,0,0,차대사람,기타,기타,단일로,횡단보도부근,화물차,보행자
2012.10.6 16:00,주간,토,1,0,0,차대차,추돌,진행중 추돌,교차로,교차로내,승용차,이륜차
2012.10.7 10:00,주간,일,1,0,0,차대차,추돌,진행중 추돌,교차로,교차로부근,자전거,승합차
2012.10.17 18:00,야간,수,1,0,0,차대차,기타,기타,단일로,기타단일로,승용차,자전거
2012.10.22 9:00,주간,월,1,0,0,차량단독,공작물충돌,공작물충돌,단일로,기타단일로,승용차,0
2012.10.14 5:00,야간,일,1,2,0,차대차,측면직각충돌,측면직각충돌,교차로,교차로내,화물차,승용차
2012.10.14 10:00,주간,일,1,1,1,차대차,측면직각충돌,측면직각충돌,교차로,교차로내,승용차,승합차
2012.10.18 20:00,야간,목,1,0,0,차량단독,공작물충돌,공작물충돌,단일로,기타단일로,승용차,0
2012.10.18 21:00,야간,목,1,0,0,차대사람,횡단중,횡단중,단일로,기타단일로,승용차,보행자
2012.9.28 4:00,야간,금,1,0,0,차대사람,기타,기타,단일로,기타단일로,화물차,보행자
2012.9.29 17:00,주간,토,1,0,0,차대차,기타,기타,단일로,기타단일로,원동기장치자전거,승용차
2012.10.4 8:00,주간,목,1,0,0,차대차,기타,기타,단일로,기타단일로,승용차,원동기장치자전거
2012.10.4 8:00,주간,목,1,0,0,차대차,기타,기타,단일로,기타단일로,승용차,농기계
2012.10.5 20:00,야간,금,1,0,0,차대사람,기타,기타,단일로,기타단일로,승용차,보행자
2012.9.30 15:00,주간,일,1,0,0,차량단독,전도전복,전도전복,단일로,기타단일로,원동기장치자전거,0
2012.9.26 19:00,야간,수,1,0,0,차대사람,기타,기타,단일로,기타단일로,승용차,보행자
2012.11.23 23:00,야간,금,1,0,0,차량단독,공작물충돌,공작물충돌,교차로,교차로내,이륜차,0
2012.10.9 22:00,야간,화,1,1,0,차대차,측면직각충돌,측면직각충돌,교차로,교차로내,원동기장치자전거,승용차
2012.10.7 14:00,주간,일,1,0,0,차대차,측면직각충돌,측면직각충돌,단일로,횡단보도상,자전거,승용차
2012.10.12 12:00,주간,금,1,0,0,차대차,기타,기타,단일로,횡단보도부근,이륜차,화물차
2012.10.8 9:00,주간,월,1,0,0,차대사람,횡단중,횡단중,단일로,기타단일로,승용차,보행자
2012.10.12 22:00,야간,금,1,0,0,차대사람,기타,기타,단일로,기타단일로,승합차,보행자
2012.10.17 18:00,야간,수,1,0,0,차량단독,전도전복,전도전복,단일로,기타단일로,원동기장치자전거,0
2012.10.21 4:00,야간,일,1,4,0,차량단독,공작물충돌,공작물충돌,교차로,교차로부근,승용차,0
2012.10.17 21:00,야간,수,1,0,0,차량단독,공작물충돌,공작물충돌,교차로,교차로내,승용차,0
2012.10.13 17:00,주간,토,1,0,0,차대차,정면충돌,정면충돌,교차로,교차로내,화물차,자전거
2012.10.13 13:00,주간,토,1,0,0,차량단독,공작물충돌,공작물충돌,단일로,기타단일로,화물차,0
2012.10.13 4:00,야간,토,1,1,0,차량단독,공작물충돌,공작물충돌,단일로,기타단일로,승용차,0
2012.10.18 13:00,주간,목,1,0,0,차량단독,공작물충돌,공작물충돌,단일로,기타단일로,승용차,0
2012.10.18 18:00,야간,목,1,0,0,차대사람,기타,기타,기타/불명,기타/불명,승용차,보행자
2012.10.19 13:00,주간,금,2,3,0,차대차,측면직각충돌,측면직각충돌,교차로,교차로내,승용차,화물차
2012.6.20 11:00,주간,수,1,0,0,차량단독,공작물충돌,공작물충돌,단일로,기타단일로,승용차,0
2012.6.21 4:00,야간,목,1,0,0,차대사람,횡단중,횡단중,단일로,횡단보도상,승용차,보행자
2012.6.26 21:00,야간,화,1,0,0,차대사람,횡단중,횡단중,단일로,기타단일로,승용차,보행자
2012.6.25 21:00,야간,월,1,0,0,차대사람,횡단중,횡단중,교차로,교차로부근,승용차,보행자
2012.6.25 20:00,야간,월,1,0,0,차대사람,횡단중,횡단중,단일로,기타단일로,화물차,보행자
2012.6.25 21:00,야간,월,1,0,0,차대사람,기타,기타,단일로,기타단일로,승용차,보행자
2012.7.1 13:00,주간,일,1,0,0,차량단독,도로이탈,도로이탈 추락,단일로,기타단일로,이륜차,0
2012.7.5 23:00,야간,목,1,0,0,차대사람,횡단중,횡단중,단일로,기타단일로,승용차,보행자
2012.7.5 22:00,야간,목,1,0,0,차대사람,기타,기타,교차로,교차로내,승용차,보행자
2012.7.8 7:00,주간,일,1,0,1,차대사람,보도통행중,보도통행중,교차로,교차로부근,화물차,보행자
2012.7.7 3:00,야간,토,2,1,0,차대차,측면직각충돌,측면직각충돌,교차로,교차로내,승용차,승용차
2012.7.7 23:00,야간,토,1,0,0,차대사람,횡단중,횡단중,단일로,기타단일로,승용차,보행자
2012.7.12 3:00,야간,목,1,0,0,차대사람,기타,기타,단일로,기타단일로,승용차,보행자
2012.7.18 8:00,주간,수,1,0,0,차량단독,공작물충돌,공작물충돌,교차로,교차로내,화물차,0
2012.7.18 8:00,주간,수,1,0,0,차대사람,횡단중,횡단중,교차로,교차로부근,화물차,보행자
2012.7.29 16:00,주간,일,1,0,0,차량단독,전도전복,전도전복,단일로,기타단일로,원동기장치자전거,0
2012.7.28 9:00,주간,토,1,1,2,차대차,측면직각충돌,측면직각충돌,교차로,교차로내,승용차,건설기계
2012.7.26 10:00,주간,목,1,0,0,차량단독,전도전복,전도전복,단일로,기타단일로,원동기장치자전거,0
2012.7.27 13:00,주간,금,1,1,0,차대차,추돌,진행중 추돌,교차로,교차로부근,화물차,화물차
2012.6.12 20:00,야간,화,2,0,3,차량단독,공작물충돌,공작물충돌,단일로,기타단일로,승용차,0
2012.6.19 10:00,주간,화,1,0,0,차대차,추돌,진행중 추돌,단일로,기타단일로,승용차,자전거
2012.6.18 10:00,주간,월,1,0,0,차대차,정면충돌,정면충돌,교차로,교차로내,이륜차,건설기계
2012.6.23 21:00,야간,토,1,0,0,차량단독,전도전복,전도전복,교차로,교차로내,이륜차,0
2012.6.22 15:00,주간,금,1,1,1,차량단독,전도전복,전도전복,단일로,기타단일로,승용차,0
2012.6.20 10:00,주간,수,1,0,0,차량단독,전도전복,전도전복,단일로,기타단일로,건설기계,0
2012.6.20 19:00,야간,수,1,1,0,차대차,정면충돌,정면충돌,단일로,기타단일로,화물차,승용차
2012.6.27 14:00,주간,수,1,0,0,차대차,정면충돌,정면충돌,단일로,기타단일로,화물차,승용차
2012.6.24 12:00,주간,일,1,0,0,차량단독,전도전복,전도전복,단일로,기타단일로,농기계,0
2012.7.1 1:00,야간,일,1,0,0,차대사람,횡단중,횡단중,교차로,교차로부근,승용차,보행자
2012.11.26 18:00,야간,월,1,0,0,차대사람,기타,기타,단일로,기타단일로,승용차,보행자
2012.11.21 22:00,야간,수,1,0,0,차대사람,기타,기타,단일로,기타단일로,자전거,보행자
2012.11.26 19:00,야간,월,1,0,0,차량단독,전도전복,전도전복,단일로,기타단일로,승용차,0
2012.11.12 20:00,야간,월,1,1,5,차대차,추돌,주정차중 추돌,교차로,교차로부근,화물차,화물차
2012.11.10 0:00,야간,토,1,0,0,차대차,기타,기타,단일로,기타단일로,불명,승용차
2012.11.10 11:00,주간,토,2,0,0,차대차,측면직각충돌,측면직각충돌,교차로,교차로내,이륜차,승용차
2012.9.26 7:00,주간,수,1,0,0,차대사람,횡단중,횡단중,단일로,횡단보도부근,승용차,보행자
2012.10.24 22:00,야간,수,1,0,0,차대차,기타,기타,교차로,교차로부근,승용차,이륜차
2012.10.26 2:00,야간,금,1,1,0,차량단독,공작물충돌,공작물충돌,단일로,기타단일로,승용차,0
2012.10.26 18:00,야간,금,1,0,0,차대사람,횡단중,횡단중,단일로,횡단보도상,승용차,보행자
2012.10.23 19:00,야간,화,1,0,0,차대차,정면충돌,정면충돌,교차로,교차로내,원동기장치자전거,건설기계
2012.10.13 9:00,주간,토,1,0,0,차대차,측면직각충돌,측면직각충돌,교차로,교차로내,화물차,원동기장치자전거
2012.10.8 2:00,야간,일,1,0,0,차대사람,횡단중,횡단중,교차로,교차로부근,승용차,보행자
2012.10.10 10:00,주간,수,1,0,0,차대사람,횡단중,횡단중,단일로,기타단일로,승용차,보행자
2012.10.6 3:00,야간,토,1,0,0,차대차,기타,기타,교차로,교차로부근,승용차,이륜차
2012.10.6 21:00,야간,토,1,0,0,차대차,기타,기타,교차로,교차로내,승용차,원동기장치자전거
2012.10.11 18:00,야간,목,1,0,0,차대차,추돌,진행중 추돌,단일로,기타단일로,승용차,승용차
2012.10.11 19:00,야간,목,1,1,1,차대차,측면직각충돌,측면직각충돌,단일로,기타단일로,자전거,이륜차
2012.10.19 18:00,야간,금,1,0,0,차대사람,기타,기타,단일로,기타단일로,승용차,보행자
2012.10.16 18:00,야간,화,1,0,0,차대사람,횡단중,횡단중,교차로,교차로내,승용차,보행자
2012.10.20 19:00,야간,토,1,0,0,차량단독,전도전복,전도전복,단일로,기타단일로,농기계,0
2012.10.16 23:00,야간,화,1,1,1,차대차,정면충돌,정면충돌,단일로,기타단일로,승용차,승용차
2012.10.17 7:00,주간,수,1,0,0,차대차,기타,기타,교차로,교차로내,화물차,이륜차
2012.10.21 8:00,주간,일,1,0,0,차대차,기타,기타,단일로,기타단일로,자전거,자전거
2012.10.14 7:00,주간,일,1,0,0,차대차,추돌,진행중 추돌,단일로,터널안,승용차,건설기계
2012.10.13 23:00,야간,토,1,0,0,차대사람,횡단중,횡단중,단일로,기타단일로,승용차,보행자
2012.10.1 23:00,야간,월,1,0,0,차량단독,기타,기타,교차로,교차로부근,화물차,0
2012.10.1 9:00,주간,월,1,0,0,차대사람,횡단중,횡단중,단일로,기타단일로,승용차,보행자
2012.9.27 18:00,야간,목,1,0,0,차대사람,횡단중,횡단중,단일로,기타단일로,승용차,보행자
2012.9.27 23:00,야간,목,1,0,0,차대사람,차도통행중,차도통행중,단일로,기타단일로,화물차,보행자
2012.10.2 16:00,주간,화,1,0,0,차대차,측면직각충돌,측면직각충돌,단일로,기타단일로,원동기장치자전거,승합차
2012.10.2 14:00,주간,화,1,0,0,차대차,기타,기타,단일로,기타단일로,원동기장치자전거,화물차
2012.9.28 12:00,주간,금,1,0,0,차대사람,기타,기타,단일로,기타단일로,승용차,보행자
2012.10.2 20:00,야간,화,1,0,0,차대차,측면직각충돌,측면직각충돌,단일로,기타단일로,화물차,이륜차
2012.9.27 18:00,야간,목,1,0,0,차대사람,횡단중,횡단중,단일로,횡단보도상,승용차,보행자
2012.10.3 9:00,주간,수,1,0,0,차대차,측면직각충돌,측면직각충돌,교차로,교차로내,승용차,이륜차
2012.10.4 14:00,주간,목,1,0,0,차량단독,공작물충돌,공작물충돌,단일로,기타단일로,승용차,0
2012.11.27 18:00,야간,화,1,0,0,차대차,추돌,진행중 추돌,단일로,기타단일로,화물차,승용차
2012.11.23 14:00,주간,금,1,0,2,차대차,추돌,진행중 추돌,단일로,터널안,승합차,건설기계
2012.11.23 5:00,야간,금,1,0,0,차대사람,횡단중,횡단중,단일로,기타단일로,승합차,보행자
2012.11.23 20:00,야간,금,1,0,0,차대차,추돌,주정차중 추돌,단일로,기타단일로,승용차,승합차
2012.11.10 18:00,야간,토,1,0,0,차대사람,횡단중,횡단중,단일로,횡단보도부근,승합차,보행자
2012.8.19 3:00,야간,일,1,0,0,차량단독,공작물충돌,공작물충돌,단일로,기타단일로,승용차,0
2013.8.9 12:00,주간,금,1,1,0,차대차,정면충돌,정면충돌,단일로,기타단일로,화물차,승용차
2013.8.11 5:00,야간,일,1,0,0,차대차,추돌,진행중 추돌,단일로,터널안,승용차,이륜차
2013.8.8 9:00,주간,목,1,0,0,차대사람,횡단중,횡단중,단일로,횡단보도상,화물차,보행자
2013.8.8 1:00,야간,목,1,1,0,차대차,정면충돌,정면충돌,단일로,기타단일로,화물차,승용차
2013.8.8 17:00,주간,목,1,0,0,차대사람,횡단중,횡단중,단일로,기타단일로,승용차,보행자
2013.8.8 16:00,주간,목,1,0,0,차대차,정면충돌,정면충돌,단일로,기타단일로,이륜차,화물차
2013.8.13 22:00,야간,화,1,0,0,차대사람,기타,기타,단일로,기타단일로,승용차,보행자
2013.8.10 17:00,주간,토,1,1,0,차량단독,공작물충돌,공작물충돌,단일로,기타단일로,승용차,0
2013.8.16 21:00,야간,금,1,0,0,차대사람,길가장자리구역통행중,길가장자리구역통행중,단일로,기타단일로,승용차,보행자