발생년월일시,주야,요일,사망자수,중상자수,경상자수,사고유형_대분류,사고유형_중분류,사고유형,도로형태_대분류,도로형태,당사자종별_1당_대분류,당사자종별_2당_대분류
2012.11.10 18:00,야간,토,1,0,0,차대사람,횡단중,횡단중,단일로,기타단일로,승용차,보행자
2014.3.8 20:00,야간,토,1,0,1,차대차,정면충돌,정면충돌,기타/불명,기타/불명,승용차,화물차
2014.3.7 8:00,주간,금,1,0,0,차대차,측면직각충돌,측면직각충돌,교차로,교차로내,승용차,자전거
2014.3.20 22:00,야간,목,1,0,0,차량단독,공작물충돌,공작물충돌,단일로,기타단일로,승용차,0
2014.3.20 20:00,야간,목,1,0,0,차대사람,차도통행중,차도통행중,단일로,기타단일로,승용차,보행자
2014.3.21 20:00,야간,금,1,1,0,차대차,측면직각충돌,측면직각충돌,교차로,교차로내,승용차,승용차
2014.3.22 4:00,야간,토,1,0,0,차대사람,기타,기타,교차로,교차로내,승용차,보행자
2014.3.22 5:00,야간,토,1,0,0,차대차,추돌,진행중 추돌,단일로,기타단일로,승용차,화물차
2014.3.23 1:00,야간,일,2,0,0,차대차,추돌,주정차중 추돌,교차로,교차로부근,승용차,건설기계
2013.12.8 6:00,주간,일,1,0,0,차대차,측면직각충돌,측면직각충돌,교차로,교차로부근,승용차,승용차
2013.12.29 4:00,야간,일,1,0,0,차대차,추돌,주정차중 추돌,교차로,교차로부근,승용차,화물차
2013.12.29 22:00,야간,일,1,0,0,차대사람,횡단중,횡단중,단일로,횡단보도상,승용차,보행자
2013.12.24 2:00,야간,화,1,1,13,차대차,측면직각충돌,측면직각충돌,단일로,기타단일로,승용차,승합차
2013.12.27 23:00,야간,금,1,0,0,차대사람,횡단중,횡단중,교차로,교차로내,승합차,보행자
2013.12.21 16:00,주간,토,1,0,0,차량단독,공작물충돌,공작물충돌,단일로,기타단일로,화물차,0
2013.12.21 10:00,주간,토,1,0,0,차대사람,기타,기타,교차로,교차로내,화물차,보행자
2013.12.22 2:00,야간,일,1,0,0,차대사람,차도통행중,차도통행중,단일로,기타단일로,승용차,보행자
2013.12.18 13:00,주간,수,1,0,0,차대사람,횡단중,횡단중,교차로,교차로부근,화물차,보행자
2013.12.7 17:00,주간,토,1,0,0,차대사람,횡단중,횡단중,단일로,횡단보도부근,화물차,보행자
2013.12.17 13:00,주간,화,1,1,0,차량단독,공작물충돌,공작물충돌,단일로,기타단일로,승용차,0
2013.12.18 6:00,주간,수,1,0,0,차대사람,횡단중,횡단중,단일로,횡단보도상,승용차,보행자
2013.12.17 0:00,야간,화,4,0,0,차대차,기타,기타,단일로,기타단일로,승용차,승용차
2014.3.4 6:00,주간,화,1,6,0,차대차,측면직각충돌,측면직각충돌,교차로,교차로내,화물차,화물차
2014.3.13 5:00,야간,목,1,2,6,차대차,측면직각충돌,측면직각충돌,교차로,교차로내,승합차,원동기장치자전거
2014.3.12 7:00,주간,수,1,2,0,차대사람,횡단중,횡단중,단일로,횡단보도상,승용차,보행자
2014.3.14 18:00,야간,금,1,3,2,차대차,측면직각충돌,측면직각충돌,단일로,기타단일로,승용차,화물차
2014.3.14 14:00,주간,금,1,0,0,차량단독,기타,기타,단일로,기타단일로,승용차,0
2014.3.13 19:00,야간,목,1,0,0,차대사람,기타,기타,기타/불명,기타/불명,승용차,보행자
2014.3.13 21:00,야간,목,1,0,0,차대사람,횡단중,횡단중,교차로,교차로부근,승합차,보행자
2014.3.10 21:00,야간,월,1,0,1,차대차,추돌,진행중 추돌,단일로,기타단일로,화물차,화물차
2014.3.12 3:00,야간,수,1,0,0,차량단독,공작물충돌,공작물충돌,교차로,교차로내,승용차,0
2014.3.12 13:00,주간,수,1,0,0,차량단독,도로이탈,도로이탈 추락,교차로,교차로부근,원동기장치자전거,0
2014.3.13 14:00,주간,목,1,2,0,차대차,기타,기타,단일로,기타단일로,승용차,승용차
2014.3.9 22:00,야간,일,1,0,0,차대사람,기타,기타,단일로,기타단일로,승합차,보행자
2014.3.5 21:00,야간,수,1,1,0,차대차,정면충돌,정면충돌,단일로,기타단일로,승합차,승용차
2014.3.5 21:00,야간,수,1,0,0,차대사람,횡단중,횡단중,단일로,기타단일로,승용차,보행자
2014.3.7 3:00,야간,금,1,0,0,차대차,추돌,주정차중 추돌,단일로,기타단일로,화물차,화물차
2012.10.16 19:00,야간,화,1,0,0,차대차,기타,기타,단일로,기타단일로,승용차,이륜차
2012.10.16 18:00,야간,화,1,0,0,차대사람,횡단중,횡단중,교차로,교차로내,승용차,보행자
2012.10.21 7:00,주간,일,1,0,0,차대사람,횡단중,횡단중,교차로,교차로부근,승합차,보행자
2012.10.16 18:00,야간,화,1,0,0,차대차,추돌,진행중 추돌,단일로,기타단일로,화물차,농기계
2012.10.21 4:00,야간,일,1,1,0,차대차,추돌,주정차중 추돌,단일로,기타단일로,승용차,화물차
2012.10.4 10:00,주간,목,1,0,0,차대차,측면직각충돌,측면직각충돌,교차로,교차로부근,승용차,자전거
2012.9.27 19:00,야간,목,1,0,0,차대사람,횡단중,횡단중,단일로,기타단일로,승용차,보행자
2012.9.28 22:00,야간,금,1,0,0,차대사람,횡단중,횡단중,단일로,기타단일로,이륜차,보행자
2012.9.23 18:00,야간,일,1,0,0,차대차,측면직각충돌,측면직각충돌,교차로,교차로내,승용차,원동기장치자전거
2012.9.23 1:00,야간,일,1,1,1,차량단독,전도전복,전도전복,교차로,교차로부근,승용차,0
2012.9.24 7:00,주간,월,1,0,0,차량단독,공작물충돌,공작물충돌,단일로,기타단일로,승용차,0
2012.10.24 8:00,주간,수,1,0,0,차대사람,횡단중,횡단중,단일로,기타단일로,화물차,보행자
2012.10.28 4:00,야간,일,1,0,0,차대차,기타,기타,단일로,횡단보도상,승용차,자전거
2012.10.28 14:00,주간,일,1,0,1,차대사람,횡단중,횡단중,단일로,기타단일로,승용차,보행자
2012.10.29 10:00,주간,월,2,2,0,차대차,측면직각충돌,측면직각충돌,단일로,기타단일로,승용차,화물차
2012.10.25 6:00,주간,목,1,1,2,차대차,기타,기타,교차로,교차로내,승용차,승합차
2012.10.28 21:00,야간,일,1,0,0,차대차,추돌,주정차중 추돌,단일로,기타단일로,이륜차,화물차
2012.10.22 13:00,주간,월,1,3,1,차대차,측면직각충돌,측면직각충돌,교차로,교차로부근,화물차,승용차
2012.10.26 1:00,야간,금,1,0,0,차대사람,기타,기타,단일로,기타단일로,승용차,보행자
2012.10.22 4:00,야간,월,1,0,0,차대사람,횡단중,횡단중,단일로,기타단일로,승용차,보행자
2012.10.8 5:00,야간,월,1,0,0,차대사람,차도통행중,차도통행중,단일로,기타단일로,승용차,보행자
2012.10.10 5:00,야간,수,1,0,0,차대사람,기타,기타,단일로,기타단일로,불명,보행자
2012.10.12 23:00,야간,금,1,0,0,차대차,기타,기타,단일로,교량위,승합차,이륜차
2012.10.4 23:00,야간,목,1,3,0,차대차,측면직각충돌,측면직각충돌,교차로,교차로내,승용차,승용차
2012.10.10 10:00,주간,수,1,0,1,차대차,추돌,주정차중 추돌,교차로,교차로부근,화물차,화물차
2012.10.18 14:00,주간,목,1,0,0,차대차,기타,기타,단일로,기타단일로,원동기장치자전거,화물차
2012.10.18 17:00,주간,목,1,0,1,차대차,기타,기타,단일로,기타단일로,승용차,화물차
2012.10.15 11:00,주간,월,2,0,0,차대차,측면직각충돌,측면직각충돌,교차로,교차로내,화물차,원동기장치자전거
2012.10.16 4:00,야간,화,1,0,0,차량단독,도로이탈,도로이탈 기타,단일로,기타단일로,승용차,0
2012.10.18 21:00,야간,목,1,0,0,차대차,기타,기타,단일로,기타단일로,건설기계,승용차
2012.10.15 17:00,주간,월,1,0,0,차대사람,횡단중,횡단중,교차로,교차로내,화물차,보행자
2012.10.15 7:00,주간,월,1,0,0,차대사람,기타,기타,단일로,교량위,승용차,보행자
2012.10.14 19:00,야간,일,1,0,0,차대사람,차도통행중,차도통행중,단일로,기타단일로,화물차,보행자
2012.10.15 19:00,야간,월,1,1,0,차대차,추돌,진행중 추돌,교차로,교차로내,이륜차,이륜차
2012.10.19 14:00,주간,금,1,0,0,차량단독,공작물충돌,공작물충돌,교차로,교차로내,화물차,0
2012.10.19 18:00,야간,금,1,1,0,차량단독,도로이탈,도로이탈 기타,단일로,기타단일로,화물차,0
2012.10.20 14:00,주간,토,1,0,0,차대차,추돌,진행중 추돌,단일로,기타단일로,화물차,농기계
2012.10.4 21:00,야간,목,1,0,1,차대차,기타,기타,교차로,교차로내,이륜차,승용차
2012.9.30 22:00,야간,일,1,0,0,차대차,측면직각충돌,측면직각충돌,교차로,교차로내,이륜차,승용차
2012.10.1 2:00,야간,월,1,0,0,차대사람,횡단중,횡단중,단일로,기타단일로,승용차,보행자
2012.11.27 14:00,주간,화,1,0,0,차대사람,횡단중,횡단중,단일로,기타단일로,승용차,보행자
2012.11.27 20:00,야간,화,1,0,0,차대사람,횡단중,횡단중,단일로,기타단일로,승용차,보행자
2012.7.18 11:00,주간,수,1,0,0,차대사람,보도통행중,보도통행중,기타/불명,기타/불명,승용차,보행자
2012.7.25 0:00,야간,수,1,0,0,차대사람,기타,기타,단일로,기타단일로,승합차,보행자
2012.7.23 23:00,야간,월,1,1,0,차대차,측면직각충돌,측면직각충돌,교차로,교차로내,승용차,이륜차
2012.7.28 20:00,야간,토,1,0,1,차대사람,횡단중,횡단중,교차로,교차로내,이륜차,보행자
2012.7.28 7:00,주간,토,1,0,0,차량단독,공작물충돌,공작물충돌,단일로,기타단일로,이륜차,0
2012.7.28 14:00,주간,토,1,0,0,차량단독,공작물충돌,공작물충돌,단일로,기타단일로,이륜차,0
2012.8.1 6:00,주간,수,1,0,0,차대차,측면직각충돌,측면직각충돌,교차로,교차로내,승용차,이륜차
2012.6.12 15:00,주간,화,1,1,1,차대차,정면충돌,정면충돌,교차로,교차로내,승용차,이륜차
2012.6.11 16:00,주간,월,1,0,0,차량단독,전도전복,전도전복,단일로,기타단일로,원동기장치자전거,0
2013.10.5 16:00,주간,토,1,1,0,차대차,기타,기타,교차로,교차로부근,건설기계,원동기장치자전거
2013.10.5 17:00,주간,토,1,1,0,차량단독,공작물충돌,공작물충돌,단일로,기타단일로,승용차,0
2013.10.5 19:00,야간,토,1,0,0,차대차,기타,기타,단일로,기타단일로,자전거,자전거
2013.10.6 18:00,야간,일,1,0,0,차대사람,보도통행중,보도통행중,단일로,기타단일로,승용차,보행자
2013.10.6 16:00,주간,일,1,0,0,차량단독,전도전복,전도전복,단일로,기타단일로,이륜차,0
2013.10.11 11:00,주간,금,1,0,0,차대차,측면직각충돌,측면직각충돌,교차로,교차로내,자전거,승용차
2013.10.10 18:00,야간,목,1,0,0,차대사람,차도통행중,차도통행중,단일로,기타단일로,화물차,보행자
2013.10.9 18:00,야간,수,1,0,0,차대사람,보도통행중,보도통행중,단일로,횡단보도상,승용차,보행자
2013.9.3 13:00,주간,화,1,0,0,차대차,측면직각충돌,측면직각충돌,단일로,기타단일로,승합차,이륜차
2013.8.31 19:00,야간,토,1,0,0,차대사람,횡단중,횡단중,교차로,교차로부근,승용차,보행자
2013.8.31 22:00,야간,토,1,0,0,차대차,측면직각충돌,측면직각충돌,단일로,기타단일로,승용차,이륜차
2013.9.3 15:00,주간,화,1,0,0,차량단독,전도전복,전도전복,단일로,기타단일로,이륜차,0
2013.9.1 10:00,주간,일,1,0,0,차대차,측면직각충돌,측면직각충돌,교차로,교차로내,자전거,승합차
2013.8.31 16:00,주간,토,1,0,0,차대차,측면직각충돌,측면직각충돌,교차로,교차로내,승용차,자전거
2013.9.10 22:00,야간,화,1,0,0,차대사람,횡단중,횡단중,단일로,기타단일로,이륜차,보행자
2013.9.10 21:00,야간,화,1,0,0,차대사람,기타,기타,교차로,교차로내,승용차,보행자
2013.9.8 10:00,주간,일,1,1,0,차량단독,도로이탈,도로이탈 기타,기타/불명,기타/불명,승용차,0
2013.9.8 15:00,주간,일,1,0,0,차량단독,전도전복,전도전복,단일로,기타단일로,승용차,0
2013.9.5 20:00,야간,목,1,0,0,차량단독,전도전복,전도전복,교차로,교차로부근,승용차,0
2013.9.6 19:00,야간,금,1,0,1,차대차,추돌,진행중 추돌,단일로,기타단일로,승용차,승합차
2013.9.16 5:00,야간,월,1,0,0,차대사람,기타,기타,기타/불명,기타/불명,화물차,보행자
2013.9.14 21:00,야간,토,1,0,0,차대사람,기타,기타,단일로,기타단일로,승용차,보행자
2013.9.13 17:00,주간,금,1,0,0,차대사람,기타,기타,단일로,기타단일로,화물차,보행자
2013.9.13 14:00,주간,금,1,1,0,차대차,정면충돌,정면충돌,단일로,기타단일로,화물차,화물차
2013.9.20 15:00,주간,금,1,0,0,차대차,기타,기타,단일로,기타단일로,승용차,승용차
2013.9.20 18:00,야간,금,1,0,0,차대사람,기타,기타,교차로,교차로부근,승용차,보행자
2013.9.18 22:00,야간,수,1,0,0,차량단독,공작물충돌,공작물충돌,단일로,기타단일로,승용차,0
2013.9.16 16:00,주간,월,1,0,0,차대사람,기타,기타,기타/불명,기타/불명,승용차,보행자
2013.9.16 16:00,주간,월,1,0,0,차대사람,길가장자리구역통행중,길가장자리구역통행중,단일로,기타단일로,승용차,보행자
2013.9.16 15:00,주간,월,1,0,0,차량단독,공작물충돌,공작물충돌,단일로,기타단일로,승용차,0
2013.9.17 0:00,야간,화,1,0,0,차대사람,기타,기타,단일로,횡단보도상,승용차,보행자
2013.9.18 7:00,주간,수,1,0,0,차대사람,횡단중,횡단중,단일로,횡단보도상,승용차,보행자
2012.6.17 10:00,주간,일,1,0,0,차대차,측면직각충돌,측면직각충돌,교차로,교차로부근,승용차,이륜차
2012.6.16 13:00,주간,토,1,2,0,차대차,측면직각충돌,측면직각충돌,교차로,교차로내,승용차,승용차
2012.6.22 8:00,주간,금,1,0,0,차대차,기타,기타,교차로,교차로내,원동기장치자전거,승용차
2012.6.21 7:00,주간,목,1,0,0,차대차,정면충돌,정면충돌,교차로,교차로내,화물차,이륜차
2012.6.30 10:00,주간,토,1,0,0,차량단독,전도전복,전도전복,단일로,교량위,화물차,0
2012.6.29 13:00,주간,금,1,0,0,차대차,측면직각충돌,측면직각충돌,단일로,기타단일로,승용차,원동기장치자전거
2012.6.29 8:00,주간,금,1,0,0,차대사람,횡단중,횡단중,교차로,교차로내,화물차,보행자
2012.7.2 19:00,야간,월,1,0,0,차대사람,기타,기타,단일로,교량위,화물차,보행자
2012.7.2 13:00,주간,월,1,0,1,차대차,정면충돌,정면충돌,단일로,기타단일로,건설기계,건설기계
2012.7.2 16:00,주간,월,1,0,0,차대사람,기타,기타,단일로,기타단일로,건설기계,보행자
2012.7.6 20:00,야간,금,1,0,0,차량단독,공작물충돌,공작물충돌,단일로,기타단일로,이륜차,0
2012.7.11 23:00,야간,수,1,0,0,차량단독,공작물충돌,공작물충돌,단일로,기타단일로,승용차,0
2013.4.2 20:00,야간,화,1,0,0,차대차,기타,기타,단일로,기타단일로,승용차,농기계
2013.4.2 8:00,주간,화,1,1,1,차대차,측면직각충돌,측면직각충돌,교차로,교차로내,승용차,승용차
2013.4.1 15:00,주간,월,1,0,0,차대사람,횡단중,횡단중,단일로,기타단일로,승용차,보행자
2013.4.1 13:00,주간,월,1,0,0,차대차,측면직각충돌,측면직각충돌,단일로,횡단보도상,승용차,자전거
2013.4.2 18:00,야간,화,1,0,0,차대사람,기타,기타,교차로,교차로내,승용차,보행자
2013.4.2 22:00,야간,화,1,0,0,차대사람,횡단중,횡단중,기타/불명,기타/불명,승용차,보행자
2013.4.1 10:00,주간,월,1,0,0,차대사람,기타,기타,기타/불명,기타/불명,화물차,보행자
2013.2.22 13:00,주간,금,1,0,0,차량단독,도로이탈,도로이탈 추락,단일로,기타단일로,승용차,0
2013.2.19 19:00,야간,화,1,0,0,차대사람,기타,기타,단일로,기타단일로,승용차,보행자
2013.2.26 22:00,야간,화,1,0,1,차대차,측면직각충돌,측면직각충돌,교차로,교차로내,승용차,승합차
2013.3.4 8:00,주간,월,1,1,0,차대차,추돌,주정차중 추돌,단일로,기타단일로,승용차,화물차
2013.3.9 7:00,주간,토,1,1,0,차대차,정면충돌,정면충돌,단일로,기타단일로,화물차,승용차
2013.3.9 0:00,야간,토,1,0,0,차량단독,도로이탈,도로이탈 추락,단일로,기타단일로,건설기계,0
2013.3.5 13:00,주간,화,1,0,0,차대사람,횡단중,횡단중,단일로,횡단보도상,승합차,보행자
2013.3.6 0:00,야간,수,2,0,0,차량단독,공작물충돌,공작물충돌,교차로,교차로부근,승용차,0
2013.3.10 19:00,야간,일,1,0,0,차량단독,공작물충돌,공작물충돌,단일로,기타단일로,화물차,0
2013.3.12 13:00,주간,화,1,0,0,차대사람,차도통행중,차도통행중,단일로,기타단일로,건설기계,보행자
2013.3.11 18:00,야간,월,1,0,0,차대차,추돌,진행중 추돌,단일로,기타단일로,승용차,이륜차
2013.3.18 23:00,야간,월,1,8,2,차대차,측면직각충돌,측면직각충돌,교차로,교차로내,화물차,승합차
2013.3.18 17:00,주간,월,1,2,0,차대차,측면직각충돌,측면직각충돌,교차로,교차로내,승합차,화물차
2013.3.18 15:00,주간,월,1,0,0,차대차,기타,기타,단일로,기타단일로,승합차,자전거
2013.3.25 16:00,주간,월,1,0,1,차대차,정면충돌,정면충돌,단일로,기타단일로,화물차,화물차
2013.3.26 1:00,야간,화,1,0,0,차량단독,공작물충돌,공작물충돌,교차로,교차로내,승용차,0
2013.3.25 14:00,주간,월,1,0,0,차량단독,기타,기타,단일로,기타단일로,자전거,0
2013.3.26 20:00,야간,화,1,3,23,차량단독,공작물충돌,공작물충돌,단일로,기타단일로,승합차,0
2013.3.23 22:00,야간,토,1,0,0,차량단독,기타,기타,단일로,기타단일로,이륜차,0
2013.3.21 20:00,야간,목,1,0,0,차대사람,기타,기타,단일로,기타단일로,승용차,보행자
2013.3.22 15:00,주간,금,1,0,0,차량단독,도로이탈,도로이탈 추락,기타/불명,기타/불명,농기계,0
2013.3.22 22:00,야간,금,1,0,0,차대사람,횡단중,횡단중,단일로,기타단일로,승용차,보행자
2013.8.5 0:00,야간,월,1,0,0,차량단독,전도전복,전도전복,단일로,기타단일로,승용차,0
2013.8.8 6:00,주간,목,1,0,0,차량단독,공작물충돌,공작물충돌,단일로,기타단일로,승용차,0
2013.8.9 9:00,주간,금,1,0,0,차대차,측면직각충돌,측면직각충돌,교차로,교차로내,승합차,원동기장치자전거
2013.8.13 14:00,주간,화,1,0,0,차대사람,횡단중,횡단중,교차로,교차로내,건설기계,보행자
2013.8.14 1:00,야간,수,1,0,0,차대사람,기타,기타,단일로,기타단일로,승용차,보행자
2013.8.15 7:00,주간,목,1,0,0,차대사람,기타,기타,단일로,기타단일로,승용차,보행자
2013.8.14 22:00,야간,수,1,0,0,차대차,정면충돌,정면충돌,교차로,교차로내,승합차,이륜차
2013.8.10 14:00,주간,토,1,0,0,차대사람,차도통행중,차도통행중,단일로,기타단일로,승용차,보행자
2013.8.17 22:00,야간,토,1,0,0,차대사람,기타,기타,단일로,기타단일로,승용차,보행자
2013.8.16 10:00,주간,금,1,0,0,차대사람,횡단중,횡단중,교차로,교차로내,화물차,보행자
2013.8.24 13:00,주간,토,1,0,0,차량단독,기타,기타,단일로,기타단일로,승용차,0
2013.8.24 9:00,주간,토,1,0,0,차대차,측면직각충돌,측면직각충돌,단일로,기타단일로,원동기장치자전거,화물차
2013.8.24 23:00,야간,토,1,0,0,차대차,기타,기타,단일로,횡단보도상,승용차,승용차
2013.8.23 11:00,주간,금,1,0,0,차대사람,기타,기타,단일로,기타단일로,화물차,보행자
2013.8.21 18:00,야간,수,1,1,0,차량단독,전도전복,전도전복,단일로,기타단일로,화물차,0
2013.3.5 10:00,주간,화,1,0,0,차대사람,횡단중,횡단중,교차로,교차로부근,승합차,보행자
2013.3.5 6:00,주간,화,1,0,0,차대사람,기타,기타,단일로,기타단일로,승합차,보행자
2013.3.3 11:00,주간,일,1,0,0,차대사람,기타,기타,단일로,기타단일로,승용차,보행자
2013.3.14 23:00,야간,목,1,0,0,차대차,추돌,주정차중 추돌,단일로,기타단일로,승용차,화물차
2013.3.20 19:00,야간,수,1,0,0,차대사람,기타,기타,단일로,기타단일로,승합차,보행자
2013.3.20 17:00,주간,수,1,0,0,차대사람,횡단중,횡단중,교차로,교차로내,건설기계,보행자
2013.3.18 14:00,주간,월,1,1,1,차대차,추돌,주정차중 추돌,단일로,기타단일로,화물차,화물차
2013.3.24 20:00,야간,일,1,0,0,차량단독,전도전복,전도전복,단일로,기타단일로,화물차,0
2013.3.26 1:00,야간,화,1,0,0,차대사람,횡단중,횡단중,단일로,기타단일로,화물차,보행자
2013.3.23 20:00,야간,토,1,0,0,차대차,추돌,진행중 추돌,교차로,교차로부근,화물차,승합차
2013.3.22 7:00,주간,금,1,0,0,차대차,추돌,진행중 추돌,단일로,기타단일로,화물차,승용차
2013.3.22 0:00,야간,금,1,0,0,차대사람,횡단중,횡단중,단일로,기타단일로,승용차,보행자
2013.3.23 16:00,주간,토,1,1,1,차대차,정면충돌,정면충돌,단일로,기타단일로,화물차,승용차
2013.3.21 15:00,주간,목,1,1,0,차대사람,차도통행중,차도통행중,단일로,기타단일로,승용차,보행자
2013.3.21 14:00,주간,목,1,0,0,차대차,측면직각충돌,측면직각충돌,단일로,기타단일로,이륜차,승용차
2013.4.1 7:00,주간,월,1,0,0,차대차,정면충돌,정면충돌,교차로,교차로부근,건설기계,승용차
2013.7.20 19:00,야간,토,1,0,0,차대차,측면직각충돌,측면직각충돌,교차로,교차로내,원동기장치자전거,승용차
2013.7.30 12:00,주간,화,1,0,0,차대사람,기타,기타,교차로,교차로내,승용차,보행자
2013.8.5 8:00,주간,월,1,1,0,차대차,기타,기타,교차로,교차로내,화물차,원동기장치자전거
2013.8.5 20:00,야간,월,1,0,0,차대사람,보도통행중,보도통행중,단일로,기타단일로,승용차,보행자
2013.8.13 14:00,주간,화,1,0,0,차대차,측면직각충돌,측면직각충돌,단일로,기타단일로,건설기계,화물차
2013.8.30 1:00,야간,금,1,0,0,차대사람,횡단중,횡단중,단일로,기타단일로,승용차,보행자
2013.8.30 17:00,주간,금,1,3,0,차량단독,공작물충돌,공작물충돌,단일로,기타단일로,승용차,0
2013.8.30 7:00,주간,금,1,1,0,차대차,추돌,진행중 추돌,단일로,기타단일로,화물차,화물차
2013.8.28 0:00,야간,수,1,0,0,차대사람,횡단중,횡단중,단일로,횡단보도상,승용차,보행자
2013.8.28 19:00,야간,수,1,0,0,차대사람,횡단중,횡단중,단일로,횡단보도부근,승용차,보행자
2013.8.27 0:00,야간,화,1,0,0,차대사람,기타,기타,교차로,교차로부근,승용차,보행자
2013.8.26 17:00,주간,월,1,0,1,차량단독,도로이탈,도로이탈 추락,단일로,기타단일로,승용차,0
2013.9.4 11:00,주간,수,1,0,0,차대차,기타,기타,단일로,기타단일로,자전거,화물차
2013.8.13 14:00,주간,화,1,0,0,차대사람,보도통행중,보도통행중,단일로,기타단일로,화물차,보행자
2013.8.11 1:00,야간,일,1,2,0,차대차,추돌,진행중 추돌,기타/불명,기타/불명,이륜차,이륜차
2013.8.12 6:00,주간,월,2,0,0,차대사람,길가장자리구역통행중,길가장자리구역통행중,단일로,기타단일로,승용차,보행자
2013.8.20 5:00,야간,화,1,0,0,차대차,측면직각충돌,측면직각충돌,단일로,기타단일로,승용차,자전거
2013.8.20 18:00,야간,화,1,0,0,차대차,정면충돌,정면충돌,단일로,기타단일로,이륜차,화물차
2013.8.16 9:00,주간,금,1,5,0,차대차,정면충돌,정면충돌,단일로,기타단일로,화물차,화물차
2013.8.17 1:00,야간,토,1,2,2,차대차,추돌,주정차중 추돌,단일로,기타단일로,승용차,건설기계
2013.7.12 4:00,야간,금,2,8,1,차대차,측면직각충돌,측면직각충돌,교차로,교차로내,승용차,승합차
2013.7.19 12:00,주간,금,1,1,0,차대차,기타,기타,단일로,기타단일로,승용차,화물차
2013.7.16 17:00,주간,화,1,0,0,차량단독,기타,기타,단일로,기타단일로,이륜차,0
2013.7.23 8:00,주간,화,1,0,0,차대차,기타,기타,교차로,교차로부근,승용차,자전거
2013.7.23 7:00,주간,화,1,0,1,차대차,측면직각충돌,측면직각충돌,교차로,교차로내,승용차,건설기계
2013.7.23 9:00,주간,화,1,0,0,차대사람,횡단중,횡단중,교차로,교차로내,화물차,보행자
2013.7.21 15:00,주간,일,1,0,0,차대차,기타,기타,교차로,교차로내,승용차,원동기장치자전거
2013.7.9 10:00,주간,화,1,0,0,차대차,추돌,진행중 추돌,단일로,기타단일로,승용차,자전거
2013.7.11 11:00,주간,목,1,0,0,차량단독,공작물충돌,공작물충돌,단일로,기타단일로,승용차,0
2013.9.8 23:00,야간,일,1,0,0,차량단독,공작물충돌,공작물충돌,단일로,기타단일로,화물차,0
2013.9.10 0:00,야간,화,1,0,0,차대사람,횡단중,횡단중,교차로,교차로부근,승용차,보행자
2013.9.6 17:00,주간,금,1,0,1,차대차,정면충돌,정면충돌,교차로,교차로부근,승용차,화물차
2013.9.7 14:00,주간,토,1,1,0,차대차,정면충돌,정면충돌,단일로,기타단일로,화물차,화물차
2013.9.12 14:00,주간,목,1,0,0,차대차,기타,기타,단일로,기타단일로,특수차,자전거
2013.9.12 5:00,야간,목,1,0,0,차대사람,횡단중,횡단중,교차로,교차로내,화물차,보행자
2013.9.11 19:00,야간,수,1,0,1,차대차,측면직각충돌,측면직각충돌,교차로,교차로내,원동기장치자전거,승합차
2013.9.11 16:00,주간,수,1,0,0,차량단독,전도전복,전도전복,단일로,기타단일로,승합차,0
2013.9.12 6:00,주간,목,1,3,0,차대차,측면직각충돌,측면직각충돌,단일로,기타단일로,승용차,승용차
2013.9.22 13:00,주간,일,1,0,0,차대차,측면직각충돌,측면직각충돌,단일로,기타단일로,승용차,자전거
2013.9.18 17:00,주간,수,2,0,0,차량단독,기타,기타,단일로,기타단일로,승용차,0
2013.9.18 18:00,야간,수,1,0,0,차대사람,기타,기타,기타/불명,기타/불명,승용차,보행자
2013.9.20 4:00,야간,금,1,0,0,차대사람,길가장자리구역통행중,길가장자리구역통행중,단일로,기타단일로,승용차,보행자
2013.9.17 17:00,주간,화,1,0,0,차량단독,공작물충돌,공작물충돌,단일로,기타단일로,이륜차,0
2013.9.16 21:00,야간,월,1,0,0,차대차,측면직각충돌,측면직각충돌,단일로,기타단일로,승용차,승용차
2013.9.16 16:00,주간,월,1,0,0,차대차,기타,기타,교차로,교차로부근,이륜차,승합차
2013.9.25 20:00,야간,수,1,0,0,차대사람,기타,기타,교차로,교차로부근,승합차,보행자
2013.9.26 15:00,주간,목,1,0,0,차대사람,횡단중,횡단중,교차로,교차로내,화물차,보행자
2013.9.26 11:00,주간,목,1,0,0,차량단독,전도전복,전도전복,단일로,기타단일로,이륜차,0
2013.9.26 1:00,야간,목,1,0,1,차대차,추돌,진행중 추돌,단일로,교량위,승용차,화물차
2013.9.23 19:00,야간,월,1,0,0,차대사람,횡단중,횡단중,단일로,기타단일로,승용차,보행자
2013.9.24 13:00,주간,화,1,0,0,차대차,정면충돌,정면충돌,단일로,기타단일로,화물차,원동기장치자전거
2013.9.24 17:00,주간,화,1,0,0,차량단독,공작물충돌,공작물충돌,단일로,기타단일로,화물차,0
2013.9.24 21:00,야간,화,1,0,0,차대사람,길가장자리구역통행중,길가장자리구역통행중,단일로,기타단일로,승용차,보행자
2013.9.24 11:00,주간,화,1,0,0,차량단독,전도전복,전도전복,단일로,기타단일로,농기계,0
2013.9.22 16:00,주간,일,1,0,1,차량단독,전도전복,전도전복,단일로,기타단일로,승용차,0
2013.9.25 18:00,야간,수,1,0,0,차대사람,횡단중,횡단중,단일로,기타단일로,승용차,보행자
2013.9.22 16:00,주간,일,1,0,0,차량단독,공작물충돌,공작물충돌,단일로,기타단일로,농기계,0