발생년월일시,주야,요일,사망자수,중상자수,경상자수,사고유형_대분류,사고유형_중분류,사고유형,도로형태_대분류,도로형태,당사자종별_1당_대분류,당사자종별_2당_대분류
2013.6.19 20:00,야간,수,1,0,0,차대사람,횡단중,횡단중,단일로,기타단일로,승용차,보행자
2013.7.12 23:00,야간,금,2,0,0,차량단독,전도전복,전도전복,단일로,기타단일로,승용차,0
2012.8.2 21:00,야간,목,1,0,0,차대사람,횡단중,횡단중,단일로,기타단일로,승용차,보행자
2012.8.2 23:00,야간,목,1,0,0,차대사람,기타,기타,단일로,기타단일로,승용차,보행자
2012.8.2 20:00,야간,목,1,1,0,차대차,추돌,진행중 추돌,단일로,기타단일로,이륜차,자전거
2012.7.30 9:00,주간,월,1,0,0,차대사람,차도통행중,차도통행중,교차로,교차로부근,승용차,보행자
2012.6.11 0:00,야간,월,1,0,0,차대차,측면직각충돌,측면직각충돌,교차로,교차로내,승합차,승용차
2012.6.13 5:00,야간,수,1,0,0,차대차,측면직각충돌,측면직각충돌,교차로,교차로부근,승용차,화물차
2012.6.13 10:00,주간,수,1,0,0,차대차,측면직각충돌,측면직각충돌,단일로,기타단일로,원동기장치자전거,승용차
2012.6.19 1:00,야간,화,1,1,0,차대사람,횡단중,횡단중,단일로,기타단일로,승용차,보행자
2012.6.18 8:00,주간,월,1,0,0,차대사람,기타,기타,교차로,교차로내,승용차,보행자
2012.6.16 20:00,야간,토,1,0,0,차량단독,공작물충돌,공작물충돌,단일로,기타단일로,승용차,0
2012.6.17 7:00,주간,일,1,0,0,차대차,측면직각충돌,측면직각충돌,교차로,교차로내,이륜차,화물차
2012.6.22 22:00,야간,금,1,0,0,차대사람,기타,기타,교차로,교차로내,승용차,보행자
2012.6.20 9:00,주간,수,1,0,0,차대사람,기타,기타,단일로,기타단일로,화물차,보행자
2012.6.20 20:00,야간,수,1,0,2,차대차,추돌,진행중 추돌,단일로,기타단일로,화물차,승용차
2012.6.27 10:00,주간,수,2,1,0,차대차,정면충돌,정면충돌,교차로,교차로부근,승용차,화물차
2013.9.2 16:00,주간,월,1,2,0,차량단독,공작물충돌,공작물충돌,단일로,기타단일로,승용차,0
2013.9.7 14:00,주간,토,1,0,0,차대차,측면직각충돌,측면직각충돌,교차로,교차로내,화물차,자전거
2013.9.14 3:00,야간,토,1,0,0,차대사람,횡단중,횡단중,단일로,기타단일로,화물차,보행자
2013.9.14 5:00,야간,토,1,1,0,차대차,정면충돌,정면충돌,단일로,기타단일로,승용차,승용차
2013.9.14 1:00,야간,토,1,0,0,차대사람,횡단중,횡단중,단일로,기타단일로,승용차,보행자
2013.9.12 9:00,주간,목,1,1,0,차대차,정면충돌,정면충돌,단일로,기타단일로,승용차,건설기계
2013.9.30 15:00,주간,월,1,0,0,차대차,측면직각충돌,측면직각충돌,교차로,교차로내,화물차,자전거
2013.10.21 1:00,야간,월,1,0,0,차대사람,기타,기타,단일로,기타단일로,승용차,보행자
2013.10.20 3:00,야간,일,1,0,0,차대사람,횡단중,횡단중,단일로,횡단보도상,승용차,보행자
2013.10.18 18:00,야간,금,2,0,0,차대사람,보도통행중,보도통행중,교차로,교차로내,화물차,보행자
2013.10.18 18:00,야간,금,1,1,0,차대사람,횡단중,횡단중,단일로,기타단일로,이륜차,보행자
2013.10.19 21:00,야간,토,1,0,0,차대차,추돌,진행중 추돌,교차로,교차로내,이륜차,승용차
2013.10.18 7:00,주간,금,1,0,0,차대차,측면직각충돌,측면직각충돌,단일로,기타단일로,승용차,자전거
2013.1.4 12:00,주간,금,1,0,0,차대차,측면직각충돌,측면직각충돌,단일로,기타단일로,자전거,승합차
2013.5.2 15:00,주간,목,1,0,0,차량단독,공작물충돌,공작물충돌,단일로,기타단일로,승용차,0
2013.10.28 5:00,야간,월,1,0,0,차대사람,차도통행중,차도통행중,단일로,기타단일로,승용차,보행자
2013.11.28 16:00,주간,목,1,3,0,차대차,측면직각충돌,측면직각충돌,교차로,교차로내,승용차,승합차
2013.10.23 9:00,주간,수,1,0,0,차대차,기타,기타,교차로,교차로내,승용차,자전거
2013.4.11 17:00,주간,목,1,0,0,차대사람,기타,기타,교차로,교차로부근,승합차,보행자
2013.8.3 2:00,야간,토,1,0,0,차량단독,기타,기타,교차로,교차로부근,화물차,0
2013.8.1 11:00,주간,목,1,0,0,차량단독,공작물충돌,공작물충돌,단일로,기타단일로,승용차,0
2013.8.24 20:00,야간,토,1,0,0,차대사람,기타,기타,단일로,기타단일로,승용차,보행자
2013.9.1 21:00,야간,일,1,0,0,차대사람,횡단중,횡단중,단일로,기타단일로,승용차,보행자
2013.10.18 8:00,주간,금,1,0,0,차량단독,도로이탈,도로이탈 기타,단일로,기타단일로,화물차,0
2013.1.28 14:00,주간,월,1,0,0,차대차,측면직각충돌,측면직각충돌,교차로,교차로내,특수차,자전거
2013.1.5 13:00,주간,토,1,0,0,차대사람,기타,기타,교차로,교차로부근,화물차,보행자
2013.2.23 9:00,주간,토,1,0,0,차대차,추돌,주정차중 추돌,교차로,교차로내,승용차,화물차
2013.4.28 17:00,주간,일,2,0,4,차대차,측면직각충돌,측면직각충돌,단일로,기타단일로,승용차,승용차
2013.2.27 11:00,주간,수,1,0,0,차량단독,공작물충돌,공작물충돌,단일로,기타단일로,승용차,0
2013.8.24 19:00,야간,토,1,0,0,차대사람,횡단중,횡단중,단일로,기타단일로,승용차,보행자
2013.9.5 15:00,주간,목,1,1,0,차량단독,도로이탈,도로이탈 추락,단일로,기타단일로,승용차,0
2013.6.22 11:00,주간,토,1,1,0,차대차,측면직각충돌,측면직각충돌,교차로,교차로내,이륜차,승합차
2013.6.10 8:00,주간,월,1,0,0,차대차,기타,기타,단일로,기타단일로,원동기장치자전거,승합차
2013.1.8 17:00,주간,화,1,1,0,차대차,기타,기타,교차로,교차로내,원동기장치자전거,승용차
2013.5.13 17:00,주간,월,1,0,0,차량단독,전도전복,전도전복,단일로,기타단일로,건설기계,0
2013.5.15 21:00,야간,수,1,0,0,차대차,측면직각충돌,측면직각충돌,교차로,교차로내,승용차,이륜차
2013.11.13 5:00,야간,수,1,0,0,차대차,측면직각충돌,측면직각충돌,교차로,교차로내,화물차,이륜차
2013.3.10 5:00,야간,일,1,0,0,차량단독,공작물충돌,공작물충돌,단일로,기타단일로,승용차,0
2013.8.15 17:00,주간,목,1,3,0,차량단독,전도전복,전도전복,단일로,기타단일로,승용차,0
2013.9.10 21:00,야간,화,1,0,0,차대사람,횡단중,횡단중,단일로,기타단일로,원동기장치자전거,보행자
2013.10.12 14:00,주간,토,1,1,2,차대차,정면충돌,정면충돌,단일로,기타단일로,이륜차,승용차
2013.10.10 18:00,야간,목,1,0,0,차대사람,기타,기타,단일로,기타단일로,승용차,보행자
2013.7.5 6:00,주간,금,1,0,0,차량단독,공작물충돌,공작물충돌,단일로,기타단일로,화물차,0
2013.7.5 17:00,주간,금,1,3,0,차대차,기타,기타,교차로,교차로내,승용차,승용차
2013.2.19 0:00,야간,화,1,0,0,차대사람,횡단중,횡단중,단일로,횡단보도상,승용차,보행자
2013.4.19 11:00,주간,금,1,0,1,차대차,추돌,진행중 추돌,단일로,기타단일로,화물차,화물차
2013.10.26 6:00,주간,토,1,0,0,차대사람,기타,기타,단일로,기타단일로,이륜차,보행자
2013.11.8 18:00,야간,금,1,0,0,차대사람,기타,기타,단일로,기타단일로,승용차,보행자
2013.11.6 18:00,야간,수,1,0,0,차대사람,기타,기타,단일로,기타단일로,승용차,보행자
2013.11.11 23:00,야간,월,1,0,0,차대사람,횡단중,횡단중,단일로,기타단일로,승용차,보행자
2013.11.11 18:00,야간,월,1,0,0,차대사람,횡단중,횡단중,교차로,교차로내,화물차,보행자
2013.11.19 9:00,주간,화,1,0,0,차대차,추돌,진행중 추돌,교차로,교차로내,원동기장치자전거,승용차
2013.4.6 23:00,야간,토,1,0,0,차대사람,횡단중,횡단중,단일로,횡단보도상,승용차,보행자
2013.7.17 0:00,야간,수,1,0,0,차대차,기타,기타,교차로,교차로내,승용차,화물차
2013.9.16 10:00,주간,월,1,0,0,차량단독,기타,기타,단일로,기타단일로,농기계,0
2013.5.23 5:00,야간,목,1,0,0,차대차,기타,기타,기타/불명,기타/불명,승용차,농기계
2013.6.18 21:00,야간,화,1,0,0,차대사람,기타,기타,교차로,교차로부근,승용차,보행자
2013.4.2 9:00,주간,화,1,0,0,차량단독,공작물충돌,공작물충돌,단일로,기타단일로,농기계,0
2013.4.11 20:00,야간,목,1,0,0,차대사람,횡단중,횡단중,단일로,기타단일로,승용차,보행자
2013.4.9 17:00,주간,화,2,0,0,차량단독,도로이탈,도로이탈 추락,교차로,교차로부근,화물차,0
2013.7.29 4:00,야간,월,1,0,0,차대사람,기타,기타,교차로,교차로부근,승용차,보행자
2013.7.25 8:00,주간,목,1,0,0,차대차,기타,기타,교차로,교차로부근,자전거,승용차
2013.7.27 20:00,야간,토,1,0,0,차량단독,전도전복,전도전복,단일로,기타단일로,화물차,0
2013.7.27 1:00,야간,토,1,0,0,차량단독,기타,기타,단일로,기타단일로,이륜차,0
2013.7.31 0:00,야간,수,1,0,0,차대사람,횡단중,횡단중,단일로,기타단일로,승용차,보행자
2013.8.1 16:00,주간,목,1,0,0,차대사람,기타,기타,단일로,기타단일로,화물차,보행자
2013.7.31 9:00,주간,수,1,0,0,차대사람,횡단중,횡단중,단일로,기타단일로,화물차,보행자
2013.7.31 16:00,주간,수,1,2,0,차량단독,공작물충돌,공작물충돌,단일로,기타단일로,화물차,0
2013.8.9 16:00,주간,금,1,0,0,차량단독,전도전복,전도전복,기타/불명,기타/불명,농기계,0
2013.8.10 18:00,야간,토,1,1,0,차대차,기타,기타,교차로,교차로내,이륜차,이륜차
2013.8.5 10:00,주간,월,1,0,0,차대차,기타,기타,교차로,교차로부근,이륜차,승용차
2013.8.14 21:00,야간,수,1,0,0,차대사람,차도통행중,차도통행중,단일로,기타단일로,승합차,보행자
2013.8.14 20:00,야간,수,1,0,1,차대사람,횡단중,횡단중,단일로,기타단일로,화물차,보행자
2013.8.15 20:00,야간,목,1,0,0,차대사람,기타,기타,단일로,기타단일로,이륜차,보행자
2013.8.15 19:00,야간,목,1,0,0,차대사람,기타,기타,단일로,기타단일로,승용차,보행자
2013.8.13 22:00,야간,화,1,0,0,차대사람,기타,기타,교차로,교차로부근,승용차,보행자
2013.8.14 3:00,야간,수,1,0,0,차대차,정면충돌,정면충돌,단일로,기타단일로,승용차,화물차
2013.8.14 0:00,야간,수,1,1,0,차대차,기타,기타,교차로,교차로내,승용차,승합차
2013.8.19 3:00,야간,월,1,0,0,차량단독,공작물충돌,공작물충돌,단일로,기타단일로,승용차,0
2013.8.19 12:00,주간,월,1,0,0,차대차,기타,기타,기타/불명,기타/불명,이륜차,건설기계
2013.8.21 3:00,야간,수,2,1,0,차대차,측면직각충돌,측면직각충돌,단일로,기타단일로,승용차,화물차
2013.8.19 12:00,주간,월,1,0,0,차량단독,전도전복,전도전복,단일로,기타단일로,이륜차,0
2013.8.18 16:00,주간,일,1,0,0,차대차,기타,기타,단일로,기타단일로,건설기계,자전거
2013.8.18 21:00,야간,일,1,0,0,차대사람,길가장자리구역통행중,길가장자리구역통행중,단일로,기타단일로,승용차,보행자
2013.8.18 8:00,주간,일,1,0,0,차량단독,전도전복,전도전복,교차로,교차로내,농기계,0
2013.7.9 21:00,야간,화,1,0,0,차대사람,기타,기타,단일로,기타단일로,승용차,보행자
2013.7.17 17:00,주간,수,1,0,0,차대차,측면직각충돌,측면직각충돌,교차로,교차로내,원동기장치자전거,승용차
2013.7.18 15:00,주간,목,1,0,0,차대사람,기타,기타,교차로,교차로내,승합차,보행자
2013.7.17 11:00,주간,수,1,1,1,차대사람,기타,기타,단일로,기타단일로,승용차,보행자
2013.7.16 6:00,주간,화,1,0,0,차대차,측면직각충돌,측면직각충돌,교차로,교차로부근,자전거,승합차
2013.9.17 20:00,야간,화,1,0,0,차대사람,차도통행중,차도통행중,단일로,기타단일로,승용차,보행자
2013.9.17 19:00,야간,화,1,0,0,차대차,측면직각충돌,측면직각충돌,단일로,횡단보도상,이륜차,승용차
2013.9.18 5:00,야간,수,1,0,0,차대사람,횡단중,횡단중,단일로,횡단보도상,승용차,보행자
2013.9.16 14:00,주간,월,1,0,0,차대사람,횡단중,횡단중,교차로,교차로내,승용차,보행자
2013.9.27 11:00,주간,금,1,0,0,차량단독,공작물충돌,공작물충돌,단일로,교량위,승합차,0
2013.9.27 10:00,주간,금,1,0,1,차대차,측면직각충돌,측면직각충돌,교차로,교차로내,이륜차,화물차
2013.9.27 9:00,주간,금,1,0,1,차량단독,공작물충돌,공작물충돌,단일로,기타단일로,화물차,0
2013.9.27 13:00,주간,금,1,0,0,차대사람,횡단중,횡단중,단일로,기타단일로,승용차,보행자
2013.9.23 22:00,야간,월,1,0,0,차대차,추돌,진행중 추돌,단일로,기타단일로,화물차,자전거
2013.9.23 10:00,주간,월,1,0,0,차대차,정면충돌,정면충돌,단일로,기타단일로,승용차,화물차
2013.9.23 14:00,주간,월,1,0,0,차대사람,기타,기타,교차로,교차로부근,승합차,보행자
2013.9.23 6:00,주간,월,1,0,0,차대사람,횡단중,횡단중,단일로,횡단보도상,승용차,보행자
2013.10.1 13:00,주간,화,1,0,0,차량단독,공작물충돌,공작물충돌,단일로,기타단일로,화물차,0
2012.6.26 3:00,야간,화,1,0,0,차대사람,횡단중,횡단중,단일로,교량위,승용차,보행자
2012.6.26 11:00,주간,화,1,1,1,차대차,기타,기타,교차로,교차로내,승용차,승용차
2012.6.26 11:00,주간,화,1,0,1,차대차,정면충돌,정면충돌,단일로,횡단보도부근,승용차,승용차
2012.6.24 19:00,야간,일,1,0,0,차대사람,횡단중,횡단중,단일로,기타단일로,승용차,보행자
2012.6.25 3:00,야간,월,1,1,0,차량단독,공작물충돌,공작물충돌,단일로,기타단일로,이륜차,0
2012.7.1 0:00,야간,일,1,0,0,차량단독,공작물충돌,공작물충돌,기타/불명,기타/불명,승용차,0
2012.6.29 18:00,야간,금,1,4,6,차대차,추돌,주정차중 추돌,단일로,기타단일로,건설기계,승용차
2012.6.30 1:00,야간,토,1,0,0,차량단독,공작물충돌,공작물충돌,단일로,기타단일로,화물차,0
2012.6.29 0:00,야간,금,1,0,0,차량단독,전도전복,전도전복,단일로,기타단일로,이륜차,0
2012.7.6 2:00,야간,금,1,0,0,차대사람,차도통행중,차도통행중,단일로,기타단일로,화물차,보행자
2012.7.6 2:00,야간,금,1,0,0,차량단독,공작물충돌,공작물충돌,교차로,교차로내,승용차,0
2012.7.4 2:00,야간,수,1,0,0,차대차,추돌,진행중 추돌,단일로,기타단일로,화물차,승용차
2012.7.6 20:00,야간,금,1,0,0,차대사람,횡단중,횡단중,교차로,교차로부근,화물차,보행자
2012.7.11 20:00,야간,수,1,0,0,차대사람,차도통행중,차도통행중,단일로,기타단일로,화물차,보행자
2012.7.15 0:00,야간,일,1,0,0,차량단독,공작물충돌,공작물충돌,교차로,교차로내,화물차,0
2012.7.14 11:00,주간,토,1,0,0,차대사람,횡단중,횡단중,단일로,기타단일로,화물차,보행자
2012.7.14 22:00,야간,토,2,1,1,차량단독,공작물충돌,공작물충돌,단일로,교량위,화물차,0
2012.7.22 0:00,야간,일,1,0,0,차대사람,횡단중,횡단중,단일로,기타단일로,승용차,보행자
2012.7.21 5:00,야간,토,1,0,1,차대차,정면충돌,정면충돌,단일로,기타단일로,승용차,승용차
2012.7.18 14:00,주간,수,1,0,0,차량단독,공작물충돌,공작물충돌,단일로,기타단일로,이륜차,0
2012.7.25 11:00,주간,수,1,0,0,차대사람,차도통행중,차도통행중,단일로,기타단일로,승용차,보행자
2012.7.25 18:00,야간,수,1,0,0,차대사람,횡단중,횡단중,단일로,기타단일로,승용차,보행자
2012.7.23 22:00,야간,월,1,0,0,차대사람,횡단중,횡단중,단일로,기타단일로,승용차,보행자
2012.7.30 16:00,주간,월,1,0,0,차대차,추돌,주정차중 추돌,단일로,교량위,화물차,화물차
2012.7.29 20:00,야간,일,1,0,0,차대사람,횡단중,횡단중,단일로,기타단일로,승용차,보행자
2012.7.28 22:00,야간,토,1,0,0,차대차,정면충돌,정면충돌,교차로,교차로내,이륜차,승합차
2012.7.28 9:00,주간,토,2,6,0,차대차,측면직각충돌,측면직각충돌,단일로,기타단일로,승용차,승용차
2013.3.29 20:00,야간,금,1,1,0,차대차,기타,기타,단일로,횡단보도상,승용차,승용차
2013.3.27 19:00,야간,수,1,1,0,차대차,추돌,주정차중 추돌,단일로,기타단일로,승용차,농기계
2013.3.27 16:00,주간,수,1,1,0,차대차,측면직각충돌,측면직각충돌,교차로,교차로내,승용차,승용차
2013.3.28 2:00,야간,목,1,2,1,차대사람,횡단중,횡단중,교차로,교차로내,승용차,보행자
2013.3.27 18:00,야간,수,1,0,0,차대차,기타,기타,단일로,기타단일로,이륜차,승용차
2013.3.29 15:00,주간,금,1,0,0,차대차,기타,기타,교차로,교차로내,화물차,이륜차
2013.4.2 8:00,주간,화,1,0,0,차량단독,공작물충돌,공작물충돌,교차로,교차로내,승용차,0
2013.4.1 16:00,주간,월,1,0,0,차량단독,도로이탈,도로이탈 기타,단일로,기타단일로,원동기장치자전거,0
2013.4.9 5:00,야간,화,1,0,0,차대사람,횡단중,횡단중,교차로,교차로부근,승용차,보행자
2013.4.11 16:00,주간,목,1,0,0,차대사람,기타,기타,단일로,횡단보도상,승용차,보행자
2013.4.11 10:00,주간,목,2,1,6,차대차,측면직각충돌,측면직각충돌,단일로,기타단일로,화물차,승합차
2013.2.20 15:00,주간,수,1,0,0,차대사람,횡단중,횡단중,단일로,기타단일로,화물차,보행자
2013.2.28 14:00,주간,목,1,0,0,차대차,기타,기타,단일로,기타단일로,화물차,자전거
2013.2.28 15:00,주간,목,1,1,0,차량단독,기타,기타,단일로,기타단일로,원동기장치자전거,0
2013.2.28 11:00,주간,목,1,0,0,차대차,정면충돌,정면충돌,교차로,교차로부근,승용차,화물차
2013.3.1 7:00,주간,금,1,0,0,차량단독,공작물충돌,공작물충돌,교차로,교차로부근,이륜차,0
2013.10.22 17:00,주간,화,1,0,0,차량단독,기타,기타,단일로,기타단일로,원동기장치자전거,0
2013.4.13 16:00,주간,토,1,0,0,차량단독,공작물충돌,공작물충돌,단일로,기타단일로,화물차,0
2013.3.14 19:00,야간,목,1,0,0,차대차,추돌,진행중 추돌,단일로,기타단일로,화물차,자전거
2013.3.16 4:00,야간,토,1,0,0,차대사람,횡단중,횡단중,교차로,교차로내,승용차,보행자
2013.8.12 12:00,주간,월,1,0,1,차대차,측면직각충돌,측면직각충돌,교차로,교차로부근,원동기장치자전거,승용차
2013.7.19 0:00,야간,금,1,0,1,차대차,추돌,진행중 추돌,단일로,기타단일로,승용차,화물차
2013.7.16 11:00,주간,화,2,0,1,차대차,정면충돌,정면충돌,단일로,기타단일로,화물차,화물차
2013.9.15 1:00,야간,일,1,0,0,차대차,기타,기타,단일로,횡단보도부근,원동기장치자전거,승용차
2013.9.12 18:00,야간,목,1,0,0,차대사람,횡단중,횡단중,단일로,기타단일로,승용차,보행자
2013.9.2 20:00,야간,월,1,0,0,차대사람,횡단중,횡단중,교차로,교차로내,승용차,보행자
2013.9.11 5:00,야간,수,1,0,0,차대차,측면직각충돌,측면직각충돌,단일로,횡단보도상,자전거,승합차
2013.4.1 0:00,야간,월,1,0,0,차대사람,차도통행중,차도통행중,단일로,기타단일로,화물차,보행자
2013.3.29 17:00,주간,금,1,0,1,차대차,정면충돌,정면충돌,교차로,교차로내,화물차,화물차
2013.3.29 15:00,주간,금,1,0,0,차량단독,기타,기타,단일로,기타단일로,자전거,0
2013.4.16 18:00,야간,화,1,0,0,차량단독,공작물충돌,공작물충돌,단일로,기타단일로,화물차,0
2013.4.17 9:00,주간,수,1,0,0,차대차,기타,기타,단일로,기타단일로,승용차,자전거
2013.4.17 12:00,주간,수,1,0,0,차대차,기타,기타,단일로,기타단일로,승용차,자전거
2013.4.14 23:00,야간,일,1,0,0,차량단독,공작물충돌,공작물충돌,교차로,교차로부근,승용차,0
2013.4.14 16:00,주간,일,1,0,2,차대차,정면충돌,정면충돌,단일로,기타단일로,승용차,승용차
2013.4.15 22:00,야간,월,1,0,0,차대사람,횡단중,횡단중,단일로,기타단일로,승합차,보행자
2013.4.14 19:00,야간,일,1,1,0,차대차,기타,기타,단일로,기타단일로,승용차,승합차
2013.4.12 10:00,주간,금,1,0,0,차량단독,공작물충돌,공작물충돌,교차로,교차로내,승용차,0
2013.4.13 0:00,야간,토,1,5,16,차대차,정면충돌,정면충돌,단일로,기타단일로,화물차,승합차
2013.4.14 1:00,야간,일,1,1,0,차대차,추돌,주정차중 추돌,단일로,기타단일로,이륜차,화물차
2013.4.22 6:00,주간,월,1,0,0,차량단독,전도전복,전도전복,단일로,기타단일로,원동기장치자전거,0
2013.4.20 8:00,주간,토,1,0,0,차대사람,횡단중,횡단중,교차로,교차로부근,건설기계,보행자
2013.4.20 20:00,야간,토,1,0,0,차대사람,횡단중,횡단중,단일로,기타단일로,승용차,보행자
2013.4.22 14:00,주간,월,1,1,0,차대사람,기타,기타,단일로,기타단일로,승용차,보행자
2013.4.20 19:00,야간,토,1,0,0,차대사람,횡단중,횡단중,단일로,기타단일로,승용차,보행자
2013.4.22 6:00,주간,월,1,0,0,차량단독,기타,기타,단일로,기타단일로,승용차,0
2013.4.22 11:00,주간,월,1,0,0,차대사람,횡단중,횡단중,단일로,기타단일로,화물차,보행자
2013.4.20 3:00,야간,토,3,1,0,차량단독,공작물충돌,공작물충돌,단일로,기타단일로,승용차,0
2013.2.26 22:00,야간,화,1,0,0,차대차,측면직각충돌,측면직각충돌,단일로,기타단일로,화물차,승용차
2013.2.27 11:00,주간,수,1,0,0,차대사람,횡단중,횡단중,교차로,교차로내,승용차,보행자
2013.3.3 0:00,야간,일,1,0,0,차대사람,횡단중,횡단중,단일로,기타단일로,승용차,보행자
2013.3.4 2:00,야간,월,1,0,0,차대차,기타,기타,단일로,기타단일로,승용차,특수차
2013.3.8 15:00,주간,금,1,0,0,차량단독,공작물충돌,공작물충돌,단일로,기타단일로,화물차,0
2013.3.7 21:00,야간,목,1,0,0,차대사람,기타,기타,단일로,기타단일로,승용차,보행자
2013.3.5 21:00,야간,화,1,0,0,차대사람,횡단중,횡단중,교차로,교차로내,승용차,보행자
2013.4.9 8:00,주간,화,1,0,0,차량단독,전도전복,전도전복,단일로,기타단일로,화물차,0
2013.4.7 19:00,야간,일,1,0,0,차량단독,도로이탈,도로이탈 추락,단일로,기타단일로,승용차,0
2013.4.8 21:00,야간,월,1,0,0,차대차,기타,기타,단일로,기타단일로,승용차,승용차
2013.3.4 13:00,주간,월,1,1,1,차대차,기타,기타,교차로,교차로부근,승용차,승용차
2013.3.9 22:00,야간,토,1,0,0,차대사람,기타,기타,단일로,기타단일로,승용차,보행자
2013.3.6 19:00,야간,수,1,0,0,차대차,측면직각충돌,측면직각충돌,단일로,기타단일로,승용차,자전거
2013.3.6 12:00,주간,수,1,0,0,차량단독,도로이탈,도로이탈 추락,단일로,기타단일로,농기계,0
2013.3.14 6:00,주간,목,1,0,0,차량단독,도로이탈,도로이탈 추락,단일로,기타단일로,원동기장치자전거,0
2013.3.11 16:00,주간,월,1,0,0,차량단독,공작물충돌,공작물충돌,단일로,기타단일로,화물차,0
2013.3.12 16:00,주간,화,4,1,0,차대사람,길가장자리구역통행중,길가장자리구역통행중,단일로,기타단일로,이륜차,보행자
2013.3.12 12:00,주간,화,1,0,0,차대차,추돌,진행중 추돌,단일로,기타단일로,화물차,이륜차
2013.3.17 21:00,야간,일,1,0,1,차대차,추돌,주정차중 추돌,단일로,기타단일로,화물차,화물차
2013.3.17 16:00,주간,일,1,0,0,차량단독,도로이탈,도로이탈 기타,단일로,기타단일로,화물차,0
2013.3.16 15:00,주간,토,1,0,0,차량단독,도로이탈,도로이탈 추락,단일로,기타단일로,자전거,0
2013.4.21 12:00,주간,일,1,0,0,차량단독,공작물충돌,공작물충돌,단일로,기타단일로,이륜차,0
2013.4.20 15:00,주간,토,1,0,0,차량단독,전도전복,전도전복,단일로,기타단일로,이륜차,0
2013.4.20 8:00,주간,토,1,1,0,차대사람,보도통행중,보도통행중,단일로,기타단일로,승용차,보행자
2013.4.21 10:00,주간,일,1,1,0,차량단독,전도전복,전도전복,단일로,기타단일로,승용차,0
2013.4.20 20:00,야간,토,1,0,0,차대차,추돌,진행중 추돌,단일로,기타단일로,화물차,농기계
2013.4.19 14:00,주간,금,1,0,0,차대차,측면직각충돌,측면직각충돌,교차로,교차로내,화물차,이륜차
2013.4.18 10:00,주간,목,1,0,2,차대차,추돌,진행중 추돌,단일로,기타단일로,원동기장치자전거,승용차
2013.4.5 19:00,야간,금,1,0,0,차량단독,공작물충돌,공작물충돌,교차로,교차로내,이륜차,0
2013.4.6 16:00,주간,토,1,0,0,차대사람,횡단중,횡단중,단일로,횡단보도상,건설기계,보행자
2013.4.3 14:00,주간,수,1,0,0,차량단독,전도전복,전도전복,단일로,기타단일로,특수차,0
2013.4.1 9:00,주간,월,1,0,0,차대사람,차도통행중,차도통행중,교차로,교차로부근,승합차,보행자
2013.4.11 0:00,야간,목,1,0,0,차대차,기타,기타,교차로,교차로부근,승용차,승용차
2013.4.9 13:00,주간,화,1,0,0,차대사람,보도통행중,보도통행중,단일로,기타단일로,건설기계,보행자
2013.4.10 4:00,야간,수,1,0,0,차량단독,도로이탈,도로이탈 추락,단일로,기타단일로,화물차,0
2013.4.11 9:00,주간,목,1,0,0,차대사람,차도통행중,차도통행중,교차로,교차로부근,화물차,보행자
2013.4.10 23:00,야간,수,1,0,0,차대사람,횡단중,횡단중,교차로,교차로내,승용차,보행자
2013.4.6 7:00,주간,토,1,1,0,차대차,기타,기타,단일로,기타단일로,화물차,승용차
2013.4.9 13:00,주간,화,1,0,0,차량단독,기타,기타,단일로,기타단일로,화물차,0
2013.4.7 0:00,야간,일,2,0,0,차량단독,공작물충돌,공작물충돌,교차로,교차로부근,승용차,0
2013.2.21 5:00,야간,목,1,0,1,차대차,추돌,주정차중 추돌,단일로,기타단일로,승용차,화물차
2013.2.21 10:00,주간,목,1,0,0,차대차,기타,기타,단일로,기타단일로,원동기장치자전거,승용차
2013.2.21 8:00,주간,목,1,0,0,차량단독,공작물충돌,공작물충돌,단일로,기타단일로,화물차,0
2013.2.21 6:00,주간,목,1,1,1,차대차,정면충돌,정면충돌,단일로,기타단일로,승용차,승용차
2013.2.28 19:00,야간,목,1,0,0,차대사람,횡단중,횡단중,단일로,기타단일로,승용차,보행자
2013.2.28 19:00,야간,목,1,0,0,차대사람,기타,기타,단일로,횡단보도상,이륜차,보행자
2013.10.5 19:00,야간,토,1,0,0,차량단독,공작물충돌,공작물충돌,단일로,기타단일로,승용차,0
2013.10.5 15:00,주간,토,1,0,0,차대차,기타,기타,교차로,교차로부근,화물차,승용차
2013.10.5 5:00,야간,토,1,0,0,차대사람,횡단중,횡단중,단일로,기타단일로,승용차,보행자
2013.10.1 11:00,주간,화,1,0,0,차대차,기타,기타,교차로,교차로부근,이륜차,화물차
2013.9.29 0:00,야간,일,1,0,0,차대사람,기타,기타,단일로,기타단일로,승용차,보행자
2013.9.27 19:00,야간,금,1,0,0,차대사람,기타,기타,단일로,기타단일로,승용차,보행자
2013.9.28 18:00,야간,토,1,0,0,차대차,정면충돌,정면충돌,단일로,기타단일로,승용차,승합차
2013.9.28 17:00,주간,토,1,0,0,차대차,측면직각충돌,측면직각충돌,교차로,교차로내,자전거,승용차
2013.9.28 18:00,야간,토,1,0,0,차대사람,횡단중,횡단중,교차로,교차로내,화물차,보행자
2013.10.7 1:00,야간,월,1,0,0,차량단독,공작물충돌,공작물충돌,단일로,기타단일로,승용차,0
2013.10.4 11:00,주간,금,1,0,0,차대차,기타,기타,기타/불명,기타/불명,건설기계,자전거