발생년월일시,주야,요일,사망자수,중상자수,경상자수,사고유형_대분류,사고유형_중분류,사고유형,도로형태_대분류,도로형태,당사자종별_1당_대분류,당사자종별_2당_대분류
2013.9.24 11:00,주간,화,1,0,0,차대차,기타,기타,교차로,교차로부근,화물차,자전거
2013.10.18 23:00,야간,금,1,0,0,차대사람,횡단중,횡단중,단일로,기타단일로,승용차,보행자
2013.10.27 5:00,야간,일,1,0,0,차대사람,기타,기타,단일로,기타단일로,승용차,보행자
2013.10.27 18:00,야간,일,1,0,0,차대사람,횡단중,횡단중,단일로,기타단일로,승용차,보행자
2012.7.22 7:00,주간,일,1,1,2,차대차,정면충돌,정면충돌,단일로,기타단일로,승용차,승합차
2012.7.20 21:00,야간,금,1,0,0,차대차,측면직각충돌,측면직각충돌,교차로,교차로내,원동기장치자전거,승용차
2012.7.19 17:00,주간,목,1,0,0,차대사람,길가장자리구역통행중,길가장자리구역통행중,단일로,기타단일로,승용차,보행자
2012.7.25 10:00,주간,수,1,0,0,차대사람,기타,기타,교차로,교차로부근,화물차,보행자
2012.7.25 20:00,야간,수,1,1,0,차대차,기타,기타,단일로,기타단일로,승용차,농기계
2012.7.23 21:00,야간,월,1,0,0,차대차,추돌,주정차중 추돌,단일로,기타단일로,화물차,자전거
2012.7.22 18:00,야간,일,1,0,0,차량단독,공작물충돌,공작물충돌,단일로,기타단일로,농기계,0
2012.7.22 23:00,야간,일,1,0,0,차대사람,횡단중,횡단중,교차로,교차로내,승용차,보행자
2012.7.28 16:00,주간,토,1,1,0,차대차,기타,기타,단일로,기타단일로,승용차,건설기계
2012.7.29 6:00,주간,일,1,0,0,차대차,측면직각충돌,측면직각충돌,교차로,교차로내,승합차,자전거
2012.7.26 21:00,야간,목,1,4,2,차대차,정면충돌,정면충돌,단일로,기타단일로,승용차,승용차
2012.8.3 10:00,주간,금,1,1,0,차대차,기타,기타,교차로,교차로내,화물차,승용차
2012.7.31 3:00,야간,화,1,0,0,차대사람,횡단중,횡단중,교차로,교차로부근,승용차,보행자
2012.7.31 23:00,야간,화,1,0,0,차대차,측면직각충돌,측면직각충돌,단일로,기타단일로,승용차,승용차
2012.6.17 1:00,야간,일,1,0,0,차량단독,전도전복,전도전복,단일로,기타단일로,이륜차,0
2012.6.17 14:00,주간,일,1,0,0,차대차,기타,기타,단일로,기타단일로,승용차,자전거
2012.6.16 16:00,주간,토,1,0,0,차대차,추돌,주정차중 추돌,교차로,교차로부근,화물차,이륜차
2012.6.17 2:00,야간,일,1,0,0,차대차,추돌,주정차중 추돌,교차로,교차로부근,승용차,화물차
2012.6.16 15:00,주간,토,1,0,0,차량단독,공작물충돌,공작물충돌,단일로,기타단일로,승용차,0
2012.6.23 5:00,야간,토,1,0,4,차대차,측면직각충돌,측면직각충돌,교차로,교차로부근,승용차,승용차
2012.6.21 10:00,주간,목,1,0,0,차대차,측면직각충돌,측면직각충돌,교차로,교차로내,원동기장치자전거,승용차
2012.6.21 14:00,주간,목,1,0,1,차대차,정면충돌,정면충돌,단일로,기타단일로,원동기장치자전거,승용차
2012.6.20 23:00,야간,수,1,0,0,차대사람,차도통행중,차도통행중,단일로,기타단일로,승합차,보행자
2012.6.27 16:00,주간,수,1,0,0,차대차,기타,기타,교차로,교차로내,화물차,원동기장치자전거
2012.6.27 16:00,주간,수,1,1,0,차대차,측면직각충돌,측면직각충돌,단일로,기타단일로,이륜차,화물차
2012.6.25 18:00,야간,월,1,0,0,차량단독,기타,기타,단일로,교량위,자전거,0
2012.6.24 21:00,야간,일,1,0,0,차대차,측면직각충돌,측면직각충돌,단일로,기타단일로,자전거,승용차
2012.6.29 23:00,야간,금,1,0,0,차대사람,기타,기타,단일로,기타단일로,승용차,보행자
2012.6.30 1:00,야간,토,2,0,2,차대차,기타,기타,지하도로내,지하도로내,승용차,승용차
2012.7.4 20:00,야간,수,1,0,0,차대사람,기타,기타,단일로,기타단일로,화물차,보행자
2012.7.3 10:00,주간,화,1,0,0,차대차,기타,기타,단일로,기타단일로,승용차,자전거
2012.7.2 11:00,주간,월,1,0,0,차대사람,차도통행중,차도통행중,단일로,기타단일로,화물차,보행자
2012.7.6 16:00,주간,금,1,0,0,차대사람,횡단중,횡단중,교차로,교차로부근,승용차,보행자
2012.7.12 22:00,야간,목,1,0,0,차대사람,횡단중,횡단중,교차로,교차로내,이륜차,보행자
2012.7.13 5:00,야간,금,1,1,0,차대사람,보도통행중,보도통행중,단일로,기타단일로,원동기장치자전거,보행자
2012.7.12 11:00,주간,목,1,0,0,차량단독,전도전복,전도전복,단일로,기타단일로,화물차,0
2012.7.10 16:00,주간,화,1,0,0,차대사람,횡단중,횡단중,단일로,기타단일로,승합차,보행자
2012.7.10 17:00,주간,화,1,0,0,차량단독,공작물충돌,공작물충돌,단일로,기타단일로,화물차,0
2013.1.27 10:00,주간,일,1,1,0,차대차,정면충돌,정면충돌,단일로,기타단일로,화물차,화물차
2013.2.25 21:00,야간,월,1,0,0,차량단독,전도전복,전도전복,교차로,교차로부근,이륜차,0
2013.11.3 14:00,주간,일,1,0,0,차량단독,전도전복,전도전복,단일로,기타단일로,이륜차,0
2013.12.30 17:00,주간,월,1,0,0,차대사람,기타,기타,단일로,기타단일로,승합차,보행자
2013.8.1 23:00,야간,목,1,0,1,차대차,추돌,주정차중 추돌,단일로,기타단일로,화물차,승합차
2013.7.20 20:00,야간,토,1,0,0,차대사람,횡단중,횡단중,교차로,교차로내,승용차,보행자
2013.8.30 16:00,주간,금,1,0,0,차대차,정면충돌,정면충돌,단일로,기타단일로,이륜차,승용차
2013.8.28 6:00,주간,수,1,0,0,차량단독,공작물충돌,공작물충돌,단일로,교량위,이륜차,0
2014.6.27 10:00,주간,금,1,0,1,차대차,추돌,진행중 추돌,교차로,교차로내,승용차,승용차
2014.6.27 18:00,야간,금,1,0,0,차대사람,기타,기타,단일로,기타단일로,승용차,보행자
2014.6.28 16:00,주간,토,1,0,0,차대차,측면직각충돌,측면직각충돌,교차로,교차로부근,화물차,원동기장치자전거
2014.7.1 9:00,주간,화,1,0,0,차량단독,전도전복,전도전복,단일로,기타단일로,농기계,0
2014.7.2 9:00,주간,수,1,0,0,차대사람,길가장자리구역통행중,길가장자리구역통행중,교차로,교차로부근,화물차,보행자
2014.6.29 23:00,야간,일,1,0,0,차량단독,공작물충돌,공작물충돌,교차로,교차로부근,승용차,0
2014.6.29 17:00,주간,일,1,0,4,차대차,기타,기타,교차로,교차로부근,승용차,승용차
2014.6.29 8:00,주간,일,1,0,0,차량단독,도로이탈,도로이탈 추락,단일로,기타단일로,승용차,0
2014.6.29 16:00,주간,일,1,0,0,차량단독,도로이탈,도로이탈 추락,단일로,기타단일로,원동기장치자전거,0
2014.6.28 2:00,야간,토,1,0,0,차대사람,횡단중,횡단중,단일로,기타단일로,승용차,보행자
2014.6.27 21:00,야간,금,1,0,3,차대차,추돌,진행중 추돌,교차로,교차로내,이륜차,승용차
2012.7.30 18:00,야간,월,1,0,2,차량단독,전도전복,전도전복,단일로,기타단일로,화물차,0
2014.4.18 14:00,주간,금,1,15,8,차대차,측면직각충돌,측면직각충돌,교차로,교차로내,승용차,승합차
2014.4.18 11:00,주간,금,1,0,0,차대사람,길가장자리구역통행중,길가장자리구역통행중,단일로,기타단일로,화물차,보행자
2014.4.15 19:00,야간,화,1,0,0,차량단독,공작물충돌,공작물충돌,단일로,기타단일로,승용차,0
2014.4.13 1:00,야간,일,1,0,0,차대사람,기타,기타,단일로,기타단일로,승용차,보행자
2014.4.15 16:00,주간,화,1,0,0,차대사람,기타,기타,단일로,기타단일로,화물차,보행자
2014.4.12 13:00,주간,토,1,0,0,차대사람,기타,기타,단일로,기타단일로,화물차,보행자
2014.4.24 18:00,야간,목,1,0,1,차대차,측면직각충돌,측면직각충돌,단일로,기타단일로,승용차,승합차
2014.4.24 16:00,주간,목,1,0,0,차대차,측면직각충돌,측면직각충돌,교차로,교차로내,원동기장치자전거,승용차
2014.4.21 6:00,주간,월,1,2,2,차대차,추돌,진행중 추돌,교차로,교차로부근,승합차,승합차
2014.4.27 5:00,야간,일,1,0,0,차대사람,횡단중,횡단중,단일로,횡단보도부근,승용차,보행자
2014.3.28 10:00,주간,금,1,0,0,차대차,측면직각충돌,측면직각충돌,교차로,교차로부근,화물차,원동기장치자전거
2014.3.27 18:00,야간,목,1,0,0,차대차,추돌,주정차중 추돌,교차로,교차로부근,원동기장치자전거,승용차
2014.3.26 1:00,야간,수,1,0,0,차대사람,기타,기타,단일로,기타단일로,승용차,보행자
2014.3.24 23:00,야간,월,1,0,0,차대사람,횡단중,횡단중,교차로,교차로내,승용차,보행자
2014.3.25 6:00,주간,화,1,0,0,차대사람,횡단중,횡단중,교차로,교차로부근,화물차,보행자
2014.3.26 4:00,야간,수,1,0,0,차대사람,횡단중,횡단중,단일로,횡단보도부근,승용차,보행자
2014.4.12 6:00,주간,토,1,2,2,차대차,추돌,진행중 추돌,교차로,교차로내,건설기계,승용차
2013.10.18 1:00,야간,금,1,0,0,차대차,추돌,주정차중 추돌,교차로,교차로부근,원동기장치자전거,승용차
2013.10.19 16:00,주간,토,1,2,0,차대차,추돌,진행중 추돌,단일로,기타단일로,화물차,화물차
2013.9.4 18:00,야간,수,1,0,0,차대사람,횡단중,횡단중,교차로,교차로내,승용차,보행자
2013.9.2 14:00,주간,월,1,0,0,차량단독,도로이탈,도로이탈 기타,단일로,기타단일로,농기계,0
2013.9.2 15:00,주간,월,1,0,1,차량단독,도로이탈,도로이탈 추락,교차로,교차로내,농기계,0
2013.9.3 2:00,야간,화,1,0,0,차량단독,공작물충돌,공작물충돌,단일로,기타단일로,승용차,0
2013.9.10 16:00,주간,화,1,0,0,차대사람,횡단중,횡단중,단일로,기타단일로,화물차,보행자
2013.9.10 5:00,야간,화,1,2,5,차량단독,전도전복,전도전복,단일로,기타단일로,화물차,0
2013.9.9 22:00,야간,월,2,0,0,차량단독,공작물충돌,공작물충돌,단일로,기타단일로,승용차,0
2013.9.7 9:00,주간,토,1,0,1,차대차,정면충돌,정면충돌,단일로,기타단일로,승용차,화물차
2013.9.7 9:00,주간,토,1,0,0,차대사람,횡단중,횡단중,교차로,교차로내,화물차,보행자
2013.9.7 10:00,주간,토,1,0,0,차량단독,공작물충돌,공작물충돌,단일로,기타단일로,승용차,0
2013.9.14 14:00,주간,토,1,0,0,차대사람,횡단중,횡단중,기타/불명,기타/불명,승합차,보행자
2013.9.11 19:00,야간,수,1,0,0,차대차,기타,기타,단일로,횡단보도상,이륜차,승용차
2013.9.12 5:00,야간,목,1,0,0,차대사람,횡단중,횡단중,단일로,기타단일로,승용차,보행자
2013.9.18 18:00,야간,수,1,2,2,차대차,측면직각충돌,측면직각충돌,기타/불명,기타/불명,승용차,승용차
2013.9.26 17:00,주간,목,1,0,0,차대사람,횡단중,횡단중,단일로,기타단일로,승용차,보행자
2013.9.25 12:00,주간,수,1,0,0,차대차,측면직각충돌,측면직각충돌,단일로,기타단일로,화물차,자전거
2013.9.25 19:00,야간,수,1,0,0,차대사람,횡단중,횡단중,교차로,교차로내,승용차,보행자
2013.9.30 23:00,야간,월,1,0,0,차대사람,기타,기타,단일로,기타단일로,승용차,보행자
2013.10.1 4:00,야간,화,1,0,0,차량단독,기타,기타,단일로,기타단일로,이륜차,0
2013.9.29 7:00,주간,일,1,0,0,차대차,측면직각충돌,측면직각충돌,교차로,교차로부근,원동기장치자전거,승용차
2013.9.29 11:00,주간,일,1,0,0,차량단독,기타,기타,단일로,기타단일로,승용차,0
2012.7.27 18:00,야간,금,1,0,0,차대사람,기타,기타,교차로,교차로내,승용차,보행자
2012.7.27 21:00,야간,금,1,0,0,차대사람,횡단중,횡단중,교차로,교차로내,승용차,보행자
2012.7.28 0:00,야간,토,1,0,0,차대사람,보도통행중,보도통행중,단일로,기타단일로,화물차,보행자
2012.8.3 13:00,주간,금,1,1,2,차대차,측면직각충돌,측면직각충돌,교차로,교차로내,건설기계,승용차
2012.8.3 20:00,야간,금,1,3,1,차대차,측면직각충돌,측면직각충돌,단일로,기타단일로,승용차,승용차
2012.8.2 11:00,주간,목,1,0,0,차량단독,기타,기타,단일로,기타단일로,농기계,0
2012.8.1 11:00,주간,수,1,0,0,차대차,추돌,주정차중 추돌,단일로,기타단일로,승용차,승용차
2012.7.30 22:00,야간,월,1,1,0,차대차,측면직각충돌,측면직각충돌,교차로,교차로내,승합차,승용차
2012.7.31 0:00,야간,화,1,0,0,차대사람,횡단중,횡단중,단일로,기타단일로,승용차,보행자
2012.7.30 11:00,주간,월,1,0,0,차량단독,전도전복,전도전복,단일로,기타단일로,승용차,0
2012.6.12 14:00,주간,화,1,0,0,차대차,측면직각충돌,측면직각충돌,단일로,기타단일로,이륜차,특수차
2012.6.17 22:00,야간,일,1,0,0,차대사람,횡단중,횡단중,교차로,교차로내,승용차,보행자
2012.6.18 5:00,야간,월,1,0,0,차량단독,공작물충돌,공작물충돌,단일로,기타단일로,이륜차,0
2012.6.16 23:00,야간,토,1,0,1,차대차,추돌,진행중 추돌,단일로,기타단일로,이륜차,승용차
2012.6.22 5:00,야간,금,1,0,0,차대사람,횡단중,횡단중,단일로,기타단일로,승용차,보행자
2012.6.23 0:00,야간,토,1,0,0,차량단독,도로이탈,도로이탈 추락,교차로,교차로내,원동기장치자전거,0
2012.6.21 21:00,야간,목,2,1,0,차량단독,전도전복,전도전복,단일로,기타단일로,승용차,0
2012.6.22 20:00,야간,금,1,0,0,차대사람,길가장자리구역통행중,길가장자리구역통행중,단일로,기타단일로,승용차,보행자
2012.6.21 0:00,야간,목,1,0,0,차대차,기타,기타,단일로,기타단일로,승용차,승용차
2013.10.25 18:00,야간,금,1,0,0,차대차,정면충돌,정면충돌,단일로,기타단일로,불명,이륜차
2013.10.4 16:00,주간,금,1,0,0,차대사람,횡단중,횡단중,단일로,기타단일로,승용차,보행자
2013.10.5 8:00,주간,토,1,1,0,차대차,정면충돌,정면충돌,교차로,교차로부근,승용차,화물차
2013.10.10 19:00,야간,목,1,0,0,차대사람,기타,기타,단일로,기타단일로,승합차,보행자
2013.10.10 16:00,주간,목,1,2,0,차량단독,공작물충돌,공작물충돌,교차로,교차로내,승용차,0
2013.10.11 8:00,주간,금,1,0,0,차대사람,기타,기타,기타/불명,기타/불명,승용차,보행자
2013.10.10 18:00,야간,목,1,0,0,차대사람,횡단중,횡단중,단일로,기타단일로,승합차,보행자
2013.10.9 2:00,야간,수,1,0,1,차량단독,공작물충돌,공작물충돌,단일로,기타단일로,승용차,0
2013.10.8 13:00,주간,화,1,0,0,차대차,측면직각충돌,측면직각충돌,교차로,교차로내,자전거,승용차
2013.10.9 20:00,야간,수,1,0,0,차대차,추돌,진행중 추돌,단일로,기타단일로,승용차,화물차
2013.1.30 6:00,주간,수,1,0,0,차대사람,횡단중,횡단중,단일로,기타단일로,승용차,보행자
2013.2.12 6:00,주간,화,1,0,0,차대사람,횡단중,횡단중,단일로,횡단보도상,승합차,보행자
2013.4.23 20:00,야간,화,1,0,0,차량단독,전도전복,전도전복,단일로,기타단일로,화물차,0
2013.11.17 10:00,주간,일,1,0,0,차대사람,횡단중,횡단중,단일로,횡단보도상,승용차,보행자
2013.11.26 6:00,주간,화,1,0,0,차대차,기타,기타,단일로,기타단일로,화물차,자전거
2013.11.10 21:00,야간,일,1,0,0,차량단독,공작물충돌,공작물충돌,단일로,기타단일로,승용차,0
2013.11.9 2:00,야간,토,1,0,0,차대차,기타,기타,기타/불명,기타/불명,승용차,승용차
2013.10.30 16:00,주간,수,1,0,0,차량단독,전도전복,전도전복,단일로,기타단일로,농기계,0
2013.3.18 14:00,주간,월,1,1,0,차대차,정면충돌,정면충돌,교차로,교차로부근,승용차,화물차
2013.8.8 5:00,야간,목,1,1,0,차대차,측면직각충돌,측면직각충돌,교차로,교차로내,승용차,승용차
2013.8.19 15:00,주간,월,1,0,0,차대사람,횡단중,횡단중,교차로,교차로부근,화물차,보행자
2013.9.16 16:00,주간,월,1,0,0,차량단독,전도전복,전도전복,교차로,교차로부근,농기계,0
2013.9.18 23:00,야간,수,1,0,0,차대차,측면직각충돌,측면직각충돌,단일로,기타단일로,승합차,자전거
2013.10.2 6:00,주간,수,1,0,0,차대차,기타,기타,단일로,기타단일로,승용차,농기계
2013.6.4 20:00,야간,화,1,0,0,차대차,정면충돌,정면충돌,단일로,기타단일로,화물차,자전거
2013.5.25 8:00,주간,토,1,1,0,차량단독,도로이탈,도로이탈 기타,단일로,기타단일로,승용차,0
2013.6.7 1:00,야간,금,1,1,0,차대차,정면충돌,정면충돌,교차로,교차로부근,이륜차,이륜차
2013.2.19 9:00,주간,화,1,0,0,차대사람,횡단중,횡단중,교차로,교차로내,화물차,보행자
2013.2.18 6:00,주간,월,1,0,0,차대사람,기타,기타,단일로,기타단일로,승용차,보행자
2013.5.1 10:00,주간,수,1,0,0,차대차,추돌,진행중 추돌,단일로,기타단일로,자전거,승합차
2013.5.3 9:00,주간,금,1,0,0,차대사람,보도통행중,보도통행중,교차로,교차로부근,승합차,보행자
2013.3.13 14:00,주간,수,1,0,0,차대사람,횡단중,횡단중,교차로,교차로내,화물차,보행자
2013.4.16 20:00,야간,화,1,0,0,차대사람,차도통행중,차도통행중,교차로,교차로내,승용차,보행자
2013.9.22 17:00,주간,일,1,0,0,차량단독,기타,기타,기타/불명,기타/불명,농기계,0
2013.10.6 8:00,주간,일,1,0,0,차대차,측면직각충돌,측면직각충돌,교차로,교차로부근,자전거,승용차
2013.6.9 4:00,야간,일,1,3,0,차량단독,공작물충돌,공작물충돌,단일로,기타단일로,승용차,0
2013.7.6 23:00,야간,토,1,0,0,차대사람,기타,기타,단일로,기타단일로,승용차,보행자
2013.5.29 7:00,주간,수,1,0,0,차량단독,공작물충돌,공작물충돌,단일로,기타단일로,화물차,0
2013.2.6 1:00,야간,수,1,0,0,차대사람,차도통행중,차도통행중,단일로,기타단일로,승합차,보행자
2013.1.31 11:00,주간,목,1,1,0,차대사람,횡단중,횡단중,교차로,교차로내,화물차,보행자
2013.1.3 10:00,주간,목,1,0,0,차량단독,공작물충돌,공작물충돌,단일로,기타단일로,승용차,0
2013.1.23 18:00,야간,수,1,0,0,차대사람,횡단중,횡단중,교차로,교차로내,승용차,보행자
2013.11.7 15:00,주간,목,1,0,0,차량단독,기타,기타,단일로,기타단일로,화물차,0
2013.12.31 22:00,야간,화,1,0,2,차대사람,기타,기타,기타/불명,기타/불명,승용차,보행자
2013.11.1 7:00,주간,금,1,0,0,차대사람,길가장자리구역통행중,길가장자리구역통행중,단일로,기타단일로,화물차,보행자
2013.12.30 6:00,주간,월,1,0,0,차대사람,횡단중,횡단중,단일로,기타단일로,승용차,보행자
2013.11.26 13:00,주간,화,1,0,0,차대차,추돌,주정차중 추돌,단일로,터널안,화물차,승용차
2013.3.19 5:00,야간,화,1,0,0,차량단독,공작물충돌,공작물충돌,교차로,교차로내,화물차,0
2013.7.22 8:00,주간,월,1,0,0,차대차,측면직각충돌,측면직각충돌,단일로,기타단일로,승용차,이륜차
2013.8.4 22:00,야간,일,1,0,0,차량단독,전도전복,전도전복,단일로,교량위,이륜차,0
2013.10.9 18:00,야간,수,1,0,0,차대사람,기타,기타,단일로,횡단보도상,화물차,보행자
2013.6.16 15:00,주간,일,1,0,0,차량단독,공작물충돌,공작물충돌,기타/불명,기타/불명,이륜차,0
2013.2.9 20:00,야간,토,1,0,0,차대사람,횡단중,횡단중,단일로,기타단일로,승용차,보행자
2013.2.19 11:00,주간,화,1,0,0,차대사람,기타,기타,단일로,기타단일로,화물차,보행자
2013.2.28 22:00,야간,목,1,0,0,차대차,정면충돌,정면충돌,교차로,교차로내,승용차,이륜차
2013.2.26 23:00,야간,화,1,0,0,차량단독,공작물충돌,공작물충돌,단일로,기타단일로,승용차,0
2013.3.2 17:00,주간,토,1,1,0,차대사람,기타,기타,단일로,기타단일로,승용차,보행자
2013.3.7 20:00,야간,목,1,0,0,차량단독,공작물충돌,공작물충돌,교차로,교차로부근,이륜차,0
2013.3.9 11:00,주간,토,1,0,0,차대차,기타,기타,기타/불명,기타/불명,건설기계,자전거
2014.4.12 0:00,야간,토,1,1,0,차량단독,공작물충돌,공작물충돌,교차로,교차로부근,승용차,0
2014.4.11 11:00,주간,금,1,0,0,차대차,기타,기타,교차로,교차로내,화물차,이륜차
2014.4.11 19:00,야간,금,1,0,0,차대사람,횡단중,횡단중,단일로,기타단일로,승용차,보행자
2014.4.7 21:00,야간,월,1,0,0,차대차,추돌,주정차중 추돌,단일로,기타단일로,화물차,화물차
2014.4.8 19:00,야간,화,1,0,0,차대사람,횡단중,횡단중,기타/불명,기타/불명,승용차,보행자
2014.4.6 3:00,야간,일,1,0,0,차대사람,기타,기타,단일로,기타단일로,승용차,보행자
2014.4.13 19:00,야간,일,1,0,0,차대사람,횡단중,횡단중,단일로,기타단일로,승용차,보행자
2014.4.20 19:00,야간,일,1,0,0,차대사람,기타,기타,교차로,교차로부근,승용차,보행자
2014.4.28 19:00,야간,월,1,0,0,차량단독,전도전복,전도전복,단일로,기타단일로,승용차,0
2014.4.28 5:00,야간,월,1,0,0,차대차,추돌,주정차중 추돌,단일로,기타단일로,승용차,화물차
2014.4.26 5:00,야간,토,1,0,1,차대차,추돌,진행중 추돌,교차로,교차로부근,화물차,화물차
2014.5.7 22:00,야간,수,1,0,0,차대차,기타,기타,교차로,교차로내,승용차,이륜차
2014.3.18 11:00,주간,화,1,0,0,차대차,기타,기타,단일로,기타단일로,승용차,원동기장치자전거
2014.3.28 23:00,야간,금,1,0,0,차대사람,횡단중,횡단중,단일로,기타단일로,승용차,보행자
2014.3.29 4:00,야간,토,1,0,0,차대사람,기타,기타,단일로,기타단일로,승용차,보행자
2014.3.30 16:00,주간,일,2,1,1,차대차,정면충돌,정면충돌,단일로,기타단일로,승합차,화물차
2014.4.5 1:00,야간,토,1,0,0,차량단독,기타,기타,단일로,기타단일로,이륜차,0
2014.3.30 3:00,야간,일,1,0,0,차대사람,횡단중,횡단중,단일로,기타단일로,승용차,보행자
2014.4.9 6:00,주간,수,1,0,0,차대차,기타,기타,교차로,교차로내,화물차,자전거
2014.4.10 9:00,주간,목,1,0,0,차대차,기타,기타,교차로,교차로내,이륜차,화물차
2014.4.10 20:00,야간,목,1,0,0,차대사람,길가장자리구역통행중,길가장자리구역통행중,단일로,기타단일로,승용차,보행자
2014.4.10 3:00,야간,목,1,0,0,차량단독,전도전복,전도전복,단일로,기타단일로,승용차,0
2014.4.6 14:00,주간,일,1,0,0,차대사람,기타,기타,단일로,기타단일로,화물차,보행자
2014.4.17 18:00,야간,목,1,0,0,차대사람,횡단중,횡단중,단일로,기타단일로,승용차,보행자
2013.6.29 19:00,야간,토,1,2,0,차대차,기타,기타,교차로,교차로내,승용차,승용차
2013.6.29 13:00,주간,토,1,5,2,차대차,정면충돌,정면충돌,단일로,기타단일로,화물차,승합차
2013.6.29 18:00,야간,토,1,3,0,차대차,정면충돌,정면충돌,단일로,기타단일로,승용차,승용차
2013.7.7 16:00,주간,일,1,0,0,차대사람,기타,기타,단일로,기타단일로,화물차,보행자
2013.7.6 19:00,야간,토,1,1,0,차량단독,공작물충돌,공작물충돌,단일로,기타단일로,승용차,0
2013.7.6 17:00,주간,토,1,0,0,차량단독,전도전복,전도전복,단일로,기타단일로,이륜차,0
2013.7.9 6:00,주간,화,1,0,1,차대차,정면충돌,정면충돌,단일로,기타단일로,화물차,건설기계
2013.7.7 8:00,주간,일,1,0,3,차대차,정면충돌,정면충돌,교차로,교차로내,승용차,승용차
2013.7.8 10:00,주간,월,1,0,0,차대사람,횡단중,횡단중,단일로,기타단일로,승합차,보행자
2013.7.6 2:00,야간,토,1,0,0,차대사람,기타,기타,단일로,기타단일로,승용차,보행자
2013.7.4 1:00,야간,목,2,0,2,차대사람,횡단중,횡단중,교차로,교차로내,승용차,보행자
2013.5.19 14:00,주간,일,1,0,0,차대사람,횡단중,횡단중,단일로,기타단일로,승용차,보행자
2013.5.18 20:00,야간,토,1,3,2,차대차,측면직각충돌,측면직각충돌,교차로,교차로내,승용차,승용차
2013.5.18 21:00,야간,토,1,0,0,차대사람,횡단중,횡단중,단일로,기타단일로,승용차,보행자
2013.5.25 23:00,야간,토,1,0,0,차대사람,횡단중,횡단중,단일로,횡단보도상,승용차,보행자
2013.5.26 14:00,주간,일,1,0,0,차대사람,차도통행중,차도통행중,단일로,기타단일로,승합차,보행자
2013.5.28 0:00,야간,화,1,0,0,차량단독,공작물충돌,공작물충돌,교차로,교차로내,승용차,0
2013.5.28 10:00,주간,화,1,0,0,차량단독,공작물충돌,공작물충돌,단일로,기타단일로,화물차,0
2012.6.20 8:00,주간,수,1,0,0,차량단독,전도전복,전도전복,단일로,기타단일로,원동기장치자전거,0
2012.6.26 20:00,야간,화,1,0,0,차량단독,도로이탈,도로이탈 추락,단일로,교량위,승용차,0
2012.6.25 16:00,주간,월,1,0,0,차대사람,기타,기타,단일로,기타단일로,승용차,보행자
2012.6.26 19:00,야간,화,1,0,0,차량단독,도로이탈,도로이탈 추락,단일로,기타단일로,승용차,0
2012.7.2 1:00,야간,월,1,0,0,차량단독,전도전복,전도전복,교차로,교차로부근,이륜차,0
2012.7.5 21:00,야간,목,1,0,0,차대사람,차도통행중,차도통행중,단일로,기타단일로,승용차,보행자
2012.7.1 15:00,주간,일,1,1,0,차대차,추돌,주정차중 추돌,교차로,교차로내,승용차,승용차
2012.7.9 8:00,주간,월,1,0,0,차대사람,횡단중,횡단중,교차로,교차로내,화물차,보행자
2012.7.7 10:00,주간,토,1,3,0,차량단독,전도전복,전도전복,단일로,기타단일로,화물차,0
2012.7.12 20:00,야간,목,1,1,0,차대차,기타,기타,교차로,교차로부근,화물차,화물차
2012.7.14 11:00,주간,토,1,0,0,차량단독,전도전복,전도전복,단일로,기타단일로,농기계,0
2012.7.11 21:00,야간,수,1,0,0,차대사람,길가장자리구역통행중,길가장자리구역통행중,단일로,기타단일로,승용차,보행자
2012.7.9 19:00,야간,월,1,0,0,차량단독,도로이탈,도로이탈 추락,단일로,기타단일로,화물차,0
2012.7.9 23:00,야간,월,1,0,0,차대사람,횡단중,횡단중,단일로,횡단보도상,승합차,보행자
2012.7.17 4:00,야간,화,1,0,0,차대사람,횡단중,횡단중,단일로,기타단일로,승용차,보행자
2012.7.18 7:00,주간,수,1,0,0,차대사람,횡단중,횡단중,교차로,교차로부근,화물차,보행자
2012.7.18 8:00,주간,수,1,0,0,차대사람,횡단중,횡단중,교차로,교차로부근,화물차,보행자
2012.7.19 17:00,주간,목,1,0,0,차량단독,전도전복,전도전복,단일로,기타단일로,이륜차,0
2013.5.29 3:00,야간,수,1,0,0,차대사람,기타,기타,단일로,기타단일로,승용차,보행자
2014.4.1 16:00,주간,화,1,0,1,차대차,기타,기타,단일로,기타단일로,승용차,승용차
2013.1.20 15:00,주간,일,1,0,0,차대사람,기타,기타,교차로,교차로내,승용차,보행자
2013.2.27 8:00,주간,수,1,1,0,차대차,측면직각충돌,측면직각충돌,교차로,교차로내,승용차,승용차
2013.2.26 19:00,야간,화,1,0,0,차대사람,횡단중,횡단중,단일로,기타단일로,화물차,보행자
2013.3.3 0:00,야간,일,1,0,0,차량단독,전도전복,전도전복,단일로,기타단일로,승용차,0
2013.3.7 13:00,주간,목,1,0,1,차대차,추돌,주정차중 추돌,단일로,기타단일로,화물차,화물차
2013.3.5 16:00,주간,화,1,0,0,차대사람,횡단중,횡단중,단일로,기타단일로,화물차,보행자
2013.3.4 23:00,야간,월,1,0,0,차량단독,공작물충돌,공작물충돌,단일로,기타단일로,화물차,0
2013.3.11 16:00,주간,월,1,1,0,차량단독,도로이탈,도로이탈 추락,단일로,기타단일로,농기계,0