발생년월일시,주야,요일,사망자수,중상자수,경상자수,사고유형_대분류,사고유형_중분류,사고유형,도로형태_대분류,도로형태,당사자종별_1당_대분류,당사자종별_2당_대분류
2013.3.11 10:00,주간,월,1,0,0,차대사람,횡단중,횡단중,교차로,교차로부근,화물차,보행자
2013.3.19 6:00,주간,화,1,0,0,차대사람,횡단중,횡단중,단일로,횡단보도상,승용차,보행자
2013.3.21 4:00,야간,목,1,1,0,차대차,추돌,주정차중 추돌,단일로,기타단일로,화물차,화물차
2013.3.15 19:00,야간,금,1,0,0,차대사람,횡단중,횡단중,단일로,기타단일로,승용차,보행자
2013.3.16 16:00,주간,토,1,1,0,차량단독,공작물충돌,공작물충돌,단일로,기타단일로,화물차,0
2013.3.16 17:00,주간,토,1,0,0,차량단독,공작물충돌,공작물충돌,단일로,기타단일로,이륜차,0
2013.3.17 21:00,야간,일,1,0,0,차대사람,기타,기타,단일로,기타단일로,이륜차,보행자
2013.3.25 1:00,야간,월,1,0,0,차대사람,기타,기타,단일로,기타단일로,승용차,보행자
2013.3.25 10:00,주간,월,1,0,0,차대차,추돌,진행중 추돌,단일로,기타단일로,화물차,이륜차
2013.3.25 12:00,주간,월,1,0,0,차대차,측면직각충돌,측면직각충돌,교차로,교차로내,화물차,자전거
2013.3.21 6:00,주간,목,1,0,0,차량단독,공작물충돌,공작물충돌,단일로,기타단일로,승용차,0
2013.3.27 8:00,주간,수,1,0,0,차대사람,횡단중,횡단중,단일로,횡단보도부근,승합차,보행자
2013.3.28 6:00,주간,목,1,0,0,차대사람,횡단중,횡단중,단일로,기타단일로,승용차,보행자
2013.3.28 1:00,야간,목,1,0,2,차대차,기타,기타,단일로,기타단일로,승용차,승합차
2013.12.2 12:00,주간,월,1,0,0,차량단독,공작물충돌,공작물충돌,단일로,기타단일로,화물차,0
2013.10.28 17:00,주간,월,2,0,2,차대차,정면충돌,정면충돌,단일로,기타단일로,화물차,화물차
2013.11.14 19:00,야간,목,1,1,0,차대사람,횡단중,횡단중,단일로,기타단일로,승용차,보행자
2013.3.31 17:00,주간,일,1,2,1,차량단독,도로이탈,도로이탈 추락,단일로,기타단일로,승용차,0
2013.3.9 12:00,주간,토,1,0,0,차대차,추돌,주정차중 추돌,교차로,교차로내,승합차,이륜차
2013.10.1 8:00,주간,화,1,1,0,차대차,측면직각충돌,측면직각충돌,교차로,교차로내,승용차,화물차
2013.10.7 22:00,야간,월,2,0,1,차대차,추돌,진행중 추돌,단일로,기타단일로,승용차,농기계
2013.10.14 16:00,주간,월,2,2,0,차대사람,길가장자리구역통행중,길가장자리구역통행중,단일로,기타단일로,승용차,보행자
2013.6.13 12:00,주간,목,1,0,0,차량단독,전도전복,전도전복,교차로,교차로내,농기계,0
2013.3.31 12:00,주간,일,1,0,0,차량단독,기타,기타,단일로,기타단일로,승용차,0
2013.3.27 21:00,야간,수,1,0,0,차대사람,기타,기타,단일로,기타단일로,승용차,보행자
2013.3.27 20:00,야간,수,1,0,0,차대사람,기타,기타,교차로,교차로내,승용차,보행자
2013.4.15 19:00,야간,월,1,0,0,차량단독,공작물충돌,공작물충돌,단일로,기타단일로,승용차,0
2013.4.15 3:00,야간,월,1,0,0,차량단독,공작물충돌,공작물충돌,교차로,교차로내,화물차,0
2013.4.16 12:00,주간,화,1,0,0,차대차,측면직각충돌,측면직각충돌,교차로,교차로내,자전거,승용차
2013.4.15 20:00,야간,월,1,0,0,차대사람,횡단중,횡단중,단일로,횡단보도부근,승용차,보행자
2013.4.17 9:00,주간,수,1,0,0,차량단독,공작물충돌,공작물충돌,단일로,기타단일로,화물차,0
2013.4.14 17:00,주간,일,1,0,0,차대사람,기타,기타,교차로,교차로부근,승용차,보행자
2013.4.13 20:00,야간,토,1,2,2,차대차,측면직각충돌,측면직각충돌,교차로,교차로내,승용차,승합차
2013.4.14 0:00,야간,일,1,1,0,차대사람,횡단중,횡단중,단일로,횡단보도상,승용차,보행자
2013.4.12 22:00,야간,금,1,0,0,차대차,기타,기타,단일로,기타단일로,승용차,승용차
2013.4.13 5:00,야간,토,1,0,0,차대차,추돌,주정차중 추돌,단일로,기타단일로,이륜차,건설기계
2013.4.12 17:00,주간,금,1,0,0,차대차,측면직각충돌,측면직각충돌,교차로,교차로내,이륜차,화물차
2013.4.13 0:00,야간,토,1,0,0,차대차,측면직각충돌,측면직각충돌,교차로,교차로내,이륜차,승용차
2013.4.14 1:00,야간,일,1,0,0,차대사람,차도통행중,차도통행중,단일로,기타단일로,승용차,보행자
2013.4.21 16:00,주간,일,1,0,0,차대사람,기타,기타,단일로,기타단일로,화물차,보행자
2013.4.18 14:00,주간,목,1,0,0,차대사람,횡단중,횡단중,단일로,기타단일로,승용차,보행자
2013.4.4 20:00,야간,목,1,0,0,차대사람,횡단중,횡단중,단일로,기타단일로,화물차,보행자
2013.4.5 19:00,야간,금,1,0,0,차대사람,기타,기타,단일로,기타단일로,승용차,보행자
2013.2.27 19:00,야간,수,1,0,0,차대사람,횡단중,횡단중,교차로,교차로부근,승용차,보행자
2013.2.25 21:00,야간,월,1,0,0,차량단독,공작물충돌,공작물충돌,단일로,기타단일로,승용차,0
2013.3.1 4:00,야간,금,1,0,0,차량단독,공작물충돌,공작물충돌,단일로,기타단일로,승용차,0
2013.3.4 8:00,주간,월,1,0,0,차대차,기타,기타,교차로,교차로내,이륜차,승용차
2013.3.9 6:00,주간,토,1,0,0,차량단독,기타,기타,단일로,기타단일로,승용차,0
2013.3.9 0:00,야간,토,1,0,0,차대사람,횡단중,횡단중,교차로,교차로부근,승용차,보행자
2013.3.7 9:00,주간,목,1,0,0,차량단독,전도전복,전도전복,단일로,기타단일로,화물차,0
2013.3.6 8:00,주간,수,1,0,0,차량단독,전도전복,전도전복,단일로,기타단일로,화물차,0
2013.3.5 19:00,야간,화,1,0,0,차대사람,기타,기타,단일로,기타단일로,화물차,보행자
2013.3.14 9:00,주간,목,1,0,0,차량단독,기타,기타,단일로,기타단일로,화물차,0
2013.3.13 23:00,야간,수,1,0,0,차량단독,공작물충돌,공작물충돌,단일로,기타단일로,이륜차,0
2013.3.14 10:00,주간,목,1,0,0,차대차,측면직각충돌,측면직각충돌,단일로,기타단일로,화물차,자전거
2013.3.18 9:00,주간,월,1,0,0,차대차,추돌,진행중 추돌,단일로,기타단일로,승용차,이륜차
2013.3.18 19:00,야간,월,1,0,0,차대사람,기타,기타,단일로,기타단일로,화물차,보행자
2013.3.13 20:00,야간,수,1,0,0,차대사람,횡단중,횡단중,단일로,기타단일로,화물차,보행자
2013.3.14 6:00,주간,목,1,0,0,차대사람,횡단중,횡단중,교차로,교차로내,승용차,보행자
2013.3.14 9:00,주간,목,1,0,0,차량단독,전도전복,전도전복,단일로,기타단일로,이륜차,0
2013.4.18 9:00,주간,목,1,0,0,차대사람,차도통행중,차도통행중,단일로,기타단일로,승용차,보행자
2013.4.6 0:00,야간,토,1,0,0,차량단독,전도전복,전도전복,단일로,기타단일로,이륜차,0
2013.4.3 17:00,주간,수,1,0,0,차대차,측면직각충돌,측면직각충돌,교차로,교차로내,승용차,이륜차
2013.4.4 16:00,주간,목,1,0,0,차대차,측면직각충돌,측면직각충돌,교차로,교차로내,화물차,이륜차
2013.4.3 21:00,야간,수,1,0,0,차대사람,횡단중,횡단중,교차로,교차로내,승용차,보행자
2013.4.1 14:00,주간,월,1,0,0,차대차,추돌,진행중 추돌,단일로,기타단일로,화물차,이륜차
2013.4.3 8:00,주간,수,1,0,0,차대차,측면직각충돌,측면직각충돌,교차로,교차로내,승합차,자전거
2013.4.7 1:00,야간,일,1,0,0,차대사람,횡단중,횡단중,교차로,교차로부근,승용차,보행자
2013.4.6 19:00,야간,토,1,2,13,차대사람,기타,기타,단일로,기타단일로,승용차,보행자
2013.4.8 17:00,주간,월,1,0,0,차대차,기타,기타,교차로,교차로부근,불명,이륜차
2013.4.8 5:00,야간,월,1,0,1,차대차,측면직각충돌,측면직각충돌,교차로,교차로내,화물차,승용차
2013.4.14 6:00,주간,일,1,0,0,차대사람,횡단중,횡단중,단일로,기타단일로,화물차,보행자
2013.4.16 12:00,주간,화,1,0,1,차대차,추돌,진행중 추돌,단일로,기타단일로,화물차,화물차
2013.4.15 22:00,야간,월,1,0,0,차량단독,도로이탈,도로이탈 추락,단일로,기타단일로,화물차,0
2013.4.15 17:00,주간,월,3,12,3,차대차,추돌,진행중 추돌,단일로,터널안,승용차,승합차
2013.4.16 17:00,주간,화,1,0,0,차대사람,기타,기타,단일로,기타단일로,승합차,보행자
2013.4.17 6:00,주간,수,1,0,0,차량단독,기타,기타,단일로,기타단일로,승용차,0
2013.4.15 9:00,주간,월,1,0,0,차대차,측면직각충돌,측면직각충돌,교차로,교차로부근,이륜차,화물차
2013.4.16 8:00,주간,화,1,0,0,차대사람,차도통행중,차도통행중,단일로,기타단일로,승용차,보행자
2013.4.11 20:00,야간,목,1,0,0,차대사람,기타,기타,기타/불명,기타/불명,승용차,보행자
2013.4.12 16:00,주간,금,1,0,0,차대차,기타,기타,단일로,기타단일로,건설기계,자전거
2013.2.22 2:00,야간,금,1,0,1,차량단독,공작물충돌,공작물충돌,단일로,기타단일로,승용차,0
2013.2.26 17:00,주간,화,1,0,0,차량단독,기타,기타,단일로,기타단일로,승합차,0
2013.2.27 10:00,주간,수,1,0,0,차대차,기타,기타,단일로,기타단일로,승용차,자전거
2013.2.26 15:00,주간,화,1,0,0,차대사람,횡단중,횡단중,단일로,기타단일로,승용차,보행자
2013.7.19 11:00,주간,금,1,0,0,차대차,기타,기타,교차로,교차로부근,승용차,원동기장치자전거
2013.7.18 20:00,야간,목,1,1,0,차대사람,차도통행중,차도통행중,단일로,기타단일로,승용차,보행자
2013.7.18 20:00,야간,목,1,0,0,차량단독,도로이탈,도로이탈 기타,단일로,기타단일로,승용차,0
2013.7.18 23:00,야간,목,1,0,0,차대사람,횡단중,횡단중,단일로,기타단일로,화물차,보행자
2013.7.16 16:00,주간,화,1,0,0,차대사람,기타,기타,교차로,교차로내,승합차,보행자
2013.7.14 16:00,주간,일,1,0,0,차량단독,공작물충돌,공작물충돌,단일로,기타단일로,승용차,0
2013.7.21 23:00,야간,일,2,2,0,차대차,기타,기타,단일로,기타단일로,승용차,화물차
2013.7.21 21:00,야간,일,1,0,0,차대사람,횡단중,횡단중,단일로,기타단일로,승용차,보행자
2013.10.3 5:00,야간,목,1,0,0,차대사람,기타,기타,교차로,교차로내,승용차,보행자
2013.9.5 5:00,야간,목,1,0,0,차대사람,횡단중,횡단중,단일로,기타단일로,승합차,보행자
2013.9.2 0:00,야간,월,1,0,1,차량단독,도로이탈,도로이탈 추락,단일로,기타단일로,원동기장치자전거,0
2013.9.2 8:00,주간,월,1,0,0,차량단독,공작물충돌,공작물충돌,단일로,기타단일로,승용차,0
2013.9.1 14:00,주간,일,1,0,0,차대차,기타,기타,교차로,교차로내,승용차,농기계
2013.9.2 10:00,주간,월,1,0,0,차대차,추돌,진행중 추돌,단일로,기타단일로,화물차,농기계
2013.5.24 1:00,야간,금,1,0,0,차대사람,기타,기타,단일로,기타단일로,승용차,보행자
2013.6.1 17:00,주간,토,1,0,0,차대차,측면직각충돌,측면직각충돌,교차로,교차로부근,자전거,화물차
2013.6.1 17:00,주간,토,1,0,0,차대차,정면충돌,정면충돌,단일로,기타단일로,자전거,자전거
2013.6.2 1:00,야간,일,1,0,0,차량단독,전도전복,전도전복,교차로,교차로내,이륜차,0
2013.6.1 13:00,주간,토,1,0,0,차대차,측면직각충돌,측면직각충돌,교차로,교차로내,이륜차,승용차
2013.5.30 16:00,주간,목,1,1,0,차대차,측면직각충돌,측면직각충돌,교차로,교차로내,화물차,원동기장치자전거
2013.6.6 14:00,주간,목,1,0,0,차대차,정면충돌,정면충돌,단일로,기타단일로,승용차,원동기장치자전거
2013.6.4 9:00,주간,화,1,0,0,차대사람,기타,기타,단일로,횡단보도상,승용차,보행자
2013.6.3 22:00,야간,월,1,0,0,차대사람,횡단중,횡단중,교차로,교차로내,승용차,보행자
2013.6.8 12:00,주간,토,1,0,0,차대차,측면직각충돌,측면직각충돌,교차로,교차로내,이륜차,화물차
2013.6.7 20:00,야간,금,1,0,0,차대차,정면충돌,정면충돌,단일로,기타단일로,원동기장치자전거,화물차
2013.6.7 18:00,야간,금,1,0,0,차량단독,전도전복,전도전복,단일로,기타단일로,농기계,0
2013.6.9 10:00,주간,일,1,0,0,차대차,측면직각충돌,측면직각충돌,단일로,기타단일로,자전거,승합차
2013.6.14 21:00,야간,금,1,0,0,차대차,추돌,진행중 추돌,단일로,기타단일로,화물차,이륜차
2013.6.13 9:00,주간,목,2,0,0,차대차,측면직각충돌,측면직각충돌,교차로,교차로내,건설기계,이륜차
2013.6.14 8:00,주간,금,1,0,0,차량단독,전도전복,전도전복,단일로,기타단일로,자전거,0
2013.6.19 6:00,주간,수,1,0,0,차량단독,기타,기타,교차로,교차로내,승용차,0
2013.6.18 15:00,주간,화,1,0,0,차량단독,전도전복,전도전복,단일로,기타단일로,농기계,0
2013.6.28 12:00,주간,금,1,0,0,차대사람,횡단중,횡단중,단일로,기타단일로,건설기계,보행자
2013.6.29 12:00,주간,토,1,0,0,차량단독,전도전복,전도전복,단일로,기타단일로,승용차,0
2013.7.7 8:00,주간,일,2,8,2,차량단독,전도전복,전도전복,단일로,기타단일로,승합차,0
2013.7.6 23:00,야간,토,1,0,0,차대차,측면직각충돌,측면직각충돌,단일로,기타단일로,승용차,이륜차
2013.7.8 13:00,주간,월,1,0,0,차대차,추돌,주정차중 추돌,단일로,기타단일로,이륜차,승용차
2013.7.8 3:00,야간,월,1,0,0,차대사람,횡단중,횡단중,단일로,기타단일로,화물차,보행자
2013.4.9 21:00,야간,화,1,0,1,차대차,추돌,진행중 추돌,단일로,기타단일로,승용차,건설기계
2013.7.2 21:00,야간,화,1,0,0,차대사람,차도통행중,차도통행중,단일로,기타단일로,승합차,보행자
2013.5.28 0:00,야간,화,1,0,1,차대차,정면충돌,정면충돌,단일로,기타단일로,승용차,화물차
2013.5.24 14:00,주간,금,1,0,0,차대차,측면직각충돌,측면직각충돌,교차로,교차로내,화물차,승용차
2013.5.19 22:00,야간,일,1,0,0,차대사람,기타,기타,단일로,기타단일로,승용차,보행자
2012.4.22 3:00,야간,일,1,1,2,차대차,기타,기타,단일로,기타단일로,승용차,화물차
2013.4.9 19:00,야간,화,1,0,0,차대사람,횡단중,횡단중,교차로,교차로내,화물차,보행자
2013.4.8 18:00,야간,월,1,0,0,차대차,기타,기타,교차로,교차로내,이륜차,승용차
2013.4.8 19:00,야간,월,1,1,0,차대차,추돌,진행중 추돌,단일로,기타단일로,특수차,농기계
2013.4.8 23:00,야간,월,1,0,0,차대차,추돌,진행중 추돌,단일로,기타단일로,화물차,특수차
2013.4.17 10:00,주간,수,1,0,0,차량단독,공작물충돌,공작물충돌,단일로,기타단일로,승용차,0
2013.3.3 22:00,야간,일,1,0,0,차대사람,횡단중,횡단중,단일로,횡단보도부근,승용차,보행자
2013.2.28 20:00,야간,목,1,0,0,차대사람,기타,기타,단일로,기타단일로,승합차,보행자
2013.3.1 0:00,야간,금,1,0,0,차대사람,기타,기타,단일로,기타단일로,승용차,보행자
2013.3.2 22:00,야간,토,1,0,0,차대사람,횡단중,횡단중,단일로,기타단일로,승용차,보행자
2013.3.4 3:00,야간,월,1,0,0,차대사람,기타,기타,단일로,기타단일로,불명,보행자
2013.3.3 19:00,야간,일,1,0,0,차대사람,기타,기타,단일로,횡단보도부근,승용차,보행자
2013.3.9 5:00,야간,토,1,0,0,차대사람,횡단중,횡단중,교차로,교차로부근,승용차,보행자
2013.3.7 20:00,야간,목,1,0,0,차대사람,기타,기타,교차로,교차로부근,승용차,보행자
2013.3.8 20:00,야간,금,2,0,0,차량단독,도로이탈,도로이탈 추락,단일로,기타단일로,화물차,0
2013.3.6 9:00,주간,수,1,0,0,차대사람,횡단중,횡단중,단일로,기타단일로,승용차,보행자
2013.3.5 2:00,야간,화,1,0,0,차량단독,공작물충돌,공작물충돌,단일로,기타단일로,승용차,0
2013.3.13 16:00,주간,수,1,5,0,차대차,측면직각충돌,측면직각충돌,단일로,기타단일로,승용차,승용차
2013.3.15 16:00,주간,금,1,0,0,차대사람,기타,기타,교차로,교차로부근,승용차,보행자
2013.3.13 14:00,주간,수,1,0,0,차대사람,횡단중,횡단중,단일로,기타단일로,이륜차,보행자
2013.3.13 4:00,야간,수,1,0,0,차량단독,공작물충돌,공작물충돌,단일로,기타단일로,승용차,0
2013.3.13 8:00,주간,수,1,0,0,차량단독,전도전복,전도전복,단일로,기타단일로,승용차,0
2013.8.21 11:00,주간,수,1,0,0,차량단독,전도전복,전도전복,단일로,기타단일로,농기계,0
2013.8.21 12:00,주간,수,1,0,0,차대차,추돌,진행중 추돌,교차로,교차로내,승용차,이륜차
2013.8.30 8:00,주간,금,1,0,0,차대사람,길가장자리구역통행중,길가장자리구역통행중,단일로,기타단일로,건설기계,보행자
2013.8.29 20:00,야간,목,1,1,0,차대사람,횡단중,횡단중,단일로,기타단일로,승용차,보행자
2013.8.31 12:00,주간,토,1,0,0,차대차,측면직각충돌,측면직각충돌,교차로,교차로부근,자전거,승용차
2013.8.28 5:00,야간,수,1,0,0,차대사람,횡단중,횡단중,단일로,기타단일로,화물차,보행자
2013.8.27 14:00,주간,화,1,0,0,차대차,기타,기타,단일로,기타단일로,원동기장치자전거,화물차
2013.7.14 4:00,야간,일,1,0,0,차대사람,차도통행중,차도통행중,단일로,기타단일로,승용차,보행자
2013.7.11 9:00,주간,목,1,0,0,차대차,측면직각충돌,측면직각충돌,교차로,교차로내,화물차,이륜차
2013.7.18 1:00,야간,목,1,0,0,차대사람,기타,기타,교차로,교차로부근,승용차,보행자
2013.7.24 21:00,야간,수,1,0,0,차대차,기타,기타,단일로,기타단일로,승용차,이륜차
2013.7.24 21:00,야간,수,1,7,5,차량단독,기타,기타,단일로,기타단일로,승합차,0
2013.7.23 12:00,주간,화,1,0,0,차량단독,공작물충돌,공작물충돌,단일로,기타단일로,승용차,0
2013.7.22 6:00,주간,월,2,1,0,차량단독,공작물충돌,공작물충돌,단일로,기타단일로,승용차,0
2013.7.21 18:00,야간,일,1,0,0,차대차,측면직각충돌,측면직각충돌,단일로,기타단일로,승용차,이륜차
2013.7.28 22:00,야간,일,1,2,1,차대차,기타,기타,단일로,기타단일로,승용차,승용차
2013.7.27 9:00,주간,토,1,1,3,차량단독,전도전복,전도전복,단일로,기타단일로,승합차,0
2013.7.26 17:00,주간,금,1,0,0,차대차,기타,기타,교차로,교차로내,화물차,원동기장치자전거
2013.8.3 16:00,주간,토,1,0,0,차량단독,전도전복,전도전복,단일로,기타단일로,원동기장치자전거,0
2013.7.31 23:00,야간,수,1,0,0,차량단독,기타,기타,단일로,기타단일로,원동기장치자전거,0
2013.8.10 8:00,주간,토,1,0,0,차대사람,기타,기타,교차로,교차로부근,화물차,보행자
2013.8.8 17:00,주간,목,1,0,1,차대사람,횡단중,횡단중,교차로,교차로내,화물차,보행자
2013.3.17 0:00,야간,일,1,0,0,차대차,추돌,주정차중 추돌,단일로,기타단일로,이륜차,화물차
2013.3.18 0:00,야간,월,1,0,0,차대사람,횡단중,횡단중,교차로,교차로부근,화물차,보행자
2013.3.24 1:00,야간,일,2,1,0,차량단독,공작물충돌,공작물충돌,단일로,기타단일로,승용차,0
2013.3.23 6:00,주간,토,1,0,0,차대사람,횡단중,횡단중,단일로,기타단일로,화물차,보행자
2013.3.24 5:00,야간,일,1,0,0,차량단독,공작물충돌,공작물충돌,단일로,기타단일로,승용차,0
2013.3.30 23:00,야간,토,1,1,0,차대차,측면직각충돌,측면직각충돌,교차로,교차로내,승용차,승용차
2013.4.17 4:00,야간,수,1,0,0,차대사람,횡단중,횡단중,단일로,기타단일로,승용차,보행자
2013.4.13 22:00,야간,토,1,0,0,차량단독,공작물충돌,공작물충돌,단일로,기타단일로,승용차,0
2013.7.11 1:00,야간,목,1,0,0,차량단독,공작물충돌,공작물충돌,기타/불명,기타/불명,이륜차,0
2013.7.17 20:00,야간,수,1,0,0,차대사람,보도통행중,보도통행중,교차로,교차로부근,승합차,보행자
2013.7.16 3:00,야간,화,1,0,0,차량단독,공작물충돌,공작물충돌,단일로,기타단일로,승용차,0
2013.7.15 21:00,야간,월,1,0,0,차대차,정면충돌,정면충돌,단일로,기타단일로,승용차,이륜차
2013.7.16 7:00,주간,화,1,0,0,차량단독,도로이탈,도로이탈 추락,단일로,기타단일로,농기계,0
2013.7.22 19:00,야간,월,2,4,1,차대차,정면충돌,정면충돌,단일로,기타단일로,승용차,승용차
2013.7.30 10:00,주간,화,1,0,0,차대차,측면직각충돌,측면직각충돌,단일로,기타단일로,화물차,이륜차
2013.7.29 19:00,야간,월,1,1,2,차대차,측면직각충돌,측면직각충돌,교차로,교차로내,승용차,원동기장치자전거
2013.7.31 15:00,주간,수,1,0,0,차량단독,공작물충돌,공작물충돌,단일로,기타단일로,승용차,0
2013.8.7 17:00,주간,수,1,1,0,차대차,측면직각충돌,측면직각충돌,교차로,교차로내,이륜차,승용차
2013.8.7 2:00,야간,수,2,0,0,차량단독,공작물충돌,공작물충돌,단일로,기타단일로,승용차,0
2013.8.28 19:00,야간,수,1,4,0,차대차,기타,기타,단일로,기타단일로,승용차,승용차
2013.9.4 1:00,야간,수,1,0,0,차대사람,기타,기타,교차로,교차로부근,승용차,보행자
2013.9.5 14:00,주간,목,1,0,0,차대사람,횡단중,횡단중,단일로,횡단보도상,화물차,보행자
2013.9.5 9:00,주간,목,1,28,11,차대차,추돌,주정차중 추돌,단일로,기타단일로,승합차,화물차
2013.9.5 12:00,주간,목,1,0,0,차대차,추돌,진행중 추돌,단일로,기타단일로,화물차,자전거
2013.8.13 0:00,야간,화,1,0,0,차량단독,전도전복,전도전복,기타/불명,기타/불명,화물차,0
2013.8.10 15:00,주간,토,1,0,1,차대차,추돌,진행중 추돌,교차로,교차로내,승용차,승용차
2013.8.10 17:00,주간,토,1,0,0,차량단독,도로이탈,도로이탈 추락,교차로,교차로내,농기계,0
2013.8.19 18:00,야간,월,1,0,0,차대차,추돌,주정차중 추돌,단일로,기타단일로,이륜차,특수차
2013.8.20 0:00,야간,화,1,0,0,차대사람,횡단중,횡단중,교차로,교차로부근,승용차,보행자
2013.8.20 19:00,야간,화,1,0,1,차대사람,기타,기타,단일로,횡단보도상,이륜차,보행자
2013.8.16 9:00,주간,금,1,0,1,차대차,측면직각충돌,측면직각충돌,교차로,교차로내,화물차,이륜차
2013.8.26 5:00,야간,월,1,0,0,차대차,기타,기타,교차로,교차로내,원동기장치자전거,화물차
2013.8.26 5:00,야간,월,1,0,0,차량단독,공작물충돌,공작물충돌,단일로,기타단일로,화물차,0
2013.8.22 14:00,주간,목,1,0,0,차대사람,횡단중,횡단중,단일로,기타단일로,화물차,보행자
2013.8.23 0:00,야간,금,1,0,0,차량단독,전도전복,전도전복,단일로,기타단일로,승용차,0
2013.8.22 4:00,야간,목,1,0,0,차대사람,기타,기타,단일로,기타단일로,화물차,보행자
2013.8.22 12:00,주간,목,1,0,1,차대차,정면충돌,정면충돌,단일로,기타단일로,승합차,화물차
2013.8.23 21:00,야간,금,1,0,0,차대차,추돌,주정차중 추돌,교차로,교차로부근,이륜차,승용차
2013.8.31 12:00,주간,토,1,0,0,차량단독,전도전복,전도전복,단일로,기타단일로,화물차,0
2013.8.30 18:00,야간,금,1,0,0,차대사람,기타,기타,단일로,기타단일로,화물차,보행자
2013.8.31 5:00,야간,토,1,0,0,차대사람,차도통행중,차도통행중,단일로,기타단일로,화물차,보행자
2013.7.11 16:00,주간,목,1,0,0,차대사람,횡단중,횡단중,단일로,기타단일로,승용차,보행자
2013.7.11 7:00,주간,목,4,2,0,차대차,측면직각충돌,측면직각충돌,교차로,교차로부근,승용차,승용차
2013.9.8 22:00,야간,일,2,0,0,차대차,측면직각충돌,측면직각충돌,교차로,교차로내,승용차,이륜차
2013.9.9 15:00,주간,월,1,0,0,차대사람,횡단중,횡단중,단일로,기타단일로,승용차,보행자
2013.9.9 1:00,야간,월,1,0,0,차량단독,공작물충돌,공작물충돌,교차로,교차로내,승용차,0
2013.9.15 7:00,주간,일,1,0,0,차량단독,공작물충돌,공작물충돌,교차로,교차로부근,승용차,0
2013.9.11 18:00,야간,수,1,0,1,차량단독,전도전복,전도전복,단일로,기타단일로,농기계,0
2013.9.12 8:00,주간,목,1,1,0,차대차,정면충돌,정면충돌,단일로,기타단일로,승용차,이륜차
2013.9.13 20:00,야간,금,1,0,0,차량단독,도로이탈,도로이탈 추락,단일로,기타단일로,원동기장치자전거,0
2013.9.13 19:00,야간,금,1,0,0,차량단독,도로이탈,도로이탈 기타,단일로,기타단일로,승용차,0
2013.9.13 15:00,주간,금,1,0,0,차량단독,도로이탈,도로이탈 추락,단일로,기타단일로,승용차,0
2013.9.20 21:00,야간,금,1,0,0,차대사람,횡단중,횡단중,단일로,기타단일로,승용차,보행자
2013.9.20 5:00,야간,금,1,0,0,차대차,추돌,주정차중 추돌,단일로,기타단일로,승용차,화물차
2013.9.19 23:00,야간,목,1,4,1,차대차,측면직각충돌,측면직각충돌,교차로,교차로내,승용차,승용차
2013.9.18 16:00,주간,수,1,2,0,차대사람,횡단중,횡단중,단일로,횡단보도상,승용차,보행자
2013.9.17 20:00,야간,화,1,0,0,차대사람,횡단중,횡단중,교차로,교차로내,화물차,보행자
2013.9.25 12:00,주간,수,1,1,1,차대차,정면충돌,정면충돌,단일로,기타단일로,승용차,승용차
2013.9.25 9:00,주간,수,1,0,0,차대차,추돌,진행중 추돌,단일로,기타단일로,화물차,자전거
2013.9.23 5:00,야간,월,1,0,0,차대사람,횡단중,횡단중,교차로,교차로내,화물차,보행자
2013.9.23 5:00,야간,월,1,3,0,차대차,정면충돌,정면충돌,교차로,교차로내,화물차,승용차
2013.9.23 10:00,주간,월,1,1,3,차대차,측면직각충돌,측면직각충돌,교차로,교차로내,승합차,승용차
2013.9.22 0:00,야간,일,1,0,0,차량단독,전도전복,전도전복,단일로,기타단일로,자전거,0
2013.9.22 20:00,야간,일,1,0,0,차대사람,횡단중,횡단중,교차로,교차로내,승용차,보행자
2013.9.22 12:00,주간,일,1,1,0,차량단독,공작물충돌,공작물충돌,단일로,기타단일로,화물차,0
2013.10.1 22:00,야간,화,1,0,0,차대사람,길가장자리구역통행중,길가장자리구역통행중,단일로,기타단일로,승용차,보행자
2013.10.2 14:00,주간,수,1,0,0,차대차,추돌,진행중 추돌,단일로,기타단일로,승용차,농기계
2013.10.1 12:00,주간,화,1,1,0,차대차,기타,기타,교차로,교차로부근,승용차,자전거
2013.10.1 7:00,주간,화,1,1,0,차량단독,공작물충돌,공작물충돌,단일로,교량위,승용차,0
2013.9.28 12:00,주간,토,1,0,0,차량단독,도로이탈,도로이탈 추락,단일로,기타단일로,승용차,0
2013.10.5 10:00,주간,토,1,0,0,차대차,추돌,진행중 추돌,단일로,횡단보도상,자전거,승용차
2013.10.7 5:00,야간,월,1,3,0,차대차,추돌,진행중 추돌,단일로,기타단일로,승용차,화물차
2013.10.8 4:00,야간,화,1,1,0,차대차,측면직각충돌,측면직각충돌,단일로,기타단일로,승용차,화물차
2013.10.7 22:00,야간,월,1,0,0,차량단독,공작물충돌,공작물충돌,단일로,기타단일로,화물차,0
2013.10.4 10:00,주간,금,1,0,0,차대사람,기타,기타,단일로,기타단일로,건설기계,보행자
2013.10.3 12:00,주간,목,1,0,1,차대차,기타,기타,단일로,기타단일로,원동기장치자전거,화물차
2013.9.1 12:00,주간,일,1,0,0,차대차,기타,기타,단일로,기타단일로,원동기장치자전거,승합차
2013.9.2 5:00,야간,월,1,0,0,차대사람,기타,기타,단일로,기타단일로,승용차,보행자
2013.9.2 11:00,주간,월,2,0,0,차대사람,길가장자리구역통행중,길가장자리구역통행중,단일로,기타단일로,승용차,보행자
2013.9.1 15:00,주간,일,1,0,0,차대사람,횡단중,횡단중,단일로,기타단일로,화물차,보행자