발생년월일시,주야,요일,사망자수,중상자수,경상자수,사고유형_대분류,사고유형_중분류,사고유형,도로형태_대분류,도로형태,당사자종별_1당_대분류,당사자종별_2당_대분류
2012.7.14 15:00,주간,토,1,0,0,차대차,기타,기타,교차로,교차로부근,승합차,자전거
2012.7.20 20:00,야간,금,1,0,0,차대사람,기타,기타,단일로,기타단일로,승용차,보행자
2012.7.20 22:00,야간,금,1,0,0,차대차,정면충돌,정면충돌,단일로,기타단일로,승용차,자전거
2012.7.21 15:00,주간,토,1,0,0,차대차,기타,기타,교차로,교차로부근,이륜차,건설기계
2012.7.19 10:00,주간,목,1,0,0,차대사람,횡단중,횡단중,단일로,기타단일로,화물차,보행자
2012.7.19 17:00,주간,목,1,0,0,차대사람,차도통행중,차도통행중,단일로,기타단일로,화물차,보행자
2012.7.19 14:00,주간,목,1,0,0,차대사람,횡단중,횡단중,교차로,교차로내,화물차,보행자
2012.7.25 14:00,주간,수,1,0,0,차대사람,기타,기타,기타/불명,기타/불명,화물차,보행자
2012.3.22 18:00,야간,목,1,0,0,차대사람,횡단중,횡단중,단일로,기타단일로,화물차,보행자
2012.4.6 21:00,야간,금,1,0,0,차대사람,횡단중,횡단중,교차로,교차로내,승용차,보행자
2012.1.17 0:00,야간,화,1,3,0,차량단독,공작물충돌,공작물충돌,단일로,기타단일로,승용차,0
2012.2.15 18:00,야간,수,1,1,0,차대차,기타,기타,단일로,기타단일로,원동기장치자전거,자전거
2012.3.2 11:00,주간,금,1,0,0,차대사람,횡단중,횡단중,단일로,횡단보도상,화물차,보행자
2012.12.13 23:00,야간,목,1,0,0,차대사람,기타,기타,단일로,기타단일로,승용차,보행자
2012.11.19 16:00,주간,월,1,0,0,차대사람,길가장자리구역통행중,길가장자리구역통행중,단일로,기타단일로,건설기계,보행자
2012.8.29 14:00,주간,수,1,0,0,차량단독,공작물충돌,공작물충돌,단일로,기타단일로,승용차,0
2012.9.5 10:00,주간,수,1,0,0,차대차,측면직각충돌,측면직각충돌,교차로,교차로내,승용차,이륜차
2012.9.5 16:00,주간,수,1,0,0,차대차,측면직각충돌,측면직각충돌,교차로,교차로내,이륜차,화물차
2012.8.18 15:00,주간,토,1,0,0,차대차,기타,기타,교차로,교차로부근,승용차,자전거
2012.1.7 8:00,주간,토,1,2,0,차대차,측면직각충돌,측면직각충돌,교차로,교차로내,승용차,화물차
2012.5.11 20:00,야간,금,1,0,0,차대사람,횡단중,횡단중,단일로,기타단일로,승용차,보행자
2012.5.8 23:00,야간,화,1,0,0,차대사람,기타,기타,단일로,기타단일로,승용차,보행자
2012.4.19 6:00,주간,목,1,1,0,차대차,기타,기타,교차로,교차로내,화물차,원동기장치자전거
2012.3.7 15:00,주간,수,1,2,0,차량단독,공작물충돌,공작물충돌,단일로,기타단일로,화물차,0
2012.1.24 4:00,야간,화,1,0,0,차량단독,공작물충돌,공작물충돌,단일로,기타단일로,승용차,0
2012.2.12 22:00,야간,일,1,0,0,차대사람,횡단중,횡단중,단일로,횡단보도부근,승용차,보행자
2012.12.12 15:00,주간,수,1,1,0,차대차,측면직각충돌,측면직각충돌,교차로,교차로내,승합차,이륜차
2012.12.12 13:00,주간,수,1,1,3,차대차,추돌,진행중 추돌,단일로,기타단일로,승용차,승합차
2012.12.24 6:00,주간,월,1,0,0,차대사람,횡단중,횡단중,단일로,횡단보도상,화물차,보행자
2012.11.18 5:00,야간,일,1,0,0,차대사람,횡단중,횡단중,기타/불명,기타/불명,화물차,보행자
2012.8.17 20:00,야간,금,1,0,0,차대차,측면직각충돌,측면직각충돌,교차로,교차로내,승용차,승용차
2013.8.7 4:00,야간,수,1,0,0,차대차,정면충돌,정면충돌,단일로,기타단일로,원동기장치자전거,화물차
2013.8.7 6:00,주간,수,1,0,0,차대차,기타,기타,기타/불명,기타/불명,원동기장치자전거,승용차
2013.8.5 19:00,야간,월,1,0,0,차대사람,횡단중,횡단중,교차로,교차로부근,승용차,보행자
2013.8.12 21:00,야간,월,1,0,0,차대사람,횡단중,횡단중,단일로,기타단일로,화물차,보행자
2013.8.10 22:00,야간,토,1,0,0,차대사람,횡단중,횡단중,단일로,횡단보도부근,승용차,보행자
2013.8.23 5:00,야간,금,2,0,0,차대사람,기타,기타,단일로,기타단일로,승용차,보행자
2013.8.23 4:00,야간,금,1,2,0,차대사람,횡단중,횡단중,교차로,교차로내,승용차,보행자
2013.8.30 10:00,주간,금,1,0,0,차량단독,기타,기타,교차로,교차로내,이륜차,0
2013.8.31 16:00,주간,토,1,1,0,차대차,추돌,진행중 추돌,단일로,기타단일로,원동기장치자전거,승용차
2013.8.30 20:00,야간,금,1,0,0,차대사람,차도통행중,차도통행중,단일로,기타단일로,승용차,보행자
2013.8.29 7:00,주간,목,1,0,0,차대차,기타,기타,교차로,교차로내,이륜차,승합차
2013.8.26 22:00,야간,월,1,0,1,차대사람,횡단중,횡단중,교차로,교차로부근,승용차,보행자
2013.8.27 9:00,주간,화,1,0,0,차대사람,기타,기타,교차로,교차로부근,건설기계,보행자
2013.8.27 11:00,주간,화,1,0,0,차대사람,횡단중,횡단중,단일로,횡단보도상,승합차,보행자
2013.8.26 20:00,야간,월,1,0,0,차대사람,횡단중,횡단중,단일로,기타단일로,승용차,보행자
2013.8.26 18:00,야간,월,1,0,0,차대차,기타,기타,교차로,교차로내,화물차,자전거
2013.9.6 10:00,주간,금,1,0,0,차대사람,기타,기타,단일로,횡단보도상,승합차,보행자
2013.9.3 20:00,야간,화,1,0,1,차대차,정면충돌,정면충돌,단일로,기타단일로,이륜차,승용차
2013.7.9 17:00,주간,화,1,0,0,차대사람,기타,기타,단일로,기타단일로,건설기계,보행자
2013.7.9 22:00,야간,화,1,2,1,차량단독,전도전복,전도전복,단일로,기타단일로,승용차,0
2013.7.15 3:00,야간,월,1,0,0,차대사람,차도통행중,차도통행중,교차로,교차로부근,승용차,보행자
2013.9.29 1:00,야간,일,1,0,0,차대사람,기타,기타,기타/불명,기타/불명,승용차,보행자
2013.9.28 22:00,야간,토,1,0,0,차대사람,횡단중,횡단중,교차로,교차로부근,승합차,보행자
2013.10.4 8:00,주간,금,1,0,0,차대사람,횡단중,횡단중,교차로,교차로내,건설기계,보행자
2013.10.4 2:00,야간,금,1,0,0,차량단독,공작물충돌,공작물충돌,교차로,교차로내,승용차,0
2013.10.13 18:00,야간,일,1,0,0,차대사람,횡단중,횡단중,단일로,횡단보도상,승용차,보행자
2013.10.20 21:00,야간,일,1,2,1,차대사람,기타,기타,단일로,기타단일로,승용차,보행자
2013.10.21 14:00,주간,월,1,0,0,차량단독,기타,기타,교차로,교차로내,화물차,0
2013.10.22 15:00,주간,화,1,0,0,차대사람,기타,기타,단일로,기타단일로,화물차,보행자
2013.10.21 12:00,주간,월,1,0,0,차대사람,기타,기타,교차로,교차로내,승용차,보행자
2013.10.19 1:00,야간,토,1,2,0,차량단독,전도전복,전도전복,단일로,기타단일로,승용차,0
2013.10.19 18:00,야간,토,1,0,0,차대사람,횡단중,횡단중,교차로,교차로내,화물차,보행자
2013.10.19 15:00,주간,토,1,0,0,차대사람,횡단중,횡단중,단일로,기타단일로,화물차,보행자
2013.10.17 21:00,야간,목,1,0,0,차대차,추돌,진행중 추돌,단일로,기타단일로,승용차,자전거
2013.10.18 18:00,야간,금,1,0,0,차대사람,기타,기타,단일로,기타단일로,승용차,보행자
2013.10.19 1:00,야간,토,1,0,0,차대사람,횡단중,횡단중,교차로,교차로내,화물차,보행자
2013.10.19 18:00,야간,토,1,3,0,차량단독,공작물충돌,공작물충돌,단일로,기타단일로,승용차,0
2013.10.20 1:00,야간,일,1,0,0,차대사람,차도통행중,차도통행중,단일로,기타단일로,승용차,보행자
2013.10.26 18:00,야간,토,1,0,0,차대사람,기타,기타,교차로,교차로내,승합차,보행자
2013.10.3 14:00,주간,목,1,0,0,차대차,추돌,진행중 추돌,단일로,기타단일로,화물차,농기계
2013.10.3 9:00,주간,목,1,0,0,차량단독,공작물충돌,공작물충돌,단일로,횡단보도부근,원동기장치자전거,0
2013.10.4 6:00,주간,금,1,1,0,차대사람,횡단중,횡단중,교차로,교차로부근,화물차,보행자
2013.10.11 12:00,주간,금,1,0,0,차대사람,보도통행중,보도통행중,교차로,교차로내,승용차,보행자
2013.7.18 1:00,야간,목,1,0,0,차대사람,기타,기타,단일로,교량위,승용차,보행자
2013.7.18 2:00,야간,목,1,0,0,차대사람,기타,기타,단일로,기타단일로,화물차,보행자
2013.7.19 13:00,주간,금,1,0,0,차량단독,공작물충돌,공작물충돌,단일로,기타단일로,승용차,0
2013.7.19 6:00,주간,금,1,0,0,차량단독,공작물충돌,공작물충돌,단일로,기타단일로,화물차,0
2013.7.19 11:00,주간,금,1,0,0,차대차,측면직각충돌,측면직각충돌,교차로,교차로내,화물차,이륜차
2013.7.16 15:00,주간,화,1,0,0,차대사람,횡단중,횡단중,교차로,교차로내,화물차,보행자
2013.7.16 19:00,야간,화,1,0,0,차대사람,기타,기타,단일로,기타단일로,승용차,보행자
2013.10.9 19:00,야간,수,1,0,0,차대사람,기타,기타,단일로,기타단일로,승합차,보행자
2013.10.10 6:00,주간,목,1,0,0,차대사람,횡단중,횡단중,단일로,횡단보도상,승용차,보행자
2013.10.8 13:00,주간,화,1,0,0,차량단독,도로이탈,도로이탈 추락,단일로,기타단일로,이륜차,0
2013.10.16 16:00,주간,수,1,0,0,차대사람,기타,기타,단일로,기타단일로,화물차,보행자
2013.10.16 7:00,주간,수,1,0,0,차량단독,도로이탈,도로이탈 기타,단일로,기타단일로,승용차,0
2013.10.16 21:00,야간,수,1,0,0,차대차,추돌,주정차중 추돌,교차로,교차로내,이륜차,특수차
2013.10.15 17:00,주간,화,1,2,2,차대차,기타,기타,단일로,기타단일로,승용차,승용차
2013.10.16 19:00,야간,수,1,0,0,차대사람,횡단중,횡단중,단일로,기타단일로,승합차,보행자
2013.10.14 20:00,야간,월,1,0,0,차대사람,기타,기타,단일로,기타단일로,승용차,보행자
2013.10.14 16:00,주간,월,1,0,0,차량단독,전도전복,전도전복,단일로,기타단일로,자전거,0
2013.10.14 8:00,주간,월,1,0,0,차대차,측면직각충돌,측면직각충돌,교차로,교차로내,승용차,이륜차
2013.8.31 20:00,야간,토,1,1,0,차대차,측면직각충돌,측면직각충돌,교차로,교차로내,승용차,이륜차
2013.9.8 5:00,야간,일,1,0,0,차대사람,기타,기타,단일로,기타단일로,승용차,보행자
2013.9.9 16:00,주간,월,1,0,0,차량단독,기타,기타,단일로,기타단일로,이륜차,0
2013.9.6 5:00,야간,금,1,0,0,차대사람,횡단중,횡단중,단일로,기타단일로,승용차,보행자
2013.9.15 7:00,주간,일,1,0,0,차량단독,공작물충돌,공작물충돌,단일로,기타단일로,승용차,0
2013.9.15 16:00,주간,일,1,0,0,차대사람,기타,기타,교차로,교차로부근,승용차,보행자
2013.9.16 5:00,야간,월,1,0,0,차대차,추돌,진행중 추돌,단일로,기타단일로,특수차,농기계
2013.9.16 5:00,야간,월,1,0,3,차대차,추돌,주정차중 추돌,교차로,교차로부근,화물차,화물차
2013.9.16 3:00,야간,월,1,0,0,차량단독,공작물충돌,공작물충돌,단일로,기타단일로,이륜차,0
2013.9.13 16:00,주간,금,1,0,0,차량단독,도로이탈,도로이탈 추락,교차로,교차로부근,농기계,0
2013.9.21 22:00,야간,토,1,0,0,차량단독,공작물충돌,공작물충돌,단일로,기타단일로,이륜차,0
2013.9.21 11:00,주간,토,1,1,0,차대차,측면직각충돌,측면직각충돌,교차로,교차로부근,승용차,승용차
2013.9.21 22:00,야간,토,1,0,0,차대차,기타,기타,단일로,기타단일로,승용차,승용차
2013.9.21 5:00,야간,토,1,0,0,차량단독,전도전복,전도전복,교차로,교차로부근,승용차,0
2013.9.28 1:00,야간,토,1,0,0,차대사람,기타,기타,교차로,교차로부근,승용차,보행자
2013.9.28 15:00,주간,토,1,0,0,차량단독,기타,기타,단일로,기타단일로,승용차,0
2013.10.4 7:00,주간,금,1,0,0,차대차,측면직각충돌,측면직각충돌,단일로,기타단일로,승용차,이륜차
2013.10.4 18:00,야간,금,1,0,0,차대사람,차도통행중,차도통행중,단일로,기타단일로,승용차,보행자
2013.10.2 18:00,야간,수,1,1,0,차대차,기타,기타,단일로,기타단일로,화물차,농기계
2013.10.2 23:00,야간,수,1,1,0,차량단독,공작물충돌,공작물충돌,단일로,기타단일로,승용차,0
2013.10.2 17:00,주간,수,1,1,0,차대사람,기타,기타,단일로,기타단일로,승용차,보행자
2013.10.11 17:00,주간,금,1,0,0,차대차,기타,기타,단일로,기타단일로,농기계,이륜차
2013.10.8 21:00,야간,화,1,0,0,차대사람,기타,기타,단일로,기타단일로,건설기계,보행자
2013.10.8 17:00,주간,화,1,0,0,차대사람,기타,기타,교차로,교차로부근,승용차,보행자
2013.10.8 23:00,야간,화,1,1,0,차대차,추돌,주정차중 추돌,단일로,기타단일로,승용차,화물차
2013.10.8 21:00,야간,화,1,0,0,차대사람,기타,기타,교차로,교차로부근,승합차,보행자
2012.7.24 8:00,주간,화,1,1,0,차량단독,공작물충돌,공작물충돌,단일로,기타단일로,화물차,0
2012.7.22 13:00,주간,일,1,0,0,차량단독,공작물충돌,공작물충돌,단일로,기타단일로,승용차,0
2012.7.30 18:00,야간,월,1,0,0,차대사람,기타,기타,단일로,기타단일로,승용차,보행자
2012.7.30 5:00,야간,월,1,0,2,차대차,기타,기타,교차로,교차로내,화물차,승용차
2012.7.27 18:00,야간,금,1,0,0,차대사람,횡단중,횡단중,단일로,기타단일로,승합차,보행자
2012.7.28 5:00,야간,토,1,0,0,차대차,기타,기타,교차로,교차로부근,승용차,건설기계
2012.8.2 20:00,야간,목,1,0,0,차대사람,횡단중,횡단중,단일로,횡단보도상,화물차,보행자
2012.8.3 7:00,주간,금,1,0,0,차량단독,공작물충돌,공작물충돌,단일로,기타단일로,화물차,0
2012.8.1 9:00,주간,수,1,0,0,차대사람,길가장자리구역통행중,길가장자리구역통행중,교차로,교차로내,승용차,보행자
2012.8.1 8:00,주간,수,1,0,0,차량단독,도로이탈,도로이탈 추락,단일로,기타단일로,승합차,0
2012.6.13 10:00,주간,수,1,0,0,차대차,측면직각충돌,측면직각충돌,기타/불명,기타/불명,승용차,화물차
2012.6.18 21:00,야간,월,2,1,1,차대차,정면충돌,정면충돌,단일로,기타단일로,이륜차,화물차
2012.6.16 21:00,야간,토,1,0,0,차대사람,기타,기타,단일로,기타단일로,화물차,보행자
2012.6.16 11:00,주간,토,1,1,0,차대차,측면직각충돌,측면직각충돌,교차로,교차로내,건설기계,승용차
2012.6.27 4:00,야간,수,1,0,0,차량단독,공작물충돌,공작물충돌,교차로,교차로부근,승용차,0
2012.6.27 4:00,야간,수,1,0,0,차대사람,차도통행중,차도통행중,단일로,기타단일로,승용차,보행자
2012.7.5 1:00,야간,목,1,1,0,차량단독,공작물충돌,공작물충돌,단일로,기타단일로,승용차,0
2012.7.2 20:00,야간,월,1,1,0,차대사람,횡단중,횡단중,단일로,기타단일로,이륜차,보행자
2012.7.9 1:00,야간,월,1,0,0,차대차,추돌,주정차중 추돌,단일로,기타단일로,원동기장치자전거,승용차
2012.7.9 2:00,야간,월,1,0,0,차량단독,도로이탈,도로이탈 기타,교차로,교차로부근,이륜차,0
2012.7.6 19:00,야간,금,1,0,0,차대사람,기타,기타,단일로,기타단일로,승용차,보행자
2012.7.14 0:00,야간,토,1,0,0,차대사람,횡단중,횡단중,교차로,교차로부근,승용차,보행자
2012.7.14 10:00,주간,토,1,0,0,차량단독,기타,기타,기타/불명,기타/불명,화물차,0
2012.7.12 6:00,주간,목,1,0,0,차량단독,공작물충돌,공작물충돌,교차로,교차로내,승용차,0
2012.7.16 15:00,주간,월,1,0,0,차량단독,공작물충돌,공작물충돌,교차로,교차로부근,승합차,0
2012.7.16 19:00,야간,월,1,0,0,차대사람,기타,기타,단일로,기타단일로,승용차,보행자
2012.7.15 20:00,야간,일,1,1,8,차대차,측면직각충돌,측면직각충돌,교차로,교차로내,승용차,승합차
2012.7.14 3:00,야간,토,1,0,0,차대사람,기타,기타,교차로,교차로부근,승합차,보행자
2012.7.21 2:00,야간,토,1,2,1,차대차,측면직각충돌,측면직각충돌,교차로,교차로내,승용차,이륜차
2012.7.19 18:00,야간,목,1,0,0,차대사람,횡단중,횡단중,단일로,기타단일로,화물차,보행자
2012.7.23 20:00,야간,월,1,0,0,차대차,기타,기타,단일로,기타단일로,승용차,이륜차
2012.7.24 1:00,야간,화,1,0,0,차량단독,공작물충돌,공작물충돌,단일로,기타단일로,승용차,0
2012.7.27 20:00,야간,월,1,0,0,차대사람,횡단중,횡단중,교차로,교차로내,화물차,보행자
2012.7.27 17:00,주간,금,1,0,0,차대사람,기타,기타,단일로,기타단일로,승합차,보행자
2012.7.28 4:00,야간,토,1,0,0,차량단독,공작물충돌,공작물충돌,단일로,기타단일로,승용차,0
2013.2.14 12:00,주간,목,1,0,0,차대차,측면직각충돌,측면직각충돌,단일로,횡단보도상,이륜차,승합차
2013.2.7 1:00,야간,목,1,1,1,차대차,정면충돌,정면충돌,교차로,교차로부근,승용차,승용차
2013.2.8 3:00,야간,금,1,0,0,차량단독,공작물충돌,공작물충돌,단일로,기타단일로,승용차,0
2013.5.6 15:00,주간,월,1,0,0,차대차,기타,기타,단일로,횡단보도상,승용차,자전거
2013.11.16 17:00,주간,토,1,0,0,차대차,측면직각충돌,측면직각충돌,교차로,교차로부근,원동기장치자전거,화물차
2013.11.18 4:00,야간,월,1,0,0,차대사람,보도통행중,보도통행중,교차로,교차로부근,건설기계,보행자
2013.11.19 6:00,주간,화,1,0,1,차대차,측면직각충돌,측면직각충돌,교차로,교차로내,화물차,화물차
2012.10.6 14:00,주간,토,1,0,0,차대차,측면직각충돌,측면직각충돌,교차로,교차로내,승용차,이륜차
2012.10.6 18:00,야간,토,1,0,0,차대사람,기타,기타,단일로,횡단보도상,승용차,보행자
2012.10.11 7:00,주간,목,1,11,3,차대차,측면직각충돌,측면직각충돌,교차로,교차로내,승합차,화물차
2012.9.27 19:00,야간,목,1,0,0,차대차,추돌,진행중 추돌,교차로,교차로내,승용차,원동기장치자전거
2012.11.27 6:00,주간,화,1,0,0,차량단독,기타,기타,단일로,기타단일로,승용차,0
2012.7.24 19:00,야간,화,1,0,1,차대차,정면충돌,정면충돌,교차로,교차로내,이륜차,승용차
2012.8.3 21:00,야간,금,1,0,0,차대사람,횡단중,횡단중,단일로,기타단일로,승용차,보행자
2012.6.13 20:00,야간,수,1,0,0,차대사람,횡단중,횡단중,단일로,기타단일로,승용차,보행자
2013.1.15 22:00,야간,화,1,0,0,차대차,기타,기타,단일로,기타단일로,이륜차,이륜차
2013.1.20 14:00,주간,일,1,0,0,차량단독,도로이탈,도로이탈 추락,단일로,기타단일로,화물차,0
2013.2.8 20:00,야간,금,1,0,0,차대사람,횡단중,횡단중,단일로,횡단보도상,승합차,보행자
2013.2.16 5:00,야간,토,1,0,0,차대사람,기타,기타,단일로,기타단일로,승합차,보행자
2014.4.13 8:00,주간,일,1,0,0,차량단독,공작물충돌,공작물충돌,단일로,교량위,승용차,0
2014.4.13 3:00,야간,일,1,0,0,차대사람,기타,기타,단일로,기타단일로,승용차,보행자
2014.4.14 13:00,주간,월,1,0,0,차대차,추돌,진행중 추돌,단일로,기타단일로,승합차,이륜차
2014.4.14 17:00,주간,월,1,0,0,차대사람,횡단중,횡단중,단일로,기타단일로,승용차,보행자
2014.4.12 11:00,주간,토,1,0,0,차대사람,횡단중,횡단중,단일로,횡단보도상,화물차,보행자
2014.4.24 19:00,야간,목,1,0,0,차대차,측면직각충돌,측면직각충돌,교차로,교차로내,화물차,자전거
2014.4.24 20:00,야간,목,1,0,0,차대차,측면직각충돌,측면직각충돌,단일로,횡단보도부근,승용차,이륜차
2014.4.25 14:00,주간,금,1,0,0,차량단독,기타,기타,단일로,기타단일로,농기계,0
2014.4.25 2:00,야간,금,1,0,0,차대사람,기타,기타,단일로,기타단일로,승용차,보행자
2014.4.25 0:00,야간,금,2,1,0,차대사람,횡단중,횡단중,단일로,기타단일로,승용차,보행자
2014.4.22 23:00,야간,화,1,0,1,차대차,정면충돌,정면충돌,교차로,교차로부근,이륜차,승용차
2014.4.23 15:00,주간,수,1,1,1,차대차,추돌,진행중 추돌,단일로,기타단일로,승용차,승용차
2014.4.23 12:00,주간,수,1,0,0,차대차,측면직각충돌,측면직각충돌,단일로,기타단일로,승용차,자전거
2014.4.21 1:00,야간,월,1,0,0,차량단독,전도전복,전도전복,단일로,기타단일로,승용차,0
2014.4.22 7:00,주간,화,1,1,1,차대차,측면직각충돌,측면직각충돌,교차로,교차로내,승용차,승용차
2014.4.19 1:00,야간,토,1,0,0,차량단독,공작물충돌,공작물충돌,단일로,기타단일로,승용차,0
2014.5.6 12:00,주간,화,1,0,1,차대차,정면충돌,정면충돌,교차로,교차로부근,원동기장치자전거,승용차
2014.5.7 6:00,주간,수,1,2,0,차대차,측면직각충돌,측면직각충돌,교차로,교차로내,화물차,승용차
2014.5.7 6:00,주간,수,1,0,0,차량단독,공작물충돌,공작물충돌,교차로,교차로부근,화물차,0
2014.5.6 4:00,야간,화,1,0,0,차대차,측면직각충돌,측면직각충돌,교차로,교차로내,이륜차,승용차
2014.5.3 12:00,주간,토,1,1,2,차대사람,횡단중,횡단중,단일로,횡단보도상,승합차,보행자
2014.5.3 2:00,야간,토,1,1,0,차량단독,공작물충돌,공작물충돌,교차로,교차로부근,이륜차,0
2013.9.3 19:00,야간,화,1,0,0,차대사람,횡단중,횡단중,단일로,기타단일로,화물차,보행자
2013.9.1 3:00,야간,일,1,0,0,차대사람,횡단중,횡단중,단일로,기타단일로,승용차,보행자
2013.8.31 19:00,야간,토,1,0,0,차대사람,기타,기타,교차로,교차로부근,승용차,보행자
2013.9.10 19:00,야간,화,1,0,0,차대사람,기타,기타,단일로,기타단일로,화물차,보행자
2013.9.5 18:00,야간,목,1,0,0,차대사람,기타,기타,교차로,교차로내,승용차,보행자
2013.9.8 16:00,주간,일,1,0,0,차대사람,횡단중,횡단중,단일로,기타단일로,승용차,보행자
2013.9.7 15:00,주간,토,1,0,1,차대차,측면직각충돌,측면직각충돌,단일로,기타단일로,승용차,화물차
2013.9.15 13:00,주간,일,1,0,0,차대차,측면직각충돌,측면직각충돌,교차로,교차로내,승용차,이륜차
2013.9.13 1:00,야간,금,1,0,0,차량단독,공작물충돌,공작물충돌,단일로,기타단일로,승용차,0
2013.9.13 16:00,주간,금,1,0,0,차대차,기타,기타,단일로,기타단일로,화물차,원동기장치자전거
2013.9.26 18:00,야간,목,1,0,0,차대차,기타,기타,단일로,기타단일로,화물차,농기계
2013.9.26 20:00,야간,목,1,0,2,차대차,추돌,주정차중 추돌,교차로,교차로부근,화물차,승용차
2013.9.26 15:00,주간,목,1,1,1,차대차,측면직각충돌,측면직각충돌,교차로,교차로내,화물차,승용차
2013.9.27 12:00,주간,금,1,0,0,차량단독,전도전복,전도전복,기타/불명,기타/불명,화물차,0
2013.9.25 0:00,야간,수,1,0,0,차대사람,횡단중,횡단중,단일로,기타단일로,승용차,보행자
2013.9.30 7:00,주간,월,1,0,0,차대차,추돌,주정차중 추돌,교차로,교차로부근,승용차,화물차
2013.9.29 19:00,야간,일,1,0,0,차대사람,횡단중,횡단중,교차로,교차로부근,화물차,보행자
2013.9.30 13:00,주간,월,1,0,0,차대차,기타,기타,교차로,교차로내,이륜차,화물차
2013.9.27 16:00,주간,금,1,0,0,차대사람,횡단중,횡단중,단일로,기타단일로,화물차,보행자
2013.9.28 18:00,야간,토,1,0,0,차대사람,횡단중,횡단중,교차로,교차로내,승용차,보행자
2013.10.3 20:00,야간,목,1,0,0,차대사람,횡단중,횡단중,단일로,기타단일로,승용차,보행자
2013.5.14 6:00,주간,화,1,0,1,차대차,기타,기타,단일로,기타단일로,승용차,승합차
2013.10.31 15:00,주간,목,1,0,0,차량단독,공작물충돌,공작물충돌,단일로,기타단일로,농기계,0
2013.10.26 16:00,주간,토,1,0,0,차대차,측면직각충돌,측면직각충돌,단일로,기타단일로,승용차,이륜차
2013.11.19 23:00,야간,화,1,0,0,차대차,측면직각충돌,측면직각충돌,교차로,교차로내,화물차,특수차
2013.3.17 1:00,야간,일,1,0,0,차량단독,공작물충돌,공작물충돌,단일로,기타단일로,승용차,0
2013.7.17 4:00,야간,수,1,0,0,차대사람,기타,기타,교차로,교차로내,승용차,보행자
2013.5.21 10:00,주간,화,1,0,0,차대사람,횡단중,횡단중,기타/불명,기타/불명,건설기계,보행자
2014.1.16 20:00,야간,목,1,0,0,차대사람,횡단중,횡단중,교차로,교차로부근,승용차,보행자
2013.9.12 3:00,야간,목,1,0,0,차대사람,기타,기타,단일로,기타단일로,특수차,보행자
2013.4.20 18:00,야간,토,1,0,0,차량단독,공작물충돌,공작물충돌,단일로,기타단일로,화물차,0
2013.4.17 11:00,주간,수,1,0,0,차량단독,공작물충돌,공작물충돌,단일로,기타단일로,승용차,0
2014.8.13 2:00,야간,수,1,1,0,차량단독,공작물충돌,공작물충돌,교차로,교차로내,승용차,0
2014.11.1 3:00,야간,토,1,0,0,차대사람,차도통행중,차도통행중,단일로,기타단일로,승용차,보행자
2012.10.12 21:00,야간,금,1,0,0,차량단독,공작물충돌,공작물충돌,단일로,기타단일로,승용차,0
2012.10.7 12:00,주간,일,1,0,0,차대사람,기타,기타,기타/불명,기타/불명,승용차,보행자
2014.12.31 19:00,야간,수,1,3,0,차대차,기타,기타,단일로,기타단일로,승용차,승용차
2013.10.9 11:00,주간,수,1,0,0,차대차,측면직각충돌,측면직각충돌,교차로,교차로내,이륜차,화물차
2013.10.17 15:00,주간,목,1,0,0,차대사람,횡단중,횡단중,단일로,횡단보도상,건설기계,보행자
2013.10.17 17:00,주간,목,1,0,0,차량단독,도로이탈,도로이탈 추락,단일로,기타단일로,건설기계,0
2013.10.18 8:00,주간,금,1,2,0,차대차,추돌,주정차중 추돌,교차로,교차로부근,화물차,화물차
2013.10.17 3:00,야간,목,1,0,0,차량단독,전도전복,전도전복,단일로,기타단일로,승용차,0
2013.10.16 19:00,야간,수,1,0,0,차대차,기타,기타,교차로,교차로부근,화물차,자전거
2013.6.25 21:00,야간,화,1,0,0,차대사람,횡단중,횡단중,단일로,횡단보도부근,승합차,보행자
2013.1.27 7:00,주간,일,1,0,2,차대차,추돌,진행중 추돌,단일로,기타단일로,승합차,화물차
2013.10.25 22:00,야간,금,2,0,0,차량단독,전도전복,전도전복,단일로,기타단일로,화물차,0
2013.5.17 5:00,야간,금,1,1,1,차량단독,공작물충돌,공작물충돌,단일로,기타단일로,승합차,0
2013.11.10 13:00,주간,일,1,1,0,차대차,정면충돌,정면충돌,교차로,교차로내,화물차,특수차
2013.10.26 4:00,야간,토,1,0,0,차대사람,기타,기타,교차로,교차로부근,승용차,보행자
2013.8.9 1:00,야간,금,1,0,0,차량단독,기타,기타,단일로,기타단일로,승용차,0
2013.8.21 19:00,야간,수,1,0,0,차량단독,도로이탈,도로이탈 추락,교차로,교차로부근,원동기장치자전거,0
2013.8.26 23:00,야간,월,1,0,0,차대사람,기타,기타,교차로,교차로부근,승용차,보행자
2013.8.22 14:00,주간,목,1,10,7,차량단독,전도전복,전도전복,교차로,교차로내,화물차,0
2013.8.22 2:00,야간,목,1,0,0,차량단독,전도전복,전도전복,교차로,교차로내,화물차,0
2013.9.10 15:00,주간,화,1,0,0,차대차,측면직각충돌,측면직각충돌,단일로,기타단일로,승용차,농기계
2013.10.26 23:00,야간,토,1,1,0,차량단독,전도전복,전도전복,단일로,기타단일로,승용차,0
2013.10.26 1:00,야간,토,1,0,0,차량단독,공작물충돌,공작물충돌,교차로,교차로내,승용차,0
2013.10.17 18:00,야간,목,1,0,0,차대사람,횡단중,횡단중,단일로,기타단일로,화물차,보행자