발생년월일시,주야,요일,사망자수,중상자수,경상자수,사고유형_대분류,사고유형_중분류,사고유형,도로형태_대분류,도로형태,당사자종별_1당_대분류,당사자종별_2당_대분류
2013.2.21 0:00,야간,목,1,0,0,차량단독,공작물충돌,공작물충돌,단일로,기타단일로,화물차,0
2013.2.27 20:00,야간,수,1,0,0,차대사람,기타,기타,단일로,기타단일로,승용차,보행자
2013.3.1 6:00,주간,금,1,0,0,차대차,기타,기타,단일로,횡단보도상,승용차,승용차
2013.3.2 5:00,야간,토,1,0,0,차대사람,차도통행중,차도통행중,단일로,횡단보도상,승용차,보행자
2013.3.9 19:00,야간,토,1,0,0,차량단독,공작물충돌,공작물충돌,단일로,기타단일로,원동기장치자전거,0
2013.3.8 21:00,야간,금,1,1,0,차량단독,전도전복,전도전복,기타/불명,기타/불명,승용차,0
2013.3.8 19:00,야간,금,1,0,0,차대차,기타,기타,교차로,교차로내,승용차,이륜차
2013.3.6 22:00,야간,수,1,0,0,차량단독,공작물충돌,공작물충돌,단일로,기타단일로,승용차,0
2013.3.18 23:00,야간,월,1,0,1,차대사람,기타,기타,교차로,교차로부근,화물차,보행자
2013.3.20 6:00,주간,수,1,0,0,차대차,기타,기타,교차로,교차로내,화물차,자전거
2013.3.17 22:00,야간,일,1,0,0,차대차,측면직각충돌,측면직각충돌,단일로,기타단일로,화물차,건설기계
2013.7.14 22:00,야간,일,1,0,0,차대차,기타,기타,단일로,횡단보도상,자전거,승용차
2013.7.25 11:00,주간,목,1,0,1,차대차,측면직각충돌,측면직각충돌,교차로,교차로내,원동기장치자전거,승용차
2013.7.19 21:00,야간,금,1,0,0,차대사람,횡단중,횡단중,교차로,교차로부근,특수차,보행자
2013.7.22 17:00,주간,월,1,0,0,차대사람,횡단중,횡단중,단일로,기타단일로,화물차,보행자
2013.7.22 0:00,야간,월,1,0,0,차대사람,기타,기타,단일로,기타단일로,승용차,보행자
2013.8.3 6:00,주간,토,1,0,0,차대사람,차도통행중,차도통행중,단일로,교량위,승용차,보행자
2013.8.2 18:00,야간,금,1,0,0,차대사람,횡단중,횡단중,교차로,교차로부근,승합차,보행자
2013.8.4 15:00,주간,일,1,3,7,차대차,정면충돌,정면충돌,단일로,기타단일로,승용차,승용차
2013.8.5 5:00,야간,월,1,0,0,차대차,기타,기타,단일로,횡단보도상,자전거,승용차
2013.8.3 5:00,야간,토,1,0,0,차대사람,기타,기타,단일로,기타단일로,승용차,보행자
2013.8.7 23:00,야간,수,1,1,0,차대차,기타,기타,기타/불명,기타/불명,이륜차,원동기장치자전거
2013.8.30 5:00,야간,금,1,0,0,차대차,추돌,진행중 추돌,단일로,기타단일로,화물차,건설기계
2013.8.30 19:00,야간,금,1,2,0,차대차,기타,기타,교차로,교차로내,승용차,승용차
2013.8.30 19:00,야간,금,1,0,0,차대사람,길가장자리구역통행중,길가장자리구역통행중,단일로,기타단일로,승용차,보행자
2013.8.29 21:00,야간,목,1,2,0,차대차,측면직각충돌,측면직각충돌,교차로,교차로내,이륜차,승용차
2013.8.29 8:00,주간,목,1,2,0,차대차,추돌,진행중 추돌,단일로,기타단일로,승용차,승용차
2013.8.26 16:00,주간,월,1,0,0,차대차,측면직각충돌,측면직각충돌,교차로,교차로내,화물차,자전거
2013.8.27 11:00,주간,화,1,5,1,차대차,정면충돌,정면충돌,단일로,기타단일로,승용차,승용차
2013.8.28 16:00,주간,수,1,0,0,차대차,기타,기타,단일로,기타단일로,원동기장치자전거,승용차
2013.8.26 22:00,야간,월,1,0,0,차대차,기타,기타,단일로,기타단일로,자전거,승합차
2013.8.29 5:00,야간,목,1,0,0,차량단독,공작물충돌,공작물충돌,기타/불명,기타/불명,승용차,0
2013.8.28 2:00,야간,수,1,0,0,차량단독,기타,기타,교차로,교차로내,원동기장치자전거,0
2013.9.3 20:00,야간,화,1,0,0,차대사람,차도통행중,차도통행중,교차로,교차로내,승용차,보행자
2013.9.3 9:00,주간,화,1,0,0,차대차,기타,기타,교차로,교차로부근,승합차,승용차
2013.4.21 21:00,야간,일,1,0,0,차대사람,횡단중,횡단중,단일로,횡단보도부근,승용차,보행자
2013.4.4 10:00,주간,목,1,0,0,차량단독,전도전복,전도전복,단일로,기타단일로,자전거,0
2013.4.5 3:00,야간,금,1,0,0,차대차,기타,기타,단일로,기타단일로,이륜차,승용차
2013.7.16 0:00,야간,화,1,1,0,차대차,추돌,주정차중 추돌,단일로,기타단일로,승용차,건설기계
2013.7.16 21:00,야간,화,1,0,0,차량단독,공작물충돌,공작물충돌,단일로,교량위,승용차,0
2013.7.23 15:00,주간,화,1,0,0,차량단독,공작물충돌,공작물충돌,단일로,기타단일로,화물차,0
2013.7.23 19:00,야간,화,1,0,0,차대차,측면직각충돌,측면직각충돌,교차로,교차로내,승합차,자전거
2013.7.23 15:00,주간,화,1,1,0,차량단독,공작물충돌,공작물충돌,단일로,기타단일로,승용차,0
2013.7.21 8:00,주간,일,1,0,0,차대사람,기타,기타,기타/불명,기타/불명,승합차,보행자
2013.7.21 9:00,주간,일,1,0,0,차량단독,공작물충돌,공작물충돌,단일로,기타단일로,승용차,0
2013.7.21 20:00,야간,일,1,0,0,차량단독,전도전복,전도전복,교차로,교차로부근,원동기장치자전거,0
2013.7.20 2:00,야간,토,1,0,0,차대차,기타,기타,교차로,교차로부근,이륜차,화물차
2013.7.29 3:00,야간,월,1,0,0,차량단독,공작물충돌,공작물충돌,단일로,기타단일로,승용차,0
2013.7.30 17:00,주간,화,1,0,0,차대차,측면직각충돌,측면직각충돌,교차로,교차로내,승용차,승합차
2013.8.1 2:00,야간,목,1,1,0,차량단독,공작물충돌,공작물충돌,교차로,교차로내,승용차,0
2013.8.7 15:00,주간,수,1,0,0,차대사람,횡단중,횡단중,단일로,횡단보도부근,승용차,보행자
2013.9.6 10:00,주간,금,1,0,0,차대차,기타,기타,단일로,기타단일로,이륜차,승합차
2013.8.13 19:00,야간,화,1,0,0,차대사람,횡단중,횡단중,교차로,교차로부근,승용차,보행자
2013.8.13 10:00,주간,화,1,0,0,차대차,추돌,진행중 추돌,교차로,교차로내,화물차,이륜차
2013.8.19 17:00,주간,월,1,0,0,차대차,기타,기타,교차로,교차로내,원동기장치자전거,화물차
2013.8.20 16:00,주간,화,1,0,0,차대사람,기타,기타,단일로,기타단일로,화물차,보행자
2013.8.20 1:00,야간,화,1,0,0,차대사람,기타,기타,교차로,교차로내,승용차,보행자
2013.8.16 15:00,주간,금,1,0,0,차대차,기타,기타,단일로,기타단일로,화물차,자전거
2013.8.16 18:00,야간,금,1,0,0,차량단독,공작물충돌,공작물충돌,단일로,기타단일로,이륜차,0
2013.8.16 7:00,주간,금,1,0,0,차대사람,횡단중,횡단중,단일로,기타단일로,승합차,보행자
2013.8.24 9:00,주간,토,1,0,0,차량단독,공작물충돌,공작물충돌,교차로,교차로부근,승용차,0
2013.8.24 5:00,야간,토,1,0,0,차대차,기타,기타,단일로,기타단일로,승용차,자전거
2013.8.24 6:00,주간,토,1,0,0,차량단독,공작물충돌,공작물충돌,단일로,기타단일로,화물차,0
2013.8.24 1:00,야간,토,1,0,0,차대사람,차도통행중,차도통행중,단일로,기타단일로,승용차,보행자
2013.8.24 8:00,주간,토,1,2,0,차대사람,횡단중,횡단중,단일로,횡단보도상,화물차,보행자
2013.8.24 14:00,주간,토,1,0,0,차대차,추돌,진행중 추돌,단일로,기타단일로,승용차,화물차
2013.8.23 7:00,주간,금,1,2,0,차대차,측면직각충돌,측면직각충돌,교차로,교차로부근,승용차,승합차
2013.8.22 23:00,야간,목,1,0,0,차량단독,도로이탈,도로이탈 추락,단일로,기타단일로,화물차,0
2013.8.23 3:00,야간,금,1,0,0,차대사람,기타,기타,교차로,교차로부근,승용차,보행자
2013.8.23 4:00,야간,금,1,0,0,차대사람,횡단중,횡단중,단일로,기타단일로,승용차,보행자
2013.8.21 10:00,주간,수,1,0,0,차대차,측면직각충돌,측면직각충돌,단일로,기타단일로,건설기계,승용차
2013.8.20 22:00,야간,화,1,0,0,차대사람,횡단중,횡단중,교차로,교차로부근,화물차,보행자
2013.8.21 10:00,주간,수,1,0,0,차대사람,기타,기타,교차로,교차로내,승합차,보행자
2013.8.22 9:00,주간,목,1,0,0,차대차,측면직각충돌,측면직각충돌,교차로,교차로내,자전거,승용차
2013.8.29 7:00,주간,목,1,0,0,차대사람,기타,기타,단일로,기타단일로,승용차,보행자
2013.8.30 9:00,주간,금,1,0,1,차대차,기타,기타,단일로,기타단일로,이륜차,승용차
2013.8.30 11:00,주간,금,1,0,1,차대차,측면직각충돌,측면직각충돌,교차로,교차로내,원동기장치자전거,화물차
2013.8.29 10:00,주간,목,1,0,0,차량단독,공작물충돌,공작물충돌,단일로,기타단일로,이륜차,0
2013.8.29 15:00,주간,목,1,0,0,차량단독,공작물충돌,공작물충돌,단일로,기타단일로,원동기장치자전거,0
2013.9.20 20:00,야간,금,1,0,0,차대차,정면충돌,정면충돌,단일로,기타단일로,이륜차,승합차
2013.9.17 8:00,주간,화,1,0,0,차대사람,횡단중,횡단중,교차로,교차로내,건설기계,보행자
2013.9.18 8:00,주간,수,1,0,1,차대차,측면직각충돌,측면직각충돌,교차로,교차로내,승용차,승용차
2013.9.16 12:00,주간,월,1,0,0,차대차,측면직각충돌,측면직각충돌,교차로,교차로내,원동기장치자전거,화물차
2013.9.16 19:00,야간,월,1,0,0,차대사람,길가장자리구역통행중,길가장자리구역통행중,단일로,기타단일로,승용차,보행자
2013.9.17 8:00,주간,화,1,0,0,차량단독,전도전복,전도전복,단일로,기타단일로,원동기장치자전거,0
2013.9.17 7:00,주간,화,1,0,0,차량단독,도로이탈,도로이탈 추락,단일로,기타단일로,농기계,0
2013.9.25 16:00,주간,수,1,0,0,차량단독,전도전복,전도전복,단일로,기타단일로,농기계,0
2013.9.25 13:00,주간,수,1,0,0,차대차,측면직각충돌,측면직각충돌,교차로,교차로내,승용차,이륜차
2013.10.3 5:00,야간,목,1,0,0,차대사람,횡단중,횡단중,단일로,기타단일로,승용차,보행자
2013.9.30 8:00,주간,월,1,0,0,차대사람,기타,기타,기타/불명,기타/불명,화물차,보행자
2013.9.28 10:00,주간,토,1,0,0,차대사람,차도통행중,차도통행중,교차로,교차로내,승용차,보행자
2013.10.6 13:00,주간,일,1,0,0,차량단독,공작물충돌,공작물충돌,단일로,기타단일로,화물차,0
2013.10.7 15:00,주간,월,1,1,0,차량단독,기타,기타,교차로,교차로부근,이륜차,0
2013.10.7 19:00,야간,월,1,0,0,차량단독,도로이탈,도로이탈 추락,단일로,기타단일로,농기계,0
2013.10.5 17:00,주간,토,1,0,0,차량단독,전도전복,전도전복,교차로,교차로내,원동기장치자전거,0
2013.10.5 0:00,야간,토,1,0,0,차대사람,횡단중,횡단중,교차로,교차로부근,승용차,보행자
2013.10.12 18:00,야간,토,1,0,0,차대사람,횡단중,횡단중,교차로,교차로내,승합차,보행자
2013.10.10 19:00,야간,목,1,0,0,차대사람,횡단중,횡단중,단일로,기타단일로,승용차,보행자
2013.10.11 18:00,야간,금,1,1,0,차대사람,횡단중,횡단중,교차로,교차로부근,승용차,보행자
2013.10.10 18:00,야간,목,1,0,0,차대사람,횡단중,횡단중,교차로,교차로부근,승용차,보행자
2013.10.10 18:00,야간,목,1,0,0,차대사람,횡단중,횡단중,교차로,교차로부근,승합차,보행자
2013.10.11 8:00,주간,금,2,0,0,차대차,측면직각충돌,측면직각충돌,교차로,교차로내,승용차,이륜차
2013.10.11 20:00,야간,금,1,0,0,차대차,기타,기타,교차로,교차로내,화물차,이륜차
2013.10.12 1:00,야간,토,1,0,0,차량단독,기타,기타,단일로,기타단일로,승용차,0
2013.10.9 7:00,주간,수,1,0,0,차대사람,기타,기타,단일로,기타단일로,승합차,보행자
2013.9.2 20:00,야간,월,1,0,0,차대사람,횡단중,횡단중,교차로,교차로부근,승용차,보행자
2013.9.8 20:00,야간,일,1,0,0,차대차,추돌,진행중 추돌,단일로,기타단일로,승용차,농기계
2013.9.8 8:00,주간,일,1,0,0,차대차,기타,기타,교차로,교차로내,화물차,자전거
2013.9.8 15:00,주간,일,1,1,0,차량단독,공작물충돌,공작물충돌,단일로,기타단일로,승용차,0
2013.9.7 21:00,야간,토,2,1,1,차량단독,전도전복,전도전복,교차로,교차로부근,승용차,0
2013.9.15 0:00,야간,일,1,3,1,차대차,측면직각충돌,측면직각충돌,교차로,교차로부근,승용차,승용차
2013.9.14 19:00,야간,토,1,0,0,차대사람,기타,기타,단일로,기타단일로,승용차,보행자
2013.9.12 22:00,야간,목,1,0,0,차대사람,차도통행중,차도통행중,교차로,교차로내,승용차,보행자
2012.7.27 6:00,주간,금,1,0,0,차대차,기타,기타,교차로,교차로내,화물차,화물차
2012.7.27 9:00,주간,금,1,0,0,차대차,측면직각충돌,측면직각충돌,교차로,교차로내,화물차,자전거
2012.7.30 13:00,주간,월,1,1,0,차대차,기타,기타,단일로,기타단일로,이륜차,승용차
2012.6.18 16:00,주간,월,1,0,0,차대차,기타,기타,기타/불명,기타/불명,화물차,농기계
2012.6.19 14:00,주간,화,1,0,0,차량단독,전도전복,전도전복,교차로,교차로부근,화물차,0
2012.6.22 14:00,주간,금,1,0,0,차량단독,공작물충돌,공작물충돌,기타/불명,기타/불명,농기계,0
2012.6.23 7:00,주간,토,1,0,0,차대사람,횡단중,횡단중,단일로,기타단일로,화물차,보행자
2012.6.23 1:00,야간,토,1,0,0,차대사람,기타,기타,단일로,기타단일로,승합차,보행자
2012.6.23 1:00,야간,토,1,0,0,차량단독,기타,기타,단일로,기타단일로,승용차,0
2012.5.29 2:00,야간,화,1,0,1,차량단독,전도전복,전도전복,단일로,기타단일로,승용차,0
2012.6.5 23:00,야간,화,1,0,0,차대차,측면직각충돌,측면직각충돌,교차로,교차로부근,승용차,이륜차
2012.6.5 21:00,야간,화,1,0,2,차대차,기타,기타,교차로,교차로부근,승용차,승용차
2012.6.10 23:00,야간,일,1,0,1,차대차,추돌,진행중 추돌,단일로,기타단일로,승용차,승용차
2013.12.11 19:00,야간,수,1,1,2,차대차,추돌,진행중 추돌,단일로,터널안,승용차,승용차
2013.2.15 11:00,주간,금,1,0,0,차량단독,전도전복,전도전복,단일로,기타단일로,이륜차,0
2013.9.14 19:00,야간,토,1,0,1,차대사람,길가장자리구역통행중,길가장자리구역통행중,단일로,기타단일로,승용차,보행자
2013.10.2 7:00,주간,수,1,0,1,차대차,기타,기타,단일로,기타단일로,화물차,화물차
2014.6.29 10:00,주간,일,1,0,0,차대사람,횡단중,횡단중,단일로,기타단일로,화물차,보행자
2014.6.29 4:00,야간,일,1,0,0,차대사람,횡단중,횡단중,단일로,기타단일로,승합차,보행자
2014.6.28 6:00,주간,토,1,0,0,차대차,측면직각충돌,측면직각충돌,단일로,기타단일로,원동기장치자전거,승용차
2014.6.28 23:00,야간,토,1,0,0,차대사람,횡단중,횡단중,단일로,기타단일로,승용차,보행자
2014.6.27 23:00,야간,금,1,0,0,차대사람,기타,기타,교차로,교차로내,승용차,보행자
2013.9.29 21:00,야간,일,1,4,0,차대차,측면직각충돌,측면직각충돌,교차로,교차로내,승용차,승용차
2013.10.15 19:00,야간,화,1,0,0,차대사람,횡단중,횡단중,교차로,교차로부근,승용차,보행자
2013.10.14 8:00,주간,월,1,0,0,차대사람,횡단중,횡단중,단일로,기타단일로,승용차,보행자
2013.10.14 20:00,야간,월,1,1,1,차대차,측면직각충돌,측면직각충돌,교차로,교차로내,승용차,승용차
2013.6.11 11:00,주간,화,1,0,0,차대차,기타,기타,단일로,기타단일로,승용차,승용차
2013.8.12 5:00,야간,월,1,0,0,차대사람,횡단중,횡단중,교차로,교차로내,화물차,보행자
2013.8.10 20:00,야간,토,1,0,0,차대사람,횡단중,횡단중,단일로,기타단일로,승용차,보행자
2013.8.11 5:00,야간,일,1,0,0,차대차,기타,기타,교차로,교차로부근,승용차,화물차
2013.8.11 7:00,주간,일,1,0,0,차대차,기타,기타,교차로,교차로내,원동기장치자전거,승용차
2013.8.10 19:00,야간,토,1,0,0,차대사람,기타,기타,교차로,교차로부근,승용차,보행자
2013.8.11 12:00,주간,일,1,0,0,차대차,측면직각충돌,측면직각충돌,교차로,교차로내,원동기장치자전거,승용차
2013.8.19 21:00,야간,월,1,0,8,차대차,추돌,주정차중 추돌,교차로,교차로부근,승용차,승합차
2013.7.9 23:00,야간,화,1,1,0,차대차,정면충돌,정면충돌,단일로,기타단일로,승합차,승용차
2013.7.10 18:00,야간,수,1,0,0,차대차,측면직각충돌,측면직각충돌,단일로,기타단일로,이륜차,승합차
2013.7.18 3:00,야간,목,1,0,0,차량단독,공작물충돌,공작물충돌,교차로,교차로내,승용차,0
2013.7.17 18:00,야간,수,1,1,1,차대차,측면직각충돌,측면직각충돌,교차로,교차로내,승용차,승합차
2013.7.18 1:00,야간,목,1,0,0,차대사람,횡단중,횡단중,단일로,기타단일로,승용차,보행자
2013.7.15 18:00,야간,월,1,0,1,차대차,정면충돌,정면충돌,단일로,기타단일로,승용차,승용차
2013.7.23 0:00,야간,화,1,0,0,차대사람,횡단중,횡단중,단일로,기타단일로,승용차,보행자
2013.7.22 20:00,야간,월,1,0,0,차대사람,기타,기타,기타/불명,기타/불명,승합차,보행자
2013.7.22 10:00,주간,월,1,0,1,차대차,측면직각충돌,측면직각충돌,단일로,기타단일로,승용차,화물차
2013.7.23 9:00,주간,화,1,0,0,차대사람,횡단중,횡단중,교차로,교차로내,승용차,보행자
2013.7.20 11:00,주간,토,1,0,0,차대사람,차도통행중,차도통행중,교차로,교차로내,승용차,보행자
2013.10.21 10:00,주간,월,1,0,0,차대차,측면직각충돌,측면직각충돌,단일로,기타단일로,화물차,원동기장치자전거
2013.10.21 9:00,주간,월,1,0,0,차량단독,공작물충돌,공작물충돌,교차로,교차로부근,화물차,0
2013.10.21 14:00,주간,월,1,0,0,차량단독,기타,기타,단일로,기타단일로,자전거,0
2013.10.22 20:00,야간,화,1,0,0,차량단독,공작물충돌,공작물충돌,교차로,교차로부근,승용차,0
2013.10.21 19:00,야간,월,1,0,0,차대차,측면직각충돌,측면직각충돌,교차로,교차로부근,자전거,승용차
2013.10.19 18:00,야간,토,1,0,0,차대사람,횡단중,횡단중,단일로,기타단일로,화물차,보행자
2013.10.19 18:00,야간,토,1,0,0,차대사람,횡단중,횡단중,단일로,횡단보도상,화물차,보행자
2013.10.18 20:00,야간,금,1,0,0,차대차,측면직각충돌,측면직각충돌,교차로,교차로내,승합차,이륜차
2013.10.18 19:00,야간,금,1,0,0,차량단독,도로이탈,도로이탈 기타,단일로,기타단일로,화물차,0
2013.10.18 19:00,야간,금,1,0,0,차대사람,횡단중,횡단중,단일로,기타단일로,승용차,보행자
2013.10.18 19:00,야간,금,1,0,0,차대사람,횡단중,횡단중,단일로,기타단일로,화물차,보행자
2013.10.18 17:00,주간,금,1,0,0,차량단독,전도전복,전도전복,단일로,기타단일로,농기계,0
2013.10.25 22:00,야간,금,1,0,0,차대사람,횡단중,횡단중,단일로,기타단일로,승용차,보행자
2013.10.3 11:00,주간,목,1,0,0,차량단독,기타,기타,교차로,교차로내,이륜차,0
2013.10.3 10:00,주간,목,1,3,4,차대차,추돌,진행중 추돌,단일로,기타단일로,승합차,승용차
2013.10.4 17:00,주간,금,1,0,0,차량단독,기타,기타,기타/불명,기타/불명,자전거,0
2013.10.4 14:00,주간,금,1,0,0,차대차,기타,기타,단일로,횡단보도부근,자전거,승용차
2013.10.5 8:00,주간,토,1,2,1,차대차,추돌,진행중 추돌,단일로,기타단일로,화물차,화물차
2013.10.11 0:00,야간,금,1,0,0,차대사람,횡단중,횡단중,단일로,기타단일로,승용차,보행자
2013.10.11 8:00,주간,금,1,0,0,차대사람,횡단중,횡단중,교차로,교차로내,화물차,보행자
2013.10.12 16:00,주간,토,1,0,1,차대차,측면직각충돌,측면직각충돌,교차로,교차로내,원동기장치자전거,승용차
2013.10.9 23:00,야간,수,1,0,0,차량단독,공작물충돌,공작물충돌,교차로,교차로부근,승합차,0
2013.10.10 18:00,야간,목,1,0,0,차대사람,횡단중,횡단중,단일로,횡단보도상,승합차,보행자
2013.9.3 21:00,야간,화,1,0,0,차대사람,기타,기타,단일로,기타단일로,승용차,보행자
2013.9.4 15:00,주간,수,1,0,0,차량단독,공작물충돌,공작물충돌,단일로,기타단일로,화물차,0
2013.9.9 18:00,야간,월,1,0,0,차량단독,도로이탈,도로이탈 추락,단일로,기타단일로,농기계,0
2013.8.29 11:00,주간,목,1,0,0,차량단독,도로이탈,도로이탈 기타,교차로,교차로부근,이륜차,0
2013.7.11 20:00,야간,목,1,0,0,차대차,측면직각충돌,측면직각충돌,교차로,교차로내,승용차,자전거
2013.10.17 17:00,주간,목,1,1,0,차대차,정면충돌,정면충돌,단일로,기타단일로,승용차,화물차
2013.10.13 10:00,주간,일,1,0,0,차대차,기타,기타,단일로,횡단보도상,자전거,승용차
2013.10.14 5:00,야간,월,1,0,0,차량단독,공작물충돌,공작물충돌,단일로,기타단일로,승용차,0
2013.10.14 11:00,주간,월,1,0,0,차대사람,횡단중,횡단중,단일로,횡단보도상,승용차,보행자
2013.10.15 2:00,야간,화,1,0,0,차량단독,공작물충돌,공작물충돌,단일로,기타단일로,원동기장치자전거,0
2013.10.14 19:00,야간,월,1,0,0,차대차,측면직각충돌,측면직각충돌,단일로,기타단일로,이륜차,승용차
2013.10.15 8:00,주간,화,1,0,0,차량단독,전도전복,전도전복,단일로,기타단일로,농기계,0
2013.10.22 16:00,주간,화,1,0,0,차량단독,공작물충돌,공작물충돌,단일로,기타단일로,이륜차,0
2013.10.20 15:00,주간,일,1,0,0,차대차,기타,기타,단일로,기타단일로,화물차,자전거
2013.10.20 17:00,주간,일,2,0,0,차량단독,전도전복,전도전복,단일로,기타단일로,화물차,0
2013.10.22 19:00,야간,화,1,0,0,차대사람,길가장자리구역통행중,길가장자리구역통행중,교차로,교차로부근,승용차,보행자
2013.10.21 17:00,주간,월,1,0,0,차대차,기타,기타,단일로,기타단일로,원동기장치자전거,농기계
2013.10.22 9:00,주간,화,1,0,0,차대차,기타,기타,단일로,횡단보도부근,승용차,자전거
2013.9.4 5:00,야간,수,1,0,0,차대사람,횡단중,횡단중,단일로,기타단일로,승용차,보행자
2013.9.2 9:00,주간,월,1,0,0,차대차,측면직각충돌,측면직각충돌,교차로,교차로내,특수차,이륜차
2013.9.1 16:00,주간,일,1,2,0,차대차,측면직각충돌,측면직각충돌,교차로,교차로내,승용차,건설기계
2013.9.1 23:00,야간,일,1,0,0,차량단독,공작물충돌,공작물충돌,단일로,기타단일로,이륜차,0
2013.9.1 18:00,야간,일,1,0,2,차대차,측면직각충돌,측면직각충돌,단일로,기타단일로,농기계,승용차
2013.5.27 12:00,주간,월,1,0,0,차량단독,도로이탈,도로이탈 추락,단일로,기타단일로,화물차,0
2013.5.25 12:00,주간,토,1,0,0,차량단독,공작물충돌,공작물충돌,단일로,기타단일로,화물차,0
2013.5.24 17:00,주간,금,1,1,0,차량단독,도로이탈,도로이탈 추락,단일로,기타단일로,승용차,0
2013.5.29 15:00,주간,수,1,0,0,차량단독,기타,기타,단일로,기타단일로,농기계,0
2013.5.29 11:00,주간,수,1,0,0,차량단독,공작물충돌,공작물충돌,단일로,기타단일로,화물차,0
2013.5.28 17:00,주간,화,1,0,0,차량단독,도로이탈,도로이탈 추락,교차로,교차로부근,이륜차,0
2013.5.28 16:00,주간,화,1,0,0,차량단독,전도전복,전도전복,단일로,기타단일로,승용차,0
2013.6.5 3:00,야간,수,1,0,0,차량단독,공작물충돌,공작물충돌,교차로,교차로내,화물차,0
2013.6.6 5:00,야간,목,1,0,0,차량단독,전도전복,전도전복,단일로,기타단일로,원동기장치자전거,0
2013.6.6 20:00,야간,목,1,0,0,차대차,측면직각충돌,측면직각충돌,단일로,기타단일로,승용차,이륜차
2013.6.5 17:00,주간,수,1,0,0,차대사람,횡단중,횡단중,단일로,횡단보도상,승용차,보행자
2013.6.3 22:00,야간,월,1,2,0,차대사람,기타,기타,단일로,기타단일로,건설기계,보행자
2013.6.9 13:00,주간,일,1,0,0,차대차,추돌,주정차중 추돌,단일로,기타단일로,화물차,화물차
2013.6.7 21:00,야간,금,1,0,0,차대사람,횡단중,횡단중,단일로,기타단일로,승용차,보행자
2013.6.8 19:00,야간,토,1,0,0,차대사람,기타,기타,교차로,교차로내,승용차,보행자
2013.6.8 1:00,야간,토,1,0,0,차량단독,공작물충돌,공작물충돌,단일로,기타단일로,승용차,0
2013.6.8 11:00,주간,토,1,1,0,차대사람,횡단중,횡단중,단일로,기타단일로,화물차,보행자
2013.6.9 18:00,야간,일,2,0,0,차대차,측면직각충돌,측면직각충돌,교차로,교차로내,농기계,화물차
2013.6.11 15:00,주간,화,1,0,0,차대사람,횡단중,횡단중,교차로,교차로부근,화물차,보행자
2013.6.12 13:00,주간,수,1,1,0,차량단독,기타,기타,단일로,기타단일로,승용차,0
2013.6.12 9:00,주간,수,1,0,0,차대사람,횡단중,횡단중,교차로,교차로내,승합차,보행자
2013.6.11 5:00,야간,화,1,0,0,차대사람,횡단중,횡단중,교차로,교차로부근,승합차,보행자
2013.6.11 13:00,주간,화,1,0,0,차대차,추돌,주정차중 추돌,단일로,기타단일로,원동기장치자전거,화물차
2013.6.10 18:00,야간,월,1,0,0,차대차,기타,기타,단일로,기타단일로,자전거,건설기계
2012.6.21 4:00,야간,목,1,0,0,차대차,측면직각충돌,측면직각충돌,단일로,기타단일로,화물차,화물차
2012.6.19 17:00,주간,화,1,0,0,차대사람,횡단중,횡단중,단일로,횡단보도상,건설기계,보행자
2012.6.27 11:00,주간,수,1,0,0,차대차,추돌,진행중 추돌,교차로,교차로부근,승용차,이륜차
2012.6.27 2:00,야간,수,1,1,0,차대차,측면직각충돌,측면직각충돌,단일로,기타단일로,화물차,화물차
2012.6.27 11:00,주간,수,1,0,0,차대차,추돌,진행중 추돌,단일로,기타단일로,건설기계,자전거
2012.6.29 19:00,야간,금,1,0,0,차량단독,공작물충돌,공작물충돌,단일로,기타단일로,이륜차,0
2012.6.29 11:00,주간,금,1,0,0,차대사람,길가장자리구역통행중,길가장자리구역통행중,단일로,기타단일로,승용차,보행자
2012.7.4 16:00,주간,수,1,0,0,차대차,측면직각충돌,측면직각충돌,교차로,교차로내,원동기장치자전거,화물차
2012.7.3 9:00,주간,화,1,0,0,차대차,기타,기타,단일로,기타단일로,이륜차,승용차
2012.7.7 23:00,야간,토,1,0,0,차량단독,공작물충돌,공작물충돌,단일로,기타단일로,화물차,0
2012.7.10 6:00,주간,화,1,0,0,차대차,추돌,주정차중 추돌,단일로,터널안,승용차,건설기계
2012.7.10 13:00,주간,화,1,0,0,차량단독,전도전복,전도전복,단일로,기타단일로,이륜차,0
2012.7.10 18:00,야간,화,1,0,0,차대차,측면직각충돌,측면직각충돌,교차로,교차로내,원동기장치자전거,승용차
2012.7.17 18:00,야간,화,1,1,0,차대차,측면직각충돌,측면직각충돌,단일로,횡단보도부근,승용차,승용차
2012.7.20 18:00,야간,금,1,0,0,차대사람,기타,기타,단일로,기타단일로,승용차,보행자
2012.7.19 10:00,주간,목,1,0,0,차량단독,도로이탈,도로이탈 추락,단일로,기타단일로,화물차,0
2012.7.26 4:00,야간,목,1,0,0,차대사람,기타,기타,단일로,기타단일로,화물차,보행자
2012.7.25 1:00,야간,수,1,1,0,차량단독,공작물충돌,공작물충돌,단일로,기타단일로,승용차,0
2012.7.24 2:00,야간,화,1,0,0,차량단독,전도전복,전도전복,단일로,기타단일로,이륜차,0
2012.7.29 15:00,주간,일,1,1,0,차대차,측면직각충돌,측면직각충돌,단일로,기타단일로,농기계,원동기장치자전거
2012.7.30 15:00,주간,월,1,0,0,차대사람,횡단중,횡단중,단일로,기타단일로,화물차,보행자