발생년월일시,주야,요일,사망자수,중상자수,경상자수,사고유형_대분류,사고유형_중분류,사고유형,도로형태_대분류,도로형태,당사자종별_1당_대분류,당사자종별_2당_대분류
2012.8.2 22:00,야간,목,1,0,0,차량단독,기타,기타,단일로,교량위,승용차,0
2012.7.31 12:00,주간,화,1,0,0,차대사람,기타,기타,단일로,기타단일로,승용차,보행자
2012.6.11 8:00,주간,월,1,0,0,차대차,측면직각충돌,측면직각충돌,단일로,기타단일로,화물차,이륜차
2012.6.12 4:00,야간,화,1,0,0,차대사람,횡단중,횡단중,단일로,기타단일로,화물차,보행자
2012.6.19 2:00,야간,화,1,3,0,차대차,추돌,주정차중 추돌,교차로,교차로부근,승용차,화물차
2012.6.20 5:00,야간,수,1,0,1,차대차,정면충돌,정면충돌,단일로,기타단일로,화물차,화물차
2012.6.19 17:00,주간,화,1,0,0,차대사람,횡단중,횡단중,단일로,횡단보도상,승합차,보행자
2012.6.19 18:00,야간,화,1,0,0,차대사람,횡단중,횡단중,교차로,교차로내,승용차,보행자
2012.6.19 21:00,야간,화,1,0,0,차대차,측면직각충돌,측면직각충돌,교차로,교차로내,이륜차,승용차
2012.6.18 14:00,주간,월,1,0,0,차대사람,횡단중,횡단중,단일로,기타단일로,승용차,보행자
2012.6.18 8:00,주간,월,1,0,0,차대차,기타,기타,교차로,교차로내,승합차,자전거
2012.6.17 5:00,야간,일,1,0,0,차량단독,전도전복,전도전복,기타/불명,기타/불명,승용차,0
2014.6.10 3:00,야간,화,1,0,0,차량단독,공작물충돌,공작물충돌,단일로,기타단일로,원동기장치자전거,0
2014.1.26 21:00,야간,일,1,0,0,차대사람,횡단중,횡단중,단일로,기타단일로,승용차,보행자
2014.6.15 4:00,야간,일,1,0,0,차대사람,횡단중,횡단중,단일로,기타단일로,승용차,보행자
2012.9.9 20:00,야간,일,1,0,0,차대사람,기타,기타,단일로,기타단일로,승용차,보행자
2012.9.7 20:00,야간,금,1,0,0,차대차,측면직각충돌,측면직각충돌,교차로,교차로내,승용차,이륜차
2012.9.6 21:00,야간,목,1,0,0,차량단독,공작물충돌,공작물충돌,단일로,기타단일로,화물차,0
2012.9.13 0:00,야간,목,1,0,0,차량단독,공작물충돌,공작물충돌,교차로,교차로부근,이륜차,0
2012.9.13 17:00,주간,목,1,0,0,차대차,기타,기타,단일로,기타단일로,화물차,원동기장치자전거
2012.9.13 5:00,야간,목,1,0,0,차대차,측면직각충돌,측면직각충돌,단일로,횡단보도상,자전거,특수차
2012.9.12 9:00,주간,수,1,0,0,차대사람,보도통행중,보도통행중,교차로,교차로부근,화물차,보행자
2012.9.18 14:00,주간,화,1,0,0,차대차,추돌,진행중 추돌,단일로,기타단일로,화물차,농기계
2012.9.18 23:00,야간,화,1,0,0,차량단독,기타,기타,단일로,기타단일로,승합차,0
2012.9.16 13:00,주간,일,1,3,1,차량단독,공작물충돌,공작물충돌,단일로,기타단일로,승합차,0
2012.9.16 5:00,야간,일,1,0,0,차대차,추돌,진행중 추돌,단일로,기타단일로,승용차,이륜차
2012.9.15 5:00,야간,토,1,0,0,차대사람,보도통행중,보도통행중,단일로,횡단보도상,화물차,보행자
2012.9.26 16:00,주간,수,1,0,0,차대차,추돌,진행중 추돌,단일로,기타단일로,화물차,원동기장치자전거
2012.9.22 14:00,주간,토,1,0,0,차량단독,공작물충돌,공작물충돌,단일로,기타단일로,이륜차,0
2012.8.7 15:00,주간,화,1,0,0,차량단독,전도전복,전도전복,단일로,기타단일로,농기계,0
2012.8.5 12:00,주간,일,1,0,0,차대차,측면직각충돌,측면직각충돌,단일로,기타단일로,화물차,자전거
2012.8.11 4:00,야간,토,1,1,0,차대차,기타,기타,기타/불명,기타/불명,이륜차,승용차
2012.8.10 1:00,야간,금,1,0,0,차대차,기타,기타,단일로,기타단일로,승용차,승용차
2012.8.19 2:00,야간,일,1,0,1,차대사람,기타,기타,단일로,횡단보도부근,승용차,보행자
2012.8.25 8:00,주간,토,2,1,1,차대차,기타,기타,단일로,기타단일로,건설기계,승용차
2012.8.25 8:00,주간,토,1,4,0,차대차,측면직각충돌,측면직각충돌,단일로,기타단일로,승용차,승용차
2012.8.23 0:00,야간,목,1,0,0,차대사람,횡단중,횡단중,단일로,기타단일로,승용차,보행자
2012.8.22 0:00,야간,수,1,0,0,차대사람,횡단중,횡단중,단일로,기타단일로,승용차,보행자
2012.8.28 7:00,주간,화,1,0,0,차대차,측면직각충돌,측면직각충돌,교차로,교차로내,건설기계,원동기장치자전거
2012.8.27 10:00,주간,월,1,0,0,차대사람,보도통행중,보도통행중,단일로,기타단일로,화물차,보행자
2012.9.2 16:00,주간,일,1,0,0,차량단독,기타,기타,단일로,기타단일로,농기계,0
2012.9.1 4:00,야간,토,1,0,0,차대사람,기타,기타,단일로,기타단일로,화물차,보행자
2012.9.1 9:00,주간,토,2,2,2,차대사람,길가장자리구역통행중,길가장자리구역통행중,단일로,기타단일로,승용차,보행자
2012.8.31 14:00,주간,금,1,0,0,차대사람,보도통행중,보도통행중,단일로,기타단일로,승합차,보행자
2012.8.31 1:00,야간,금,1,0,0,차대사람,차도통행중,차도통행중,단일로,기타단일로,승용차,보행자
2012.8.29 14:00,주간,수,1,0,0,차대차,추돌,진행중 추돌,교차로,교차로내,승합차,이륜차
2012.9.6 15:00,주간,목,1,0,0,차량단독,기타,기타,단일로,기타단일로,농기계,0
2012.9.5 17:00,주간,수,1,0,0,차대사람,횡단중,횡단중,교차로,교차로부근,승합차,보행자
2012.9.5 5:00,야간,수,1,0,0,차대사람,길가장자리구역통행중,길가장자리구역통행중,단일로,기타단일로,화물차,보행자
2012.9.2 18:00,야간,일,1,0,0,차대차,측면직각충돌,측면직각충돌,단일로,횡단보도부근,이륜차,화물차
2012.9.4 15:00,주간,화,1,0,0,차량단독,전도전복,전도전복,단일로,기타단일로,농기계,0
2012.9.4 15:00,주간,화,1,1,0,차대차,측면직각충돌,측면직각충돌,교차로,교차로내,승용차,승용차
2013.12.5 18:00,야간,목,1,0,0,차대사람,횡단중,횡단중,교차로,교차로부근,승용차,보행자
2013.12.5 17:00,주간,목,1,0,0,차대차,측면직각충돌,측면직각충돌,교차로,교차로내,화물차,이륜차
2013.12.5 14:00,주간,목,1,0,0,차량단독,공작물충돌,공작물충돌,단일로,기타단일로,농기계,0
2013.10.25 16:00,주간,금,1,0,0,차대차,측면직각충돌,측면직각충돌,교차로,교차로내,승합차,자전거
2013.10.24 19:00,야간,목,1,0,0,차대사람,횡단중,횡단중,교차로,교차로내,승용차,보행자
2013.10.24 12:00,주간,목,1,0,0,차대사람,길가장자리구역통행중,길가장자리구역통행중,단일로,기타단일로,화물차,보행자
2013.9.7 5:00,야간,토,1,0,0,차대차,측면직각충돌,측면직각충돌,교차로,교차로부근,승용차,자전거
2013.9.7 2:00,야간,토,1,0,0,차대사람,횡단중,횡단중,단일로,기타단일로,승용차,보행자
2013.9.7 5:00,야간,토,1,0,0,차대사람,차도통행중,차도통행중,단일로,기타단일로,화물차,보행자
2013.9.14 21:00,야간,토,1,0,0,차대사람,횡단중,횡단중,단일로,기타단일로,승용차,보행자
2013.9.15 20:00,야간,일,1,0,0,차대차,추돌,진행중 추돌,교차로,교차로내,승용차,이륜차
2013.9.16 3:00,야간,월,1,0,1,차량단독,공작물충돌,공작물충돌,단일로,기타단일로,이륜차,0
2013.9.11 2:00,야간,수,1,0,0,차대사람,기타,기타,교차로,교차로내,승용차,보행자
2013.9.27 22:00,야간,금,1,0,0,차량단독,기타,기타,단일로,기타단일로,이륜차,0
2013.9.26 8:00,주간,목,1,0,1,차대차,정면충돌,정면충돌,교차로,교차로부근,승용차,승용차
2013.9.30 6:00,주간,월,1,0,0,차량단독,기타,기타,기타/불명,기타/불명,화물차,0
2013.9.30 10:00,주간,월,1,0,0,차대사람,기타,기타,교차로,교차로부근,화물차,보행자
2013.9.30 6:00,주간,월,1,0,0,차량단독,공작물충돌,공작물충돌,단일로,기타단일로,승용차,0
2013.9.28 5:00,야간,토,1,0,0,차대사람,기타,기타,단일로,기타단일로,승용차,보행자
2013.10.20 22:00,야간,일,1,0,0,차량단독,기타,기타,단일로,기타단일로,이륜차,0
2013.10.19 14:00,주간,토,1,0,0,차량단독,기타,기타,단일로,기타단일로,이륜차,0
2013.10.18 22:00,야간,금,1,0,0,차대사람,횡단중,횡단중,단일로,횡단보도상,승용차,보행자
2013.10.20 13:00,주간,일,1,0,0,차량단독,전도전복,전도전복,단일로,기타단일로,이륜차,0
2013.9.16 12:00,주간,월,1,0,0,차대차,기타,기타,교차로,교차로부근,화물차,이륜차
2013.9.22 10:00,주간,일,1,0,1,차대차,추돌,진행중 추돌,교차로,교차로내,이륜차,승용차
2013.9.21 6:00,주간,토,1,0,0,차대사람,횡단중,횡단중,단일로,횡단보도상,승용차,보행자
2013.9.23 14:00,주간,월,1,5,1,차대차,측면직각충돌,측면직각충돌,단일로,기타단일로,승용차,승용차
2013.6.4 21:00,야간,화,1,3,0,차대차,측면직각충돌,측면직각충돌,교차로,교차로내,승용차,승용차
2013.7.3 12:00,주간,수,1,0,0,차량단독,공작물충돌,공작물충돌,단일로,기타단일로,승용차,0
2013.7.14 1:00,야간,일,1,0,0,차대사람,횡단중,횡단중,단일로,기타단일로,승용차,보행자
2013.5.29 8:00,주간,수,1,0,0,차대차,추돌,진행중 추돌,교차로,교차로부근,승용차,이륜차
2013.6.22 7:00,주간,토,1,0,0,차대사람,기타,기타,단일로,기타단일로,승용차,보행자
2012.9.27 14:00,주간,목,1,0,0,차대차,추돌,주정차중 추돌,단일로,교량위,건설기계,화물차
2012.8.17 21:00,야간,금,1,3,2,차대차,추돌,진행중 추돌,단일로,기타단일로,승용차,화물차
2012.2.27 19:00,야간,월,1,2,0,차대차,측면직각충돌,측면직각충돌,단일로,기타단일로,농기계,승용차
2012.6.14 3:00,야간,목,1,2,0,차대사람,횡단중,횡단중,교차로,교차로내,승용차,보행자
2013.7.8 11:00,주간,월,1,3,1,차량단독,도로이탈,도로이탈 추락,단일로,기타단일로,승용차,0
2013.7.20 4:00,야간,토,1,0,0,차대사람,보도통행중,보도통행중,단일로,기타단일로,이륜차,보행자
2013.7.29 21:00,야간,월,1,0,0,차대사람,기타,기타,단일로,횡단보도상,승용차,보행자
2013.8.30 7:00,주간,금,1,0,0,차대차,추돌,주정차중 추돌,단일로,기타단일로,승용차,화물차
2013.8.29 19:00,야간,목,1,0,0,차대사람,차도통행중,차도통행중,단일로,기타단일로,화물차,보행자
2013.6.16 11:00,주간,일,1,1,0,차대차,기타,기타,단일로,기타단일로,승합차,승용차
2013.7.19 21:00,야간,금,1,0,0,차대차,측면직각충돌,측면직각충돌,단일로,기타단일로,이륜차,이륜차
2013.7.14 12:00,주간,일,2,0,0,차량단독,기타,기타,단일로,기타단일로,승용차,0
2014.10.27 12:00,주간,월,1,0,0,차대사람,보도통행중,보도통행중,단일로,기타단일로,화물차,보행자
2014.11.1 23:00,야간,토,1,1,0,차량단독,공작물충돌,공작물충돌,단일로,기타단일로,승용차,0
2013.1.23 5:00,야간,수,1,5,7,차량단독,공작물충돌,공작물충돌,단일로,기타단일로,승합차,0
2013.1.4 21:00,야간,금,1,0,0,차대사람,차도통행중,차도통행중,단일로,기타단일로,승합차,보행자
2013.1.3 20:00,야간,목,1,0,0,차대차,측면직각충돌,측면직각충돌,교차로,교차로부근,특수차,화물차
2013.4.30 10:00,주간,화,1,0,1,차량단독,도로이탈,도로이탈 추락,단일로,기타단일로,승용차,0
2013.4.30 22:00,야간,화,1,0,0,차대사람,횡단중,횡단중,단일로,기타단일로,승용차,보행자
2013.5.11 0:00,야간,토,1,0,1,차량단독,공작물충돌,공작물충돌,단일로,기타단일로,승용차,0
2013.5.17 10:00,주간,금,1,0,0,차량단독,전도전복,전도전복,교차로,교차로내,이륜차,0
2013.3.18 20:00,야간,월,1,0,0,차대사람,횡단중,횡단중,단일로,기타단일로,승용차,보행자
2013.4.11 10:00,주간,목,1,1,0,차대차,측면직각충돌,측면직각충돌,교차로,교차로내,화물차,승용차
2013.4.7 16:00,주간,일,1,0,0,차량단독,도로이탈,도로이탈 기타,단일로,기타단일로,특수차,0
2013.7.24 3:00,야간,수,1,0,0,차대차,기타,기타,단일로,기타단일로,화물차,화물차
2013.8.4 21:00,야간,일,2,1,0,차대차,측면직각충돌,측면직각충돌,단일로,기타단일로,승용차,화물차
2013.8.10 20:00,야간,토,1,2,2,차대차,측면직각충돌,측면직각충돌,교차로,교차로내,승용차,승합차
2013.9.23 15:00,주간,월,1,0,0,차대사람,횡단중,횡단중,단일로,횡단보도상,건설기계,보행자
2013.10.2 22:00,야간,수,1,0,0,차대사람,횡단중,횡단중,단일로,기타단일로,승용차,보행자
2013.10.2 9:00,주간,수,1,0,0,차대사람,횡단중,횡단중,단일로,기타단일로,화물차,보행자
2013.10.17 2:00,야간,목,1,0,0,차대사람,횡단중,횡단중,단일로,기타단일로,승용차,보행자
2013.10.1 22:00,야간,화,1,0,0,차대차,추돌,진행중 추돌,단일로,기타단일로,승용차,자전거
2013.6.3 17:00,주간,월,1,0,0,차량단독,전도전복,전도전복,단일로,기타단일로,농기계,0
2013.6.4 14:00,주간,화,1,0,1,차대사람,기타,기타,단일로,기타단일로,화물차,보행자
2013.6.30 13:00,주간,일,1,0,0,차대사람,기타,기타,단일로,기타단일로,승용차,보행자
2012.4.12 22:00,야간,목,1,0,0,차대사람,기타,기타,단일로,기타단일로,승용차,보행자
2012.11.24 20:00,야간,토,1,0,0,차량단독,전도전복,전도전복,교차로,교차로내,농기계,0
2014.10.29 5:00,야간,수,1,0,0,차대사람,횡단중,횡단중,단일로,기타단일로,화물차,보행자
2014.4.15 21:00,야간,화,1,1,0,차대차,측면직각충돌,측면직각충돌,교차로,교차로내,승합차,승용차
2012.2.24 14:00,주간,금,1,0,0,차대사람,기타,기타,단일로,기타단일로,승합차,보행자
2013.1.29 21:00,야간,화,1,0,0,차량단독,공작물충돌,공작물충돌,단일로,기타단일로,승용차,0
2013.6.30 8:00,주간,일,1,0,0,차대차,기타,기타,단일로,기타단일로,원동기장치자전거,승용차
2013.4.28 6:00,주간,일,1,0,1,차대차,측면직각충돌,측면직각충돌,교차로,교차로내,이륜차,승합차
2014.7.22 2:00,야간,화,1,0,0,차대사람,횡단중,횡단중,단일로,기타단일로,승용차,보행자
2014.7.21 21:00,야간,월,1,0,0,차대사람,기타,기타,단일로,기타단일로,승용차,보행자
2014.4.10 19:00,야간,목,1,1,0,차대차,측면직각충돌,측면직각충돌,교차로,교차로내,화물차,화물차
2014.4.6 17:00,주간,일,1,0,0,차대차,측면직각충돌,측면직각충돌,교차로,교차로내,승합차,자전거
2014.4.8 16:00,주간,화,1,0,0,차대사람,차도통행중,차도통행중,단일로,기타단일로,승용차,보행자
2014.1.14 7:00,주간,화,1,0,0,차대사람,횡단중,횡단중,교차로,교차로부근,승용차,보행자
2014.7.21 15:00,주간,월,1,0,0,차대차,측면직각충돌,측면직각충돌,교차로,교차로내,원동기장치자전거,화물차
2014.4.11 15:00,주간,금,1,0,0,차대차,측면직각충돌,측면직각충돌,단일로,기타단일로,화물차,이륜차
2014.11.6 10:00,주간,목,1,0,0,차대사람,기타,기타,단일로,횡단보도상,화물차,보행자
2014.1.28 3:00,야간,화,1,0,0,차대사람,차도통행중,차도통행중,단일로,기타단일로,승용차,보행자
2014.7.20 17:00,주간,일,1,0,0,차대사람,기타,기타,교차로,교차로내,승용차,보행자
2014.4.24 19:00,야간,목,1,0,0,차대사람,기타,기타,교차로,교차로부근,승합차,보행자
2014.11.13 18:00,야간,목,1,0,0,차대차,측면직각충돌,측면직각충돌,교차로,교차로부근,화물차,자전거
2014.11.9 4:00,야간,일,1,1,0,차대사람,횡단중,횡단중,단일로,기타단일로,승용차,보행자
2014.2.24 17:00,주간,월,1,0,0,차대사람,횡단중,횡단중,단일로,기타단일로,승용차,보행자
2014.7.18 10:00,주간,금,1,1,0,차대차,측면직각충돌,측면직각충돌,단일로,기타단일로,화물차,승용차
2014.12.19 18:00,야간,금,1,0,1,차대차,추돌,주정차중 추돌,단일로,기타단일로,특수차,화물차
2014.6.30 11:00,주간,월,1,0,0,차대사람,차도통행중,차도통행중,단일로,기타단일로,승합차,보행자
2014.9.14 13:00,주간,일,1,0,0,차대차,추돌,진행중 추돌,단일로,기타단일로,화물차,자전거
2014.3.31 7:00,주간,월,1,0,0,차량단독,전도전복,전도전복,단일로,기타단일로,화물차,0
2013.7.27 21:00,야간,토,1,0,0,차대사람,횡단중,횡단중,단일로,기타단일로,승용차,보행자
2013.7.27 16:00,주간,토,1,0,0,차대차,측면직각충돌,측면직각충돌,교차로,교차로내,원동기장치자전거,승용차
2013.7.25 9:00,주간,목,1,0,0,차대사람,횡단중,횡단중,단일로,횡단보도상,화물차,보행자
2013.7.25 16:00,주간,목,1,0,0,차대차,측면직각충돌,측면직각충돌,교차로,교차로부근,원동기장치자전거,승용차
2013.8.4 17:00,주간,일,1,0,0,차대차,기타,기타,단일로,기타단일로,이륜차,승용차
2013.8.5 7:00,주간,월,1,0,0,차대사람,기타,기타,단일로,기타단일로,승용차,보행자
2013.7.31 7:00,주간,수,1,0,0,차대사람,횡단중,횡단중,교차로,교차로내,화물차,보행자
2013.7.31 22:00,야간,수,1,0,0,차량단독,기타,기타,단일로,기타단일로,승합차,0
2013.7.31 9:00,주간,수,1,0,0,차량단독,기타,기타,교차로,교차로부근,원동기장치자전거,0
2013.8.2 15:00,주간,금,1,2,2,차량단독,기타,기타,단일로,기타단일로,승용차,0
2013.7.31 12:00,주간,수,1,0,0,차대사람,기타,기타,단일로,기타단일로,화물차,보행자
2012.6.28 10:00,주간,목,1,0,0,차대차,측면직각충돌,측면직각충돌,교차로,교차로내,승용차,원동기장치자전거
2012.6.24 15:00,주간,일,1,1,1,차량단독,공작물충돌,공작물충돌,단일로,기타단일로,승용차,0
2012.6.25 19:00,야간,월,1,2,0,차대차,기타,기타,단일로,기타단일로,승용차,승용차
2012.6.30 0:00,야간,토,1,0,0,차량단독,전도전복,전도전복,단일로,기타단일로,화물차,0
2012.7.5 17:00,주간,목,1,0,0,차량단독,공작물충돌,공작물충돌,단일로,기타단일로,승용차,0
2012.7.4 17:00,주간,수,1,0,0,차대사람,기타,기타,단일로,기타단일로,화물차,보행자
2012.7.3 16:00,주간,화,1,0,0,차대사람,횡단중,횡단중,단일로,횡단보도상,승용차,보행자
2012.7.3 10:00,주간,화,1,0,0,차대차,측면직각충돌,측면직각충돌,교차로,교차로부근,화물차,자전거
2012.7.7 10:00,주간,토,1,0,7,차대차,측면직각충돌,측면직각충돌,단일로,기타단일로,승용차,승합차
2012.7.7 1:00,야간,토,1,1,2,차대차,추돌,진행중 추돌,교차로,교차로내,승용차,승용차
2012.7.6 20:00,야간,금,1,0,0,차대사람,횡단중,횡단중,단일로,횡단보도상,원동기장치자전거,보행자
2012.7.7 7:00,주간,토,1,0,0,차대사람,차도통행중,차도통행중,교차로,교차로내,승용차,보행자
2012.7.7 3:00,야간,토,1,0,0,차대차,기타,기타,단일로,기타단일로,이륜차,승합차
2012.7.17 20:00,야간,화,1,0,0,차대사람,기타,기타,교차로,교차로부근,승용차,보행자
2012.7.17 21:00,야간,화,1,0,0,차대사람,기타,기타,단일로,기타단일로,화물차,보행자
2012.7.14 17:00,주간,토,1,7,4,차대차,추돌,진행중 추돌,단일로,기타단일로,승용차,승용차
2012.7.22 8:00,주간,일,1,0,0,차량단독,공작물충돌,공작물충돌,교차로,교차로내,승용차,0
2012.7.18 8:00,주간,수,1,0,0,차대사람,횡단중,횡단중,단일로,기타단일로,건설기계,보행자
2012.7.24 17:00,주간,화,1,0,0,차량단독,기타,기타,단일로,기타단일로,이륜차,0
2012.7.25 18:00,야간,수,1,0,0,차량단독,공작물충돌,공작물충돌,단일로,기타단일로,이륜차,0
2012.7.22 16:00,주간,일,1,0,0,차대차,추돌,주정차중 추돌,단일로,기타단일로,승용차,원동기장치자전거
2012.7.29 2:00,야간,일,1,0,0,차량단독,공작물충돌,공작물충돌,단일로,기타단일로,승합차,0
2012.7.29 20:00,야간,일,1,0,0,차대사람,차도통행중,차도통행중,단일로,기타단일로,화물차,보행자
2012.7.28 7:00,주간,토,1,0,0,차량단독,도로이탈,도로이탈 추락,단일로,기타단일로,승용차,0
2012.7.29 12:00,주간,일,1,0,0,차량단독,기타,기타,교차로,교차로내,승용차,0
2012.7.29 8:00,주간,일,1,0,0,차대차,측면직각충돌,측면직각충돌,교차로,교차로내,승용차,이륜차
2012.8.2 1:00,야간,목,1,0,0,차대사람,횡단중,횡단중,교차로,교차로내,승용차,보행자
2012.8.2 8:00,주간,목,1,0,0,차량단독,공작물충돌,공작물충돌,고가도로위,고가도로위,원동기장치자전거,0
2013.3.12 8:00,주간,화,1,0,0,차대차,측면직각충돌,측면직각충돌,교차로,교차로내,이륜차,승합차
2013.3.11 6:00,주간,월,1,0,0,차대사람,횡단중,횡단중,단일로,횡단보도상,승용차,보행자
2013.3.20 13:00,주간,수,1,0,0,차대차,측면직각충돌,측면직각충돌,교차로,교차로내,화물차,이륜차
2013.3.24 15:00,주간,일,1,0,0,차량단독,공작물충돌,공작물충돌,단일로,기타단일로,승용차,0
2013.3.25 8:00,주간,월,1,1,0,차대차,측면직각충돌,측면직각충돌,교차로,교차로내,이륜차,승용차
2013.3.25 11:00,주간,월,1,0,0,차대사람,횡단중,횡단중,단일로,기타단일로,승용차,보행자
2013.3.26 11:00,주간,화,1,0,0,차대사람,기타,기타,교차로,교차로부근,승합차,보행자
2013.3.26 19:00,야간,화,1,2,0,차대차,추돌,진행중 추돌,단일로,기타단일로,화물차,농기계
2013.3.22 5:00,야간,금,2,0,0,차대차,기타,기타,단일로,기타단일로,화물차,승용차
2013.3.28 20:00,야간,목,1,0,0,차량단독,공작물충돌,공작물충돌,교차로,교차로부근,이륜차,0
2013.3.29 3:00,야간,금,1,0,0,차대사람,횡단중,횡단중,단일로,기타단일로,승용차,보행자
2013.3.27 8:00,주간,수,1,0,0,차대차,추돌,주정차중 추돌,단일로,기타단일로,자전거,자전거
2013.4.6 6:00,주간,토,1,0,0,차대차,기타,기타,단일로,기타단일로,승용차,승용차
2013.4.5 9:00,주간,금,1,0,0,차대사람,기타,기타,단일로,기타단일로,화물차,보행자
2013.4.2 20:00,야간,화,1,0,0,차량단독,도로이탈,도로이탈 기타,단일로,기타단일로,이륜차,0
2013.9.3 10:00,주간,화,1,0,0,차대사람,기타,기타,교차로,교차로내,화물차,보행자
2013.9.24 15:00,주간,화,1,1,0,차대차,추돌,진행중 추돌,기타/불명,기타/불명,화물차,농기계
2013.6.13 1:00,야간,목,1,0,0,차대사람,차도통행중,차도통행중,단일로,기타단일로,승용차,보행자
2013.6.17 8:00,주간,월,1,0,0,차량단독,기타,기타,단일로,기타단일로,이륜차,0
2013.6.23 17:00,주간,일,2,1,1,차대차,정면충돌,정면충돌,단일로,기타단일로,승용차,화물차
2013.7.2 2:00,야간,화,1,0,0,차대사람,차도통행중,차도통행중,교차로,교차로내,승용차,보행자
2013.6.18 21:00,야간,화,2,0,0,차량단독,공작물충돌,공작물충돌,단일로,기타단일로,승용차,0
2013.1.19 14:00,주간,토,1,0,0,차대사람,횡단중,횡단중,단일로,기타단일로,승용차,보행자
2013.2.19 4:00,야간,화,1,0,0,차대사람,횡단중,횡단중,단일로,기타단일로,승합차,보행자
2013.2.15 17:00,주간,금,1,2,0,차대차,추돌,진행중 추돌,단일로,기타단일로,승합차,농기계
2013.2.14 2:00,야간,목,1,2,0,차대사람,기타,기타,교차로,교차로부근,승용차,보행자
2013.4.30 9:00,주간,화,1,2,1,차대차,측면직각충돌,측면직각충돌,단일로,기타단일로,승용차,승용차
2013.3.18 22:00,야간,월,1,0,1,차대차,기타,기타,단일로,기타단일로,승용차,승합차
2013.3.23 20:00,야간,토,1,0,0,차대사람,기타,기타,교차로,교차로내,승용차,보행자
2013.3.31 0:00,야간,일,1,0,0,차량단독,공작물충돌,공작물충돌,단일로,기타단일로,승용차,0
2013.3.30 18:00,야간,토,1,0,0,차량단독,도로이탈,도로이탈 기타,단일로,기타단일로,농기계,0
2013.3.29 10:00,주간,금,1,0,0,차대사람,횡단중,횡단중,교차로,교차로내,화물차,보행자
2013.3.28 7:00,주간,목,1,0,0,차대차,측면직각충돌,측면직각충돌,단일로,기타단일로,승용차,이륜차
2013.3.28 7:00,주간,목,1,0,0,차량단독,공작물충돌,공작물충돌,단일로,기타단일로,승용차,0
2013.3.29 15:00,주간,금,1,0,1,차대차,추돌,주정차중 추돌,단일로,기타단일로,화물차,승합차
2013.4.7 0:00,야간,일,1,0,0,차량단독,공작물충돌,공작물충돌,단일로,기타단일로,승용차,0
2013.4.7 2:00,야간,일,1,0,0,차대사람,횡단중,횡단중,단일로,횡단보도상,승용차,보행자
2013.4.7 19:00,야간,일,1,0,0,차량단독,도로이탈,도로이탈 추락,교차로,교차로부근,농기계,0
2013.4.8 16:00,주간,월,1,0,0,차대차,기타,기타,단일로,기타단일로,승합차,승용차
2013.4.14 18:00,야간,일,1,0,0,차량단독,기타,기타,단일로,기타단일로,이륜차,0
2013.4.17 5:00,야간,수,1,0,2,차량단독,공작물충돌,공작물충돌,단일로,기타단일로,승용차,0
2013.4.17 13:00,주간,수,1,3,0,차량단독,공작물충돌,공작물충돌,단일로,기타단일로,승용차,0
2013.4.17 12:00,주간,수,2,1,3,차대차,기타,기타,단일로,기타단일로,승용차,자전거
2013.4.13 21:00,야간,토,1,0,0,차대차,측면직각충돌,측면직각충돌,단일로,기타단일로,승용차,이륜차
2013.4.12 7:00,주간,금,1,0,0,차량단독,전도전복,전도전복,단일로,기타단일로,승용차,0
2013.4.13 20:00,야간,토,1,0,0,차대사람,횡단중,횡단중,단일로,기타단일로,승용차,보행자
2013.4.12 0:00,야간,금,1,0,0,차량단독,공작물충돌,공작물충돌,단일로,기타단일로,화물차,0
2013.4.20 21:00,야간,토,1,1,0,차대사람,횡단중,횡단중,단일로,기타단일로,승용차,보행자
2013.2.25 14:00,주간,월,1,0,0,차량단독,공작물충돌,공작물충돌,단일로,기타단일로,승용차,0
2013.3.2 23:00,야간,토,1,3,0,차량단독,공작물충돌,공작물충돌,교차로,교차로내,승용차,0
2013.3.9 16:00,주간,토,1,0,0,차대차,기타,기타,교차로,교차로내,승용차,원동기장치자전거
2013.3.9 10:00,주간,토,1,0,0,차대사람,횡단중,횡단중,단일로,기타단일로,승합차,보행자
2013.3.7 20:00,야간,목,1,0,0,차대사람,기타,기타,단일로,기타단일로,화물차,보행자
2013.4.6 5:00,야간,토,1,0,0,차대사람,횡단중,횡단중,단일로,횡단보도부근,승합차,보행자
2013.4.3 8:00,주간,수,1,0,0,차대차,추돌,진행중 추돌,단일로,기타단일로,자전거,승용차
2013.4.1 14:00,주간,월,1,0,0,차대사람,기타,기타,단일로,기타단일로,승합차,보행자
2013.4.3 20:00,야간,수,1,0,0,차량단독,공작물충돌,공작물충돌,단일로,기타단일로,화물차,0
2013.4.3 20:00,야간,수,1,0,0,차대차,기타,기타,교차로,교차로내,화물차,승용차
2013.4.2 14:00,주간,화,1,0,0,차대차,추돌,주정차중 추돌,기타/불명,기타/불명,화물차,승용차
2013.4.1 20:00,야간,월,1,0,0,차대사람,차도통행중,차도통행중,단일로,기타단일로,화물차,보행자
2013.4.12 2:00,야간,금,1,1,0,차량단독,공작물충돌,공작물충돌,단일로,기타단일로,승용차,0
2013.4.10 5:00,야간,수,1,0,0,차대사람,횡단중,횡단중,교차로,교차로부근,화물차,보행자
2013.2.21 1:00,야간,목,1,0,0,차대사람,횡단중,횡단중,단일로,기타단일로,승용차,보행자
2013.2.21 22:00,야간,목,2,0,0,차대차,정면충돌,정면충돌,교차로,교차로부근,승용차,승용차
2013.3.2 7:00,주간,토,1,0,0,차량단독,공작물충돌,공작물충돌,기타/불명,기타/불명,이륜차,0