발생년월일시,주야,요일,사망자수,중상자수,경상자수,사고유형_대분류,사고유형_중분류,사고유형,도로형태_대분류,도로형태,당사자종별_1당_대분류,당사자종별_2당_대분류
2013.3.4 11:00,주간,월,1,1,1,차대차,추돌,진행중 추돌,단일로,기타단일로,화물차,건설기계
2013.3.3 17:00,주간,일,1,0,1,차대차,정면충돌,정면충돌,단일로,기타단일로,승용차,승용차
2013.3.3 15:00,주간,일,1,3,0,차량단독,도로이탈,도로이탈 기타,단일로,기타단일로,승용차,0
2013.3.9 7:00,주간,토,1,0,0,차대사람,횡단중,횡단중,단일로,기타단일로,화물차,보행자
2013.3.5 9:00,주간,화,1,0,0,차대차,측면직각충돌,측면직각충돌,단일로,기타단일로,화물차,자전거
2013.3.13 7:00,주간,수,1,0,0,차대차,추돌,진행중 추돌,단일로,기타단일로,승용차,자전거
2013.3.15 12:00,주간,금,1,0,0,차대차,기타,기타,교차로,교차로내,화물차,원동기장치자전거
2013.3.15 8:00,주간,금,1,0,0,차대사람,길가장자리구역통행중,길가장자리구역통행중,단일로,기타단일로,승용차,보행자
2013.3.16 21:00,야간,토,1,0,0,차대사람,횡단중,횡단중,교차로,교차로내,승용차,보행자
2013.3.30 12:00,주간,토,1,1,0,차대차,추돌,진행중 추돌,단일로,기타단일로,화물차,농기계
2013.4.14 2:00,야간,일,1,0,0,차대사람,차도통행중,차도통행중,단일로,기타단일로,승용차,보행자
2013.4.13 18:00,야간,토,1,3,0,차량단독,공작물충돌,공작물충돌,단일로,기타단일로,승용차,0
2013.4.20 22:00,야간,토,1,0,0,차량단독,전도전복,전도전복,단일로,기타단일로,화물차,0
2013.4.22 11:00,주간,월,1,0,0,차대사람,기타,기타,단일로,기타단일로,화물차,보행자
2013.4.21 20:00,야간,일,1,0,0,차대사람,기타,기타,단일로,기타단일로,승용차,보행자
2013.4.20 5:00,야간,토,1,0,0,차대사람,횡단중,횡단중,단일로,기타단일로,승용차,보행자
2013.4.18 20:00,야간,목,1,0,0,차대차,기타,기타,단일로,기타단일로,승합차,자전거
2013.4.18 16:00,주간,목,1,0,0,차량단독,전도전복,전도전복,교차로,교차로부근,농기계,0
2013.4.19 8:00,주간,금,1,0,1,차대차,정면충돌,정면충돌,단일로,기타단일로,화물차,화물차
2013.4.5 15:00,주간,금,1,0,0,차량단독,전도전복,전도전복,교차로,교차로부근,화물차,0
2013.4.6 1:00,야간,토,1,1,0,차대사람,횡단중,횡단중,교차로,교차로부근,승용차,보행자
2013.4.6 8:00,주간,토,3,0,0,차대차,기타,기타,단일로,기타단일로,승용차,승용차
2013.4.5 0:00,야간,금,1,0,0,차대사람,기타,기타,단일로,기타단일로,승용차,보행자
2013.4.5 20:00,야간,금,1,1,0,차량단독,기타,기타,단일로,기타단일로,화물차,0
2013.4.2 19:00,야간,화,1,0,0,차대사람,횡단중,횡단중,교차로,교차로부근,승용차,보행자
2013.4.2 20:00,야간,화,1,0,0,차대사람,기타,기타,단일로,기타단일로,승용차,보행자
2013.4.2 5:00,야간,화,1,0,0,차량단독,도로이탈,도로이탈 기타,단일로,기타단일로,화물차,0
2013.4.2 16:00,주간,화,1,0,0,차대차,추돌,진행중 추돌,단일로,기타단일로,승용차,승용차
2013.4.2 10:00,주간,화,1,0,0,차대차,추돌,주정차중 추돌,단일로,기타단일로,화물차,자전거
2013.4.2 20:00,야간,화,1,0,0,차대사람,차도통행중,차도통행중,단일로,기타단일로,승용차,보행자
2013.4.1 11:00,주간,월,1,0,0,차대차,정면충돌,정면충돌,단일로,기타단일로,화물차,승용차
2013.7.9 10:00,주간,화,1,1,2,차대차,정면충돌,정면충돌,교차로,교차로내,화물차,승용차
2013.8.2 9:00,주간,금,1,0,1,차대사람,기타,기타,단일로,기타단일로,승용차,보행자
2013.8.9 4:00,야간,금,1,0,0,차량단독,공작물충돌,공작물충돌,단일로,기타단일로,이륜차,0
2013.8.9 20:00,야간,금,1,0,0,차대차,추돌,주정차중 추돌,단일로,기타단일로,승용차,화물차
2013.8.9 21:00,야간,금,1,0,0,차대차,측면직각충돌,측면직각충돌,교차로,교차로내,원동기장치자전거,승용차
2013.8.7 14:00,주간,수,1,2,0,차대차,정면충돌,정면충돌,단일로,기타단일로,이륜차,화물차
2013.8.14 22:00,야간,수,1,0,0,차대사람,길가장자리구역통행중,길가장자리구역통행중,기타/불명,기타/불명,화물차,보행자
2013.8.13 17:00,주간,화,1,0,0,차량단독,전도전복,전도전복,단일로,기타단일로,승용차,0
2013.8.11 20:00,야간,일,1,2,2,차대차,추돌,진행중 추돌,단일로,기타단일로,승용차,승용차
2013.8.12 20:00,야간,월,3,1,1,차대차,추돌,주정차중 추돌,단일로,기타단일로,화물차,승용차
2013.9.5 6:00,주간,목,1,0,0,차대차,추돌,주정차중 추돌,단일로,기타단일로,원동기장치자전거,건설기계
2013.7.10 20:00,야간,수,1,1,2,차대차,측면직각충돌,측면직각충돌,교차로,교차로내,화물차,승용차
2013.7.10 23:00,야간,수,1,0,0,차대차,측면직각충돌,측면직각충돌,교차로,교차로내,승합차,이륜차
2013.7.11 10:00,주간,목,1,0,1,차대차,측면직각충돌,측면직각충돌,교차로,교차로내,원동기장치자전거,화물차
2013.7.18 8:00,주간,목,1,0,0,차대사람,기타,기타,단일로,기타단일로,특수차,보행자
2013.7.19 6:00,주간,금,1,2,0,차대차,추돌,진행중 추돌,단일로,기타단일로,승용차,농기계
2013.7.16 22:00,야간,화,1,0,0,차대사람,기타,기타,교차로,교차로내,승용차,보행자
2013.7.23 20:00,야간,화,1,0,0,차대차,기타,기타,교차로,교차로부근,승용차,승용차
2013.7.22 19:00,야간,월,1,0,0,차대사람,횡단중,횡단중,교차로,교차로내,승용차,보행자
2013.7.23 21:00,야간,화,1,0,0,차대사람,횡단중,횡단중,단일로,기타단일로,화물차,보행자
2013.7.20 14:00,주간,토,1,0,0,차대차,추돌,진행중 추돌,단일로,기타단일로,화물차,화물차
2013.7.29 7:00,주간,월,1,1,0,차대차,정면충돌,정면충돌,단일로,기타단일로,건설기계,승용차
2013.7.27 23:00,야간,토,1,0,2,차대차,정면충돌,정면충돌,단일로,기타단일로,원동기장치자전거,승용차
2013.7.27 17:00,주간,토,1,3,0,차량단독,기타,기타,단일로,기타단일로,승용차,0
2013.7.27 20:00,야간,토,1,0,0,차대사람,횡단중,횡단중,단일로,기타단일로,승용차,보행자
2013.7.25 16:00,주간,목,1,0,0,차량단독,공작물충돌,공작물충돌,교차로,교차로부근,승용차,0
2013.7.26 3:00,야간,금,1,2,0,차대차,측면직각충돌,측면직각충돌,교차로,교차로내,승용차,승용차
2013.8.3 0:00,야간,토,1,0,0,차량단독,공작물충돌,공작물충돌,교차로,교차로부근,화물차,0
2013.8.4 18:00,야간,일,1,0,0,차량단독,전도전복,전도전복,단일로,기타단일로,화물차,0
2013.8.4 12:00,주간,일,1,0,0,차량단독,전도전복,전도전복,단일로,교량위,이륜차,0
2013.8.1 15:00,주간,목,1,0,1,차량단독,공작물충돌,공작물충돌,단일로,기타단일로,승용차,0
2013.8.1 8:00,주간,목,1,0,0,차량단독,공작물충돌,공작물충돌,기타/불명,기타/불명,자전거,0
2013.9.12 5:00,야간,목,1,0,0,차대사람,기타,기타,단일로,기타단일로,승용차,보행자
2013.9.11 22:00,야간,수,1,0,0,차대사람,기타,기타,단일로,기타단일로,승용차,보행자
2013.9.20 0:00,야간,금,1,0,0,차대차,기타,기타,단일로,기타단일로,승용차,승합차
2013.9.17 7:00,주간,화,1,0,0,차량단독,공작물충돌,공작물충돌,단일로,기타단일로,승용차,0
2013.9.17 14:00,주간,화,1,0,0,차대사람,횡단중,횡단중,단일로,기타단일로,화물차,보행자
2013.9.27 13:00,주간,금,1,0,0,차대차,측면직각충돌,측면직각충돌,교차로,교차로내,원동기장치자전거,건설기계
2013.9.27 4:00,야간,금,1,0,0,차량단독,기타,기타,단일로,기타단일로,자전거,0
2013.10.1 5:00,야간,화,1,0,0,차대사람,횡단중,횡단중,단일로,횡단보도상,승용차,보행자
2013.10.1 19:00,야간,화,1,0,0,차대사람,기타,기타,단일로,기타단일로,화물차,보행자
2013.10.2 9:00,주간,수,1,1,1,차대차,정면충돌,정면충돌,단일로,기타단일로,승용차,승합차
2013.10.2 3:00,야간,수,1,0,0,차대사람,기타,기타,단일로,기타단일로,승용차,보행자
2012.10.10 11:00,주간,수,1,0,1,차대차,측면직각충돌,측면직각충돌,단일로,기타단일로,승용차,승용차
2012.10.20 0:00,야간,토,1,3,0,차대차,정면충돌,정면충돌,단일로,기타단일로,이륜차,승용차
2012.6.16 4:00,야간,토,1,0,1,차대차,추돌,진행중 추돌,단일로,기타단일로,화물차,화물차
2012.7.3 7:00,주간,화,1,0,0,차량단독,전도전복,전도전복,교차로,교차로내,이륜차,0
2012.12.4 1:00,야간,화,1,0,2,차대차,추돌,진행중 추돌,단일로,기타단일로,승용차,화물차
2012.4.28 21:00,야간,토,1,0,0,차대사람,횡단중,횡단중,교차로,교차로부근,승용차,보행자
2012.4.11 2:00,야간,수,1,0,0,차대차,기타,기타,교차로,교차로부근,승용차,승용차
2012.4.14 8:00,주간,토,1,0,0,차대차,추돌,진행중 추돌,단일로,기타단일로,화물차,화물차
2012.4.14 20:00,야간,토,1,1,0,차대차,측면직각충돌,측면직각충돌,단일로,기타단일로,원동기장치자전거,원동기장치자전거
2012.1.20 10:00,주간,금,1,0,0,차대차,측면직각충돌,측면직각충돌,단일로,횡단보도상,승용차,자전거
2012.11.3 10:00,주간,토,1,0,0,차대차,측면직각충돌,측면직각충돌,단일로,횡단보도상,승용차,원동기장치자전거
2012.9.20 3:00,야간,목,1,3,0,차대차,측면직각충돌,측면직각충돌,교차로,교차로내,승용차,이륜차
2012.11.7 10:00,주간,수,1,0,0,차대차,측면직각충돌,측면직각충돌,단일로,기타단일로,승용차,자전거
2013.1.12 17:00,주간,토,1,0,0,차대차,측면직각충돌,측면직각충돌,단일로,기타단일로,승용차,자전거
2013.5.21 23:00,야간,화,1,0,1,차대차,추돌,진행중 추돌,단일로,기타단일로,승용차,승용차
2013.1.22 7:00,주간,화,1,0,0,차대사람,기타,기타,기타/불명,기타/불명,승용차,보행자
2013.4.11 0:00,야간,목,2,0,0,차대차,정면충돌,정면충돌,단일로,기타단일로,승용차,승용차
2013.6.30 10:00,주간,일,1,1,0,차대차,추돌,진행중 추돌,단일로,기타단일로,승용차,승합차
2013.8.28 13:00,주간,수,1,3,1,차대차,추돌,주정차중 추돌,단일로,기타단일로,화물차,화물차
2012.12.3 18:00,야간,월,1,3,0,차량단독,공작물충돌,공작물충돌,단일로,기타단일로,승용차,0
2012.5.12 21:00,야간,토,1,0,0,차대사람,차도통행중,차도통행중,단일로,기타단일로,승합차,보행자
2012.5.16 20:00,야간,수,1,2,0,차대차,정면충돌,정면충돌,단일로,기타단일로,승용차,승용차
2012.4.12 10:00,주간,목,1,0,0,차대사람,횡단중,횡단중,교차로,교차로내,승용차,보행자
2012.4.15 16:00,주간,일,1,0,0,차대사람,기타,기타,단일로,기타단일로,자전거,보행자
2012.4.9 15:00,주간,월,1,0,0,차대차,측면직각충돌,측면직각충돌,단일로,기타단일로,이륜차,화물차
2012.4.14 19:00,야간,토,1,0,0,차대사람,횡단중,횡단중,단일로,기타단일로,승용차,보행자
2012.4.19 0:00,야간,목,1,0,0,차대사람,횡단중,횡단중,교차로,교차로부근,승용차,보행자
2012.4.16 12:00,주간,월,1,0,0,차대차,측면직각충돌,측면직각충돌,단일로,기타단일로,승합차,이륜차
2012.2.7 9:00,주간,화,1,0,0,차대차,기타,기타,단일로,기타단일로,승합차,화물차
2012.1.17 18:00,야간,화,1,0,0,차대사람,횡단중,횡단중,단일로,기타단일로,승용차,보행자
2012.6.28 11:00,주간,목,1,0,0,차량단독,기타,기타,단일로,기타단일로,농기계,0
2012.11.4 0:00,야간,일,1,0,0,차대사람,길가장자리구역통행중,길가장자리구역통행중,단일로,기타단일로,승용차,보행자
2012.12.13 22:00,야간,목,1,0,0,차대사람,횡단중,횡단중,교차로,교차로부근,화물차,보행자
2012.10.28 14:00,주간,일,1,1,0,차대사람,횡단중,횡단중,단일로,기타단일로,승용차,보행자
2012.10.23 10:00,주간,화,1,1,1,차대차,측면직각충돌,측면직각충돌,교차로,교차로내,화물차,원동기장치자전거
2012.7.29 15:00,주간,일,1,2,1,차량단독,공작물충돌,공작물충돌,단일로,기타단일로,승용차,0
2013.1.16 13:00,주간,수,1,0,1,차대차,추돌,주정차중 추돌,교차로,교차로부근,화물차,승용차
2013.8.20 12:00,주간,화,1,0,1,차대차,측면직각충돌,측면직각충돌,교차로,교차로내,이륜차,승합차
2014.8.11 12:00,주간,월,1,0,0,차량단독,전도전복,전도전복,단일로,기타단일로,승용차,0
2012.8.30 21:00,야간,목,1,0,0,차량단독,도로이탈,도로이탈 추락,교차로,교차로부근,승용차,0
2014.12.2 1:00,야간,화,1,5,1,차대차,기타,기타,단일로,기타단일로,화물차,승용차
2014.3.8 3:00,야간,토,1,1,0,차량단독,전도전복,전도전복,교차로,교차로내,이륜차,0
2014.4.12 14:00,주간,토,1,0,0,차대사람,횡단중,횡단중,단일로,기타단일로,승용차,보행자
2014.4.4 6:00,주간,금,1,0,2,차대차,기타,기타,단일로,기타단일로,승용차,승용차
2014.4.7 20:00,야간,월,1,0,0,차대차,추돌,주정차중 추돌,교차로,교차로부근,화물차,건설기계
2014.10.14 22:00,야간,화,1,0,0,차량단독,도로이탈,도로이탈 기타,단일로,기타단일로,이륜차,0
2014.9.21 19:00,야간,일,1,0,0,차대사람,기타,기타,단일로,기타단일로,승용차,보행자
2014.1.22 14:00,주간,수,1,0,0,차대차,측면직각충돌,측면직각충돌,단일로,기타단일로,화물차,자전거
2014.2.24 16:00,주간,월,1,0,0,차대차,추돌,진행중 추돌,단일로,기타단일로,원동기장치자전거,승용차
2014.1.12 16:00,주간,일,1,0,0,차대차,정면충돌,정면충돌,단일로,기타단일로,승용차,화물차
2014.1.26 6:00,주간,일,1,0,0,차대사람,횡단중,횡단중,단일로,기타단일로,승용차,보행자
2014.5.21 9:00,주간,수,1,0,0,차대차,측면직각충돌,측면직각충돌,단일로,기타단일로,건설기계,자전거
2014.5.28 14:00,주간,수,1,0,0,차대사람,기타,기타,기타/불명,기타/불명,승용차,보행자
2014.8.2 3:00,야간,토,1,0,1,차대차,추돌,주정차중 추돌,교차로,교차로부근,승용차,화물차
2013.5.18 22:00,야간,토,1,3,0,차대차,기타,기타,교차로,교차로부근,승용차,화물차
2013.7.5 6:00,주간,금,1,0,0,차량단독,공작물충돌,공작물충돌,단일로,기타단일로,승용차,0
2014.5.27 20:00,야간,화,1,1,0,차대차,정면충돌,정면충돌,단일로,기타단일로,원동기장치자전거,자전거
2012.8.10 20:00,야간,금,1,0,0,차대사람,기타,기타,단일로,기타단일로,화물차,보행자
2012.9.3 6:00,주간,월,1,0,0,차대사람,횡단중,횡단중,단일로,기타단일로,승용차,보행자
2014.4.6 19:00,야간,일,1,0,0,차대사람,횡단중,횡단중,단일로,횡단보도부근,자전거,보행자
2014.5.4 20:00,야간,일,1,0,0,차대사람,기타,기타,단일로,기타단일로,승용차,보행자
2014.5.2 7:00,주간,금,1,0,0,차량단독,전도전복,전도전복,단일로,터널안,이륜차,0
2014.3.18 7:00,주간,화,1,0,3,차대차,정면충돌,정면충돌,단일로,기타단일로,승용차,화물차
2014.11.19 9:00,주간,수,1,0,0,차대차,추돌,진행중 추돌,교차로,교차로부근,자전거,승용차
2014.10.8 14:00,주간,수,1,0,0,차대차,추돌,진행중 추돌,단일로,기타단일로,화물차,원동기장치자전거
2014.9.20 1:00,야간,토,1,0,0,차대사람,횡단중,횡단중,단일로,기타단일로,승용차,보행자
2014.1.26 13:00,주간,일,1,0,0,차대차,기타,기타,교차로,교차로내,화물차,이륜차
2012.6.14 14:00,주간,목,1,0,0,차대사람,차도통행중,차도통행중,교차로,교차로내,원동기장치자전거,보행자
2012.3.19 2:00,야간,월,1,0,0,차량단독,공작물충돌,공작물충돌,기타/불명,기타/불명,이륜차,0
2012.3.24 9:00,주간,토,1,0,1,차대차,측면직각충돌,측면직각충돌,단일로,기타단일로,승용차,승용차
2012.4.1 0:00,야간,일,1,0,0,차대사람,차도통행중,차도통행중,단일로,기타단일로,화물차,보행자
2012.3.31 20:00,야간,토,1,0,0,차대사람,횡단중,횡단중,단일로,기타단일로,승용차,보행자
2012.4.1 2:00,야간,일,1,0,0,차량단독,공작물충돌,공작물충돌,단일로,기타단일로,이륜차,0
2012.1.22 3:00,야간,일,1,2,6,차대차,추돌,주정차중 추돌,교차로,교차로부근,승용차,승용차
2012.2.22 13:00,주간,수,1,0,0,차대사람,보도통행중,보도통행중,교차로,교차로내,승용차,보행자
2012.1.31 11:00,주간,화,1,0,0,차량단독,공작물충돌,공작물충돌,단일로,기타단일로,승용차,0
2012.12.1 18:00,야간,토,1,0,0,차대사람,차도통행중,차도통행중,단일로,기타단일로,승용차,보행자
2012.12.16 6:00,주간,일,1,1,0,차대사람,횡단중,횡단중,단일로,기타단일로,승용차,보행자
2012.12.12 14:00,주간,수,2,1,0,차대차,정면충돌,정면충돌,단일로,기타단일로,화물차,화물차
2012.9.18 7:00,주간,화,1,2,0,차대차,추돌,주정차중 추돌,단일로,기타단일로,화물차,화물차
2012.11.23 15:00,주간,금,1,0,0,차량단독,도로이탈,도로이탈 기타,단일로,기타단일로,이륜차,0
2012.10.21 22:00,야간,토,1,0,0,차대사람,횡단중,횡단중,교차로,교차로부근,승용차,보행자
2012.10.10 19:00,야간,수,1,0,0,차대사람,보도통행중,보도통행중,단일로,기타단일로,화물차,보행자
2012.7.22 6:00,주간,일,1,2,2,차량단독,공작물충돌,공작물충돌,교차로,교차로내,승용차,0
2012.7.29 16:00,주간,일,1,1,2,차대차,추돌,주정차중 추돌,단일로,기타단일로,승용차,승용차
2014.5.24 2:00,야간,토,1,1,3,차대차,추돌,주정차중 추돌,단일로,기타단일로,화물차,화물차
2014.10.3 9:00,주간,금,1,0,0,차대차,기타,기타,단일로,기타단일로,원동기장치자전거,자전거
2013.10.28 14:00,주간,월,1,6,11,차대차,추돌,주정차중 추돌,단일로,기타단일로,승용차,화물차
2014.3.25 19:00,야간,화,1,0,0,차대사람,보도통행중,보도통행중,교차로,교차로부근,승합차,보행자
2014.4.3 22:00,야간,목,1,0,0,차대사람,차도통행중,차도통행중,교차로,교차로부근,승용차,보행자
2014.3.31 18:00,야간,월,1,0,0,차대차,측면직각충돌,측면직각충돌,단일로,기타단일로,승용차,이륜차
2014.4.1 10:00,주간,화,1,0,1,차대차,기타,기타,단일로,기타단일로,화물차,화물차
2014.4.9 15:00,주간,수,1,0,2,차대차,측면직각충돌,측면직각충돌,교차로,교차로내,승용차,승용차
2014.4.10 11:00,주간,목,1,0,0,차량단독,기타,기타,단일로,기타단일로,화물차,0
2014.4.10 21:00,야간,목,1,0,0,차대사람,기타,기타,단일로,기타단일로,승용차,보행자
2014.4.11 20:00,야간,금,1,0,0,차량단독,기타,기타,교차로,교차로내,승합차,0
2014.4.10 20:00,야간,목,1,0,0,차대사람,기타,기타,단일로,기타단일로,승용차,보행자
2014.4.11 19:00,야간,금,1,0,0,차대사람,보도통행중,보도통행중,단일로,기타단일로,승용차,보행자
2014.4.11 18:00,야간,금,1,0,0,차량단독,공작물충돌,공작물충돌,단일로,기타단일로,화물차,0
2014.4.11 19:00,야간,금,1,0,0,차대사람,횡단중,횡단중,교차로,교차로내,승용차,보행자
2014.4.11 22:00,야간,금,1,1,0,차대사람,횡단중,횡단중,기타/불명,기타/불명,승합차,보행자
2014.4.8 4:00,야간,화,1,0,0,차대사람,기타,기타,단일로,횡단보도부근,승용차,보행자
2014.4.16 15:00,주간,수,1,0,0,차량단독,도로이탈,도로이탈 추락,기타/불명,기타/불명,원동기장치자전거,0
2014.4.16 13:00,주간,수,1,0,0,차대차,추돌,진행중 추돌,단일로,교량위,이륜차,승용차
2014.4.17 17:00,주간,목,1,0,0,차대사람,보도통행중,보도통행중,단일로,횡단보도상,화물차,보행자
2014.4.18 8:00,주간,금,1,1,0,차대차,정면충돌,정면충돌,단일로,기타단일로,화물차,화물차
2014.4.17 6:00,주간,목,1,0,0,차량단독,도로이탈,도로이탈 추락,단일로,기타단일로,승합차,0
2014.4.16 13:00,주간,수,1,0,1,차대차,기타,기타,교차로,교차로내,이륜차,화물차
2014.4.16 12:00,주간,수,1,0,0,차대사람,기타,기타,교차로,교차로내,화물차,보행자
2014.4.12 17:00,주간,토,1,0,5,차대차,추돌,진행중 추돌,교차로,교차로부근,승용차,승용차
2014.4.13 18:00,야간,일,1,0,0,차대사람,기타,기타,단일로,기타단일로,화물차,보행자
2014.4.22 14:00,주간,화,1,0,0,차대사람,횡단중,횡단중,교차로,교차로부근,승용차,보행자
2014.4.23 5:00,야간,수,1,1,0,차대차,정면충돌,정면충돌,단일로,기타단일로,승용차,승용차
2014.4.24 14:00,주간,목,1,0,0,차량단독,전도전복,전도전복,단일로,기타단일로,이륜차,0
2014.4.23 20:00,야간,수,1,0,0,차대차,기타,기타,단일로,기타단일로,화물차,자전거
2014.4.24 4:00,야간,목,1,0,0,차대차,측면직각충돌,측면직각충돌,교차로,교차로내,승용차,원동기장치자전거
2014.4.24 8:00,주간,목,1,0,0,차대차,기타,기타,교차로,교차로내,화물차,자전거
2014.4.25 22:00,야간,금,1,0,0,차대사람,횡단중,횡단중,단일로,횡단보도상,승용차,보행자
2014.4.20 7:00,주간,일,1,1,1,차대차,추돌,진행중 추돌,기타/불명,기타/불명,승용차,승용차
2014.4.20 4:00,야간,일,1,2,0,차대사람,횡단중,횡단중,단일로,횡단보도상,승용차,보행자
2014.4.20 2:00,야간,일,1,0,0,차량단독,공작물충돌,공작물충돌,교차로,교차로내,원동기장치자전거,0
2014.4.28 22:00,야간,월,1,0,7,차대차,기타,기타,단일로,기타단일로,화물차,승합차
2013.2.24 17:00,주간,일,1,2,0,차대차,정면충돌,정면충돌,교차로,교차로내,화물차,승용차
2014.5.4 4:00,야간,일,1,0,0,차대사람,기타,기타,단일로,기타단일로,승용차,보행자
2014.5.11 22:00,야간,일,1,0,0,차대사람,횡단중,횡단중,기타/불명,기타/불명,원동기장치자전거,보행자
2014.5.11 12:00,주간,일,1,0,0,차량단독,도로이탈,도로이탈 추락,단일로,기타단일로,농기계,0
2014.5.13 14:00,주간,화,1,0,0,차량단독,기타,기타,교차로,교차로부근,농기계,0
2014.5.13 7:00,주간,화,1,0,0,차량단독,공작물충돌,공작물충돌,단일로,기타단일로,이륜차,0
2014.5.14 11:00,주간,수,1,0,1,차대차,추돌,주정차중 추돌,단일로,기타단일로,승용차,농기계
2014.3.18 16:00,주간,화,1,0,0,차대차,측면직각충돌,측면직각충돌,단일로,횡단보도상,승용차,자전거
2014.3.24 8:00,주간,월,1,0,0,차량단독,공작물충돌,공작물충돌,단일로,기타단일로,승용차,0
2014.4.5 2:00,야간,토,1,0,2,차대차,정면충돌,정면충돌,고가도로위,고가도로위,이륜차,승용차
2014.4.4 21:00,야간,금,1,0,0,차대사람,길가장자리구역통행중,길가장자리구역통행중,단일로,기타단일로,승용차,보행자
2014.4.6 2:00,야간,일,1,0,0,차대사람,기타,기타,단일로,횡단보도부근,승용차,보행자
2014.4.3 0:00,야간,목,2,0,0,차량단독,도로이탈,도로이탈 추락,단일로,교량위,승용차,0
2014.3.30 23:00,야간,일,4,0,0,차량단독,공작물충돌,공작물충돌,단일로,기타단일로,승용차,0
2014.4.2 9:00,주간,수,1,0,0,차량단독,도로이탈,도로이탈 추락,단일로,기타단일로,원동기장치자전거,0
2014.4.9 9:00,주간,수,1,0,0,차대사람,기타,기타,단일로,기타단일로,특수차,보행자
2014.4.5 15:00,주간,토,1,0,0,차량단독,기타,기타,단일로,기타단일로,농기계,0
2014.4.18 11:00,주간,금,1,0,0,차량단독,기타,기타,단일로,기타단일로,이륜차,0
2014.4.14 7:00,주간,월,1,0,0,차대사람,횡단중,횡단중,교차로,교차로부근,승용차,보행자
2014.4.14 18:00,야간,월,1,0,0,차량단독,공작물충돌,공작물충돌,단일로,기타단일로,이륜차,0
2014.4.13 23:00,야간,일,1,0,0,차대차,추돌,주정차중 추돌,단일로,기타단일로,원동기장치자전거,자전거
2014.4.23 23:00,야간,수,1,0,0,차대사람,기타,기타,단일로,기타단일로,승용차,보행자
2014.4.21 20:00,야간,월,1,0,0,차대사람,횡단중,횡단중,단일로,횡단보도상,화물차,보행자
2014.4.22 7:00,주간,화,1,0,0,차량단독,전도전복,전도전복,단일로,기타단일로,원동기장치자전거,0
2014.5.12 8:00,주간,월,1,0,0,차량단독,전도전복,전도전복,단일로,기타단일로,화물차,0
2014.5.13 19:00,야간,화,1,0,0,차대사람,횡단중,횡단중,단일로,기타단일로,화물차,보행자
2014.5.1 16:00,주간,목,1,0,0,차대사람,횡단중,횡단중,단일로,기타단일로,승용차,보행자
2014.4.30 16:00,주간,수,1,0,4,차대차,정면충돌,정면충돌,교차로,교차로부근,승용차,승용차
2014.4.30 14:00,주간,수,1,0,0,차대차,측면직각충돌,측면직각충돌,교차로,교차로내,건설기계,이륜차
2014.4.29 16:00,주간,화,1,0,0,차량단독,기타,기타,기타/불명,기타/불명,자전거,0
2014.4.29 19:00,야간,화,1,0,1,차대차,기타,기타,기타/불명,기타/불명,원동기장치자전거,승용차
2014.5.3 3:00,야간,토,1,0,0,차량단독,기타,기타,단일로,기타단일로,이륜차,0
2014.5.3 14:00,주간,토,1,0,0,차대차,측면직각충돌,측면직각충돌,교차로,교차로내,이륜차,승용차
2014.5.3 13:00,주간,토,1,0,0,차대차,측면직각충돌,측면직각충돌,단일로,기타단일로,화물차,원동기장치자전거
2014.5.3 1:00,야간,토,1,0,0,차대사람,기타,기타,단일로,기타단일로,화물차,보행자
2014.4.18 18:00,야간,금,1,1,0,차대차,추돌,주정차중 추돌,단일로,기타단일로,이륜차,화물차
2014.5.12 12:00,주간,월,1,0,0,차대차,측면직각충돌,측면직각충돌,단일로,기타단일로,이륜차,승용차
2014.5.13 17:00,주간,화,1,0,0,차량단독,도로이탈,도로이탈 추락,단일로,기타단일로,이륜차,0
2014.5.13 16:00,주간,화,1,0,0,차대차,측면직각충돌,측면직각충돌,단일로,기타단일로,자전거,승용차
2014.5.13 13:00,주간,화,1,0,0,차량단독,공작물충돌,공작물충돌,단일로,기타단일로,승용차,0
2014.5.14 14:00,주간,수,1,0,0,차대차,측면직각충돌,측면직각충돌,교차로,교차로내,특수차,자전거
2014.5.12 11:00,주간,월,1,0,0,차량단독,도로이탈,도로이탈 추락,단일로,기타단일로,농기계,0
2014.5.12 15:00,주간,월,1,0,1,차대차,추돌,주정차중 추돌,교차로,교차로부근,특수차,화물차
2014.4.29 8:00,주간,화,1,0,0,차량단독,공작물충돌,공작물충돌,단일로,기타단일로,특수차,0
2014.4.27 8:00,주간,일,1,0,0,차대차,정면충돌,정면충돌,교차로,교차로내,승합차,승용차
2014.3.31 17:00,주간,월,1,0,0,차대차,측면직각충돌,측면직각충돌,단일로,횡단보도상,승용차,원동기장치자전거
2014.3.31 8:00,주간,월,1,0,0,차대차,측면직각충돌,측면직각충돌,단일로,횡단보도상,자전거,승용차
2014.4.12 3:00,야간,토,1,0,0,차대사람,기타,기타,단일로,기타단일로,승용차,보행자
2014.3.25 18:00,야간,화,1,0,0,차대차,정면충돌,정면충돌,단일로,기타단일로,승용차,승용차
2014.3.25 12:00,주간,화,1,1,0,차대차,정면충돌,정면충돌,단일로,기타단일로,승용차,특수차
2014.4.4 16:00,주간,금,1,0,0,차대사람,횡단중,횡단중,단일로,기타단일로,승용차,보행자
2014.4.1 21:00,야간,화,1,0,0,차대사람,기타,기타,기타/불명,기타/불명,승용차,보행자
2014.4.6 18:00,야간,일,1,0,0,차대사람,차도통행중,차도통행중,교차로,교차로내,승합차,보행자