발생년월일시,주야,요일,사망자수,중상자수,경상자수,사고유형_대분류,사고유형_중분류,사고유형,도로형태_대분류,도로형태,당사자종별_1당_대분류,당사자종별_2당_대분류
2014.4.7 7:00,주간,월,1,1,0,차대차,측면직각충돌,측면직각충돌,교차로,교차로내,승합차,이륜차
2014.4.18 7:00,주간,금,1,2,0,차대차,기타,기타,교차로,교차로내,승용차,승합차
2014.4.22 19:00,야간,화,1,0,0,차대사람,기타,기타,단일로,기타단일로,화물차,보행자
2014.5.2 14:00,주간,금,1,0,1,차대사람,횡단중,횡단중,단일로,횡단보도상,이륜차,보행자
2014.5.1 14:00,주간,목,1,0,0,차량단독,공작물충돌,공작물충돌,단일로,기타단일로,승합차,0
2014.4.29 21:00,야간,화,1,0,0,차대사람,길가장자리구역통행중,길가장자리구역통행중,교차로,교차로내,승용차,보행자
2014.5.12 2:00,야간,월,1,0,0,차대사람,기타,기타,기타/불명,기타/불명,승용차,보행자
2014.5.13 12:00,주간,화,1,1,0,차대차,기타,기타,단일로,교량위,화물차,승용차
2014.5.13 7:00,주간,화,1,0,3,차대차,기타,기타,교차로,교차로부근,승용차,원동기장치자전거
2014.5.13 7:00,주간,화,1,1,6,차대차,추돌,주정차중 추돌,단일로,교량위,화물차,화물차
2014.4.29 7:00,주간,화,1,0,0,차대사람,횡단중,횡단중,단일로,횡단보도상,승합차,보행자
2014.4.29 23:00,야간,화,1,0,1,차대차,기타,기타,교차로,교차로내,원동기장치자전거,승용차
2014.4.29 18:00,야간,화,1,0,1,차량단독,공작물충돌,공작물충돌,단일로,기타단일로,승용차,0
2014.4.27 19:00,야간,일,1,0,0,차대사람,횡단중,횡단중,교차로,교차로부근,승용차,보행자
2014.4.26 8:00,주간,토,1,0,0,차량단독,공작물충돌,공작물충돌,단일로,기타단일로,이륜차,0
2014.4.27 0:00,야간,일,1,0,0,차대차,정면충돌,정면충돌,단일로,기타단일로,승용차,승합차
2014.4.26 5:00,야간,토,1,0,0,차대차,추돌,주정차중 추돌,단일로,기타단일로,승용차,농기계
2014.3.30 0:00,야간,일,2,0,0,차대사람,횡단중,횡단중,단일로,기타단일로,승합차,보행자
2013.6.24 20:00,야간,월,1,0,0,차대사람,기타,기타,단일로,횡단보도상,승용차,보행자
2013.6.25 1:00,야간,화,1,1,0,차대차,측면직각충돌,측면직각충돌,교차로,교차로내,승용차,승용차
2014.5.31 14:00,주간,토,1,2,0,차량단독,전도전복,전도전복,단일로,기타단일로,승용차,0
2014.6.13 17:00,주간,금,2,2,1,차대차,정면충돌,정면충돌,단일로,기타단일로,승용차,승용차
2014.7.11 8:00,주간,금,1,0,1,차량단독,공작물충돌,공작물충돌,단일로,횡단보도부근,화물차,0
2014.7.3 9:00,주간,목,1,0,0,차대차,추돌,주정차중 추돌,단일로,기타단일로,이륜차,화물차
2014.2.25 23:00,야간,화,1,0,0,차대사람,횡단중,횡단중,단일로,기타단일로,승합차,보행자
2014.4.16 5:00,야간,수,1,2,0,차대차,추돌,진행중 추돌,지하도로내,지하도로내,승용차,승용차
2014.8.17 7:00,주간,일,2,6,1,차량단독,전도전복,전도전복,단일로,기타단일로,승합차,0
2014.9.17 22:00,야간,수,1,0,0,차량단독,도로이탈,도로이탈 기타,단일로,기타단일로,승용차,0
2014.1.29 21:00,야간,수,1,0,1,차대차,측면직각충돌,측면직각충돌,교차로,교차로내,승용차,원동기장치자전거
2014.1.27 6:00,주간,월,1,0,0,차대사람,횡단중,횡단중,교차로,교차로부근,승용차,보행자
2014.1.27 13:00,주간,월,1,0,0,차대차,기타,기타,단일로,기타단일로,화물차,승용차
2014.5.9 23:00,야간,금,1,0,0,차대차,기타,기타,교차로,교차로내,이륜차,승용차
2014.7.25 14:00,주간,금,1,0,0,차량단독,전도전복,전도전복,단일로,기타단일로,화물차,0
2014.7.6 18:00,야간,일,1,0,1,차량단독,도로이탈,도로이탈 기타,단일로,기타단일로,이륜차,0
2013.6.2 7:00,주간,일,1,0,0,차대차,측면직각충돌,측면직각충돌,교차로,교차로내,자전거,승용차
2013.6.9 10:00,주간,일,1,0,0,차량단독,기타,기타,단일로,기타단일로,자전거,0
2013.6.8 8:00,주간,토,1,0,0,차대차,추돌,진행중 추돌,단일로,기타단일로,승합차,이륜차
2013.6.11 17:00,주간,화,2,0,1,차대차,정면충돌,정면충돌,단일로,기타단일로,화물차,승합차
2013.6.11 19:00,야간,화,1,0,0,차대사람,횡단중,횡단중,교차로,교차로부근,화물차,보행자
2013.6.12 10:00,주간,수,1,0,0,차대차,측면직각충돌,측면직각충돌,단일로,기타단일로,승용차,농기계
2013.6.18 5:00,야간,화,1,0,0,차량단독,공작물충돌,공작물충돌,교차로,교차로내,이륜차,0
2013.6.18 8:00,주간,화,1,0,0,차대차,측면직각충돌,측면직각충돌,단일로,기타단일로,승용차,이륜차
2013.6.15 5:00,야간,토,1,0,0,차량단독,기타,기타,단일로,기타단일로,승용차,0
2013.6.16 12:00,주간,일,1,0,0,차대사람,기타,기타,단일로,기타단일로,승용차,보행자
2013.6.16 1:00,야간,일,1,0,0,차대차,추돌,진행중 추돌,단일로,기타단일로,승용차,자전거
2013.6.16 6:00,주간,일,1,0,0,차대사람,횡단중,횡단중,단일로,기타단일로,승용차,보행자
2013.6.15 7:00,주간,토,1,1,0,차대차,정면충돌,정면충돌,단일로,기타단일로,승용차,특수차
2013.6.14 21:00,야간,금,1,0,0,차대사람,기타,기타,교차로,교차로내,승용차,보행자
2013.6.21 3:00,야간,금,3,1,0,차량단독,기타,기타,교차로,교차로내,승용차,0
2013.6.21 22:00,야간,금,1,0,0,건널목,기타,기타,건널목,건널목,이륜차,열차
2013.6.20 9:00,주간,목,1,2,0,차대차,기타,기타,단일로,기타단일로,승용차,승합차
2013.6.18 14:00,주간,화,1,0,0,차대사람,횡단중,횡단중,단일로,기타단일로,승용차,보행자
2014.4.30 14:00,주간,수,1,2,2,차대사람,보도통행중,보도통행중,단일로,기타단일로,승용차,보행자
2014.3.17 22:00,야간,월,1,0,1,차대차,기타,기타,교차로,교차로부근,승용차,승용차
2014.3.28 13:00,주간,금,1,0,0,차대차,기타,기타,교차로,교차로내,화물차,화물차
2014.4.4 14:00,주간,금,1,0,0,차대사람,횡단중,횡단중,단일로,횡단보도상,승합차,보행자
2014.4.11 10:00,주간,금,1,0,3,차량단독,전도전복,전도전복,단일로,기타단일로,승용차,0
2014.4.11 13:00,주간,금,1,0,0,차대차,기타,기타,교차로,교차로부근,자전거,승용차
2014.4.12 10:00,주간,토,1,0,0,차대사람,기타,기타,단일로,기타단일로,승용차,보행자
2014.4.5 19:00,야간,토,1,0,0,차대사람,기타,기타,단일로,기타단일로,승용차,보행자
2014.4.28 22:00,야간,월,1,0,0,차대사람,횡단중,횡단중,단일로,기타단일로,승용차,보행자
2014.3.27 23:00,야간,목,1,0,0,차대사람,차도통행중,차도통행중,단일로,기타단일로,화물차,보행자
2014.3.24 22:00,야간,월,1,0,0,차량단독,공작물충돌,공작물충돌,교차로,교차로부근,원동기장치자전거,0
2014.3.25 5:00,야간,화,1,0,0,차대사람,길가장자리구역통행중,길가장자리구역통행중,단일로,기타단일로,승합차,보행자
2014.4.3 19:00,야간,목,1,0,0,차량단독,공작물충돌,공작물충돌,단일로,기타단일로,화물차,0
2014.3.31 18:00,야간,월,1,0,0,차대차,측면직각충돌,측면직각충돌,단일로,기타단일로,원동기장치자전거,자전거
2014.4.10 8:00,주간,목,1,0,0,차대사람,기타,기타,단일로,기타단일로,화물차,보행자
2014.4.9 18:00,야간,수,1,0,0,차량단독,공작물충돌,공작물충돌,단일로,기타단일로,승용차,0
2014.4.19 22:00,야간,토,1,0,0,차대사람,횡단중,횡단중,교차로,교차로내,승용차,보행자
2014.4.19 7:00,주간,토,1,2,0,차대차,기타,기타,교차로,교차로내,승합차,승용차
2014.5.11 7:00,주간,일,1,0,0,차대차,정면충돌,정면충돌,단일로,기타단일로,승용차,원동기장치자전거
2014.5.11 22:00,야간,일,1,0,0,차대사람,횡단중,횡단중,단일로,횡단보도상,승합차,보행자
2014.4.29 5:00,야간,화,1,0,0,차대사람,기타,기타,단일로,기타단일로,승용차,보행자
2013.6.14 16:00,주간,금,1,0,0,차대사람,횡단중,횡단중,단일로,기타단일로,승용차,보행자
2013.7.5 4:00,야간,금,1,0,1,차대사람,횡단중,횡단중,단일로,횡단보도상,승용차,보행자
2013.7.4 23:00,야간,목,1,0,0,차대사람,차도통행중,차도통행중,단일로,기타단일로,승용차,보행자
2013.7.12 10:00,주간,금,1,0,0,차대차,기타,기타,단일로,기타단일로,화물차,농기계
2013.6.27 18:00,야간,목,1,0,0,차량단독,전도전복,전도전복,단일로,기타단일로,자전거,0
2013.6.28 23:00,야간,금,1,0,0,차대사람,횡단중,횡단중,단일로,기타단일로,승용차,보행자
2013.6.28 4:00,야간,금,1,0,0,차대사람,기타,기타,단일로,기타단일로,화물차,보행자
2013.6.28 7:00,주간,금,1,1,0,차대사람,기타,기타,교차로,교차로부근,승용차,보행자
2013.6.27 17:00,주간,목,1,2,0,차량단독,공작물충돌,공작물충돌,단일로,기타단일로,화물차,0
2013.6.26 2:00,야간,수,1,0,2,차대차,정면충돌,정면충돌,교차로,교차로부근,승용차,승용차
2013.6.24 6:00,주간,월,1,0,1,차대차,측면직각충돌,측면직각충돌,교차로,교차로내,원동기장치자전거,승용차
2013.6.23 22:00,야간,일,1,0,0,차대사람,길가장자리구역통행중,길가장자리구역통행중,단일로,기타단일로,승용차,보행자
2013.5.26 23:00,야간,일,1,0,0,차대차,기타,기타,교차로,교차로내,승용차,원동기장치자전거
2013.5.26 4:00,야간,일,1,0,0,차대사람,횡단중,횡단중,단일로,기타단일로,승용차,보행자
2013.5.25 6:00,주간,토,1,0,0,차대사람,횡단중,횡단중,단일로,횡단보도상,화물차,보행자
2013.5.30 23:00,야간,목,1,0,0,차대사람,횡단중,횡단중,단일로,기타단일로,승용차,보행자
2013.5.31 18:00,야간,금,2,0,0,차량단독,도로이탈,도로이탈 추락,단일로,기타단일로,승용차,0
2013.5.31 10:00,주간,금,1,0,0,차대사람,횡단중,횡단중,단일로,횡단보도상,승합차,보행자
2013.5.27 22:00,야간,월,1,0,0,차대사람,횡단중,횡단중,교차로,교차로내,승합차,보행자
2013.6.7 3:00,야간,금,1,1,1,차대차,추돌,진행중 추돌,단일로,교량위,승용차,이륜차
2013.6.8 1:00,야간,토,1,0,0,차대사람,기타,기타,단일로,기타단일로,승용차,보행자
2013.6.8 5:00,야간,토,1,0,0,차대차,추돌,진행중 추돌,단일로,기타단일로,승용차,원동기장치자전거
2013.6.10 16:00,주간,월,1,0,0,차대차,측면직각충돌,측면직각충돌,교차로,교차로내,건설기계,승용차
2013.6.10 11:00,주간,월,1,1,0,차대차,추돌,진행중 추돌,교차로,교차로내,화물차,화물차
2013.6.10 20:00,야간,월,1,0,0,차대사람,횡단중,횡단중,단일로,기타단일로,승용차,보행자
2013.6.7 22:00,야간,금,1,0,0,차대사람,차도통행중,차도통행중,단일로,기타단일로,승용차,보행자
2013.6.11 20:00,야간,화,1,0,0,차대사람,기타,기타,단일로,기타단일로,승용차,보행자
2013.6.13 20:00,야간,목,1,0,0,차대사람,횡단중,횡단중,단일로,횡단보도부근,승용차,보행자
2013.6.15 0:00,야간,토,1,0,0,차대사람,횡단중,횡단중,단일로,횡단보도상,승용차,보행자
2013.6.24 14:00,주간,월,1,0,0,차대차,기타,기타,단일로,기타단일로,화물차,이륜차
2013.7.2 12:00,주간,화,1,1,3,차대차,측면직각충돌,측면직각충돌,교차로,교차로내,이륜차,승합차
2013.7.2 5:00,야간,화,2,1,1,차량단독,도로이탈,도로이탈 추락,교차로,교차로부근,승용차,0
2013.7.3 10:00,주간,수,1,0,0,차대사람,기타,기타,교차로,교차로부근,건설기계,보행자
2013.7.3 23:00,야간,수,1,0,0,차대차,추돌,주정차중 추돌,단일로,기타단일로,화물차,화물차
2013.7.3 22:00,야간,수,1,0,0,차대차,측면직각충돌,측면직각충돌,단일로,기타단일로,승용차,자전거
2013.7.2 4:00,야간,화,1,0,0,차대사람,기타,기타,단일로,기타단일로,승용차,보행자
2013.7.3 10:00,주간,수,1,0,0,차대사람,기타,기타,교차로,교차로부근,승용차,보행자
2013.6.28 17:00,주간,금,1,3,0,차대차,측면직각충돌,측면직각충돌,교차로,교차로내,화물차,화물차
2013.6.28 21:00,야간,금,1,1,0,차대차,추돌,진행중 추돌,단일로,기타단일로,승용차,승용차
2013.6.30 17:00,주간,일,1,0,0,차대사람,기타,기타,기타/불명,기타/불명,화물차,보행자
2013.6.29 0:00,야간,토,1,0,0,차대사람,차도통행중,차도통행중,교차로,교차로부근,화물차,보행자
2013.6.30 13:00,주간,일,1,0,0,차대차,측면직각충돌,측면직각충돌,교차로,교차로내,원동기장치자전거,화물차
2013.7.8 3:00,야간,월,1,0,1,차량단독,공작물충돌,공작물충돌,단일로,기타단일로,승용차,0
2013.7.6 19:00,야간,토,1,0,0,차대차,기타,기타,단일로,기타단일로,화물차,농기계
2013.7.6 16:00,주간,토,1,1,0,차량단독,도로이탈,도로이탈 추락,단일로,기타단일로,승용차,0
2013.7.7 18:00,야간,일,1,0,0,차량단독,공작물충돌,공작물충돌,단일로,기타단일로,원동기장치자전거,0
2013.7.7 19:00,야간,일,1,0,0,차대사람,기타,기타,단일로,기타단일로,화물차,보행자
2013.7.5 22:00,야간,금,1,0,0,차량단독,전도전복,전도전복,단일로,기타단일로,승용차,0
2013.7.3 17:00,주간,수,1,1,0,차대차,측면직각충돌,측면직각충돌,교차로,교차로내,승용차,승용차
2013.5.20 11:00,주간,월,1,0,0,차대차,기타,기타,교차로,교차로부근,원동기장치자전거,화물차
2013.5.20 12:00,주간,월,1,0,0,차대차,기타,기타,단일로,기타단일로,화물차,승용차
2012.10.21 21:00,야간,일,1,0,2,차대차,추돌,주정차중 추돌,단일로,기타단일로,화물차,화물차
2012.10.8 19:00,야간,월,1,0,0,차대사람,기타,기타,교차로,교차로부근,승합차,보행자
2012.10.9 13:00,주간,화,1,0,0,차대차,측면직각충돌,측면직각충돌,교차로,교차로내,이륜차,승합차
2012.10.19 18:00,야간,금,1,0,0,차대사람,차도통행중,차도통행중,단일로,기타단일로,승용차,보행자
2012.10.19 20:00,야간,금,1,0,0,차대사람,길가장자리구역통행중,길가장자리구역통행중,단일로,기타단일로,승용차,보행자
2012.10.2 23:00,야간,화,1,0,0,차대사람,횡단중,횡단중,단일로,횡단보도상,승용차,보행자
2012.7.24 17:00,주간,화,1,0,0,차대차,측면직각충돌,측면직각충돌,교차로,교차로내,자전거,화물차
2012.7.23 18:00,야간,월,1,0,0,차대사람,기타,기타,단일로,기타단일로,자전거,보행자
2012.8.2 19:00,야간,목,1,2,0,차대차,추돌,진행중 추돌,단일로,교량위,승용차,농기계
2012.6.12 10:00,주간,화,1,0,0,차대차,정면충돌,정면충돌,단일로,기타단일로,자전거,승용차
2012.6.24 20:00,야간,일,1,0,0,차대차,정면충돌,정면충돌,단일로,기타단일로,이륜차,승용차
2012.7.4 6:00,주간,수,1,0,0,차량단독,전도전복,전도전복,단일로,기타단일로,원동기장치자전거,0
2013.1.14 23:00,야간,월,1,0,0,차대사람,횡단중,횡단중,단일로,기타단일로,승용차,보행자
2013.1.21 7:00,주간,월,1,0,0,차대사람,기타,기타,단일로,기타단일로,승용차,보행자
2013.1.22 18:00,야간,화,1,0,0,차대사람,횡단중,횡단중,교차로,교차로내,승용차,보행자
2013.9.11 17:00,주간,수,1,0,0,차대차,정면충돌,정면충돌,단일로,기타단일로,이륜차,화물차
2013.9.8 19:00,야간,일,1,0,0,차대차,추돌,진행중 추돌,단일로,기타단일로,승용차,건설기계
2013.6.20 9:00,주간,목,1,0,0,차대사람,기타,기타,교차로,교차로부근,승용차,보행자
2013.6.27 9:00,주간,목,1,1,1,차대차,측면직각충돌,측면직각충돌,단일로,기타단일로,승용차,승용차
2013.6.27 13:00,주간,목,1,0,0,차량단독,전도전복,전도전복,단일로,기타단일로,승용차,0
2013.6.26 9:00,주간,수,2,1,22,차대차,측면직각충돌,측면직각충돌,교차로,교차로내,승합차,승합차
2013.6.25 14:00,주간,화,1,0,0,차대차,정면충돌,정면충돌,단일로,기타단일로,이륜차,화물차
2013.6.24 0:00,야간,월,1,0,0,차대사람,횡단중,횡단중,단일로,기타단일로,승용차,보행자
2013.6.25 12:00,주간,화,1,1,1,차대사람,횡단중,횡단중,단일로,횡단보도상,승합차,보행자
2013.5.20 21:00,야간,월,1,2,0,차대차,기타,기타,단일로,기타단일로,승용차,화물차
2013.5.27 22:00,야간,월,1,0,0,차량단독,도로이탈,도로이탈 추락,교차로,교차로부근,승용차,0
2013.5.23 9:00,주간,목,1,0,0,차대사람,기타,기타,단일로,기타단일로,승용차,보행자
2013.5.30 3:00,야간,목,1,0,0,차대사람,횡단중,횡단중,단일로,기타단일로,승용차,보행자
2013.6.6 12:00,주간,목,1,0,3,차대차,추돌,주정차중 추돌,기타/불명,기타/불명,화물차,승용차
2013.6.6 2:00,야간,목,1,0,0,차량단독,공작물충돌,공작물충돌,단일로,기타단일로,승용차,0
2013.6.3 8:00,주간,월,1,0,0,차대차,측면직각충돌,측면직각충돌,단일로,기타단일로,원동기장치자전거,화물차
2013.6.5 17:00,주간,수,1,0,0,차대사람,기타,기타,단일로,기타단일로,승용차,보행자
2013.6.3 20:00,야간,월,1,3,1,차대차,기타,기타,기타/불명,기타/불명,승용차,승용차
2013.6.3 15:00,주간,월,1,1,0,차량단독,도로이탈,도로이탈 기타,교차로,교차로부근,이륜차,0
2013.6.9 20:00,야간,일,1,1,3,차대차,추돌,주정차중 추돌,교차로,교차로부근,승용차,승용차
2013.6.10 4:00,야간,월,1,0,0,차대사람,횡단중,횡단중,단일로,횡단보도상,화물차,보행자
2013.6.8 12:00,주간,토,1,0,0,차대차,측면직각충돌,측면직각충돌,교차로,교차로내,화물차,자전거
2013.6.10 1:00,야간,월,1,0,0,차량단독,전도전복,전도전복,단일로,기타단일로,화물차,0
2013.6.12 17:00,주간,수,1,1,0,차대차,추돌,진행중 추돌,단일로,기타단일로,원동기장치자전거,승합차
2013.6.13 2:00,야간,목,1,0,0,차대차,추돌,주정차중 추돌,단일로,기타단일로,승용차,화물차
2013.6.12 20:00,야간,수,1,0,0,차대사람,기타,기타,교차로,교차로부근,화물차,보행자
2012.6.15 21:00,야간,금,1,0,0,차대차,추돌,진행중 추돌,단일로,기타단일로,승용차,농기계
2012.6.14 20:00,야간,목,1,0,0,차대사람,횡단중,횡단중,단일로,기타단일로,승용차,보행자
2012.3.19 6:00,주간,월,1,0,0,차대사람,기타,기타,교차로,교차로내,승합차,보행자
2012.12.3 21:00,야간,월,1,0,2,차대차,추돌,주정차중 추돌,단일로,기타단일로,승용차,승용차
2012.12.5 7:00,주간,수,1,1,0,차량단독,공작물충돌,공작물충돌,단일로,기타단일로,화물차,0
2012.11.18 21:00,야간,일,1,0,1,차대사람,기타,기타,단일로,기타단일로,승용차,보행자
2012.10.29 19:00,야간,월,1,0,0,차대차,추돌,주정차중 추돌,단일로,기타단일로,승용차,건설기계
2012.10.31 11:00,주간,수,1,0,0,차량단독,도로이탈,도로이탈 기타,단일로,기타단일로,이륜차,0
2012.11.1 9:00,주간,목,1,0,0,차량단독,전도전복,전도전복,단일로,기타단일로,이륜차,0
2012.9.3 1:00,야간,월,1,2,0,차대차,정면충돌,정면충돌,단일로,기타단일로,승용차,승용차
2012.9.15 21:00,야간,토,1,0,0,차량단독,공작물충돌,공작물충돌,교차로,교차로내,승용차,0
2012.9.26 11:00,주간,수,1,0,0,차대사람,횡단중,횡단중,단일로,기타단일로,화물차,보행자
2012.11.24 12:00,주간,토,1,0,0,차대사람,횡단중,횡단중,단일로,기타단일로,화물차,보행자
2014.10.26 19:00,야간,일,1,0,0,차대사람,기타,기타,단일로,기타단일로,승용차,보행자
2014.10.26 22:00,야간,일,1,0,0,차대차,추돌,진행중 추돌,단일로,기타단일로,승용차,농기계
2014.10.27 0:00,야간,월,1,0,0,차대차,기타,기타,단일로,기타단일로,승용차,승용차
2014.10.26 18:00,야간,일,1,0,0,차대차,추돌,진행중 추돌,단일로,기타단일로,원동기장치자전거,농기계
2014.10.24 11:00,주간,금,1,0,0,차량단독,공작물충돌,공작물충돌,교차로,교차로내,승용차,0
2014.10.31 20:00,야간,금,1,0,0,차량단독,도로이탈,도로이탈 추락,기타/불명,기타/불명,승용차,0
2014.10.31 10:00,주간,금,1,1,0,차대사람,기타,기타,단일로,기타단일로,화물차,보행자
2014.10.30 17:00,주간,목,1,0,1,차대차,기타,기타,교차로,교차로내,승용차,화물차
2014.10.29 12:00,주간,수,1,0,0,차대사람,횡단중,횡단중,교차로,교차로부근,화물차,보행자
2014.10.30 19:00,야간,목,1,1,0,차대사람,횡단중,횡단중,교차로,교차로내,승용차,보행자
2014.10.28 1:00,야간,화,1,0,0,차량단독,공작물충돌,공작물충돌,교차로,교차로부근,승용차,0
2014.10.28 16:00,주간,화,1,0,0,차대차,측면직각충돌,측면직각충돌,교차로,교차로내,화물차,원동기장치자전거
2014.11.18 20:00,야간,화,1,0,0,차량단독,전도전복,전도전복,단일로,기타단일로,승용차,0
2014.11.18 19:00,야간,화,1,0,0,차대사람,횡단중,횡단중,단일로,기타단일로,승용차,보행자
2014.11.19 6:00,주간,수,1,0,0,차대사람,횡단중,횡단중,단일로,기타단일로,화물차,보행자
2014.11.19 21:00,야간,수,1,0,0,차대사람,기타,기타,교차로,교차로내,승용차,보행자
2014.11.19 21:00,야간,수,1,0,0,차대사람,기타,기타,단일로,기타단일로,승용차,보행자
2014.10.7 19:00,야간,화,1,0,0,차대사람,횡단중,횡단중,단일로,기타단일로,승용차,보행자
2014.10.9 21:00,야간,목,1,0,3,차대차,정면충돌,정면충돌,단일로,기타단일로,원동기장치자전거,승용차
2014.10.10 7:00,주간,금,1,0,0,차량단독,전도전복,전도전복,교차로,교차로내,농기계,0
2014.10.7 2:00,야간,화,1,0,0,차량단독,공작물충돌,공작물충돌,단일로,기타단일로,승용차,0
2014.10.16 1:00,야간,목,1,0,0,차량단독,공작물충돌,공작물충돌,단일로,기타단일로,이륜차,0
2014.10.13 16:00,주간,월,1,0,2,차량단독,도로이탈,도로이탈 추락,단일로,기타단일로,농기계,0
2014.10.16 13:00,주간,목,1,1,0,차대차,추돌,주정차중 추돌,단일로,기타단일로,화물차,화물차
2014.10.15 12:00,주간,수,1,0,0,차량단독,전도전복,전도전복,지하도로내,지하도로내,원동기장치자전거,0
2014.10.11 20:00,야간,토,1,3,6,차대차,측면직각충돌,측면직각충돌,교차로,교차로내,승합차,화물차
2014.10.13 18:00,야간,월,1,0,0,차대사람,기타,기타,단일로,기타단일로,승용차,보행자
2014.10.21 20:00,야간,화,1,0,0,차대사람,보도통행중,보도통행중,단일로,횡단보도상,승합차,보행자
2014.10.20 6:00,주간,월,1,0,0,차대사람,횡단중,횡단중,단일로,기타단일로,화물차,보행자
2014.10.17 6:00,주간,금,1,0,0,차대사람,기타,기타,단일로,기타단일로,승용차,보행자
2014.10.26 18:00,야간,일,1,0,0,차대차,추돌,진행중 추돌,단일로,기타단일로,화물차,농기계
2014.10.26 20:00,야간,일,1,0,0,차대사람,횡단중,횡단중,단일로,기타단일로,승용차,보행자
2014.10.25 5:00,야간,토,1,0,0,차대사람,횡단중,횡단중,단일로,횡단보도상,승용차,보행자
2014.10.25 13:00,주간,토,1,0,1,차대차,추돌,진행중 추돌,단일로,기타단일로,승용차,건설기계
2014.10.22 12:00,주간,수,3,1,0,차대차,기타,기타,단일로,기타단일로,승용차,승용차
2014.10.24 12:00,주간,금,1,1,1,차대차,측면직각충돌,측면직각충돌,교차로,교차로내,이륜차,승합차
2014.10.23 23:00,야간,목,1,0,0,차대사람,기타,기타,단일로,교량위,화물차,보행자
2013.6.20 21:00,야간,목,1,0,0,차대사람,길가장자리구역통행중,길가장자리구역통행중,단일로,기타단일로,승용차,보행자
2013.6.21 2:00,야간,금,1,0,0,차량단독,전도전복,전도전복,교차로,교차로내,승용차,0
2013.7.5 17:00,주간,금,1,0,0,차대차,기타,기타,교차로,교차로내,화물차,자전거
2013.7.5 17:00,주간,금,1,0,0,차대차,측면직각충돌,측면직각충돌,단일로,기타단일로,원동기장치자전거,승용차
2013.7.12 18:00,야간,금,1,0,0,차량단독,기타,기타,교차로,교차로부근,이륜차,0
2013.7.12 10:00,주간,금,1,0,0,차대차,측면직각충돌,측면직각충돌,교차로,교차로내,건설기계,이륜차
2013.6.26 9:00,주간,수,1,0,0,차량단독,기타,기타,고가도로위,고가도로위,이륜차,0
2013.6.25 10:00,주간,화,1,0,0,차대차,기타,기타,단일로,기타단일로,승용차,원동기장치자전거
2013.6.24 20:00,야간,월,1,1,0,차대사람,횡단중,횡단중,교차로,교차로내,원동기장치자전거,보행자
2013.6.25 11:00,주간,화,1,1,0,차대차,추돌,진행중 추돌,단일로,기타단일로,화물차,특수차
2013.6.24 15:00,주간,월,1,1,0,차대차,정면충돌,정면충돌,단일로,기타단일로,화물차,승용차
2013.7.4 3:00,야간,목,1,0,0,차량단독,공작물충돌,공작물충돌,단일로,기타단일로,화물차,0
2013.1.6 14:00,주간,일,1,0,0,차량단독,전도전복,전도전복,기타/불명,기타/불명,농기계,0
2013.2.13 1:00,야간,수,1,0,0,차대사람,보도통행중,보도통행중,단일로,기타단일로,승용차,보행자
2013.2.8 18:00,야간,금,1,1,0,차량단독,전도전복,전도전복,단일로,기타단일로,승용차,0
2013.1.9 19:00,야간,수,1,0,0,차량단독,기타,기타,단일로,기타단일로,원동기장치자전거,0
2013.4.25 14:00,주간,목,1,0,0,차량단독,기타,기타,단일로,기타단일로,승용차,0
2013.7.8 2:00,야간,월,1,3,1,차대차,기타,기타,단일로,기타단일로,화물차,승용차
2013.11.28 10:00,주간,목,1,0,1,차대차,측면직각충돌,측면직각충돌,단일로,교량위,화물차,특수차
2013.3.12 6:00,주간,화,1,0,0,차대사람,기타,기타,단일로,기타단일로,승용차,보행자
2013.7.11 5:00,야간,목,1,0,0,차대사람,기타,기타,단일로,기타단일로,승용차,보행자
2013.8.17 17:00,주간,토,1,0,0,차대차,정면충돌,정면충돌,단일로,기타단일로,이륜차,승용차
2013.10.11 9:00,주간,금,1,1,0,차대차,정면충돌,정면충돌,단일로,기타단일로,화물차,승용차
2013.9.25 16:00,주간,수,1,0,0,차대차,기타,기타,교차로,교차로부근,화물차,자전거
2013.9.27 5:00,야간,금,1,0,0,차대차,기타,기타,단일로,기타단일로,화물차,건설기계
2013.9.26 19:00,야간,목,1,0,0,차대사람,횡단중,횡단중,기타/불명,기타/불명,승용차,보행자
2013.10.3 18:00,야간,목,1,0,0,차대차,정면충돌,정면충돌,단일로,기타단일로,이륜차,승용차
2014.6.26 18:00,야간,목,1,0,0,차량단독,전도전복,전도전복,단일로,기타단일로,이륜차,0
2012.4.4 15:00,주간,수,1,1,2,차대차,측면직각충돌,측면직각충돌,단일로,터널안,화물차,승합차
2012.4.3 12:00,주간,화,1,1,1,차대차,추돌,진행중 추돌,단일로,기타단일로,화물차,화물차
2012.6.18 20:00,야간,월,1,0,0,차대차,추돌,진행중 추돌,단일로,기타단일로,승용차,화물차
2012.9.29 8:00,주간,토,1,0,6,차대차,추돌,진행중 추돌,단일로,기타단일로,화물차,승용차
2012.9.26 15:00,주간,수,1,0,0,차대사람,기타,기타,단일로,기타단일로,화물차,보행자
2012.5.15 20:00,야간,화,1,0,0,차대사람,횡단중,횡단중,단일로,기타단일로,승용차,보행자
2012.4.17 7:00,주간,화,1,0,0,차대사람,기타,기타,단일로,기타단일로,승용차,보행자
2012.3.17 1:00,야간,토,1,0,0,차대사람,횡단중,횡단중,단일로,기타단일로,승용차,보행자