발생년월일시,주야,요일,사망자수,중상자수,경상자수,사고유형_대분류,사고유형_중분류,사고유형,도로형태_대분류,도로형태,당사자종별_1당_대분류,당사자종별_2당_대분류
2014.3.25 11:00,주간,화,1,0,0,차대사람,기타,기타,기타/불명,기타/불명,승용차,보행자
2014.4.6 8:00,주간,일,1,4,0,차대차,측면직각충돌,측면직각충돌,단일로,기타단일로,승용차,승용차
2014.4.2 10:00,주간,수,1,0,0,차대사람,기타,기타,단일로,기타단일로,화물차,보행자
2014.4.2 10:00,주간,수,1,1,2,차대사람,길가장자리구역통행중,길가장자리구역통행중,단일로,기타단일로,승용차,보행자
2014.4.29 10:00,주간,화,1,0,0,차대차,기타,기타,교차로,교차로내,승합차,이륜차
2014.4.25 19:00,야간,금,1,1,2,차대사람,보도통행중,보도통행중,단일로,기타단일로,승용차,보행자
2014.4.27 2:00,야간,일,1,0,0,차량단독,공작물충돌,공작물충돌,단일로,기타단일로,원동기장치자전거,0
2014.4.27 12:00,주간,일,1,1,0,차대차,정면충돌,정면충돌,단일로,기타단일로,화물차,승용차
2014.4.26 3:00,야간,토,1,0,0,차대차,기타,기타,교차로,교차로내,승용차,원동기장치자전거
2014.4.27 22:00,야간,일,1,1,0,차대차,기타,기타,교차로,교차로내,승용차,승용차
2014.4.28 5:00,야간,월,1,0,0,차대차,기타,기타,교차로,교차로내,승용차,이륜차
2013.10.28 3:00,야간,월,2,0,0,차량단독,기타,기타,단일로,기타단일로,승용차,0
2014.2.19 20:00,야간,수,1,0,0,차량단독,기타,기타,교차로,교차로내,승용차,0
2014.10.6 12:00,주간,월,1,0,0,차량단독,기타,기타,단일로,기타단일로,농기계,0
2014.10.14 18:00,야간,화,1,0,0,차대사람,횡단중,횡단중,교차로,교차로내,화물차,보행자
2014.8.17 0:00,야간,일,1,0,0,차대차,측면직각충돌,측면직각충돌,단일로,횡단보도부근,이륜차,승용차
2014.8.24 10:00,주간,일,1,1,0,차대차,정면충돌,정면충돌,단일로,기타단일로,화물차,화물차
2014.10.1 2:00,야간,수,1,0,0,차대차,추돌,주정차중 추돌,단일로,기타단일로,승용차,특수차
2014.9.30 22:00,야간,화,1,0,3,차대차,기타,기타,단일로,기타단일로,화물차,승용차
2014.1.9 5:00,야간,목,1,0,0,차대사람,횡단중,횡단중,단일로,기타단일로,승합차,보행자
2014.1.8 17:00,주간,수,1,0,0,차량단독,도로이탈,도로이탈 추락,단일로,기타단일로,화물차,0
2013.6.11 5:00,야간,화,1,2,1,차대차,기타,기타,단일로,기타단일로,승용차,화물차
2013.6.15 8:00,주간,토,1,0,0,차대사람,기타,기타,단일로,횡단보도상,승용차,보행자
2013.6.13 18:00,야간,목,1,0,0,차대차,기타,기타,교차로,교차로내,원동기장치자전거,승용차
2013.6.22 12:00,주간,토,1,0,0,차량단독,도로이탈,도로이탈 기타,단일로,기타단일로,원동기장치자전거,0
2013.6.21 0:00,야간,금,1,1,1,차대차,측면직각충돌,측면직각충돌,교차로,교차로부근,승용차,승합차
2013.6.21 0:00,야간,금,1,0,0,차량단독,전도전복,전도전복,단일로,기타단일로,승용차,0
2013.6.20 22:00,야간,목,1,0,0,차량단독,도로이탈,도로이탈 기타,단일로,기타단일로,화물차,0
2013.6.22 22:00,야간,토,2,0,0,차량단독,공작물충돌,공작물충돌,단일로,기타단일로,승용차,0
2013.6.20 7:00,주간,목,1,0,0,차대사람,보도통행중,보도통행중,단일로,기타단일로,승용차,보행자
2013.6.20 15:00,주간,목,1,0,0,차대차,기타,기타,단일로,기타단일로,농기계,화물차
2013.6.28 4:00,야간,금,1,0,0,차대차,측면직각충돌,측면직각충돌,교차로,교차로내,특수차,화물차
2013.6.23 20:00,야간,일,1,0,0,차대차,추돌,진행중 추돌,단일로,기타단일로,화물차,자전거
2013.6.24 12:00,주간,월,1,0,0,차량단독,전도전복,전도전복,교차로,교차로부근,건설기계,0
2013.6.25 1:00,야간,화,1,0,0,차대사람,횡단중,횡단중,단일로,횡단보도상,불명,보행자
2013.6.25 15:00,주간,화,1,0,0,차대사람,차도통행중,차도통행중,교차로,교차로내,자전거,보행자
2013.6.23 10:00,주간,일,1,0,0,차대사람,횡단중,횡단중,교차로,교차로내,승용차,보행자
2013.6.24 4:00,야간,월,1,0,0,차대차,정면충돌,정면충돌,교차로,교차로부근,이륜차,승합차
2013.6.24 18:00,야간,월,1,0,0,차대차,추돌,진행중 추돌,단일로,기타단일로,승용차,자전거
2013.7.2 20:00,야간,화,1,0,0,차대차,측면직각충돌,측면직각충돌,단일로,기타단일로,화물차,화물차
2013.7.3 15:00,주간,수,1,0,1,차대차,측면직각충돌,측면직각충돌,단일로,기타단일로,화물차,농기계
2013.7.3 15:00,주간,수,1,0,0,차량단독,전도전복,전도전복,기타/불명,기타/불명,농기계,0
2013.5.19 1:00,야간,일,1,2,0,차대차,정면충돌,정면충돌,기타/불명,기타/불명,승용차,승합차
2013.5.19 5:00,야간,일,1,0,0,차량단독,공작물충돌,공작물충돌,교차로,교차로내,승용차,0
2014.12.19 21:00,야간,금,1,0,0,차대사람,기타,기타,교차로,교차로부근,승용차,보행자
2014.12.15 9:00,주간,월,1,0,1,차대차,기타,기타,단일로,기타단일로,승용차,승용차
2014.11.9 23:00,야간,일,1,0,0,차대차,추돌,진행중 추돌,단일로,기타단일로,승용차,화물차
2014.11.10 5:00,야간,월,2,0,0,차량단독,도로이탈,도로이탈 추락,단일로,기타단일로,승용차,0
2014.1.5 17:00,주간,일,1,0,1,차대차,측면직각충돌,측면직각충돌,단일로,기타단일로,화물차,화물차
2014.1.6 6:00,주간,월,1,0,0,차대차,추돌,진행중 추돌,교차로,교차로부근,승용차,승용차
2014.1.9 12:00,주간,목,1,0,0,차대차,기타,기타,교차로,교차로내,화물차,이륜차
2014.1.3 6:00,주간,금,1,0,0,차대차,측면직각충돌,측면직각충돌,단일로,기타단일로,원동기장치자전거,건설기계
2014.1.4 8:00,주간,토,1,1,0,차대차,추돌,주정차중 추돌,단일로,기타단일로,승용차,화물차
2014.1.1 2:00,야간,수,1,0,0,차대사람,기타,기타,교차로,교차로내,승용차,보행자
2014.1.16 19:00,야간,목,1,0,0,차량단독,기타,기타,교차로,교차로내,자전거,0
2014.1.13 8:00,주간,월,2,0,0,차대사람,차도통행중,차도통행중,단일로,기타단일로,화물차,보행자
2014.1.11 18:00,야간,토,1,0,0,차대차,추돌,진행중 추돌,단일로,기타단일로,화물차,건설기계
2014.1.10 18:00,야간,금,1,0,0,차대차,추돌,진행중 추돌,단일로,기타단일로,승용차,농기계
2014.1.21 9:00,주간,화,1,0,0,차대사람,길가장자리구역통행중,길가장자리구역통행중,단일로,기타단일로,승합차,보행자
2014.1.19 6:00,주간,일,1,0,0,차대사람,횡단중,횡단중,단일로,기타단일로,승용차,보행자
2014.1.19 20:00,야간,일,1,0,0,차대사람,기타,기타,단일로,횡단보도부근,승용차,보행자
2014.1.20 5:00,야간,월,1,0,0,차대사람,길가장자리구역통행중,길가장자리구역통행중,단일로,기타단일로,화물차,보행자
2014.1.20 14:00,주간,월,1,0,0,차대차,기타,기타,교차로,교차로내,승용차,원동기장치자전거
2014.1.31 17:00,주간,금,1,0,2,차대차,측면직각충돌,측면직각충돌,교차로,교차로내,화물차,이륜차
2014.1.31 4:00,야간,금,1,0,0,차량단독,기타,기타,단일로,기타단일로,이륜차,0
2014.1.28 17:00,주간,화,1,0,0,차대차,측면직각충돌,측면직각충돌,교차로,교차로부근,특수차,이륜차
2014.1.29 5:00,야간,수,1,0,0,차대차,기타,기타,단일로,기타단일로,승합차,승용차
2014.1.28 22:00,야간,화,1,0,0,차대사람,횡단중,횡단중,단일로,횡단보도상,승용차,보행자
2014.1.28 22:00,야간,화,1,0,0,차대차,기타,기타,교차로,교차로내,이륜차,승합차
2014.4.27 4:00,야간,일,1,0,0,차대사람,기타,기타,단일로,기타단일로,승용차,보행자
2014.4.27 21:00,야간,일,1,0,0,차대사람,횡단중,횡단중,단일로,기타단일로,승용차,보행자
2014.4.26 16:00,주간,토,1,0,0,차대사람,기타,기타,교차로,교차로내,승합차,보행자
2014.4.26 17:00,주간,토,1,0,0,차대차,측면직각충돌,측면직각충돌,교차로,교차로내,승합차,원동기장치자전거
2014.4.26 9:00,주간,토,1,0,0,차량단독,공작물충돌,공작물충돌,단일로,기타단일로,화물차,0
2014.4.27 23:00,야간,일,1,0,0,차량단독,공작물충돌,공작물충돌,단일로,기타단일로,승용차,0
2014.4.26 22:00,야간,토,1,0,0,차대차,기타,기타,단일로,기타단일로,원동기장치자전거,승용차
2014.5.6 19:00,야간,화,1,0,0,차대사람,횡단중,횡단중,교차로,교차로내,승용차,보행자
2014.5.7 12:00,주간,수,1,0,0,차량단독,기타,기타,단일로,기타단일로,승용차,0
2013.5.20 15:00,주간,월,1,3,5,차대차,측면직각충돌,측면직각충돌,교차로,교차로내,승용차,승용차
2013.5.19 17:00,주간,일,1,0,0,차대사람,횡단중,횡단중,단일로,기타단일로,승합차,보행자
2013.5.20 0:00,야간,월,1,0,0,차대사람,횡단중,횡단중,단일로,기타단일로,승용차,보행자
2013.5.26 6:00,주간,일,1,0,1,차대차,측면직각충돌,측면직각충돌,교차로,교차로내,이륜차,승용차
2013.5.27 15:00,주간,월,1,0,0,차대사람,횡단중,횡단중,단일로,횡단보도부근,승용차,보행자
2013.5.26 1:00,야간,일,1,0,1,차대차,정면충돌,정면충돌,단일로,기타단일로,승용차,이륜차
2013.5.25 23:00,야간,토,1,1,0,차대사람,길가장자리구역통행중,길가장자리구역통행중,단일로,기타단일로,승용차,보행자
2013.5.24 22:00,야간,금,2,4,1,차량단독,공작물충돌,공작물충돌,단일로,기타단일로,승용차,0
2013.5.25 10:00,주간,토,1,0,0,차대사람,횡단중,횡단중,교차로,교차로부근,화물차,보행자
2013.5.25 7:00,주간,토,1,0,0,차대차,측면직각충돌,측면직각충돌,단일로,기타단일로,화물차,자전거
2013.5.31 20:00,야간,금,1,0,2,차량단독,공작물충돌,공작물충돌,단일로,기타단일로,화물차,0
2013.5.31 20:00,야간,금,1,0,0,차대사람,횡단중,횡단중,단일로,기타단일로,승용차,보행자
2013.5.31 0:00,야간,금,1,0,0,차대사람,횡단중,횡단중,교차로,교차로부근,승용차,보행자
2013.5.31 14:00,주간,금,1,0,0,차대사람,기타,기타,교차로,교차로내,화물차,보행자
2013.6.1 8:00,주간,토,1,0,0,차대사람,횡단중,횡단중,단일로,횡단보도부근,화물차,보행자
2013.5.28 20:00,야간,화,1,0,0,차대사람,기타,기타,단일로,기타단일로,승합차,보행자
2013.6.5 18:00,야간,수,1,0,0,차량단독,전도전복,전도전복,단일로,기타단일로,농기계,0
2013.6.11 1:00,야간,화,1,0,0,차량단독,공작물충돌,공작물충돌,단일로,기타단일로,이륜차,0
2013.6.20 22:00,야간,목,1,0,0,차대차,추돌,진행중 추돌,단일로,기타단일로,승용차,이륜차
2013.6.21 18:00,야간,금,1,0,0,차대사람,기타,기타,단일로,기타단일로,농기계,보행자
2013.7.4 20:00,야간,목,1,0,0,차대차,정면충돌,정면충돌,단일로,기타단일로,화물차,승용차
2013.7.13 12:00,주간,토,1,1,0,차대차,정면충돌,정면충돌,단일로,기타단일로,승용차,화물차
2013.7.13 13:00,주간,토,1,0,0,차량단독,전도전복,전도전복,교차로,교차로내,농기계,0
2013.7.13 10:00,주간,토,1,0,0,차대차,기타,기타,교차로,교차로내,승합차,자전거
2013.7.13 22:00,야간,토,1,0,0,차대사람,횡단중,횡단중,단일로,기타단일로,승용차,보행자
2013.6.17 21:00,야간,월,1,0,1,차대사람,기타,기타,기타/불명,기타/불명,승용차,보행자
2013.6.27 3:00,야간,목,1,0,0,차대사람,기타,기타,단일로,기타단일로,승용차,보행자
2013.6.26 19:00,야간,수,1,0,0,차대사람,횡단중,횡단중,교차로,교차로내,승용차,보행자
2013.6.27 18:00,야간,목,1,0,0,차대차,측면직각충돌,측면직각충돌,단일로,기타단일로,승용차,원동기장치자전거
2013.6.25 23:00,야간,화,1,0,0,차대사람,횡단중,횡단중,단일로,기타단일로,승용차,보행자
2013.6.27 4:00,야간,목,1,0,0,차대사람,횡단중,횡단중,교차로,교차로내,승용차,보행자
2013.6.26 21:00,야간,수,1,1,0,차대사람,기타,기타,단일로,기타단일로,이륜차,보행자
2013.6.28 1:00,야간,금,1,0,1,차대차,정면충돌,정면충돌,교차로,교차로부근,승용차,승용차
2013.7.3 13:00,주간,수,1,0,0,차량단독,공작물충돌,공작물충돌,단일로,교량위,승용차,0
2013.12.12 2:00,야간,목,1,0,0,차대차,추돌,진행중 추돌,단일로,기타단일로,승합차,건설기계
2013.5.4 0:00,야간,토,1,0,1,차량단독,공작물충돌,공작물충돌,단일로,기타단일로,승용차,0
2013.5.10 8:00,주간,금,1,0,0,차대차,정면충돌,정면충돌,단일로,기타단일로,원동기장치자전거,화물차
2013.10.24 8:00,주간,목,1,0,0,차대차,측면직각충돌,측면직각충돌,교차로,교차로내,원동기장치자전거,화물차
2013.12.2 10:00,주간,월,1,0,0,차대차,측면직각충돌,측면직각충돌,단일로,횡단보도부근,화물차,이륜차
2013.12.31 0:00,야간,화,1,0,0,차대사람,보도통행중,보도통행중,교차로,교차로부근,화물차,보행자
2013.3.10 23:00,야간,일,2,3,0,차대차,정면충돌,정면충돌,단일로,기타단일로,승용차,승용차
2013.3.18 6:00,주간,월,1,0,0,차대사람,횡단중,횡단중,교차로,교차로내,승용차,보행자
2013.3.26 15:00,주간,화,1,0,0,차대사람,보도통행중,보도통행중,단일로,기타단일로,화물차,보행자
2013.4.20 21:00,야간,토,1,0,0,차대사람,기타,기타,교차로,교차로내,화물차,보행자
2013.8.1 7:00,주간,목,1,0,0,차량단독,전도전복,전도전복,기타/불명,기타/불명,이륜차,0
2013.8.2 11:00,주간,금,1,0,0,차량단독,공작물충돌,공작물충돌,단일로,기타단일로,승용차,0
2013.8.5 11:00,주간,월,1,0,2,차대차,측면직각충돌,측면직각충돌,교차로,교차로내,승용차,이륜차
2013.8.15 10:00,주간,목,1,0,4,차대차,추돌,진행중 추돌,교차로,교차로부근,화물차,승용차
2013.8.12 16:00,주간,월,1,0,1,차대차,정면충돌,정면충돌,단일로,기타단일로,화물차,승합차
2012.6.27 2:00,야간,수,1,0,0,차대사람,기타,기타,단일로,기타단일로,승용차,보행자
2013.1.20 3:00,야간,일,1,0,0,차량단독,전도전복,전도전복,교차로,교차로내,승용차,0
2013.1.12 2:00,야간,토,1,1,0,차량단독,기타,기타,단일로,기타단일로,이륜차,0
2013.6.14 21:00,야간,금,1,0,0,차대사람,보도통행중,보도통행중,단일로,기타단일로,이륜차,보행자
2013.8.29 19:00,야간,목,1,0,0,차대사람,횡단중,횡단중,교차로,교차로내,화물차,보행자
2013.3.27 2:00,야간,수,1,0,0,차대차,정면충돌,정면충돌,단일로,기타단일로,승용차,승용차
2013.5.23 23:00,야간,목,1,0,0,차대사람,횡단중,횡단중,교차로,교차로내,승용차,보행자
2013.5.30 13:00,주간,목,1,0,0,차대사람,횡단중,횡단중,단일로,기타단일로,승용차,보행자
2013.5.28 23:00,야간,화,1,0,0,차대사람,횡단중,횡단중,교차로,교차로부근,승용차,보행자
2013.5.29 3:00,야간,수,1,4,0,차대차,기타,기타,교차로,교차로부근,승용차,화물차
2013.5.30 12:00,주간,목,1,0,0,차량단독,도로이탈,도로이탈 추락,단일로,기타단일로,농기계,0
2013.5.30 20:00,야간,목,1,0,0,차대사람,횡단중,횡단중,교차로,교차로내,화물차,보행자
2013.6.5 23:00,야간,수,1,0,0,차대사람,기타,기타,단일로,기타단일로,승용차,보행자
2013.6.6 23:00,야간,목,1,0,0,차량단독,도로이탈,도로이탈 추락,기타/불명,기타/불명,이륜차,0
2013.6.7 8:00,주간,금,1,0,1,차대차,기타,기타,교차로,교차로내,승합차,원동기장치자전거
2013.6.4 3:00,야간,화,1,0,0,차대차,추돌,주정차중 추돌,단일로,기타단일로,자전거,화물차
2013.6.2 13:00,주간,일,1,0,0,차대차,측면직각충돌,측면직각충돌,단일로,기타단일로,승용차,농기계
2013.6.9 18:00,야간,일,1,0,0,차대차,측면직각충돌,측면직각충돌,단일로,기타단일로,이륜차,승용차
2013.6.9 19:00,야간,일,1,0,0,차대사람,보도통행중,보도통행중,단일로,기타단일로,승용차,보행자
2013.6.10 20:00,야간,월,1,1,0,차대차,기타,기타,단일로,기타단일로,이륜차,이륜차
2013.6.12 21:00,야간,수,1,0,0,차량단독,공작물충돌,공작물충돌,단일로,기타단일로,승용차,0
2013.6.10 13:00,주간,월,1,0,0,차대사람,횡단중,횡단중,단일로,기타단일로,화물차,보행자
2013.6.12 2:00,야간,수,1,0,0,차대사람,기타,기타,단일로,기타단일로,승용차,보행자
2013.6.15 21:00,야간,토,1,0,0,차대사람,기타,기타,단일로,기타단일로,승용차,보행자
2013.6.16 12:00,주간,일,1,0,0,차량단독,전도전복,전도전복,단일로,기타단일로,이륜차,0
2013.6.17 18:00,야간,월,1,0,0,차량단독,기타,기타,단일로,기타단일로,화물차,0
2013.5.6 9:00,주간,월,1,0,1,차대차,추돌,주정차중 추돌,단일로,기타단일로,승용차,화물차
2013.10.24 13:00,주간,목,1,4,0,차량단독,공작물충돌,공작물충돌,단일로,기타단일로,승용차,0
2013.2.7 9:00,주간,목,1,0,0,차대사람,기타,기타,단일로,기타단일로,승용차,보행자
2013.2.7 14:00,주간,목,1,0,0,차량단독,공작물충돌,공작물충돌,교차로,교차로부근,승합차,0
2013.5.20 16:00,주간,월,1,0,0,차대차,기타,기타,단일로,기타단일로,건설기계,자전거
2013.5.8 21:00,야간,수,1,0,0,차대사람,기타,기타,교차로,교차로부근,승용차,보행자
2013.11.16 13:00,주간,토,1,0,0,차대차,측면직각충돌,측면직각충돌,단일로,기타단일로,이륜차,승용차
2013.11.14 7:00,주간,목,1,0,0,차대사람,횡단중,횡단중,단일로,횡단보도상,승용차,보행자
2013.11.13 19:00,야간,수,1,1,0,차대사람,횡단중,횡단중,단일로,기타단일로,승용차,보행자
2013.12.2 9:00,주간,월,1,0,1,차대사람,횡단중,횡단중,단일로,기타단일로,승용차,보행자
2013.11.14 13:00,주간,목,1,0,0,차량단독,도로이탈,도로이탈 추락,단일로,기타단일로,화물차,0
2013.1.17 22:00,야간,목,1,0,0,차량단독,기타,기타,단일로,기타단일로,승합차,0
2014.1.26 14:00,주간,일,1,0,0,차대사람,기타,기타,단일로,기타단일로,승합차,보행자
2014.10.28 16:00,주간,화,1,2,0,차대차,추돌,주정차중 추돌,단일로,기타단일로,화물차,화물차
2014.10.28 16:00,주간,화,1,0,1,차대차,측면직각충돌,측면직각충돌,교차로,교차로내,화물차,화물차
2014.11.19 13:00,주간,수,1,0,0,차대차,측면직각충돌,측면직각충돌,단일로,기타단일로,승합차,이륜차
2014.11.19 14:00,주간,수,1,1,0,차량단독,전도전복,전도전복,단일로,기타단일로,화물차,0
2014.11.19 18:00,야간,수,1,0,0,차대차,추돌,진행중 추돌,단일로,기타단일로,화물차,자전거
2014.11.19 1:00,야간,수,1,2,1,차대차,추돌,주정차중 추돌,교차로,교차로부근,화물차,화물차
2014.11.19 14:00,주간,수,2,0,0,차량단독,공작물충돌,공작물충돌,단일로,기타단일로,승용차,0
2014.11.17 19:00,야간,월,1,0,0,차대사람,기타,기타,단일로,기타단일로,승용차,보행자
2014.11.16 2:00,야간,일,1,0,0,차대사람,횡단중,횡단중,단일로,기타단일로,승용차,보행자
2014.11.5 6:00,주간,수,1,0,0,차대차,추돌,주정차중 추돌,단일로,기타단일로,원동기장치자전거,건설기계
2014.11.2 16:00,주간,일,1,1,0,차대차,정면충돌,정면충돌,단일로,기타단일로,화물차,화물차
2014.11.4 5:00,야간,화,1,0,0,차대차,추돌,진행중 추돌,단일로,기타단일로,승용차,자전거
2014.11.3 17:00,주간,월,1,2,0,차대차,정면충돌,정면충돌,교차로,교차로부근,화물차,승용차
2014.11.4 7:00,주간,화,1,1,0,차대차,기타,기타,단일로,기타단일로,승용차,농기계
2014.10.5 3:00,야간,일,1,0,0,차량단독,공작물충돌,공작물충돌,교차로,교차로부근,승용차,0
2014.10.3 13:00,주간,금,1,0,0,차대차,기타,기타,단일로,횡단보도상,승용차,자전거
2014.10.13 19:00,야간,월,1,0,0,차대사람,횡단중,횡단중,단일로,기타단일로,화물차,보행자
2014.10.13 6:00,주간,월,1,0,0,차대사람,횡단중,횡단중,교차로,교차로내,화물차,보행자
2014.10.12 17:00,주간,일,1,0,0,차대사람,기타,기타,교차로,교차로내,화물차,보행자
2014.10.11 21:00,야간,토,1,1,0,차대사람,횡단중,횡단중,단일로,기타단일로,승용차,보행자
2014.10.10 7:00,주간,금,1,2,1,차대차,측면직각충돌,측면직각충돌,교차로,교차로부근,화물차,화물차
2014.10.21 21:00,야간,화,1,0,0,차대사람,기타,기타,교차로,교차로부근,승용차,보행자
2014.10.18 12:00,주간,토,1,1,1,차대차,추돌,진행중 추돌,단일로,기타단일로,화물차,농기계
2014.10.18 14:00,주간,토,1,1,0,차대차,측면직각충돌,측면직각충돌,교차로,교차로내,원동기장치자전거,승용차
2014.10.17 8:00,주간,금,1,0,1,차대사람,횡단중,횡단중,단일로,기타단일로,승합차,보행자
2014.10.24 23:00,야간,금,1,0,0,차대사람,기타,기타,단일로,기타단일로,승용차,보행자
2014.10.25 7:00,주간,토,1,0,0,차대사람,횡단중,횡단중,단일로,기타단일로,화물차,보행자
2014.10.25 5:00,야간,토,1,0,0,차대사람,기타,기타,교차로,교차로부근,승용차,보행자
2014.10.26 5:00,야간,일,1,0,0,차대사람,횡단중,횡단중,교차로,교차로부근,승용차,보행자
2014.10.23 7:00,주간,목,1,0,0,차대사람,기타,기타,단일로,기타단일로,승용차,보행자
2014.10.24 15:00,주간,금,1,0,0,차대사람,기타,기타,단일로,기타단일로,화물차,보행자
2014.10.22 6:00,주간,수,1,0,0,차대사람,횡단중,횡단중,교차로,교차로부근,승용차,보행자
2014.11.1 4:00,야간,토,2,3,0,차량단독,공작물충돌,공작물충돌,단일로,기타단일로,승용차,0
2014.11.1 21:00,야간,토,1,1,0,차대사람,기타,기타,단일로,기타단일로,이륜차,보행자
2014.10.30 16:00,주간,목,1,0,0,차량단독,기타,기타,단일로,기타단일로,이륜차,0
2014.10.28 23:00,야간,화,1,0,0,차대차,기타,기타,단일로,기타단일로,승용차,화물차
2014.10.30 5:00,야간,목,2,6,0,차량단독,전도전복,전도전복,단일로,기타단일로,승합차,0
2014.10.28 13:00,주간,화,1,0,0,차대차,측면직각충돌,측면직각충돌,교차로,교차로내,승용차,원동기장치자전거
2014.10.29 22:00,야간,수,1,0,0,차량단독,공작물충돌,공작물충돌,단일로,기타단일로,승용차,0
2014.10.29 19:00,야간,수,1,0,0,차대사람,횡단중,횡단중,교차로,교차로부근,승합차,보행자
2014.11.15 23:00,야간,토,1,0,0,차대차,측면직각충돌,측면직각충돌,교차로,교차로내,승용차,승합차
2013.6.28 0:00,야간,금,1,0,0,차량단독,기타,기타,단일로,기타단일로,승용차,0
2013.6.25 8:00,주간,화,1,0,0,차량단독,전도전복,전도전복,교차로,교차로부근,화물차,0
2013.7.3 4:00,야간,수,1,0,0,차대사람,횡단중,횡단중,단일로,기타단일로,승용차,보행자
2013.7.2 22:00,야간,화,1,0,0,차대차,추돌,주정차중 추돌,교차로,교차로부근,승용차,화물차
2013.7.2 16:00,주간,화,1,0,0,차대사람,횡단중,횡단중,교차로,교차로내,승용차,보행자
2013.7.3 0:00,야간,수,1,0,0,차량단독,도로이탈,도로이탈 추락,단일로,기타단일로,승용차,0
2013.7.1 12:00,주간,월,1,0,0,차대차,기타,기타,교차로,교차로내,이륜차,승합차
2013.7.1 20:00,야간,월,1,0,0,차량단독,공작물충돌,공작물충돌,단일로,기타단일로,화물차,0
2013.7.1 13:00,주간,월,1,0,0,차대사람,기타,기타,교차로,교차로내,승합차,보행자
2012.1.2 13:00,주간,월,1,0,0,차량단독,전도전복,전도전복,단일로,기타단일로,화물차,0
2012.5.30 9:00,주간,수,1,0,0,차대사람,기타,기타,단일로,기타단일로,승용차,보행자
2012.4.26 21:00,야간,목,1,1,0,차대차,정면충돌,정면충돌,단일로,기타단일로,화물차,화물차
2012.2.20 19:00,야간,월,1,0,0,차대차,추돌,진행중 추돌,단일로,기타단일로,특수차,자전거
2012.10.30 13:00,주간,화,1,6,33,차대차,정면충돌,정면충돌,단일로,기타단일로,승합차,건설기계
2012.11.1 18:00,야간,목,1,0,0,차대사람,보도통행중,보도통행중,단일로,기타단일로,승용차,보행자
2012.8.20 5:00,야간,월,1,0,0,차대사람,차도통행중,차도통행중,단일로,횡단보도부근,승용차,보행자
2012.11.10 14:00,주간,토,1,0,0,차대사람,횡단중,횡단중,교차로,교차로내,건설기계,보행자
2012.10.25 18:00,야간,목,1,0,0,차대사람,횡단중,횡단중,단일로,기타단일로,승용차,보행자
2012.6.25 21:00,야간,월,1,0,0,차대차,정면충돌,정면충돌,단일로,기타단일로,원동기장치자전거,승용차
2012.7.10 7:00,주간,화,1,0,0,차대차,측면직각충돌,측면직각충돌,교차로,교차로내,승용차,자전거
2012.7.14 13:00,주간,토,1,0,0,차대사람,기타,기타,교차로,교차로부근,승합차,보행자
2013.1.6 10:00,주간,일,1,0,0,차대사람,기타,기타,교차로,교차로부근,화물차,보행자
2013.2.22 22:00,야간,금,1,0,0,차대사람,차도통행중,차도통행중,교차로,교차로내,승합차,보행자
2013.8.20 2:00,야간,화,1,0,0,차량단독,전도전복,전도전복,단일로,기타단일로,승용차,0
2014.6.27 3:00,야간,금,1,0,0,차량단독,공작물충돌,공작물충돌,단일로,기타단일로,이륜차,0
2014.6.28 2:00,야간,토,1,0,0,차대사람,길가장자리구역통행중,길가장자리구역통행중,기타/불명,기타/불명,승용차,보행자
2014.6.27 20:00,야간,금,1,0,0,차대사람,횡단중,횡단중,교차로,교차로부근,승용차,보행자
2013.8.23 23:00,야간,금,2,0,0,차대차,추돌,주정차중 추돌,단일로,기타단일로,승용차,화물차
2013.9.24 14:00,주간,화,1,0,0,차대차,추돌,주정차중 추돌,교차로,교차로부근,원동기장치자전거,건설기계
2013.9.27 8:00,주간,금,1,0,0,차대사람,횡단중,횡단중,교차로,교차로내,승용차,보행자
2014.6.28 11:00,주간,토,1,1,0,차대차,정면충돌,정면충돌,단일로,기타단일로,승합차,화물차
2014.6.28 15:00,주간,토,1,0,0,차량단독,전도전복,전도전복,단일로,기타단일로,이륜차,0
2014.6.25 20:00,야간,수,1,0,0,차대차,추돌,진행중 추돌,단일로,기타단일로,화물차,자전거
2014.6.26 21:00,야간,목,1,0,0,차대차,추돌,진행중 추돌,단일로,기타단일로,승용차,농기계
2014.6.28 15:00,주간,토,1,0,0,차량단독,기타,기타,단일로,기타단일로,자전거,0
2014.6.27 7:00,주간,금,1,1,0,차대차,정면충돌,정면충돌,단일로,기타단일로,승용차,승용차
2014.6.25 23:00,야간,수,1,0,0,차대사람,횡단중,횡단중,단일로,기타단일로,승용차,보행자
2012.6.10 7:00,주간,토,1,0,0,차대사람,보도통행중,보도통행중,단일로,횡단보도상,승용차,보행자
2012.3.15 14:00,주간,목,1,0,0,차대차,측면직각충돌,측면직각충돌,교차로,교차로내,승합차,자전거
2012.3.12 7:00,주간,월,1,1,1,차대차,측면직각충돌,측면직각충돌,교차로,교차로내,이륜차,승용차
2012.2.29 21:00,야간,수,1,0,0,차대사람,기타,기타,단일로,기타단일로,승용차,보행자
2012.1.26 11:00,주간,목,1,0,0,차대차,측면직각충돌,측면직각충돌,교차로,교차로내,화물차,원동기장치자전거
2012.8.10 18:00,야간,금,1,1,0,차대차,추돌,진행중 추돌,고가도로위,고가도로위,이륜차,승용차