발생년월일시,주야,요일,사망자수,중상자수,경상자수,사고유형_대분류,사고유형_중분류,사고유형,도로형태_대분류,도로형태,당사자종별_1당_대분류,당사자종별_2당_대분류
2012.1.21 6:00,주간,토,1,0,0,차대사람,기타,기타,단일로,기타단일로,화물차,보행자
2012.11.14 18:00,야간,수,1,0,0,차대차,추돌,진행중 추돌,단일로,기타단일로,승용차,건설기계
2012.11.18 23:00,야간,일,1,2,0,차대차,정면충돌,정면충돌,단일로,기타단일로,승용차,승용차
2012.8.25 14:00,주간,토,1,0,0,차대사람,기타,기타,교차로,교차로내,건설기계,보행자
2012.9.5 22:00,야간,수,1,0,0,차대차,추돌,진행중 추돌,단일로,교량위,화물차,화물차
2012.9.9 21:00,야간,일,1,0,0,차대사람,기타,기타,단일로,기타단일로,승용차,보행자
2012.10.19 5:00,야간,금,1,0,0,차대차,측면직각충돌,측면직각충돌,단일로,터널안,승용차,이륜차
2013.3.27 16:00,주간,수,1,0,0,차대사람,차도통행중,차도통행중,단일로,기타단일로,승용차,보행자
2013.3.10 13:00,주간,일,1,0,0,차대사람,기타,기타,교차로,교차로부근,승합차,보행자
2013.4.15 8:00,주간,월,1,1,0,차량단독,도로이탈,도로이탈 추락,단일로,기타단일로,화물차,0
2013.3.9 23:00,야간,토,2,2,0,차량단독,공작물충돌,공작물충돌,단일로,기타단일로,승용차,0
2013.3.31 20:00,야간,일,1,0,1,차대차,기타,기타,단일로,기타단일로,화물차,화물차
2013.3.5 7:00,주간,화,1,0,1,차대차,기타,기타,단일로,기타단일로,승용차,건설기계
2013.4.4 23:00,야간,목,1,0,0,차량단독,기타,기타,단일로,기타단일로,이륜차,0
2013.8.13 4:00,야간,화,1,0,0,차대사람,차도통행중,차도통행중,단일로,횡단보도부근,승용차,보행자
2013.7.20 14:00,주간,토,1,2,3,차대차,측면직각충돌,측면직각충돌,교차로,교차로내,승용차,화물차
2014.6.28 11:00,주간,토,1,0,0,차대사람,차도통행중,차도통행중,교차로,교차로내,승용차,보행자
2014.6.28 14:00,주간,토,1,0,0,차량단독,전도전복,전도전복,단일로,기타단일로,농기계,0
2012.5.31 21:00,야간,목,1,0,0,차대차,추돌,진행중 추돌,단일로,기타단일로,화물차,화물차
2012.6.24 19:00,야간,일,2,5,1,차량단독,전도전복,전도전복,단일로,기타단일로,승합차,0
2012.8.17 3:00,야간,금,1,0,0,차대차,기타,기타,단일로,기타단일로,화물차,화물차
2012.4.24 10:00,주간,화,1,1,1,차대차,측면직각충돌,측면직각충돌,교차로,교차로내,승용차,특수차
2012.4.28 0:00,야간,토,1,1,0,차대차,기타,기타,단일로,기타단일로,승용차,화물차
2012.3.29 13:00,주간,목,1,0,1,차대차,측면직각충돌,측면직각충돌,단일로,횡단보도상,승용차,자전거
2014.9.18 5:00,야간,목,1,0,0,차대사람,길가장자리구역통행중,길가장자리구역통행중,단일로,기타단일로,승용차,보행자
2014.10.1 17:00,주간,수,2,0,0,차대차,측면직각충돌,측면직각충돌,교차로,교차로내,이륜차,화물차
2014.10.2 5:00,야간,목,1,0,0,차대사람,횡단중,횡단중,교차로,교차로부근,승용차,보행자
2014.10.1 18:00,야간,수,1,0,0,차대사람,기타,기타,교차로,교차로부근,승용차,보행자
2014.8.16 18:00,야간,토,1,3,0,차대차,정면충돌,정면충돌,단일로,기타단일로,승용차,승용차
2014.8.26 0:00,야간,화,2,0,0,차대사람,기타,기타,교차로,교차로부근,승용차,보행자
2014.8.26 3:00,야간,화,1,0,0,차량단독,도로이탈,도로이탈 추락,단일로,교량위,승용차,0
2014.8.26 4:00,야간,화,1,0,0,차대사람,횡단중,횡단중,단일로,기타단일로,승용차,보행자
2014.8.27 14:00,주간,수,1,1,0,차대차,정면충돌,정면충돌,단일로,기타단일로,승용차,승합차
2014.8.22 10:00,주간,금,1,0,0,차대차,추돌,진행중 추돌,단일로,기타단일로,승용차,승용차
2014.8.22 11:00,주간,금,1,0,0,차대차,측면직각충돌,측면직각충돌,교차로,교차로내,화물차,농기계
2014.8.22 19:00,야간,금,1,0,0,차대차,측면직각충돌,측면직각충돌,교차로,교차로내,이륜차,승용차
2014.8.31 3:00,야간,일,1,2,0,차대차,추돌,주정차중 추돌,단일로,기타단일로,승용차,승합차
2014.9.3 0:00,야간,수,1,0,0,차대사람,기타,기타,단일로,기타단일로,승용차,보행자
2014.8.29 3:00,야간,금,1,0,0,차량단독,공작물충돌,공작물충돌,교차로,교차로부근,원동기장치자전거,0
2014.8.29 19:00,야간,금,1,0,0,차대사람,횡단중,횡단중,단일로,기타단일로,화물차,보행자
2014.9.7 17:00,주간,일,1,0,0,차량단독,기타,기타,단일로,기타단일로,화물차,0
2014.9.7 17:00,주간,일,1,0,0,차량단독,전도전복,전도전복,단일로,기타단일로,이륜차,0
2014.9.15 22:00,야간,월,1,1,0,차대차,추돌,주정차중 추돌,교차로,교차로부근,승용차,승용차
2014.9.21 1:00,야간,일,2,1,0,차대차,기타,기타,교차로,교차로내,승용차,승용차
2014.9.20 21:00,야간,토,1,0,0,차대사람,차도통행중,차도통행중,단일로,기타단일로,승용차,보행자
2014.9.19 19:00,야간,금,1,0,0,차대차,추돌,주정차중 추돌,단일로,기타단일로,화물차,이륜차
2014.9.21 2:00,야간,일,2,0,0,차량단독,공작물충돌,공작물충돌,단일로,기타단일로,승용차,0
2014.10.2 11:00,주간,목,1,2,0,차대차,기타,기타,단일로,기타단일로,승용차,건설기계
2014.10.2 7:00,주간,목,1,2,2,차대차,정면충돌,정면충돌,교차로,교차로부근,화물차,화물차
2014.10.2 0:00,야간,목,1,0,0,차대차,기타,기타,교차로,교차로내,이륜차,승용차
2014.10.2 2:00,야간,목,1,0,0,차량단독,공작물충돌,공작물충돌,단일로,기타단일로,승용차,0
2014.9.17 13:00,주간,수,1,0,0,차대차,측면직각충돌,측면직각충돌,단일로,기타단일로,화물차,자전거
2014.9.18 4:00,야간,목,1,0,0,차대사람,횡단중,횡단중,교차로,교차로내,화물차,보행자
2014.9.17 23:00,야간,수,1,0,0,차대사람,횡단중,횡단중,교차로,교차로내,승용차,보행자
2014.9.18 3:00,야간,목,1,0,0,차량단독,도로이탈,도로이탈 기타,단일로,기타단일로,화물차,0
2014.10.1 15:00,주간,수,1,1,0,차대차,기타,기타,교차로,교차로내,화물차,건설기계
2014.10.1 9:00,주간,수,1,0,0,차대차,기타,기타,교차로,교차로부근,화물차,자전거
2014.9.30 13:00,주간,화,1,1,1,차대차,기타,기타,단일로,기타단일로,이륜차,화물차
2014.9.30 12:00,주간,화,1,0,0,차량단독,전도전복,전도전복,단일로,기타단일로,이륜차,0
2014.9.30 19:00,야간,화,1,0,0,차대사람,길가장자리구역통행중,길가장자리구역통행중,단일로,기타단일로,화물차,보행자
2014.9.28 9:00,주간,일,1,0,0,차대차,기타,기타,단일로,기타단일로,화물차,자전거
2014.9.28 17:00,주간,일,1,1,0,차대사람,기타,기타,단일로,기타단일로,이륜차,보행자
2014.9.30 10:00,주간,화,1,0,0,차대차,기타,기타,교차로,교차로내,원동기장치자전거,건설기계
2014.9.30 19:00,야간,화,1,0,0,차대차,측면직각충돌,측면직각충돌,교차로,교차로내,이륜차,승용차
2014.8.15 13:00,주간,금,1,0,0,차량단독,기타,기타,단일로,기타단일로,승합차,0
2014.8.18 7:00,주간,월,1,0,0,차대사람,횡단중,횡단중,단일로,횡단보도상,화물차,보행자
2014.12.30 20:00,야간,화,1,0,0,차대사람,횡단중,횡단중,단일로,횡단보도상,승용차,보행자
2013.5.5 9:00,주간,일,1,0,0,차량단독,공작물충돌,공작물충돌,단일로,기타단일로,원동기장치자전거,0
2013.11.20 23:00,야간,수,2,0,0,차대차,추돌,진행중 추돌,단일로,기타단일로,승용차,이륜차
2013.7.2 11:00,주간,화,1,0,0,차대사람,길가장자리구역통행중,길가장자리구역통행중,단일로,기타단일로,화물차,보행자
2013.8.11 8:00,주간,일,1,0,0,차대차,추돌,진행중 추돌,교차로,교차로부근,원동기장치자전거,승용차
2013.7.24 5:00,야간,수,1,0,0,차대사람,기타,기타,교차로,교차로내,승용차,보행자
2013.6.4 21:00,야간,화,1,0,0,차대차,추돌,진행중 추돌,단일로,기타단일로,승용차,이륜차
2013.6.19 5:00,야간,수,1,0,0,차량단독,공작물충돌,공작물충돌,단일로,기타단일로,승용차,0
2014.12.10 18:00,야간,수,1,0,1,차대차,추돌,진행중 추돌,기타/불명,기타/불명,승용차,화물차
2014.1.30 10:00,주간,목,1,1,0,차량단독,기타,기타,단일로,기타단일로,승용차,0
2014.1.26 4:00,야간,일,1,0,0,차량단독,기타,기타,단일로,교량위,원동기장치자전거,0
2014.2.14 14:00,주간,금,1,0,0,차량단독,전도전복,전도전복,단일로,기타단일로,승용차,0
2014.1.1 9:00,주간,수,2,2,0,차량단독,공작물충돌,공작물충돌,단일로,기타단일로,승용차,0
2013.4.22 8:00,주간,월,1,0,0,차대사람,횡단중,횡단중,단일로,기타단일로,승용차,보행자
2013.3.10 4:00,야간,일,1,0,0,차량단독,공작물충돌,공작물충돌,단일로,교량위,승용차,0
2014.2.27 23:00,야간,목,1,0,0,차대차,기타,기타,지하도로내,지하도로내,승용차,승용차
2014.3.26 23:00,야간,수,1,1,0,차대차,추돌,진행중 추돌,단일로,터널안,승합차,이륜차
2014.4.18 15:00,주간,금,1,0,1,차대차,추돌,진행중 추돌,단일로,기타단일로,화물차,승용차
2014.4.15 7:00,주간,화,1,0,0,차대사람,횡단중,횡단중,단일로,횡단보도상,승용차,보행자
2014.10.6 17:00,주간,월,1,1,2,차대차,정면충돌,정면충돌,단일로,기타단일로,화물차,승합차
2014.8.23 21:00,야간,토,1,0,1,차대차,추돌,진행중 추돌,단일로,기타단일로,승용차,건설기계
2014.1.24 23:00,야간,금,1,0,0,차대사람,기타,기타,교차로,교차로부근,화물차,보행자
2014.3.24 15:00,주간,월,1,0,0,차대사람,기타,기타,단일로,교량위,화물차,보행자
2014.1.2 23:00,야간,목,1,0,0,차대사람,차도통행중,차도통행중,단일로,기타단일로,승용차,보행자
2014.1.23 18:00,야간,목,1,0,0,차대사람,기타,기타,단일로,기타단일로,승용차,보행자
2014.1.14 12:00,주간,화,1,0,0,차량단독,전도전복,전도전복,기타/불명,기타/불명,특수차,0
2014.5.22 13:00,주간,목,1,10,8,차대차,추돌,진행중 추돌,교차로,교차로부근,승합차,승용차
2014.5.28 9:00,주간,수,1,0,0,차대차,측면직각충돌,측면직각충돌,교차로,교차로내,원동기장치자전거,화물차
2014.5.16 13:00,주간,금,1,0,0,차대차,기타,기타,교차로,교차로내,승용차,이륜차
2014.6.14 0:00,야간,토,1,0,0,차대사람,기타,기타,교차로,교차로부근,승용차,보행자
2014.6.14 4:00,야간,토,1,0,0,차량단독,기타,기타,단일로,기타단일로,이륜차,0
2014.5.16 17:00,주간,금,1,0,2,차대차,기타,기타,단일로,기타단일로,화물차,이륜차
2014.5.31 4:00,야간,토,1,0,0,차량단독,공작물충돌,공작물충돌,교차로,교차로부근,승용차,0
2014.8.1 17:00,주간,금,2,0,0,차대차,정면충돌,정면충돌,단일로,기타단일로,승용차,원동기장치자전거
2014.8.19 19:00,야간,화,1,0,0,차대사람,기타,기타,단일로,기타단일로,승용차,보행자
2014.4.26 13:00,주간,토,1,0,0,차대차,추돌,주정차중 추돌,단일로,기타단일로,이륜차,승용차
2014.11.7 13:00,주간,금,1,0,0,차대사람,차도통행중,차도통행중,단일로,기타단일로,화물차,보행자
2014.9.1 14:00,주간,월,1,0,0,차대차,기타,기타,교차로,교차로부근,자전거,승용차
2014.9.7 17:00,주간,일,1,0,0,차량단독,공작물충돌,공작물충돌,단일로,기타단일로,원동기장치자전거,0
2014.1.23 18:00,야간,목,1,0,0,차량단독,기타,기타,교차로,교차로부근,농기계,0
2014.1.8 11:00,주간,수,1,0,0,차대사람,횡단중,횡단중,단일로,횡단보도상,승용차,보행자
2014.8.19 1:00,야간,화,1,0,0,차대사람,횡단중,횡단중,단일로,기타단일로,승용차,보행자
2014.7.12 23:00,야간,토,1,0,0,차대차,측면직각충돌,측면직각충돌,교차로,교차로부근,승용차,원동기장치자전거
2014.3.1 2:00,야간,토,2,1,0,차량단독,공작물충돌,공작물충돌,단일로,기타단일로,승용차,0
2014.3.23 0:00,야간,일,1,0,0,차량단독,공작물충돌,공작물충돌,단일로,기타단일로,원동기장치자전거,0
2014.3.24 16:00,주간,월,1,0,0,차대차,측면직각충돌,측면직각충돌,단일로,기타단일로,원동기장치자전거,승용차
2014.4.9 8:00,주간,수,1,0,0,차대차,기타,기타,단일로,기타단일로,건설기계,원동기장치자전거
2014.4.13 10:00,주간,일,1,0,0,차대사람,기타,기타,단일로,기타단일로,화물차,보행자
2014.3.30 10:00,주간,일,1,0,0,차대사람,차도통행중,차도통행중,단일로,기타단일로,화물차,보행자
2014.10.31 4:00,야간,금,1,1,0,차량단독,공작물충돌,공작물충돌,단일로,기타단일로,이륜차,0
2014.10.25 7:00,주간,토,1,1,0,차량단독,공작물충돌,공작물충돌,교차로,교차로내,화물차,0
2014.11.4 1:00,야간,화,2,0,0,차대사람,차도통행중,차도통행중,단일로,기타단일로,승용차,보행자
2014.8.28 15:00,주간,목,1,0,0,차대사람,횡단중,횡단중,교차로,교차로내,승합차,보행자
2014.8.25 18:00,야간,월,1,0,0,차대차,기타,기타,교차로,교차로내,이륜차,승합차
2014.1.24 5:00,야간,금,1,1,0,차대차,추돌,진행중 추돌,단일로,기타단일로,화물차,화물차
2014.4.28 2:00,야간,월,1,0,0,차대사람,기타,기타,단일로,기타단일로,승용차,보행자
2014.4.26 13:00,주간,토,1,0,0,차량단독,전도전복,전도전복,단일로,기타단일로,화물차,0
2014.5.6 20:00,야간,화,1,0,0,차대사람,횡단중,횡단중,교차로,교차로부근,화물차,보행자
2014.5.7 22:00,야간,수,1,0,0,차대사람,횡단중,횡단중,단일로,횡단보도상,화물차,보행자
2014.5.5 23:00,야간,월,1,0,0,차대차,측면직각충돌,측면직각충돌,단일로,기타단일로,이륜차,승용차
2014.5.7 0:00,야간,수,1,1,0,차대차,기타,기타,단일로,기타단일로,승용차,승용차
2014.5.5 1:00,야간,월,1,0,0,차대사람,차도통행중,차도통행중,단일로,기타단일로,승용차,보행자
2014.5.2 7:00,주간,금,2,3,1,차대차,추돌,진행중 추돌,단일로,기타단일로,승용차,승용차
2012.3.31 20:00,야간,토,1,0,0,차대사람,기타,기타,단일로,기타단일로,승용차,보행자
2012.9.15 7:00,주간,토,1,0,0,차대차,추돌,진행중 추돌,단일로,기타단일로,승용차,자전거
2012.8.23 13:00,주간,목,1,0,0,차대차,측면직각충돌,측면직각충돌,교차로,교차로부근,화물차,화물차
2012.10.3 6:00,주간,수,1,5,0,차대차,기타,기타,단일로,기타단일로,화물차,화물차
2012.7.16 8:00,주간,월,1,0,0,차대사람,차도통행중,차도통행중,단일로,기타단일로,승용차,보행자
2013.10.25 16:00,주간,금,2,1,7,차대차,기타,기타,기타/불명,기타/불명,승용차,승합차
2014.12.24 3:00,야간,수,2,0,0,차대차,추돌,진행중 추돌,단일로,기타단일로,승용차,화물차
2014.6.3 18:00,야간,화,1,0,0,차량단독,도로이탈,도로이탈 추락,교차로,교차로부근,원동기장치자전거,0
2014.6.3 11:00,주간,화,1,0,0,차대차,측면직각충돌,측면직각충돌,단일로,기타단일로,승용차,이륜차
2014.7.17 7:00,주간,목,1,0,0,차대사람,기타,기타,단일로,기타단일로,승합차,보행자
2014.10.4 19:00,야간,토,1,0,0,차대사람,횡단중,횡단중,단일로,기타단일로,승용차,보행자
2014.11.5 9:00,주간,수,1,0,0,차대사람,횡단중,횡단중,교차로,교차로내,화물차,보행자
2014.11.10 18:00,야간,월,1,0,0,차대차,추돌,진행중 추돌,단일로,기타단일로,승용차,농기계
2014.9.4 11:00,주간,목,1,0,0,차대사람,기타,기타,기타/불명,기타/불명,화물차,보행자
2014.9.18 18:00,야간,목,1,0,0,차대차,기타,기타,단일로,기타단일로,화물차,자전거
2014.6.15 0:00,야간,일,1,3,0,차량단독,공작물충돌,공작물충돌,단일로,기타단일로,승용차,0
2014.2.2 18:00,야간,일,1,0,0,차대사람,횡단중,횡단중,교차로,교차로내,화물차,보행자
2014.12.31 19:00,야간,수,1,1,0,차대차,정면충돌,정면충돌,단일로,기타단일로,농기계,승용차
2014.12.31 4:00,야간,수,1,0,0,차대차,측면직각충돌,측면직각충돌,교차로,교차로내,화물차,승용차
2014.12.16 11:00,주간,화,1,0,0,차대사람,기타,기타,교차로,교차로내,화물차,보행자
2014.12.15 22:00,야간,월,1,0,0,차량단독,도로이탈,도로이탈 추락,단일로,기타단일로,승용차,0
2014.12.15 19:00,야간,월,1,0,0,차대사람,차도통행중,차도통행중,단일로,기타단일로,승용차,보행자
2014.12.16 6:00,주간,화,1,0,0,차량단독,주/정차차량 충돌,주/정차차량 충돌,단일로,기타단일로,불명,화물차
2014.12.27 6:00,주간,토,1,0,2,차대차,추돌,주정차중 추돌,교차로,교차로부근,승용차,건설기계
2014.12.23 9:00,주간,화,1,0,0,차대차,추돌,진행중 추돌,단일로,기타단일로,이륜차,건설기계
2014.12.4 21:00,야간,목,1,0,0,차대사람,기타,기타,단일로,기타단일로,승용차,보행자
2014.12.26 9:00,주간,금,1,0,2,차대차,측면직각충돌,측면직각충돌,단일로,기타단일로,승용차,화물차
2014.12.30 10:00,주간,화,1,0,0,차대차,측면직각충돌,측면직각충돌,단일로,기타단일로,승합차,자전거
2014.12.29 10:00,주간,월,1,0,0,차대사람,차도통행중,차도통행중,단일로,기타단일로,승용차,보행자
2014.12.10 12:00,주간,수,1,0,0,차대차,측면직각충돌,측면직각충돌,단일로,기타단일로,원동기장치자전거,승용차
2014.12.20 0:00,야간,토,1,0,0,차대사람,기타,기타,단일로,기타단일로,승용차,보행자
2014.11.16 18:00,야간,일,1,0,0,차대사람,횡단중,횡단중,교차로,교차로부근,승합차,보행자
2014.11.16 6:00,주간,일,1,0,0,차대차,측면직각충돌,측면직각충돌,교차로,교차로내,승용차,이륜차
2014.11.24 6:00,주간,월,1,0,0,차대사람,기타,기타,단일로,기타단일로,승용차,보행자
2014.11.23 19:00,야간,일,1,0,0,차대사람,기타,기타,단일로,기타단일로,화물차,보행자
2014.11.23 23:00,야간,일,1,0,0,차대차,추돌,주정차중 추돌,단일로,기타단일로,승용차,화물차
2014.11.21 3:00,야간,금,1,1,1,차대차,측면직각충돌,측면직각충돌,교차로,교차로내,화물차,승용차
2014.11.21 1:00,야간,금,1,0,0,차량단독,공작물충돌,공작물충돌,단일로,기타단일로,승용차,0
2014.11.21 4:00,야간,금,1,0,0,차대차,기타,기타,단일로,기타단일로,승용차,자전거
2014.11.22 17:00,주간,토,1,0,0,차대사람,횡단중,횡단중,교차로,교차로부근,승용차,보행자
2014.11.20 10:00,주간,목,1,0,0,차대사람,횡단중,횡단중,교차로,교차로내,화물차,보행자
2014.11.20 9:00,주간,목,1,0,0,차대사람,기타,기타,단일로,기타단일로,화물차,보행자
2014.11.29 22:00,야간,토,1,0,0,차대사람,횡단중,횡단중,단일로,기타단일로,승용차,보행자
2014.12.1 16:00,주간,월,1,0,0,차대차,추돌,진행중 추돌,단일로,기타단일로,화물차,건설기계
2014.12.1 17:00,주간,월,1,0,0,차량단독,공작물충돌,공작물충돌,단일로,기타단일로,이륜차,0
2014.12.1 17:00,주간,월,1,0,0,차대차,기타,기타,단일로,기타단일로,승용차,승용차
2014.11.26 21:00,야간,수,1,0,0,차대사람,기타,기타,교차로,교차로내,승용차,보행자
2014.11.29 17:00,주간,토,1,0,0,차대사람,차도통행중,차도통행중,단일로,기타단일로,승용차,보행자
2014.11.29 17:00,주간,토,1,0,0,차대사람,횡단중,횡단중,단일로,기타단일로,승용차,보행자
2014.12.3 19:00,야간,수,1,0,0,차대사람,횡단중,횡단중,교차로,교차로내,승합차,보행자
2014.12.11 17:00,주간,목,1,0,0,차대사람,차도통행중,차도통행중,단일로,기타단일로,화물차,보행자
2014.12.12 18:00,야간,금,1,0,0,차대사람,횡단중,횡단중,단일로,횡단보도상,승용차,보행자
2014.12.11 19:00,야간,목,1,0,0,차대사람,기타,기타,교차로,교차로내,승용차,보행자
2014.12.10 1:00,야간,수,2,0,0,차대사람,차도통행중,차도통행중,단일로,기타단일로,이륜차,보행자
2014.12.12 6:00,주간,금,1,0,0,차대사람,횡단중,횡단중,단일로,기타단일로,화물차,보행자
2014.12.20 7:00,주간,토,1,1,2,차대사람,기타,기타,단일로,교량위,승용차,보행자
2014.12.20 6:00,주간,토,1,0,0,차대차,추돌,진행중 추돌,단일로,기타단일로,화물차,자전거
2014.2.7 7:00,주간,금,1,0,0,차대사람,횡단중,횡단중,단일로,기타단일로,승용차,보행자
2014.6.10 15:00,주간,화,1,0,0,차량단독,기타,기타,단일로,기타단일로,자전거,0
2014.6.11 0:00,야간,수,1,1,0,차량단독,공작물충돌,공작물충돌,단일로,기타단일로,승용차,0
2014.5.23 11:00,주간,금,1,0,0,차대사람,기타,기타,단일로,기타단일로,승용차,보행자
2014.7.17 23:00,야간,목,1,0,0,차대사람,차도통행중,차도통행중,교차로,교차로내,승용차,보행자
2014.8.14 16:00,주간,목,1,0,0,차량단독,도로이탈,도로이탈 추락,단일로,기타단일로,화물차,0
2014.8.12 0:00,야간,화,1,0,0,차대차,기타,기타,교차로,교차로내,승용차,원동기장치자전거
2012.10.6 21:00,야간,토,1,0,0,차대차,측면직각충돌,측면직각충돌,교차로,교차로내,승용차,원동기장치자전거
2014.5.7 9:00,주간,수,1,0,0,차량단독,도로이탈,도로이탈 추락,단일로,기타단일로,건설기계,0
2014.5.8 3:00,야간,목,1,1,0,차량단독,공작물충돌,공작물충돌,단일로,기타단일로,이륜차,0
2014.5.5 1:00,야간,월,1,0,0,차대사람,횡단중,횡단중,교차로,교차로내,화물차,보행자
2014.4.19 17:00,주간,토,1,0,0,차대차,측면직각충돌,측면직각충돌,단일로,기타단일로,건설기계,자전거
2014.4.30 13:00,주간,수,1,0,0,차대사람,기타,기타,기타/불명,기타/불명,화물차,보행자
2014.4.29 9:00,주간,화,1,0,0,차대차,기타,기타,교차로,교차로부근,승합차,자전거
2014.3.30 10:00,주간,일,1,0,0,차량단독,도로이탈,도로이탈 기타,단일로,기타단일로,이륜차,0
2014.3.28 22:00,야간,금,1,0,0,차대사람,횡단중,횡단중,단일로,기타단일로,승용차,보행자
2014.3.24 11:00,주간,월,1,1,0,차대차,측면직각충돌,측면직각충돌,기타/불명,기타/불명,승용차,화물차
2014.3.24 20:00,야간,월,1,0,0,차대사람,차도통행중,차도통행중,단일로,기타단일로,승합차,보행자
2014.4.3 19:00,야간,목,1,0,0,차대사람,횡단중,횡단중,단일로,횡단보도상,화물차,보행자
2014.4.1 10:00,주간,화,1,0,0,차대사람,횡단중,횡단중,교차로,교차로부근,건설기계,보행자
2014.4.7 23:00,야간,월,1,0,1,차대차,정면충돌,정면충돌,기타/불명,기타/불명,승용차,승용차
2014.4.7 21:00,야간,월,1,0,0,차대사람,기타,기타,단일로,기타단일로,승용차,보행자
2014.4.18 7:00,주간,금,1,0,0,차대사람,기타,기타,단일로,기타단일로,화물차,보행자
2014.4.12 22:00,야간,토,1,0,0,차대사람,횡단중,횡단중,단일로,기타단일로,승용차,보행자
2014.4.23 5:00,야간,수,1,0,0,차대차,측면직각충돌,측면직각충돌,교차로,교차로내,승용차,화물차
2014.4.24 0:00,야간,목,1,0,1,차대차,기타,기타,단일로,기타단일로,승용차,승용차
2014.4.23 20:00,야간,수,1,2,1,차대차,측면직각충돌,측면직각충돌,교차로,교차로내,승용차,승용차
2014.4.19 11:00,주간,토,1,2,0,차대사람,횡단중,횡단중,교차로,교차로내,승용차,보행자
2014.4.25 19:00,야간,금,1,0,0,차대사람,기타,기타,단일로,기타단일로,승용차,보행자
2014.4.25 15:00,주간,금,1,0,0,차대차,기타,기타,교차로,교차로내,원동기장치자전거,승용차
2014.4.26 18:00,야간,토,1,0,0,차량단독,전도전복,전도전복,교차로,교차로부근,농기계,0
2014.4.27 1:00,야간,일,1,0,0,차량단독,전도전복,전도전복,교차로,교차로부근,승용차,0
2014.5.8 6:00,주간,목,1,0,0,차대사람,기타,기타,단일로,기타단일로,승용차,보행자
2014.5.8 1:00,야간,목,1,3,1,차량단독,전도전복,전도전복,단일로,기타단일로,승용차,0
2014.5.7 16:00,주간,수,1,0,1,차량단독,공작물충돌,공작물충돌,단일로,기타단일로,승용차,0
2014.5.8 8:00,주간,목,1,0,0,차대차,기타,기타,교차로,교차로내,화물차,자전거
2014.5.4 20:00,야간,일,1,0,0,차대사람,기타,기타,단일로,기타단일로,승용차,보행자
2014.5.6 12:00,주간,화,1,1,2,차대차,추돌,주정차중 추돌,단일로,기타단일로,승용차,승합차
2014.5.5 18:00,야간,월,1,0,0,차대사람,횡단중,횡단중,단일로,횡단보도상,화물차,보행자
2014.5.2 19:00,야간,금,1,0,0,차대차,기타,기타,단일로,횡단보도상,자전거,승합차
2014.4.21 17:00,주간,월,1,0,1,차대차,추돌,주정차중 추돌,교차로,교차로부근,화물차,화물차
2014.4.30 2:00,야간,수,1,0,0,차량단독,전도전복,전도전복,교차로,교차로부근,승용차,0
2014.5.2 11:00,주간,금,1,0,0,차대차,측면직각충돌,측면직각충돌,교차로,교차로부근,화물차,자전거
2014.5.1 17:00,주간,목,1,0,0,차대차,정면충돌,정면충돌,교차로,교차로내,화물차,자전거
2014.4.10 17:00,주간,목,1,0,3,차대차,정면충돌,정면충돌,단일로,기타단일로,승용차,승합차
2014.4.11 13:00,주간,금,1,0,1,차대사람,횡단중,횡단중,단일로,기타단일로,승용차,보행자
2014.3.18 15:00,주간,화,1,0,0,차대사람,기타,기타,단일로,기타단일로,화물차,보행자
2014.3.28 21:00,야간,금,1,0,0,차대사람,횡단중,횡단중,교차로,교차로부근,승용차,보행자
2014.10.14 4:00,야간,화,1,0,0,차량단독,공작물충돌,공작물충돌,단일로,기타단일로,승용차,0
2014.10.15 0:00,야간,수,1,1,0,차대차,정면충돌,정면충돌,교차로,교차로부근,승용차,화물차
2014.10.12 6:00,주간,일,1,0,0,차대사람,횡단중,횡단중,단일로,횡단보도상,승합차,보행자
2014.10.11 9:00,주간,토,1,0,0,차대사람,기타,기타,단일로,기타단일로,승용차,보행자
2014.10.12 13:00,주간,일,1,1,0,차대차,기타,기타,교차로,교차로내,원동기장치자전거,화물차
2014.10.12 19:00,야간,일,1,0,0,차대차,정면충돌,정면충돌,교차로,교차로내,승용차,승용차
2014.10.10 18:00,야간,금,1,0,0,차대사람,기타,기타,단일로,기타단일로,화물차,보행자
2014.10.18 1:00,야간,토,1,0,0,차량단독,공작물충돌,공작물충돌,단일로,기타단일로,이륜차,0
2014.10.17 4:00,야간,금,1,0,0,차대사람,횡단중,횡단중,단일로,교량위,승용차,보행자
2014.10.25 14:00,주간,토,1,0,0,차량단독,도로이탈,도로이탈 추락,단일로,기타단일로,농기계,0
2014.10.24 21:00,야간,금,1,1,0,차대차,추돌,주정차중 추돌,교차로,교차로부근,승용차,화물차
2014.10.25 2:00,야간,토,1,4,2,차대차,측면직각충돌,측면직각충돌,교차로,교차로내,승용차,승용차
2014.10.25 9:00,주간,토,1,0,0,차대차,측면직각충돌,측면직각충돌,교차로,교차로내,승용차,화물차
2014.10.25 6:00,주간,토,1,1,0,차대차,정면충돌,정면충돌,단일로,기타단일로,승용차,승용차
2014.10.26 6:00,주간,일,1,1,0,차대차,측면직각충돌,측면직각충돌,단일로,기타단일로,승용차,승합차
2014.10.26 17:00,주간,일,1,0,0,차량단독,기타,기타,단일로,기타단일로,자전거,0
2014.10.23 6:00,주간,목,1,0,0,차대사람,기타,기타,교차로,교차로부근,승용차,보행자