발생년월일시,주야,요일,사망자수,중상자수,경상자수,사고유형_대분류,사고유형_중분류,사고유형,도로형태_대분류,도로형태,당사자종별_1당_대분류,당사자종별_2당_대분류
2014.10.30 11:00,주간,목,1,0,0,차대차,측면직각충돌,측면직각충돌,교차로,교차로내,승용차,자전거
2014.10.30 17:00,주간,목,1,0,0,차대차,기타,기타,교차로,교차로내,승용차,자전거
2013.3.9 6:00,주간,토,1,0,0,차대사람,횡단중,횡단중,교차로,교차로내,승합차,보행자
2013.4.6 0:00,야간,토,1,1,0,차대차,기타,기타,단일로,기타단일로,승용차,원동기장치자전거
2013.3.9 0:00,야간,토,1,1,0,차대차,추돌,진행중 추돌,단일로,기타단일로,화물차,특수차
2013.3.3 0:00,야간,일,1,0,0,차량단독,도로이탈,도로이탈 추락,단일로,기타단일로,승용차,0
2013.3.3 0:00,야간,일,1,0,0,차대사람,차도통행중,차도통행중,단일로,기타단일로,승용차,보행자
2013.7.11 8:00,주간,목,1,0,0,차대사람,횡단중,횡단중,단일로,횡단보도상,화물차,보행자
2013.7.15 0:00,야간,월,1,0,0,차대사람,횡단중,횡단중,단일로,기타단일로,승용차,보행자
2013.9.17 19:00,야간,화,1,1,0,차대사람,횡단중,횡단중,단일로,기타단일로,승용차,보행자
2012.4.9 15:00,주간,월,2,2,0,차량단독,전도전복,전도전복,단일로,기타단일로,화물차,0
2014.4.21 5:00,야간,월,1,0,0,차량단독,공작물충돌,공작물충돌,단일로,기타단일로,승합차,0
2014.4.20 4:00,야간,일,1,0,0,차대사람,기타,기타,교차로,교차로부근,승용차,보행자
2014.4.22 12:00,주간,화,1,0,2,차량단독,공작물충돌,공작물충돌,단일로,기타단일로,승용차,0
2014.3.17 14:00,주간,월,1,0,1,차대차,기타,기타,교차로,교차로내,승합차,승용차
2014.3.20 4:00,야간,목,1,0,0,차대사람,기타,기타,교차로,교차로내,승용차,보행자
2014.3.29 4:00,야간,토,1,0,0,차대차,기타,기타,단일로,기타단일로,이륜차,승용차
2014.3.29 19:00,야간,토,1,0,0,차대차,기타,기타,단일로,기타단일로,화물차,자전거
2014.3.27 17:00,주간,목,1,0,0,차량단독,기타,기타,단일로,기타단일로,화물차,0
2014.3.27 13:00,주간,목,1,0,1,차대차,추돌,주정차중 추돌,단일로,기타단일로,승용차,화물차
2014.3.27 1:00,야간,목,1,0,0,차대사람,기타,기타,단일로,기타단일로,화물차,보행자
2014.3.26 14:00,주간,수,1,0,0,차대차,기타,기타,교차로,교차로부근,이륜차,건설기계
2014.3.24 18:00,야간,월,1,0,0,차대차,기타,기타,단일로,기타단일로,이륜차,화물차
2014.3.25 3:00,야간,화,1,1,0,차량단독,공작물충돌,공작물충돌,교차로,교차로내,승용차,0
2013.7.3 0:00,야간,수,1,0,0,차대차,기타,기타,단일로,기타단일로,승용차,화물차
2013.6.29 12:00,주간,토,1,1,0,차량단독,기타,기타,교차로,교차로내,원동기장치자전거,0
2013.6.30 5:00,야간,일,1,0,0,차량단독,공작물충돌,공작물충돌,단일로,기타단일로,이륜차,0
2013.6.29 19:00,야간,토,1,0,0,차대차,추돌,진행중 추돌,단일로,기타단일로,승용차,원동기장치자전거
2013.6.29 22:00,야간,토,1,0,0,차량단독,기타,기타,단일로,기타단일로,승용차,0
2013.6.29 20:00,야간,토,1,0,1,차대차,추돌,진행중 추돌,단일로,기타단일로,이륜차,승용차
2013.6.30 20:00,야간,일,1,0,0,차대사람,횡단중,횡단중,단일로,기타단일로,화물차,보행자
2013.6.29 10:00,주간,토,1,0,0,차량단독,기타,기타,단일로,기타단일로,원동기장치자전거,0
2013.6.29 9:00,주간,토,1,0,0,차대사람,기타,기타,교차로,교차로부근,승용차,보행자
2013.7.8 17:00,주간,월,1,3,0,차대차,측면직각충돌,측면직각충돌,단일로,기타단일로,화물차,화물차
2013.5.20 20:00,야간,월,1,0,0,차대사람,횡단중,횡단중,교차로,교차로부근,승용차,보행자
2013.5.20 14:00,주간,월,1,1,0,차대차,정면충돌,정면충돌,교차로,교차로부근,이륜차,화물차
2013.5.18 15:00,주간,토,1,0,0,차대차,기타,기타,단일로,기타단일로,화물차,원동기장치자전거
2013.5.27 9:00,주간,월,1,1,1,차대차,정면충돌,정면충돌,단일로,기타단일로,승용차,승용차
2013.5.28 9:00,주간,화,1,0,0,차대사람,차도통행중,차도통행중,단일로,기타단일로,승용차,보행자
2013.5.29 5:00,야간,수,1,1,0,차대차,정면충돌,정면충돌,고가도로위,고가도로위,승용차,화물차
2013.6.5 20:00,야간,수,1,0,0,차대사람,기타,기타,단일로,기타단일로,화물차,보행자
2013.6.6 7:00,주간,목,1,0,0,차대차,측면직각충돌,측면직각충돌,교차로,교차로내,화물차,자전거
2013.6.6 4:00,야간,목,1,0,0,차대사람,횡단중,횡단중,단일로,횡단보도부근,승용차,보행자
2013.6.5 5:00,야간,수,1,1,0,차대차,측면직각충돌,측면직각충돌,교차로,교차로내,화물차,화물차
2013.6.3 3:00,야간,월,1,0,0,차량단독,기타,기타,단일로,기타단일로,이륜차,0
2013.6.8 22:00,야간,토,1,0,0,차대사람,횡단중,횡단중,교차로,교차로내,승용차,보행자
2013.6.10 18:00,야간,월,1,0,0,차량단독,전도전복,전도전복,교차로,교차로부근,농기계,0
2013.6.9 1:00,야간,일,1,0,2,차대사람,횡단중,횡단중,단일로,기타단일로,승용차,보행자
2013.6.17 20:00,야간,월,1,0,0,차대사람,차도통행중,차도통행중,단일로,기타단일로,화물차,보행자
2013.6.17 15:00,주간,월,2,0,0,차대차,기타,기타,교차로,교차로부근,이륜차,승용차
2013.6.16 22:00,야간,일,1,0,0,차대사람,기타,기타,단일로,기타단일로,화물차,보행자
2013.6.17 5:00,야간,월,1,0,1,차량단독,공작물충돌,공작물충돌,단일로,기타단일로,농기계,0
2013.6.15 20:00,야간,토,1,1,1,차대차,기타,기타,교차로,교차로내,승용차,승용차
2013.6.13 16:00,주간,목,1,1,0,차량단독,공작물충돌,공작물충돌,단일로,기타단일로,화물차,0
2014.4.8 22:00,야간,화,1,0,0,차대사람,횡단중,횡단중,교차로,교차로내,승용차,보행자
2014.4.15 9:00,주간,화,1,1,0,차대차,기타,기타,교차로,교차로부근,승용차,승용차
2014.4.12 11:00,주간,토,1,0,0,차대사람,차도통행중,차도통행중,단일로,기타단일로,화물차,보행자
2014.4.14 1:00,야간,월,1,0,0,차대사람,횡단중,횡단중,교차로,교차로내,승용차,보행자
2014.4.13 16:00,주간,일,1,0,0,차대사람,기타,기타,단일로,기타단일로,자전거,보행자
2014.4.13 15:00,주간,일,1,0,0,차량단독,전도전복,전도전복,단일로,기타단일로,이륜차,0
2014.4.22 20:00,야간,화,1,0,0,차대사람,횡단중,횡단중,단일로,기타단일로,승용차,보행자
2014.4.21 16:00,주간,월,1,0,0,차대사람,기타,기타,기타/불명,기타/불명,자전거,보행자
2014.4.21 5:00,야간,월,1,0,0,차량단독,공작물충돌,공작물충돌,교차로,교차로부근,화물차,0
2014.4.19 5:00,야간,토,1,0,0,차량단독,공작물충돌,공작물충돌,단일로,기타단일로,승용차,0
2014.4.20 18:00,야간,일,1,1,0,차대차,정면충돌,정면충돌,단일로,터널안,화물차,화물차
2014.5.1 21:00,야간,목,1,1,0,차대차,기타,기타,단일로,기타단일로,자전거,원동기장치자전거
2014.5.1 19:00,야간,목,2,2,1,차대차,기타,기타,단일로,기타단일로,승용차,승용차
2014.5.1 21:00,야간,목,1,0,0,차대사람,횡단중,횡단중,교차로,교차로부근,승용차,보행자
2014.5.2 0:00,야간,금,1,5,1,차대차,기타,기타,교차로,교차로내,승용차,승용차
2014.5.2 14:00,주간,금,1,0,0,차대차,추돌,주정차중 추돌,단일로,기타단일로,원동기장치자전거,화물차
2013.5.26 2:00,야간,일,1,0,0,차대차,기타,기타,단일로,기타단일로,승용차,승합차
2013.5.27 9:00,주간,월,1,0,0,차대사람,횡단중,횡단중,단일로,횡단보도상,승합차,보행자
2013.5.25 14:00,주간,토,1,0,0,차대차,측면직각충돌,측면직각충돌,교차로,교차로부근,원동기장치자전거,특수차
2013.5.25 18:00,야간,토,1,0,0,차량단독,공작물충돌,공작물충돌,단일로,기타단일로,이륜차,0
2013.5.25 10:00,주간,토,1,0,0,차대차,측면직각충돌,측면직각충돌,교차로,교차로내,원동기장치자전거,승용차
2013.6.1 15:00,주간,토,1,0,0,차대차,기타,기타,단일로,기타단일로,화물차,농기계
2013.5.29 19:00,야간,수,1,0,0,차대차,추돌,진행중 추돌,단일로,기타단일로,승용차,건설기계
2013.6.5 1:00,야간,수,1,0,0,차대사람,기타,기타,교차로,교차로부근,승용차,보행자
2013.6.5 1:00,야간,수,1,0,0,차대사람,횡단중,횡단중,단일로,기타단일로,화물차,보행자
2013.6.8 0:00,야간,토,1,0,0,차대사람,횡단중,횡단중,단일로,기타단일로,승용차,보행자
2013.6.17 23:00,야간,월,1,0,0,차대사람,기타,기타,단일로,기타단일로,승용차,보행자
2013.6.15 8:00,주간,토,1,0,1,차대차,추돌,주정차중 추돌,교차로,교차로부근,승용차,승용차
2013.6.14 21:00,야간,금,1,1,1,차대차,추돌,진행중 추돌,단일로,기타단일로,승용차,화물차
2013.7.8 15:00,주간,월,1,0,0,차대사람,길가장자리구역통행중,길가장자리구역통행중,단일로,기타단일로,이륜차,보행자
2013.7.8 18:00,야간,월,1,0,0,차량단독,기타,기타,단일로,기타단일로,화물차,0
2013.7.8 18:00,야간,월,1,0,0,차량단독,기타,기타,단일로,기타단일로,원동기장치자전거,0
2013.7.8 16:00,주간,월,1,0,0,차대사람,횡단중,횡단중,교차로,교차로부근,승용차,보행자
2013.7.6 1:00,야간,토,1,0,0,차대사람,기타,기타,단일로,기타단일로,승용차,보행자
2013.7.7 3:00,야간,일,1,1,0,차량단독,공작물충돌,공작물충돌,단일로,기타단일로,승용차,0
2013.7.7 21:00,야간,일,1,5,3,차대차,측면직각충돌,측면직각충돌,교차로,교차로내,승합차,승용차
2013.7.6 9:00,주간,토,1,0,0,차대차,추돌,진행중 추돌,단일로,기타단일로,이륜차,승합차
2013.7.6 0:00,야간,토,1,1,2,차대차,측면직각충돌,측면직각충돌,교차로,교차로부근,승용차,승합차
2013.7.5 21:00,야간,금,1,0,0,차량단독,공작물충돌,공작물충돌,단일로,기타단일로,원동기장치자전거,0
2013.7.4 7:00,주간,목,1,0,1,차대차,기타,기타,교차로,교차로내,승용차,원동기장치자전거
2013.7.3 21:00,야간,수,1,0,0,차대사람,차도통행중,차도통행중,단일로,기타단일로,자전거,보행자
2013.7.4 10:00,주간,목,1,0,0,차대차,측면직각충돌,측면직각충돌,교차로,교차로내,화물차,이륜차
2014.4.21 22:00,야간,월,1,0,0,차량단독,전도전복,전도전복,단일로,기타단일로,원동기장치자전거,0
2014.5.2 20:00,야간,금,1,0,0,차대사람,횡단중,횡단중,단일로,기타단일로,승용차,보행자
2014.5.3 18:00,야간,토,1,0,0,차대사람,기타,기타,단일로,기타단일로,승합차,보행자
2013.7.1 15:00,주간,월,1,0,1,차량단독,전도전복,전도전복,단일로,기타단일로,화물차,0
2013.7.1 15:00,주간,월,1,1,0,차대차,정면충돌,정면충돌,단일로,기타단일로,승용차,이륜차
2013.7.1 6:00,주간,월,1,0,0,차대차,기타,기타,단일로,기타단일로,승용차,원동기장치자전거
2013.7.1 7:00,주간,월,1,0,0,차대차,추돌,주정차중 추돌,단일로,기타단일로,이륜차,승합차
2013.7.1 6:00,주간,월,1,0,0,차량단독,전도전복,전도전복,단일로,기타단일로,이륜차,0
2013.7.2 5:00,야간,화,1,0,0,차대사람,횡단중,횡단중,단일로,기타단일로,화물차,보행자
2013.7.2 7:00,주간,화,1,0,0,차대사람,기타,기타,교차로,교차로내,화물차,보행자
2013.7.2 17:00,주간,화,1,0,0,차대사람,횡단중,횡단중,단일로,횡단보도상,승용차,보행자
2013.7.2 11:00,주간,화,1,2,0,차대차,정면충돌,정면충돌,고가도로위,고가도로위,화물차,승합차
2013.7.2 13:00,주간,화,1,0,0,차량단독,도로이탈,도로이탈 추락,단일로,기타단일로,자전거,0
2013.6.30 3:00,야간,일,1,1,3,차대차,추돌,진행중 추돌,단일로,기타단일로,승용차,승용차
2013.6.30 4:00,야간,일,1,0,0,차대사람,횡단중,횡단중,교차로,교차로내,화물차,보행자
2013.6.29 20:00,야간,토,1,0,0,차대차,기타,기타,교차로,교차로부근,원동기장치자전거,승용차
2013.6.29 20:00,야간,토,1,0,1,차대차,정면충돌,정면충돌,단일로,기타단일로,원동기장치자전거,승용차
2013.6.30 10:00,주간,일,1,0,0,차대사람,기타,기타,단일로,기타단일로,화물차,보행자
2013.7.1 0:00,야간,월,1,0,0,차대사람,기타,기타,단일로,기타단일로,승용차,보행자
2013.7.1 13:00,주간,월,1,0,0,차대사람,기타,기타,단일로,기타단일로,승용차,보행자
2013.6.30 22:00,야간,일,1,0,0,차대차,기타,기타,단일로,기타단일로,이륜차,승용차
2013.6.30 12:00,주간,일,1,2,0,차량단독,공작물충돌,공작물충돌,단일로,기타단일로,승용차,0
2013.7.7 0:00,야간,일,1,4,0,차량단독,도로이탈,도로이탈 추락,단일로,기타단일로,승용차,0
2013.7.7 5:00,야간,일,1,0,0,차대차,추돌,진행중 추돌,단일로,기타단일로,승용차,이륜차
2013.7.7 6:00,주간,일,1,1,0,차량단독,공작물충돌,공작물충돌,단일로,기타단일로,승용차,0
2013.5.18 17:00,주간,토,1,1,0,차대차,측면직각충돌,측면직각충돌,단일로,기타단일로,승합차,승용차
2013.5.19 0:00,야간,일,1,1,0,차량단독,공작물충돌,공작물충돌,단일로,기타단일로,승용차,0
2013.5.19 1:00,야간,일,1,0,0,차대사람,기타,기타,단일로,기타단일로,승용차,보행자
2013.5.26 4:00,야간,일,1,0,0,차대사람,기타,기타,단일로,기타단일로,승용차,보행자
2013.5.25 9:00,주간,토,1,0,0,차대사람,기타,기타,단일로,기타단일로,건설기계,보행자
2013.5.30 23:00,야간,목,1,0,0,차량단독,공작물충돌,공작물충돌,단일로,기타단일로,승용차,0
2013.6.2 4:00,야간,일,1,0,0,차대사람,횡단중,횡단중,단일로,기타단일로,승용차,보행자
2013.5.29 0:00,야간,수,1,1,0,차대차,측면직각충돌,측면직각충돌,교차로,교차로내,원동기장치자전거,원동기장치자전거
2013.5.28 19:00,야간,화,1,0,0,차량단독,도로이탈,도로이탈 추락,기타/불명,기타/불명,원동기장치자전거,0
2013.5.29 0:00,야간,수,1,0,0,차대차,기타,기타,교차로,교차로내,승용차,승용차
2013.6.7 0:00,야간,금,1,0,0,차대사람,횡단중,횡단중,단일로,기타단일로,승용차,보행자
2013.6.5 20:00,야간,수,1,0,0,차대차,정면충돌,정면충돌,기타/불명,기타/불명,승용차,이륜차
2013.6.20 19:00,야간,목,1,0,0,차대사람,횡단중,횡단중,단일로,기타단일로,승용차,보행자
2013.6.26 23:00,야간,수,1,0,0,차대사람,보도통행중,보도통행중,단일로,기타단일로,화물차,보행자
2013.6.28 22:00,야간,금,1,0,0,차대사람,기타,기타,단일로,기타단일로,승용차,보행자
2013.6.26 15:00,주간,수,1,0,0,차대차,측면직각충돌,측면직각충돌,단일로,기타단일로,승용차,원동기장치자전거
2013.6.26 15:00,주간,수,1,0,0,차량단독,전도전복,전도전복,단일로,기타단일로,이륜차,0
2013.6.25 17:00,주간,화,1,0,0,차대사람,횡단중,횡단중,단일로,기타단일로,화물차,보행자
2012.7.26 2:00,야간,목,1,0,1,차대차,추돌,주정차중 추돌,단일로,기타단일로,화물차,화물차
2012.6.9 17:00,주간,토,1,0,0,차대사람,횡단중,횡단중,단일로,횡단보도상,승용차,보행자
2012.6.14 20:00,야간,목,1,0,0,차대차,측면직각충돌,측면직각충돌,교차로,교차로내,원동기장치자전거,승용차
2012.6.2 9:00,주간,토,1,1,0,차대사람,기타,기타,교차로,교차로부근,건설기계,보행자
2013.10.3 7:00,주간,목,1,0,0,차대차,추돌,주정차중 추돌,단일로,기타단일로,화물차,화물차
2012.4.7 4:00,야간,토,1,0,0,차대사람,기타,기타,단일로,기타단일로,화물차,보행자
2012.4.4 21:00,야간,수,1,0,0,차대사람,차도통행중,차도통행중,단일로,기타단일로,승합차,보행자
2012.9.22 10:00,주간,토,1,2,1,차대차,기타,기타,기타/불명,기타/불명,특수차,승용차
2012.8.15 23:00,야간,수,2,1,0,차대차,측면직각충돌,측면직각충돌,단일로,기타단일로,화물차,화물차
2012.6.6 10:00,주간,수,1,0,0,차대사람,차도통행중,차도통행중,단일로,횡단보도상,건설기계,보행자
2013.6.13 0:00,야간,목,1,0,1,차량단독,도로이탈,도로이탈 추락,단일로,기타단일로,승용차,0
2013.6.21 17:00,주간,금,1,1,1,차대차,측면직각충돌,측면직각충돌,교차로,교차로내,승용차,승용차
2013.6.19 22:00,야간,수,1,0,0,차대사람,차도통행중,차도통행중,단일로,기타단일로,승용차,보행자
2013.6.19 18:00,야간,수,1,1,0,차대차,정면충돌,정면충돌,단일로,기타단일로,화물차,화물차
2013.6.19 10:00,주간,수,1,0,1,차대차,정면충돌,정면충돌,단일로,기타단일로,화물차,승용차
2013.7.3 23:00,야간,수,1,0,2,차량단독,전도전복,전도전복,단일로,기타단일로,승용차,0
2013.7.2 5:00,야간,화,1,2,0,차대차,측면직각충돌,측면직각충돌,교차로,교차로내,승용차,승용차
2013.7.1 9:00,주간,월,1,0,0,차대차,측면직각충돌,측면직각충돌,단일로,기타단일로,승용차,자전거
2013.6.30 21:00,야간,일,1,0,0,차대사람,기타,기타,교차로,교차로내,특수차,보행자
2013.6.29 22:00,야간,토,1,0,0,차대차,추돌,진행중 추돌,단일로,기타단일로,이륜차,승용차
2013.6.29 18:00,야간,토,1,0,0,차대사람,횡단중,횡단중,교차로,교차로내,승용차,보행자
2013.6.29 18:00,야간,토,1,0,0,차량단독,도로이탈,도로이탈 추락,기타/불명,기타/불명,승용차,0
2012.2.4 11:00,주간,토,1,0,0,차대차,측면직각충돌,측면직각충돌,단일로,기타단일로,승용차,승합차
2012.3.13 9:00,주간,화,1,0,0,차대차,측면직각충돌,측면직각충돌,교차로,교차로내,승합차,이륜차
2012.3.11 23:00,야간,일,2,3,1,차대사람,길가장자리구역통행중,길가장자리구역통행중,단일로,기타단일로,승용차,보행자
2012.3.15 22:00,야간,목,1,4,0,차대차,정면충돌,정면충돌,단일로,기타단일로,승용차,승용차
2012.3.15 12:00,주간,목,1,0,0,차대사람,횡단중,횡단중,단일로,기타단일로,승합차,보행자
2012.3.19 16:00,주간,월,1,0,0,차대사람,횡단중,횡단중,단일로,횡단보도상,이륜차,보행자
2012.2.25 4:00,야간,토,1,0,0,차대사람,기타,기타,단일로,기타단일로,승용차,보행자
2012.1.30 2:00,야간,월,2,1,1,차량단독,공작물충돌,공작물충돌,교차로,교차로부근,승용차,0
2012.2.5 22:00,야간,일,1,0,0,차량단독,공작물충돌,공작물충돌,교차로,교차로부근,승용차,0
2012.10.3 20:00,야간,수,1,0,0,차대사람,횡단중,횡단중,교차로,교차로부근,승합차,보행자
2012.11.21 0:00,야간,수,1,1,0,차대사람,기타,기타,단일로,기타단일로,승용차,보행자
2012.8.18 8:00,주간,토,1,3,1,차대차,측면직각충돌,측면직각충돌,교차로,교차로내,특수차,승용차
2012.8.7 21:00,야간,화,1,0,0,차대사람,횡단중,횡단중,교차로,교차로내,화물차,보행자
2012.9.10 1:00,야간,월,1,0,0,차대사람,기타,기타,단일로,횡단보도상,승용차,보행자
2012.9.13 6:00,주간,목,1,0,0,차대사람,횡단중,횡단중,교차로,교차로부근,승용차,보행자
2013.7.13 6:00,주간,토,1,0,1,차대차,추돌,진행중 추돌,단일로,기타단일로,특수차,승합차
2013.7.12 22:00,야간,금,1,0,0,차대사람,기타,기타,단일로,기타단일로,승용차,보행자
2013.6.18 23:00,야간,화,1,0,0,차대사람,횡단중,횡단중,단일로,횡단보도상,승용차,보행자
2013.6.26 23:00,야간,수,1,0,0,차량단독,공작물충돌,공작물충돌,교차로,교차로부근,이륜차,0
2013.5.27 14:00,주간,월,1,0,0,차량단독,공작물충돌,공작물충돌,단일로,기타단일로,승용차,0
2013.6.2 0:00,야간,일,1,0,0,차량단독,공작물충돌,공작물충돌,단일로,기타단일로,승용차,0
2013.6.1 14:00,주간,토,1,0,0,차대사람,기타,기타,단일로,기타단일로,자전거,보행자
2013.6.2 3:00,야간,일,1,0,0,차대차,정면충돌,정면충돌,교차로,교차로부근,이륜차,화물차
2013.6.5 20:00,야간,수,1,0,0,차대사람,횡단중,횡단중,단일로,기타단일로,화물차,보행자
2013.6.6 11:00,주간,목,1,1,0,차량단독,도로이탈,도로이탈 추락,단일로,기타단일로,화물차,0
2013.6.10 7:00,주간,월,1,0,0,차대사람,기타,기타,단일로,횡단보도상,건설기계,보행자
2013.6.10 5:00,야간,월,1,0,0,차량단독,기타,기타,단일로,기타단일로,승용차,0
2013.6.13 2:00,야간,목,1,1,0,차량단독,공작물충돌,공작물충돌,단일로,기타단일로,이륜차,0
2013.6.13 16:00,주간,목,1,0,0,차대차,측면직각충돌,측면직각충돌,교차로,교차로내,승합차,자전거
2013.6.13 20:00,야간,목,1,0,1,차대차,추돌,진행중 추돌,단일로,기타단일로,이륜차,이륜차
2013.6.15 0:00,야간,토,1,0,0,차대사람,횡단중,횡단중,단일로,기타단일로,승용차,보행자
2012.3.6 0:00,야간,화,1,0,0,차대사람,기타,기타,교차로,교차로내,화물차,보행자
2012.3.16 5:00,야간,금,1,2,0,차대차,측면직각충돌,측면직각충돌,단일로,기타단일로,승용차,승용차
2012.3.10 22:00,야간,토,1,1,0,차대사람,횡단중,횡단중,교차로,교차로내,승용차,보행자
2012.3.17 6:00,주간,토,1,0,0,차대사람,차도통행중,차도통행중,단일로,기타단일로,승용차,보행자
2012.3.20 1:00,야간,화,1,0,0,차량단독,전도전복,전도전복,단일로,기타단일로,승용차,0
2012.2.28 6:00,주간,화,1,0,0,차대사람,횡단중,횡단중,단일로,횡단보도상,승용차,보행자
2012.2.22 21:00,야간,수,1,0,0,차대사람,기타,기타,단일로,횡단보도부근,승용차,보행자
2012.12.5 21:00,야간,수,1,0,0,차량단독,공작물충돌,공작물충돌,단일로,기타단일로,승용차,0
2012.12.14 6:00,주간,금,1,0,0,차대사람,횡단중,횡단중,교차로,교차로내,승용차,보행자
2012.6.14 10:00,주간,목,1,0,0,차대사람,횡단중,횡단중,교차로,교차로내,화물차,보행자
2012.11.18 14:00,주간,일,1,0,0,차량단독,기타,기타,단일로,기타단일로,이륜차,0
2012.11.20 19:00,야간,화,1,0,0,차대사람,기타,기타,교차로,교차로부근,승용차,보행자
2012.11.4 18:00,야간,일,1,0,0,차대사람,횡단중,횡단중,단일로,기타단일로,승용차,보행자
2012.11.3 18:00,야간,토,1,0,0,차대사람,기타,기타,단일로,기타단일로,승용차,보행자
2012.11.1 3:00,야간,목,1,0,0,차대사람,기타,기타,단일로,기타단일로,승용차,보행자
2012.12.29 23:00,야간,토,1,0,0,차대사람,차도통행중,차도통행중,단일로,횡단보도상,승용차,보행자
2012.1.4 11:00,주간,수,1,0,0,차대사람,횡단중,횡단중,교차로,교차로내,승합차,보행자
2012.6.12 10:00,주간,화,1,0,0,차대차,추돌,진행중 추돌,단일로,기타단일로,승합차,이륜차
2012.7.10 19:00,야간,화,1,0,2,차대차,기타,기타,단일로,기타단일로,승용차,승용차
2013.6.25 7:00,주간,화,1,0,0,차대사람,보도통행중,보도통행중,교차로,교차로부근,승용차,보행자
2013.6.23 21:00,야간,일,1,0,0,차대차,측면직각충돌,측면직각충돌,교차로,교차로내,이륜차,승합차
2013.1.30 17:00,주간,수,1,0,0,차대사람,횡단중,횡단중,단일로,횡단보도부근,화물차,보행자
2013.5.13 10:00,주간,월,1,0,0,차대차,추돌,진행중 추돌,단일로,기타단일로,화물차,화물차
2013.9.4 5:00,야간,수,1,1,0,차대차,추돌,진행중 추돌,단일로,기타단일로,화물차,화물차
2013.2.2 10:00,주간,토,1,0,0,차대사람,횡단중,횡단중,단일로,기타단일로,승용차,보행자
2013.3.20 8:00,주간,수,1,1,0,차대차,기타,기타,교차로,교차로내,건설기계,화물차
2013.3.18 6:00,주간,월,1,0,0,차대사람,횡단중,횡단중,단일로,기타단일로,승합차,보행자
2013.3.29 23:00,야간,금,1,2,5,차대차,정면충돌,정면충돌,단일로,기타단일로,화물차,승합차
2013.3.21 6:00,주간,목,1,0,0,차대차,기타,기타,교차로,교차로내,화물차,자전거
2013.3.20 15:00,주간,수,1,0,0,차대사람,횡단중,횡단중,교차로,교차로내,화물차,보행자
2013.8.31 13:00,주간,토,1,0,0,차량단독,공작물충돌,공작물충돌,단일로,기타단일로,승용차,0
2013.7.12 13:00,주간,금,2,1,0,차대차,정면충돌,정면충돌,단일로,기타단일로,특수차,승용차
2013.7.13 0:00,야간,토,1,0,0,차대사람,보도통행중,보도통행중,교차로,교차로내,승용차,보행자
2014.6.26 20:00,야간,목,1,0,0,차대차,기타,기타,단일로,기타단일로,승용차,건설기계
2014.12.27 17:00,주간,토,1,0,0,차대사람,횡단중,횡단중,단일로,횡단보도상,승용차,보행자
2014.11.15 15:00,주간,토,1,1,0,차대차,기타,기타,단일로,기타단일로,화물차,건설기계
2014.11.15 5:00,야간,토,1,0,0,차대사람,기타,기타,단일로,기타단일로,승용차,보행자
2014.11.23 15:00,주간,일,1,0,0,차대사람,횡단중,횡단중,단일로,기타단일로,승용차,보행자
2014.11.25 20:00,야간,화,1,0,0,차대사람,횡단중,횡단중,단일로,기타단일로,승용차,보행자
2014.11.22 14:00,주간,토,1,1,2,차대차,추돌,주정차중 추돌,단일로,기타단일로,승용차,승용차
2014.11.21 5:00,야간,금,1,1,0,차대사람,보도통행중,보도통행중,단일로,횡단보도상,승용차,보행자
2014.11.21 19:00,야간,금,1,0,0,차대차,측면직각충돌,측면직각충돌,교차로,교차로부근,승합차,이륜차
2014.11.30 6:00,주간,일,1,0,0,차대사람,횡단중,횡단중,교차로,교차로부근,승합차,보행자
2014.11.30 18:00,야간,일,1,0,0,차대차,추돌,진행중 추돌,단일로,기타단일로,원동기장치자전거,건설기계
2014.11.30 17:00,주간,일,1,0,0,차량단독,공작물충돌,공작물충돌,단일로,기타단일로,승용차,0
2014.11.30 17:00,주간,일,1,1,0,차량단독,공작물충돌,공작물충돌,단일로,기타단일로,승용차,0
2014.11.29 14:00,주간,토,1,0,0,차대사람,차도통행중,차도통행중,교차로,교차로내,화물차,보행자
2014.11.27 7:00,주간,목,1,1,1,차대차,측면직각충돌,측면직각충돌,교차로,교차로내,화물차,화물차
2014.12.7 2:00,야간,일,1,0,0,차대차,기타,기타,교차로,교차로내,승용차,이륜차
2014.12.5 23:00,야간,금,1,0,0,차대사람,횡단중,횡단중,단일로,기타단일로,승용차,보행자
2014.12.5 13:00,주간,금,2,0,7,차대차,기타,기타,단일로,기타단일로,승용차,승합차
2014.12.14 5:00,야간,일,1,0,0,차량단독,도로이탈,도로이탈 기타,단일로,기타단일로,화물차,0
2014.12.11 1:00,야간,목,1,0,0,차대차,측면직각충돌,측면직각충돌,교차로,교차로내,승용차,승용차
2014.12.11 15:00,주간,목,1,0,0,차대사람,기타,기타,교차로,교차로내,승용차,보행자
2014.12.19 22:00,야간,금,1,2,0,차대차,추돌,주정차중 추돌,고가도로위,고가도로위,승용차,승용차
2014.12.19 6:00,주간,금,1,0,0,차대사람,기타,기타,교차로,교차로부근,승용차,보행자
2014.12.19 8:00,주간,금,1,2,0,차대차,추돌,진행중 추돌,단일로,기타단일로,화물차,화물차
2014.12.18 23:00,야간,목,1,0,0,차대사람,기타,기타,단일로,기타단일로,특수차,보행자
2014.12.24 20:00,야간,수,1,0,0,차대사람,차도통행중,차도통행중,단일로,횡단보도상,승합차,보행자
2014.12.24 20:00,야간,수,1,0,0,차대사람,길가장자리구역통행중,길가장자리구역통행중,단일로,기타단일로,화물차,보행자