발생년월일시,주야,요일,사망자수,중상자수,경상자수,사고유형_대분류,사고유형_중분류,사고유형,도로형태_대분류,도로형태,당사자종별_1당_대분류,당사자종별_2당_대분류
2014.12.22 16:00,주간,월,1,1,0,차대차,측면직각충돌,측면직각충돌,교차로,교차로내,화물차,승용차
2014.12.22 0:00,야간,월,1,0,0,차량단독,공작물충돌,공작물충돌,단일로,기타단일로,승용차,0
2014.12.31 7:00,주간,수,1,0,0,차량단독,공작물충돌,공작물충돌,단일로,기타단일로,승용차,0
2014.12.29 6:00,주간,월,1,0,0,차대사람,기타,기타,교차로,교차로내,건설기계,보행자
2014.12.29 22:00,야간,월,1,1,0,차대차,정면충돌,정면충돌,단일로,기타단일로,승용차,승용차
2014.12.29 21:00,야간,월,1,0,0,차대사람,횡단중,횡단중,교차로,교차로부근,화물차,보행자
2014.12.16 6:00,주간,화,1,0,0,차대사람,횡단중,횡단중,교차로,교차로내,승합차,보행자
2014.11.12 20:00,야간,수,1,0,0,차대사람,보도통행중,보도통행중,기타/불명,기타/불명,승용차,보행자
2014.11.7 17:00,주간,금,1,0,0,차대사람,보도통행중,보도통행중,단일로,횡단보도상,화물차,보행자
2014.11.6 9:00,주간,목,1,0,0,차대차,측면직각충돌,측면직각충돌,교차로,교차로내,특수차,화물차
2014.11.8 7:00,주간,토,1,0,0,차대차,측면직각충돌,측면직각충돌,교차로,교차로내,이륜차,화물차
2014.10.8 11:00,주간,수,1,0,0,차대차,측면직각충돌,측면직각충돌,단일로,기타단일로,화물차,원동기장치자전거
2014.10.6 21:00,야간,월,1,0,0,차량단독,공작물충돌,공작물충돌,단일로,기타단일로,승용차,0
2014.10.6 23:00,야간,월,1,0,0,차대사람,기타,기타,교차로,교차로내,승용차,보행자
2014.10.15 10:00,주간,수,1,0,0,차대사람,차도통행중,차도통행중,단일로,기타단일로,승용차,보행자
2014.10.11 10:00,주간,토,1,2,0,차량단독,공작물충돌,공작물충돌,단일로,기타단일로,승용차,0
2014.10.11 0:00,야간,토,1,0,0,차대사람,횡단중,횡단중,교차로,교차로부근,승용차,보행자
2014.10.12 14:00,주간,일,1,0,0,차대사람,횡단중,횡단중,교차로,교차로부근,화물차,보행자
2014.10.20 21:00,야간,월,1,0,0,차량단독,기타,기타,단일로,기타단일로,이륜차,0
2014.10.26 0:00,야간,일,1,1,0,차량단독,공작물충돌,공작물충돌,단일로,기타단일로,화물차,0
2014.10.22 17:00,주간,수,1,0,0,차대사람,차도통행중,차도통행중,단일로,기타단일로,승용차,보행자
2014.10.24 9:00,주간,금,1,0,0,차대차,측면직각충돌,측면직각충돌,교차로,교차로내,이륜차,화물차
2014.10.24 15:00,주간,금,1,0,0,차량단독,공작물충돌,공작물충돌,단일로,기타단일로,화물차,0
2014.10.30 16:00,주간,목,1,0,0,차대차,측면직각충돌,측면직각충돌,교차로,교차로내,이륜차,건설기계
2014.10.28 18:00,야간,화,1,0,0,차대사람,횡단중,횡단중,단일로,기타단일로,승용차,보행자
2014.10.28 11:00,주간,화,1,0,0,차대차,추돌,진행중 추돌,단일로,기타단일로,화물차,자전거
2014.10.28 18:00,야간,화,1,1,1,차대차,추돌,진행중 추돌,단일로,기타단일로,승합차,농기계
2014.11.12 18:00,야간,수,1,0,0,차대사람,횡단중,횡단중,단일로,횡단보도부근,승용차,보행자
2014.11.13 17:00,주간,목,1,0,0,차대사람,기타,기타,단일로,기타단일로,승용차,보행자
2014.11.9 5:00,야간,일,1,5,0,차량단독,전도전복,전도전복,단일로,기타단일로,승용차,0
2014.11.10 9:00,주간,월,1,0,0,차대차,측면직각충돌,측면직각충돌,교차로,교차로내,이륜차,화물차
2014.11.10 11:00,주간,월,1,0,0,차대차,기타,기타,교차로,교차로부근,이륜차,화물차
2014.11.6 7:00,주간,목,1,2,0,차대차,추돌,진행중 추돌,단일로,기타단일로,승용차,승용차
2014.11.6 17:00,주간,목,1,0,0,차대차,측면직각충돌,측면직각충돌,교차로,교차로내,자전거,자전거
2014.11.6 6:00,주간,목,1,0,0,차대차,기타,기타,단일로,기타단일로,화물차,자전거
2014.11.7 13:00,주간,금,1,0,0,차량단독,공작물충돌,공작물충돌,교차로,교차로내,원동기장치자전거,0
2014.11.8 6:00,주간,토,1,0,0,차대사람,횡단중,횡단중,단일로,기타단일로,승용차,보행자
2014.11.9 11:00,주간,일,3,4,2,차대차,정면충돌,정면충돌,교차로,교차로내,승용차,승용차
2014.11.11 5:00,야간,화,1,0,0,차대차,기타,기타,교차로,교차로내,이륜차,화물차
2014.11.9 17:00,주간,일,1,0,0,차대차,정면충돌,정면충돌,단일로,기타단일로,이륜차,승용차
2014.11.9 23:00,야간,일,1,0,0,차대차,추돌,주정차중 추돌,단일로,기타단일로,승용차,특수차
2014.11.19 19:00,야간,수,1,0,0,차대사람,횡단중,횡단중,단일로,기타단일로,승합차,보행자
2014.11.20 2:00,야간,목,1,0,0,차대사람,기타,기타,교차로,교차로내,승용차,보행자
2014.10.10 5:00,야간,금,1,0,0,차량단독,기타,기타,단일로,기타단일로,이륜차,0
2014.8.18 9:00,주간,월,1,0,0,차대사람,횡단중,횡단중,교차로,교차로부근,승합차,보행자
2014.8.25 22:00,야간,월,3,3,3,차대차,추돌,주정차중 추돌,교차로,교차로부근,화물차,승용차
2014.8.25 15:00,주간,월,1,0,0,차대사람,횡단중,횡단중,단일로,기타단일로,승용차,보행자
2014.8.25 21:00,야간,월,2,1,0,차대차,정면충돌,정면충돌,단일로,기타단일로,승용차,승용차
2014.8.24 15:00,주간,일,1,7,0,차대차,측면직각충돌,측면직각충돌,교차로,교차로내,승용차,화물차
2014.11.13 11:00,주간,목,1,0,0,차대차,측면직각충돌,측면직각충돌,교차로,교차로부근,원동기장치자전거,원동기장치자전거
2014.11.13 12:00,주간,목,1,1,3,차대차,기타,기타,단일로,기타단일로,승용차,승용차
2014.11.13 14:00,주간,목,1,0,0,차대사람,기타,기타,교차로,교차로내,화물차,보행자
2014.11.13 21:00,야간,목,1,0,0,차량단독,공작물충돌,공작물충돌,단일로,기타단일로,화물차,0
2014.11.8 18:00,야간,토,1,0,1,차대차,추돌,진행중 추돌,지하도로내,지하도로내,화물차,화물차
2014.11.8 23:00,야간,토,1,1,0,차량단독,기타,기타,기타/불명,기타/불명,원동기장치자전거,0
2014.10.7 18:00,야간,화,1,0,0,차대사람,횡단중,횡단중,단일로,기타단일로,승용차,보행자
2014.10.10 12:00,주간,금,1,0,0,차대차,측면직각충돌,측면직각충돌,단일로,기타단일로,화물차,화물차
2014.10.8 22:00,야간,수,1,0,0,차대차,추돌,진행중 추돌,단일로,기타단일로,승용차,자전거
2014.10.15 18:00,야간,수,1,0,0,차대사람,기타,기타,단일로,기타단일로,승용차,보행자
2014.10.13 15:00,주간,월,1,1,0,차대차,측면직각충돌,측면직각충돌,교차로,교차로내,승합차,승용차
2014.10.13 11:00,주간,월,1,3,0,차대차,기타,기타,단일로,기타단일로,화물차,승용차
2014.10.12 17:00,주간,일,1,0,0,차량단독,전도전복,전도전복,단일로,기타단일로,원동기장치자전거,0
2014.10.18 8:00,주간,토,1,0,0,차대사람,기타,기타,기타/불명,기타/불명,건설기계,보행자
2014.10.25 22:00,야간,토,1,0,0,차량단독,공작물충돌,공작물충돌,단일로,기타단일로,원동기장치자전거,0
2014.10.26 6:00,주간,일,1,0,0,차대사람,기타,기타,단일로,기타단일로,화물차,보행자
2014.10.26 2:00,야간,일,2,0,0,차대차,기타,기타,단일로,기타단일로,승용차,승용차
2014.11.3 13:00,주간,월,1,0,0,차대차,측면직각충돌,측면직각충돌,교차로,교차로내,농기계,원동기장치자전거
2014.11.3 9:00,주간,월,1,1,0,차대차,기타,기타,교차로,교차로내,원동기장치자전거,승용차
2014.11.13 7:00,주간,목,1,0,0,차대차,측면직각충돌,측면직각충돌,교차로,교차로내,승용차,이륜차
2014.11.5 4:00,야간,수,1,0,0,차대사람,횡단중,횡단중,교차로,교차로부근,승용차,보행자
2014.11.5 1:00,야간,수,1,0,0,차량단독,기타,기타,단일로,기타단일로,승용차,0
2014.11.4 7:00,주간,화,1,0,0,차대차,측면직각충돌,측면직각충돌,교차로,교차로부근,승합차,자전거
2014.11.12 18:00,야간,수,1,0,0,차대사람,횡단중,횡단중,교차로,교차로내,승용차,보행자
2014.12.6 21:00,야간,토,1,0,1,차대사람,기타,기타,단일로,기타단일로,승합차,보행자
2014.12.5 11:00,주간,금,1,0,0,차대사람,기타,기타,단일로,기타단일로,승용차,보행자
2014.12.3 17:00,주간,수,1,0,0,차대사람,보도통행중,보도통행중,교차로,교차로내,화물차,보행자
2014.12.12 13:00,주간,금,1,0,3,차대사람,횡단중,횡단중,교차로,교차로내,승합차,보행자
2014.12.14 13:00,주간,일,1,1,3,차량단독,전도전복,전도전복,단일로,기타단일로,승용차,0
2014.12.9 19:00,야간,화,1,0,0,차대사람,기타,기타,단일로,기타단일로,승용차,보행자
2014.12.9 19:00,야간,화,1,0,0,차대사람,기타,기타,단일로,기타단일로,승용차,보행자
2014.12.10 7:00,주간,수,1,0,0,차대사람,횡단중,횡단중,단일로,기타단일로,승용차,보행자
2014.12.8 13:00,주간,월,1,0,0,차대사람,횡단중,횡단중,교차로,교차로내,화물차,보행자
2014.12.8 14:00,주간,월,1,1,0,차대차,측면직각충돌,측면직각충돌,단일로,기타단일로,화물차,화물차
2014.12.8 11:00,주간,월,1,0,0,차대차,기타,기타,단일로,기타단일로,승합차,자전거
2014.12.10 17:00,주간,수,2,0,0,차대차,추돌,진행중 추돌,교차로,교차로내,화물차,자전거
2014.12.18 19:00,야간,목,1,1,0,차대사람,길가장자리구역통행중,길가장자리구역통행중,단일로,기타단일로,화물차,보행자
2014.12.19 4:00,야간,금,1,1,0,차대차,추돌,주정차중 추돌,교차로,교차로부근,화물차,화물차
2014.12.19 7:00,주간,금,1,0,0,차대차,기타,기타,교차로,교차로부근,자전거,화물차
2014.12.20 16:00,주간,토,1,1,0,차대차,기타,기타,교차로,교차로내,화물차,특수차
2014.12.19 8:00,주간,금,1,2,0,차대차,정면충돌,정면충돌,단일로,기타단일로,승용차,화물차
2014.12.15 17:00,주간,월,1,5,2,차대차,기타,기타,교차로,교차로내,화물차,승합차
2014.9.4 19:00,야간,목,1,0,0,차대사람,보도통행중,보도통행중,교차로,교차로부근,화물차,보행자
2014.9.5 19:00,야간,금,1,0,0,차대차,측면직각충돌,측면직각충돌,단일로,교량위,승용차,자전거
2014.9.5 4:00,야간,금,1,0,0,차대사람,차도통행중,차도통행중,단일로,기타단일로,승용차,보행자
2014.9.13 16:00,주간,토,1,0,0,차대차,정면충돌,정면충돌,교차로,교차로내,이륜차,승용차
2014.9.13 16:00,주간,토,1,0,0,차대사람,횡단중,횡단중,교차로,교차로부근,승합차,보행자
2014.12.2 17:00,주간,화,1,1,0,차량단독,공작물충돌,공작물충돌,단일로,기타단일로,화물차,0
2014.12.13 18:00,야간,토,1,0,0,차대사람,기타,기타,교차로,교차로내,승용차,보행자
2014.12.13 23:00,야간,토,1,0,1,차대차,기타,기타,단일로,기타단일로,승합차,승용차
2014.12.14 6:00,주간,일,1,0,0,차대사람,기타,기타,교차로,교차로부근,건설기계,보행자
2014.12.12 23:00,야간,금,1,0,0,차량단독,공작물충돌,공작물충돌,기타/불명,기타/불명,승용차,0
2014.12.13 10:00,주간,토,1,0,0,차량단독,전도전복,전도전복,단일로,기타단일로,이륜차,0
2014.12.9 9:00,주간,화,1,0,0,차대사람,횡단중,횡단중,단일로,횡단보도상,승용차,보행자
2014.12.18 10:00,주간,목,1,0,0,차대차,기타,기타,교차로,교차로부근,화물차,승용차
2014.12.19 18:00,야간,금,1,0,0,차대사람,횡단중,횡단중,단일로,횡단보도부근,승용차,보행자
2014.12.21 7:00,주간,일,1,0,0,차량단독,전도전복,전도전복,단일로,기타단일로,화물차,0
2014.12.31 7:00,주간,수,1,0,0,차대사람,기타,기타,단일로,횡단보도상,승용차,보행자
2014.12.31 18:00,야간,수,1,0,0,차대사람,횡단중,횡단중,단일로,기타단일로,승용차,보행자
2014.12.31 12:00,주간,수,1,0,0,차량단독,기타,기타,단일로,기타단일로,화물차,0
2014.12.31 2:00,야간,수,1,0,0,차량단독,공작물충돌,공작물충돌,교차로,교차로부근,승용차,0
2014.12.30 12:00,주간,화,1,0,0,차량단독,기타,기타,단일로,기타단일로,승용차,0
2014.12.30 16:00,주간,화,1,0,0,차량단독,도로이탈,도로이탈 기타,단일로,기타단일로,이륜차,0
2014.12.29 23:00,야간,월,1,0,0,차대사람,기타,기타,단일로,기타단일로,승용차,보행자
2014.12.29 22:00,야간,월,1,0,0,차량단독,공작물충돌,공작물충돌,교차로,교차로내,승용차,0
2014.12.30 14:00,주간,화,1,0,0,차량단독,도로이탈,도로이탈 추락,단일로,기타단일로,농기계,0
2014.12.30 11:00,주간,화,1,0,0,차대차,추돌,진행중 추돌,교차로,교차로부근,승용차,원동기장치자전거
2014.11.28 20:00,야간,금,1,0,3,차대차,기타,기타,단일로,기타단일로,화물차,승용차
2014.12.4 18:00,야간,목,1,0,0,차대사람,횡단중,횡단중,단일로,횡단보도상,승용차,보행자
2014.12.21 1:00,야간,일,1,0,2,차대차,기타,기타,단일로,터널안,승용차,승용차
2014.11.25 11:00,주간,화,1,0,0,차대차,추돌,진행중 추돌,단일로,기타단일로,승합차,이륜차
2014.11.26 10:00,주간,수,1,0,0,차대차,기타,기타,교차로,교차로내,화물차,자전거
2014.11.15 6:00,주간,토,1,0,0,차대사람,횡단중,횡단중,단일로,기타단일로,승용차,보행자
2014.11.17 0:00,야간,월,1,1,0,차량단독,공작물충돌,공작물충돌,단일로,기타단일로,승용차,0
2014.11.24 19:00,야간,월,1,1,0,차대차,측면직각충돌,측면직각충돌,교차로,교차로내,승용차,화물차
2014.11.25 20:00,야간,화,1,0,0,차대사람,횡단중,횡단중,교차로,교차로부근,승용차,보행자
2014.11.25 20:00,야간,화,1,1,0,차대사람,횡단중,횡단중,단일로,횡단보도상,승합차,보행자
2014.11.24 19:00,야간,월,1,0,0,차대사람,횡단중,횡단중,교차로,교차로부근,화물차,보행자
2014.11.25 9:00,주간,화,1,0,0,차대사람,기타,기타,단일로,기타단일로,화물차,보행자
2014.11.22 22:00,야간,토,1,0,0,차대사람,기타,기타,교차로,교차로내,승용차,보행자
2014.11.22 20:00,야간,토,1,0,0,차대사람,횡단중,횡단중,교차로,교차로내,승용차,보행자
2014.11.22 6:00,주간,토,1,0,0,차대사람,횡단중,횡단중,교차로,교차로내,승용차,보행자
2014.11.22 3:00,야간,토,1,0,0,차대사람,횡단중,횡단중,단일로,횡단보도부근,승용차,보행자
2014.12.1 5:00,야간,월,1,0,0,차대차,추돌,주정차중 추돌,단일로,기타단일로,승용차,화물차
2014.9.30 1:00,야간,화,1,0,1,차대차,기타,기타,단일로,기타단일로,승합차,화물차
2014.9.20 13:00,주간,토,1,1,1,차대차,기타,기타,단일로,기타단일로,화물차,승용차
2014.10.21 23:00,야간,화,1,0,0,차대차,측면직각충돌,측면직각충돌,단일로,기타단일로,승용차,승용차
2014.10.16 6:00,주간,목,2,3,1,차대차,기타,기타,단일로,기타단일로,화물차,화물차
2014.8.23 18:00,야간,토,1,0,6,차대차,기타,기타,단일로,기타단일로,화물차,승용차
2014.12.10 2:00,야간,수,1,0,0,차대차,추돌,진행중 추돌,단일로,기타단일로,승용차,화물차
2014.8.25 4:00,야간,월,1,0,0,차대차,기타,기타,교차로,교차로내,원동기장치자전거,화물차
2014.8.24 6:00,주간,일,1,0,0,차대사람,횡단중,횡단중,단일로,기타단일로,화물차,보행자
2014.8.23 5:00,야간,토,1,0,0,차대사람,횡단중,횡단중,교차로,교차로부근,승용차,보행자
2014.8.23 4:00,야간,토,1,0,0,차량단독,기타,기타,단일로,기타단일로,이륜차,0
2014.9.1 16:00,주간,월,1,0,0,차대차,측면직각충돌,측면직각충돌,단일로,기타단일로,원동기장치자전거,화물차
2014.9.2 0:00,야간,화,1,0,0,차대차,기타,기타,교차로,교차로내,승용차,이륜차
2014.8.30 21:00,야간,토,1,0,0,차대차,기타,기타,교차로,교차로내,승용차,이륜차
2014.8.28 9:00,주간,목,1,0,0,차대차,측면직각충돌,측면직각충돌,단일로,기타단일로,화물차,자전거
2014.9.5 17:00,주간,금,1,0,0,차대차,기타,기타,교차로,교차로내,승용차,승용차
2014.9.7 18:00,야간,일,1,0,0,차대차,측면직각충돌,측면직각충돌,단일로,기타단일로,화물차,승용차
2014.9.15 15:00,주간,월,1,0,0,차대차,측면직각충돌,측면직각충돌,교차로,교차로내,승합차,자전거
2014.9.22 5:00,야간,월,1,0,0,차대사람,횡단중,횡단중,단일로,횡단보도상,건설기계,보행자
2014.9.22 7:00,주간,월,1,4,0,차대차,기타,기타,단일로,횡단보도부근,승용차,화물차
2014.9.19 11:00,주간,금,1,0,0,차대차,기타,기타,단일로,횡단보도상,승용차,자전거
2014.9.19 3:00,야간,금,1,0,0,차대차,추돌,진행중 추돌,단일로,기타단일로,승용차,이륜차
2014.9.17 11:00,주간,수,1,0,0,차대차,측면직각충돌,측면직각충돌,단일로,기타단일로,이륜차,승용차
2014.9.16 21:00,야간,화,1,0,0,차대사람,횡단중,횡단중,교차로,교차로내,승용차,보행자
2014.9.30 18:00,야간,화,1,0,0,차대차,추돌,진행중 추돌,단일로,기타단일로,원동기장치자전거,승합차
2014.9.29 10:00,주간,월,1,0,0,차대사람,횡단중,횡단중,단일로,횡단보도상,승합차,보행자
2014.9.29 9:00,주간,월,1,0,0,차량단독,도로이탈,도로이탈 기타,단일로,기타단일로,이륜차,0
2014.9.26 1:00,야간,금,1,0,0,차대차,기타,기타,단일로,기타단일로,화물차,승용차
2014.9.25 23:00,야간,목,1,0,0,차대사람,기타,기타,단일로,기타단일로,승용차,보행자
2014.9.27 17:00,주간,토,1,0,0,차량단독,전도전복,전도전복,단일로,기타단일로,자전거,0
2014.9.28 19:00,야간,일,1,0,0,차대사람,기타,기타,단일로,기타단일로,화물차,보행자
2014.9.25 15:00,주간,목,1,0,0,차량단독,공작물충돌,공작물충돌,단일로,기타단일로,화물차,0
2014.9.27 3:00,야간,토,1,2,0,차대차,측면직각충돌,측면직각충돌,교차로,교차로내,이륜차,승용차
2014.9.27 2:00,야간,토,1,2,0,차대차,기타,기타,기타/불명,기타/불명,승용차,승용차
2014.9.28 18:00,야간,일,1,0,0,차대차,측면직각충돌,측면직각충돌,단일로,기타단일로,이륜차,승용차
2014.9.26 12:00,주간,금,1,0,4,차대차,기타,기타,단일로,기타단일로,이륜차,화물차
2014.9.17 4:00,야간,수,1,0,0,차대차,추돌,진행중 추돌,단일로,기타단일로,이륜차,화물차
2014.9.16 19:00,야간,화,1,0,0,차대사람,횡단중,횡단중,단일로,기타단일로,화물차,보행자
2014.9.15 19:00,야간,월,1,0,0,차대사람,기타,기타,단일로,기타단일로,승용차,보행자
2014.9.15 19:00,야간,월,1,0,0,차대사람,길가장자리구역통행중,길가장자리구역통행중,단일로,기타단일로,화물차,보행자
2014.9.24 9:00,주간,수,1,0,0,차량단독,기타,기타,단일로,기타단일로,승용차,0
2014.9.23 10:00,주간,화,1,0,1,차대차,기타,기타,교차로,교차로내,화물차,화물차
2014.8.19 13:00,주간,화,1,0,0,차대차,측면직각충돌,측면직각충돌,교차로,교차로내,승용차,이륜차
2014.12.26 4:00,야간,금,1,0,0,차대사람,횡단중,횡단중,단일로,횡단보도상,승용차,보행자
2014.12.27 21:00,야간,토,1,0,0,차대사람,횡단중,횡단중,교차로,교차로부근,승용차,보행자
2014.12.27 16:00,주간,토,1,0,0,차량단독,기타,기타,단일로,기타단일로,원동기장치자전거,0
2014.12.27 7:00,주간,토,1,0,0,차대사람,횡단중,횡단중,교차로,교차로내,승합차,보행자
2014.12.22 20:00,야간,월,1,0,0,차대사람,차도통행중,차도통행중,단일로,기타단일로,화물차,보행자
2014.12.23 9:00,주간,화,1,0,1,차대차,측면직각충돌,측면직각충돌,교차로,교차로부근,화물차,승합차
2014.12.27 18:00,야간,토,1,0,0,차대사람,차도통행중,차도통행중,단일로,기타단일로,화물차,보행자
2014.12.27 18:00,야간,토,1,2,2,차대차,정면충돌,정면충돌,단일로,기타단일로,승용차,승용차
2014.11.13 23:00,야간,목,1,0,0,차대차,추돌,주정차중 추돌,단일로,기타단일로,화물차,승합차
2014.11.26 2:00,야간,수,1,1,0,차대사람,기타,기타,단일로,기타단일로,승용차,보행자
2014.11.25 15:00,주간,화,1,0,1,차대차,측면직각충돌,측면직각충돌,단일로,기타단일로,승용차,화물차
2014.11.25 6:00,주간,화,1,0,0,차대차,측면직각충돌,측면직각충돌,교차로,교차로내,자전거,승용차
2014.11.22 17:00,주간,토,1,0,0,차대차,측면직각충돌,측면직각충돌,교차로,교차로내,승합차,승용차
2014.12.1 1:00,야간,월,1,0,0,차대사람,횡단중,횡단중,단일로,기타단일로,승용차,보행자
2014.12.1 6:00,주간,월,1,0,0,차대사람,기타,기타,단일로,기타단일로,자전거,보행자
2014.12.1 12:00,주간,월,1,0,0,차대차,기타,기타,교차로,교차로내,이륜차,화물차
2014.11.28 10:00,주간,금,1,0,0,차대차,기타,기타,교차로,교차로부근,화물차,자전거
2014.11.27 6:00,주간,목,1,0,0,차대차,측면직각충돌,측면직각충돌,교차로,교차로내,승용차,화물차
2014.11.27 18:00,야간,목,1,0,0,차대사람,횡단중,횡단중,단일로,기타단일로,승용차,보행자
2014.12.6 4:00,야간,토,1,0,0,차량단독,도로이탈,도로이탈 추락,단일로,교량위,승합차,0
2014.12.7 19:00,야간,일,1,0,0,차대사람,횡단중,횡단중,단일로,기타단일로,승용차,보행자
2014.12.7 12:00,주간,일,1,0,3,차대차,정면충돌,정면충돌,교차로,교차로내,화물차,승용차
2014.12.3 0:00,야간,수,1,0,1,차대차,측면직각충돌,측면직각충돌,단일로,기타단일로,승용차,화물차
2014.12.4 13:00,주간,목,1,0,0,차대사람,횡단중,횡단중,단일로,횡단보도상,승합차,보행자
2014.12.3 10:00,주간,수,1,0,0,차대사람,횡단중,횡단중,단일로,기타단일로,승합차,보행자
2014.12.1 19:00,야간,월,1,0,0,차대차,측면직각충돌,측면직각충돌,교차로,교차로내,승용차,이륜차
2014.12.4 4:00,야간,목,1,0,0,차대사람,기타,기타,단일로,기타단일로,승용차,보행자
2014.12.4 5:00,야간,목,1,0,1,차대차,추돌,진행중 추돌,단일로,기타단일로,화물차,화물차
2014.12.3 17:00,주간,수,1,0,0,차대사람,횡단중,횡단중,단일로,기타단일로,화물차,보행자
2014.5.31 10:00,주간,토,1,0,0,차대차,추돌,주정차중 추돌,단일로,기타단일로,화물차,화물차
2014.4.9 17:00,주간,수,1,0,0,차량단독,공작물충돌,공작물충돌,단일로,기타단일로,승용차,0
2014.11.30 0:00,야간,일,1,0,0,차대차,추돌,주정차중 추돌,교차로,교차로내,승용차,승용차
2014.12.1 1:00,야간,월,1,0,0,차대사람,기타,기타,단일로,교량위,불명,보행자
2014.11.30 18:00,야간,일,1,0,0,차대차,추돌,진행중 추돌,교차로,교차로부근,승용차,원동기장치자전거
2014.11.30 0:00,야간,일,5,0,0,차대차,추돌,주정차중 추돌,단일로,기타단일로,승용차,화물차
2014.12.13 3:00,야간,토,1,0,0,차대사람,기타,기타,교차로,교차로부근,화물차,보행자
2014.1.8 9:00,주간,수,1,1,1,차대차,기타,기타,교차로,교차로부근,화물차,승용차
2014.1.3 6:00,주간,금,1,0,0,차대사람,길가장자리구역통행중,길가장자리구역통행중,단일로,기타단일로,화물차,보행자
2014.1.1 1:00,야간,수,1,0,0,차대사람,기타,기타,단일로,기타단일로,승용차,보행자
2014.1.2 17:00,주간,목,1,1,0,차량단독,공작물충돌,공작물충돌,단일로,기타단일로,화물차,0
2014.1.15 7:00,주간,수,1,0,0,차대사람,차도통행중,차도통행중,단일로,기타단일로,승용차,보행자
2014.1.9 19:00,야간,목,1,0,0,차대사람,기타,기타,단일로,기타단일로,승용차,보행자
2014.1.20 23:00,야간,월,1,0,0,차대사람,길가장자리구역통행중,길가장자리구역통행중,단일로,기타단일로,승용차,보행자
2014.1.22 18:00,야간,수,1,0,0,차대사람,횡단중,횡단중,단일로,횡단보도상,화물차,보행자
2014.1.22 11:00,주간,수,1,0,0,차대차,기타,기타,교차로,교차로부근,화물차,자전거
2014.1.23 6:00,주간,목,1,0,1,차량단독,공작물충돌,공작물충돌,단일로,기타단일로,이륜차,0
2014.1.18 17:00,주간,토,1,0,0,차대차,기타,기타,기타/불명,기타/불명,승용차,이륜차
2014.1.20 5:00,야간,월,1,6,9,차량단독,공작물충돌,공작물충돌,단일로,기타단일로,승합차,0
2014.1.29 13:00,주간,수,1,0,1,차대차,기타,기타,단일로,기타단일로,화물차,원동기장치자전거
2014.1.29 20:00,야간,수,1,0,0,차대사람,기타,기타,단일로,기타단일로,화물차,보행자
2014.1.28 13:00,주간,화,1,0,0,차대차,기타,기타,단일로,기타단일로,승용차,화물차
2014.1.27 7:00,주간,월,1,0,0,차량단독,공작물충돌,공작물충돌,교차로,교차로부근,승용차,0
2014.1.27 22:00,야간,월,1,0,1,차대차,추돌,진행중 추돌,교차로,교차로부근,화물차,승합차
2014.1.28 1:00,야간,화,1,0,0,차대사람,횡단중,횡단중,단일로,기타단일로,승용차,보행자
2014.1.26 3:00,야간,일,1,0,0,차대사람,기타,기타,단일로,기타단일로,승용차,보행자
2014.1.26 19:00,야간,일,1,0,0,차대사람,횡단중,횡단중,단일로,기타단일로,승용차,보행자
2014.1.26 15:00,주간,일,1,0,0,차대차,기타,기타,교차로,교차로부근,원동기장치자전거,화물차
2014.1.25 14:00,주간,토,1,0,0,차량단독,공작물충돌,공작물충돌,단일로,기타단일로,승용차,0
2014.1.25 20:00,야간,토,1,0,0,차대사람,횡단중,횡단중,단일로,기타단일로,승용차,보행자
2014.1.25 20:00,야간,토,1,0,0,차대사람,횡단중,횡단중,단일로,기타단일로,화물차,보행자
2014.2.6 19:00,야간,목,1,0,0,차대사람,횡단중,횡단중,단일로,기타단일로,이륜차,보행자
2014.2.6 9:00,주간,목,1,0,0,차대차,측면직각충돌,측면직각충돌,교차로,교차로내,화물차,이륜차
2014.2.7 9:00,주간,금,1,0,0,차대차,기타,기타,단일로,기타단일로,이륜차,승용차
2014.2.4 20:00,야간,화,1,0,0,차량단독,공작물충돌,공작물충돌,단일로,교량위,승용차,0
2014.2.1 3:00,야간,토,1,0,0,차량단독,도로이탈,도로이탈 추락,단일로,기타단일로,승용차,0
2014.11.19 1:00,야간,수,1,2,1,차대차,기타,기타,교차로,교차로부근,화물차,화물차
2014.11.10 14:00,주간,월,1,0,1,차대차,기타,기타,단일로,기타단일로,화물차,건설기계
2014.12.28 16:00,주간,일,3,5,0,차량단독,공작물충돌,공작물충돌,단일로,기타단일로,승용차,0
2014.10.31 15:00,주간,금,1,0,1,차량단독,공작물충돌,공작물충돌,단일로,기타단일로,화물차,0
2014.11.12 1:00,야간,수,1,1,1,차대차,추돌,진행중 추돌,단일로,기타단일로,화물차,화물차
2014.1.6 3:00,야간,월,1,0,0,차량단독,공작물충돌,공작물충돌,단일로,기타단일로,승용차,0
2014.1.9 2:00,야간,목,1,0,0,차대사람,기타,기타,단일로,기타단일로,승용차,보행자
2014.1.6 5:00,야간,월,1,0,0,차대사람,길가장자리구역통행중,길가장자리구역통행중,단일로,기타단일로,승합차,보행자
2014.1.4 12:00,주간,토,1,0,0,차대사람,기타,기타,단일로,기타단일로,화물차,보행자
2014.1.6 14:00,주간,월,1,0,0,차량단독,공작물충돌,공작물충돌,단일로,기타단일로,승용차,0