발생년월일시,주야,요일,사망자수,중상자수,경상자수,사고유형_대분류,사고유형_중분류,사고유형,도로형태_대분류,도로형태,당사자종별_1당_대분류,당사자종별_2당_대분류
2014.1.1 4:00,야간,수,1,0,0,차대사람,횡단중,횡단중,단일로,기타단일로,승용차,보행자
2014.1.1 21:00,야간,수,1,0,0,차대차,추돌,진행중 추돌,단일로,기타단일로,승용차,승용차
2014.11.5 9:00,주간,수,1,2,5,차대차,기타,기타,단일로,기타단일로,화물차,승용차
2014.12.21 22:00,야간,일,1,0,1,차대차,측면직각충돌,측면직각충돌,단일로,기타단일로,승합차,승용차
2014.11.26 7:00,주간,수,1,0,1,차대차,기타,기타,단일로,기타단일로,승용차,화물차
2014.12.23 10:00,주간,화,1,0,0,차량단독,도로이탈,도로이탈 기타,단일로,기타단일로,승용차,0
2014.12.23 18:00,야간,화,1,0,0,차대차,기타,기타,교차로,교차로내,승용차,화물차
2014.12.24 2:00,야간,수,1,0,0,차대사람,차도통행중,차도통행중,단일로,기타단일로,승용차,보행자
2014.12.23 6:00,주간,화,1,0,0,차대사람,기타,기타,단일로,기타단일로,화물차,보행자
2014.11.14 17:00,주간,금,1,0,0,차대사람,차도통행중,차도통행중,단일로,기타단일로,화물차,보행자
2014.11.17 6:00,주간,월,1,0,0,차대사람,횡단중,횡단중,교차로,교차로내,승용차,보행자
2014.11.23 18:00,야간,일,1,0,0,차대사람,기타,기타,단일로,기타단일로,승용차,보행자
2014.11.25 5:00,야간,화,1,0,0,차대사람,횡단중,횡단중,단일로,기타단일로,승용차,보행자
2014.11.24 0:00,야간,월,1,1,0,차대사람,횡단중,횡단중,단일로,기타단일로,승용차,보행자
2014.11.21 15:00,주간,금,1,0,0,차대사람,횡단중,횡단중,교차로,교차로내,승용차,보행자
2014.11.27 20:00,야간,목,1,0,0,차대차,정면충돌,정면충돌,교차로,교차로내,원동기장치자전거,승용차
2014.11.27 17:00,주간,목,1,0,0,차대사람,길가장자리구역통행중,길가장자리구역통행중,단일로,기타단일로,승용차,보행자
2014.12.8 13:00,주간,월,1,0,0,차량단독,기타,기타,단일로,기타단일로,승용차,0
2014.12.8 14:00,주간,월,1,0,0,차량단독,공작물충돌,공작물충돌,교차로,교차로내,승용차,0
2014.12.6 21:00,야간,토,1,0,0,차량단독,공작물충돌,공작물충돌,단일로,기타단일로,승용차,0
2014.12.3 6:00,주간,수,1,0,0,차대사람,횡단중,횡단중,단일로,횡단보도상,승용차,보행자
2014.12.10 10:00,주간,수,1,0,0,차대차,측면직각충돌,측면직각충돌,교차로,교차로내,화물차,이륜차
2014.12.27 23:00,야간,토,1,0,0,차대사람,횡단중,횡단중,단일로,교량위,승용차,보행자
2014.12.24 17:00,주간,수,1,0,0,차대사람,기타,기타,교차로,교차로내,건설기계,보행자
2014.12.25 20:00,야간,목,1,0,0,차대차,추돌,진행중 추돌,단일로,기타단일로,승합차,자전거
2014.12.27 1:00,야간,토,1,0,0,차대사람,횡단중,횡단중,교차로,교차로부근,승용차,보행자
2014.12.27 13:00,주간,토,1,1,1,차대차,측면직각충돌,측면직각충돌,교차로,교차로내,원동기장치자전거,승용차
2014.12.24 20:00,야간,수,1,1,0,차대사람,횡단중,횡단중,교차로,교차로내,승용차,보행자
2014.12.24 10:00,주간,수,1,0,0,차대사람,횡단중,횡단중,단일로,기타단일로,승용차,보행자
2014.12.23 23:00,야간,화,1,0,0,차대사람,기타,기타,단일로,기타단일로,화물차,보행자
2014.12.28 5:00,야간,일,1,1,1,차대차,측면직각충돌,측면직각충돌,단일로,기타단일로,승용차,화물차
2014.12.26 15:00,주간,금,1,0,0,차대차,기타,기타,단일로,기타단일로,승용차,이륜차
2014.12.22 6:00,주간,월,1,0,0,차대사람,횡단중,횡단중,교차로,교차로부근,승용차,보행자
2014.12.23 11:00,주간,화,1,1,0,차대차,기타,기타,단일로,기타단일로,승용차,승용차
2014.12.29 16:00,주간,월,1,0,0,차대차,측면직각충돌,측면직각충돌,교차로,교차로내,원동기장치자전거,화물차
2014.12.30 10:00,주간,화,1,0,0,차대차,기타,기타,교차로,교차로내,화물차,자전거
2014.12.31 16:00,주간,수,1,0,0,차대사람,횡단중,횡단중,단일로,기타단일로,화물차,보행자
2014.12.30 13:00,주간,화,1,0,0,차대차,추돌,주정차중 추돌,단일로,기타단일로,화물차,화물차
2014.12.31 20:00,야간,수,1,0,0,차량단독,공작물충돌,공작물충돌,단일로,기타단일로,승용차,0
2014.11.14 5:00,야간,금,1,0,0,차대사람,횡단중,횡단중,교차로,교차로부근,화물차,보행자
2014.11.25 22:00,야간,화,1,0,0,차량단독,공작물충돌,공작물충돌,단일로,기타단일로,승용차,0
2014.6.8 4:00,야간,일,1,0,0,차대차,기타,기타,단일로,기타단일로,승용차,이륜차
2014.1.31 10:00,주간,금,2,2,0,차대차,정면충돌,정면충돌,단일로,기타단일로,승용차,승용차
2014.1.30 19:00,야간,목,1,0,0,차대사람,횡단중,횡단중,단일로,기타단일로,승용차,보행자
2014.1.30 6:00,주간,목,1,4,0,차대차,정면충돌,정면충돌,단일로,기타단일로,승용차,화물차
2014.1.30 1:00,야간,목,1,0,0,차대사람,횡단중,횡단중,단일로,기타단일로,승용차,보행자
2014.1.26 11:00,주간,일,1,0,0,차대사람,횡단중,횡단중,단일로,기타단일로,승용차,보행자
2014.1.24 16:00,주간,금,1,0,0,차량단독,기타,기타,단일로,기타단일로,이륜차,0
2014.2.16 2:00,야간,일,1,0,0,차대사람,기타,기타,단일로,기타단일로,승용차,보행자
2014.2.14 4:00,야간,금,1,0,0,차량단독,공작물충돌,공작물충돌,단일로,기타단일로,승용차,0
2014.2.14 12:00,주간,금,1,1,1,차대차,기타,기타,단일로,기타단일로,화물차,화물차
2014.1.7 13:00,주간,화,1,0,2,차대차,기타,기타,단일로,기타단일로,승합차,화물차
2014.1.17 17:00,주간,금,1,1,1,차대차,기타,기타,고가도로위,고가도로위,승용차,화물차
2014.10.29 7:00,주간,수,1,0,0,차대차,측면직각충돌,측면직각충돌,교차로,교차로내,이륜차,승합차
2014.10.29 17:00,주간,수,1,0,0,차대차,기타,기타,교차로,교차로부근,승용차,승합차
2014.11.5 18:00,야간,수,1,1,0,차대차,정면충돌,정면충돌,단일로,기타단일로,화물차,화물차
2014.11.7 4:00,야간,금,1,0,0,차대사람,횡단중,횡단중,단일로,횡단보도부근,승용차,보행자
2014.11.7 17:00,주간,금,1,0,0,차대사람,횡단중,횡단중,단일로,횡단보도상,화물차,보행자
2014.10.6 4:00,야간,월,1,0,0,차대차,측면직각충돌,측면직각충돌,단일로,횡단보도상,승합차,자전거
2014.10.4 15:00,주간,토,1,0,0,차대차,기타,기타,단일로,기타단일로,승용차,이륜차
2014.10.4 22:00,야간,토,1,0,0,차대사람,횡단중,횡단중,교차로,교차로부근,승용차,보행자
2014.10.5 10:00,주간,일,1,0,0,차량단독,전도전복,전도전복,단일로,기타단일로,이륜차,0
2014.10.5 15:00,주간,일,1,3,0,차량단독,도로이탈,도로이탈 기타,단일로,기타단일로,승용차,0
2014.10.14 18:00,야간,화,1,0,0,차대사람,횡단중,횡단중,단일로,기타단일로,화물차,보행자
2014.10.14 23:00,야간,화,1,1,0,차대차,기타,기타,단일로,기타단일로,승용차,승용차
2014.10.15 9:00,주간,수,1,0,0,차대사람,기타,기타,교차로,교차로내,승합차,보행자
2014.10.13 18:00,야간,월,1,0,0,차대사람,횡단중,횡단중,단일로,기타단일로,승용차,보행자
2014.10.13 4:00,야간,월,1,0,1,차량단독,공작물충돌,공작물충돌,단일로,기타단일로,승용차,0
2014.10.20 3:00,야간,월,1,0,0,차대사람,기타,기타,단일로,기타단일로,승용차,보행자
2014.10.17 7:00,주간,금,1,0,0,차대차,측면직각충돌,측면직각충돌,교차로,교차로내,승용차,자전거
2014.10.17 22:00,야간,금,1,0,0,차대사람,기타,기타,단일로,기타단일로,원동기장치자전거,보행자
2014.10.16 15:00,주간,목,1,0,0,차량단독,기타,기타,단일로,교량위,자전거,0
2014.10.16 18:00,야간,목,1,0,0,차대사람,차도통행중,차도통행중,단일로,기타단일로,화물차,보행자
2014.10.26 22:00,야간,일,1,1,0,차대사람,횡단중,횡단중,단일로,횡단보도상,이륜차,보행자
2014.10.27 17:00,주간,월,1,0,0,차대차,추돌,주정차중 추돌,단일로,기타단일로,승용차,화물차
2014.10.26 9:00,주간,일,1,0,0,차량단독,공작물충돌,공작물충돌,단일로,기타단일로,이륜차,0
2014.10.27 0:00,야간,월,2,2,0,차대차,정면충돌,정면충돌,고가도로위,고가도로위,승용차,승용차
2014.10.25 15:00,주간,토,1,0,0,차대차,추돌,주정차중 추돌,단일로,기타단일로,자전거,화물차
2014.10.22 13:00,주간,수,1,0,0,차대사람,횡단중,횡단중,단일로,기타단일로,건설기계,보행자
2014.10.31 3:00,야간,금,1,0,1,차대차,기타,기타,교차로,교차로부근,화물차,승용차
2014.10.31 10:00,주간,금,1,0,0,차대사람,횡단중,횡단중,교차로,교차로부근,화물차,보행자
2014.11.1 20:00,야간,토,1,0,0,차량단독,공작물충돌,공작물충돌,단일로,기타단일로,원동기장치자전거,0
2014.11.2 18:00,야간,일,1,0,0,차대차,추돌,진행중 추돌,단일로,기타단일로,승용차,농기계
2014.10.31 18:00,야간,금,1,0,0,차대사람,차도통행중,차도통행중,단일로,기타단일로,승용차,보행자
2014.10.29 7:00,주간,수,1,0,0,차대사람,기타,기타,단일로,기타단일로,승용차,보행자
2014.10.31 0:00,야간,금,1,0,0,차대사람,횡단중,횡단중,교차로,교차로부근,승용차,보행자
2014.10.31 0:00,야간,금,1,0,0,차량단독,공작물충돌,공작물충돌,단일로,기타단일로,원동기장치자전거,0
2014.10.28 19:00,야간,화,1,0,0,차대사람,횡단중,횡단중,단일로,기타단일로,승용차,보행자
2014.11.6 11:00,주간,목,1,0,0,차대차,측면직각충돌,측면직각충돌,단일로,기타단일로,화물차,이륜차
2014.11.2 19:00,야간,일,1,0,0,차대사람,횡단중,횡단중,단일로,기타단일로,승용차,보행자
2014.11.17 16:00,주간,월,1,0,0,차대차,기타,기타,단일로,횡단보도부근,화물차,자전거
2014.11.10 19:00,야간,월,1,0,0,차대사람,기타,기타,단일로,기타단일로,승용차,보행자
2014.6.3 12:00,주간,화,1,0,0,차대차,정면충돌,정면충돌,단일로,기타단일로,화물차,승합차
2014.3.30 12:00,주간,일,2,5,0,차대차,정면충돌,정면충돌,단일로,기타단일로,승용차,승용차
2014.10.7 14:00,주간,화,1,0,0,차량단독,전도전복,전도전복,단일로,기타단일로,이륜차,0
2014.10.7 13:00,주간,화,2,0,0,차대사람,기타,기타,단일로,기타단일로,승용차,보행자
2014.10.13 6:00,주간,월,1,0,0,차대차,기타,기타,교차로,교차로부근,승합차,자전거
2014.10.13 14:00,주간,월,1,0,0,차대사람,기타,기타,단일로,기타단일로,화물차,보행자
2014.10.15 0:00,야간,수,1,0,0,차대사람,횡단중,횡단중,단일로,횡단보도상,승용차,보행자
2014.10.15 18:00,야간,수,1,0,0,차량단독,도로이탈,도로이탈 추락,단일로,기타단일로,이륜차,0
2014.10.20 17:00,주간,월,1,0,1,차대사람,횡단중,횡단중,단일로,기타단일로,이륜차,보행자
2014.10.21 6:00,주간,화,1,0,0,차대사람,횡단중,횡단중,단일로,기타단일로,승용차,보행자
2014.11.11 0:00,야간,화,1,0,1,차량단독,공작물충돌,공작물충돌,단일로,기타단일로,승용차,0
2014.11.11 15:00,주간,화,1,0,0,차량단독,기타,기타,단일로,기타단일로,이륜차,0
2014.11.10 15:00,주간,월,1,1,1,차대차,기타,기타,교차로,교차로부근,화물차,화물차
2014.11.10 10:00,주간,월,1,0,0,차대사람,기타,기타,단일로,기타단일로,화물차,보행자
2014.11.10 9:00,주간,월,1,0,0,차대사람,횡단중,횡단중,단일로,기타단일로,화물차,보행자
2014.11.10 13:00,주간,월,1,0,0,차량단독,공작물충돌,공작물충돌,단일로,기타단일로,화물차,0
2014.11.9 23:00,야간,일,1,0,0,차량단독,공작물충돌,공작물충돌,교차로,교차로부근,승합차,0
2014.11.8 21:00,야간,토,1,1,0,차량단독,전도전복,전도전복,단일로,기타단일로,이륜차,0
2014.11.8 21:00,야간,토,1,0,0,차대사람,횡단중,횡단중,단일로,횡단보도상,승용차,보행자
2014.11.10 23:00,야간,월,1,0,0,차대사람,기타,기타,단일로,기타단일로,승용차,보행자
2014.11.18 16:00,주간,화,1,0,0,차대차,측면직각충돌,측면직각충돌,교차로,교차로부근,자전거,화물차
2014.11.18 17:00,주간,화,1,0,0,차량단독,공작물충돌,공작물충돌,단일로,기타단일로,화물차,0
2014.11.17 19:00,야간,월,1,0,0,차대사람,기타,기타,단일로,횡단보도상,승용차,보행자
2014.11.18 16:00,주간,화,1,0,0,차대사람,횡단중,횡단중,교차로,교차로내,승용차,보행자
2014.11.19 1:00,야간,수,1,0,0,차대사람,차도통행중,차도통행중,단일로,기타단일로,화물차,보행자
2014.10.7 17:00,주간,화,2,2,1,차대차,정면충돌,정면충돌,단일로,기타단일로,승용차,화물차
2014.10.8 12:00,주간,수,1,0,0,차대사람,기타,기타,교차로,교차로내,건설기계,보행자
2014.10.5 14:00,주간,일,1,0,0,차대차,기타,기타,교차로,교차로내,이륜차,건설기계
2014.10.7 5:00,야간,화,1,0,0,차대차,기타,기타,교차로,교차로내,승용차,원동기장치자전거
2014.10.7 7:00,주간,화,1,0,1,차대차,정면충돌,정면충돌,단일로,기타단일로,화물차,건설기계
2014.10.4 22:00,야간,토,1,0,0,차대사람,횡단중,횡단중,교차로,교차로부근,승용차,보행자
2014.8.22 11:00,주간,금,1,1,1,차량단독,공작물충돌,공작물충돌,단일로,기타단일로,승용차,0
2014.11.17 0:00,야간,월,1,0,0,차대차,측면직각충돌,측면직각충돌,단일로,기타단일로,이륜차,승용차
2014.11.3 16:00,주간,월,1,1,0,차대차,측면직각충돌,측면직각충돌,교차로,교차로내,화물차,이륜차
2014.10.10 1:00,야간,금,1,0,0,차대사람,횡단중,횡단중,단일로,기타단일로,승용차,보행자
2014.10.9 18:00,야간,목,1,0,0,차대사람,기타,기타,단일로,기타단일로,승용차,보행자
2014.9.12 19:00,야간,금,1,0,0,차대차,측면직각충돌,측면직각충돌,교차로,교차로내,자전거,화물차
2014.9.10 7:00,주간,수,1,0,0,차량단독,공작물충돌,공작물충돌,단일로,기타단일로,원동기장치자전거,0
2014.9.11 8:00,주간,목,1,0,0,차대차,추돌,진행중 추돌,단일로,기타단일로,화물차,이륜차
2014.9.11 10:00,주간,목,1,0,0,차량단독,전도전복,전도전복,단일로,기타단일로,이륜차,0
2014.9.9 11:00,주간,화,1,0,0,차대사람,횡단중,횡단중,단일로,횡단보도부근,승합차,보행자
2014.9.11 19:00,야간,목,1,0,0,차대차,측면직각충돌,측면직각충돌,교차로,교차로내,이륜차,승합차
2014.9.11 19:00,야간,목,1,1,0,차대차,측면직각충돌,측면직각충돌,교차로,교차로내,승용차,이륜차
2014.9.12 14:00,주간,금,1,0,0,차대차,측면직각충돌,측면직각충돌,단일로,횡단보도상,건설기계,이륜차
2014.9.20 22:00,야간,토,1,0,0,차대사람,횡단중,횡단중,교차로,교차로부근,승용차,보행자
2014.9.17 13:00,주간,수,1,0,0,차대사람,보도통행중,보도통행중,교차로,교차로부근,화물차,보행자
2014.9.23 18:00,야간,화,1,0,0,차대사람,횡단중,횡단중,단일로,기타단일로,승용차,보행자
2014.9.25 17:00,주간,목,1,0,0,차량단독,기타,기타,단일로,기타단일로,화물차,0
2014.9.22 22:00,야간,월,1,0,0,차대차,기타,기타,단일로,기타단일로,자전거,승용차
2014.9.22 21:00,야간,월,1,0,0,차대사람,차도통행중,차도통행중,단일로,기타단일로,승용차,보행자
2014.9.23 17:00,주간,화,1,0,0,차량단독,전도전복,전도전복,단일로,기타단일로,이륜차,0
2014.9.24 19:00,야간,수,1,0,0,차량단독,공작물충돌,공작물충돌,단일로,기타단일로,승용차,0
2014.9.22 11:00,주간,월,1,0,0,차대사람,기타,기타,단일로,기타단일로,화물차,보행자
2014.10.3 3:00,야간,금,1,0,2,차대차,기타,기타,교차로,교차로내,이륜차,승용차
2014.10.3 5:00,야간,금,1,0,0,차대사람,횡단중,횡단중,교차로,교차로부근,승용차,보행자
2014.10.1 15:00,주간,수,1,1,0,차대차,추돌,진행중 추돌,단일로,기타단일로,승용차,화물차
2014.10.1 15:00,주간,수,1,0,1,차대차,측면직각충돌,측면직각충돌,교차로,교차로내,화물차,이륜차
2014.8.26 19:00,야간,화,1,0,1,차대사람,횡단중,횡단중,단일로,기타단일로,승용차,보행자
2014.8.24 17:00,주간,일,1,3,2,차대사람,기타,기타,단일로,기타단일로,화물차,보행자
2014.9.1 10:00,주간,월,1,0,0,차대차,측면직각충돌,측면직각충돌,교차로,교차로내,화물차,자전거
2014.9.1 18:00,야간,월,1,0,0,차대사람,기타,기타,단일로,기타단일로,승용차,보행자
2014.8.30 23:00,야간,토,1,0,1,차대사람,횡단중,횡단중,단일로,기타단일로,승합차,보행자
2014.8.31 22:00,야간,일,1,0,0,차대사람,횡단중,횡단중,교차로,교차로부근,화물차,보행자
2014.9.5 17:00,주간,금,1,0,0,차대차,기타,기타,교차로,교차로부근,승용차,이륜차
2014.9.8 6:00,주간,월,1,0,0,차량단독,공작물충돌,공작물충돌,교차로,교차로부근,승합차,0
2014.9.2 22:00,야간,화,1,0,0,차량단독,기타,기타,고가도로위,고가도로위,화물차,0
2014.9.3 10:00,주간,수,1,0,0,차대사람,기타,기타,교차로,교차로부근,화물차,보행자
2014.9.2 23:00,야간,화,1,0,0,차량단독,도로이탈,도로이탈 추락,단일로,기타단일로,농기계,0
2014.9.3 15:00,주간,수,1,0,0,차대사람,횡단중,횡단중,단일로,기타단일로,승용차,보행자
2014.9.11 21:00,야간,목,1,0,0,차대사람,횡단중,횡단중,교차로,교차로내,승용차,보행자
2014.9.10 13:00,주간,수,1,0,0,차대사람,기타,기타,교차로,교차로내,화물차,보행자
2014.9.21 14:00,주간,일,1,0,0,차량단독,도로이탈,도로이탈 추락,단일로,기타단일로,이륜차,0
2014.9.23 6:00,주간,화,1,0,1,차대사람,기타,기타,단일로,기타단일로,화물차,보행자
2014.10.1 18:00,야간,수,1,0,0,차대차,측면직각충돌,측면직각충돌,교차로,교차로내,승용차,자전거
2014.11.11 19:00,야간,화,1,0,4,차대차,추돌,주정차중 추돌,단일로,기타단일로,화물차,화물차
2014.12.1 13:00,주간,월,1,0,1,차대차,정면충돌,정면충돌,단일로,기타단일로,화물차,화물차
2014.1.7 12:00,주간,화,1,0,0,차대사람,길가장자리구역통행중,길가장자리구역통행중,단일로,기타단일로,승용차,보행자
2014.1.6 4:00,야간,월,1,0,0,차량단독,공작물충돌,공작물충돌,단일로,기타단일로,승용차,0
2014.1.5 0:00,야간,일,1,0,0,차대사람,기타,기타,단일로,기타단일로,승용차,보행자
2014.1.4 5:00,야간,토,1,0,0,차대차,기타,기타,교차로,교차로부근,승용차,건설기계
2014.1.2 18:00,야간,목,1,0,0,차대사람,횡단중,횡단중,교차로,교차로내,승용차,보행자
2014.1.3 3:00,야간,금,1,0,0,차량단독,공작물충돌,공작물충돌,단일로,기타단일로,승용차,0
2014.1.14 22:00,야간,화,1,0,0,차량단독,공작물충돌,공작물충돌,단일로,기타단일로,승용차,0
2014.1.11 16:00,주간,토,1,1,1,차대차,정면충돌,정면충돌,단일로,기타단일로,승용차,승용차
2014.1.20 10:00,주간,월,1,0,0,차대사람,길가장자리구역통행중,길가장자리구역통행중,단일로,기타단일로,승용차,보행자
2014.2.5 23:00,야간,수,1,2,0,차량단독,전도전복,전도전복,단일로,기타단일로,승용차,0
2014.10.20 22:00,야간,월,1,0,0,차량단독,공작물충돌,공작물충돌,단일로,기타단일로,승용차,0
2014.10.17 19:00,야간,금,1,0,0,차대사람,횡단중,횡단중,교차로,교차로부근,승용차,보행자
2014.10.23 19:00,야간,목,1,0,0,차대사람,횡단중,횡단중,단일로,기타단일로,승용차,보행자
2014.10.23 13:00,주간,목,1,0,0,차량단독,공작물충돌,공작물충돌,단일로,기타단일로,이륜차,0
2014.10.23 22:00,야간,목,1,0,0,차대차,측면직각충돌,측면직각충돌,교차로,교차로내,자전거,승용차
2014.10.24 2:00,야간,금,1,0,0,차대사람,횡단중,횡단중,단일로,횡단보도상,승용차,보행자
2014.10.29 14:00,주간,수,1,1,0,차량단독,기타,기타,단일로,기타단일로,승용차,0
2014.11.8 19:00,야간,토,1,0,0,차대사람,기타,기타,단일로,기타단일로,승용차,보행자
2014.11.10 12:00,주간,월,1,0,0,차대차,추돌,진행중 추돌,단일로,기타단일로,화물차,농기계
2014.11.10 20:00,야간,월,1,0,0,차대차,측면직각충돌,측면직각충돌,교차로,교차로내,이륜차,승용차
2014.11.8 18:00,야간,토,1,0,0,차대사람,횡단중,횡단중,교차로,교차로부근,승용차,보행자
2014.11.9 0:00,야간,일,1,0,0,차대차,측면직각충돌,측면직각충돌,교차로,교차로내,자전거,승용차
2014.11.11 5:00,야간,화,1,0,0,차대차,추돌,주정차중 추돌,교차로,교차로부근,승용차,승합차
2014.11.6 16:00,주간,목,1,0,0,차량단독,공작물충돌,공작물충돌,단일로,기타단일로,화물차,0
2014.11.6 20:00,야간,목,1,0,0,차대사람,횡단중,횡단중,단일로,기타단일로,승용차,보행자
2014.11.19 18:00,야간,수,1,0,0,차량단독,도로이탈,도로이탈 추락,기타/불명,기타/불명,승용차,0
2014.11.20 15:00,주간,목,1,0,0,차대차,기타,기타,교차로,교차로부근,화물차,원동기장치자전거
2014.11.20 14:00,주간,목,1,0,1,차대차,측면직각충돌,측면직각충돌,교차로,교차로내,승용차,원동기장치자전거
2014.11.20 10:00,주간,목,1,0,0,차대차,추돌,진행중 추돌,단일로,기타단일로,화물차,자전거
2014.11.20 17:00,주간,목,1,0,0,차대사람,횡단중,횡단중,단일로,기타단일로,이륜차,보행자
2014.11.20 16:00,주간,목,1,0,0,차대사람,기타,기타,단일로,기타단일로,화물차,보행자
2014.10.8 19:00,야간,수,1,0,0,차대사람,기타,기타,단일로,기타단일로,화물차,보행자
2014.10.9 3:00,야간,목,1,1,1,차대차,측면직각충돌,측면직각충돌,교차로,교차로내,승용차,승용차
2014.10.8 20:00,야간,수,1,0,0,차대사람,횡단중,횡단중,단일로,기타단일로,승합차,보행자
2014.10.4 15:00,주간,토,1,0,0,차량단독,공작물충돌,공작물충돌,단일로,기타단일로,이륜차,0
2014.10.6 10:00,주간,월,1,0,0,차대사람,횡단중,횡단중,교차로,교차로내,화물차,보행자
2014.10.13 9:00,주간,월,1,0,0,차대차,기타,기타,단일로,기타단일로,자전거,화물차
2014.10.11 20:00,야간,토,1,0,0,차대사람,기타,기타,단일로,기타단일로,승용차,보행자
2014.10.11 9:00,주간,토,1,0,0,차대사람,횡단중,횡단중,단일로,기타단일로,승용차,보행자
2014.10.21 16:00,주간,화,1,0,0,차량단독,기타,기타,단일로,기타단일로,농기계,0
2014.10.20 17:00,주간,월,1,0,2,차대차,추돌,진행중 추돌,교차로,교차로부근,승용차,화물차
2014.10.16 11:00,주간,목,1,3,1,차량단독,전도전복,전도전복,단일로,기타단일로,화물차,0
2014.10.16 19:00,야간,목,1,0,0,차대사람,횡단중,횡단중,단일로,기타단일로,승합차,보행자
2014.10.26 19:00,야간,일,1,0,0,차대사람,기타,기타,단일로,기타단일로,승용차,보행자
2014.8.25 17:00,주간,월,1,0,0,차대차,정면충돌,정면충돌,기타/불명,기타/불명,승용차,건설기계
2014.8.25 17:00,주간,월,1,0,1,차대차,측면직각충돌,측면직각충돌,교차로,교차로내,화물차,승합차
2014.8.25 19:00,야간,월,1,0,0,차대사람,기타,기타,단일로,기타단일로,화물차,보행자
2014.8.22 5:00,야간,금,2,2,1,차대차,기타,기타,교차로,교차로내,승용차,승용차
2014.9.2 12:00,주간,화,1,1,0,차대차,정면충돌,정면충돌,단일로,기타단일로,승용차,건설기계
2014.9.1 8:00,주간,월,1,0,0,차대사람,기타,기타,단일로,기타단일로,승합차,보행자
2014.9.7 3:00,야간,일,1,0,0,차대사람,횡단중,횡단중,단일로,기타단일로,승용차,보행자
2014.9.8 2:00,야간,월,1,0,0,차대사람,기타,기타,단일로,기타단일로,승용차,보행자
2014.8.23 1:00,야간,토,1,0,0,차량단독,기타,기타,단일로,기타단일로,승용차,0
2014.8.31 10:00,주간,일,1,0,0,차대사람,횡단중,횡단중,단일로,기타단일로,승용차,보행자
2014.9.2 5:00,야간,화,1,1,1,차량단독,공작물충돌,공작물충돌,단일로,기타단일로,승용차,0
2014.8.29 17:00,주간,금,1,0,0,차대차,기타,기타,교차로,교차로내,건설기계,자전거
2014.9.6 22:00,야간,토,1,0,0,차량단독,전도전복,전도전복,단일로,기타단일로,원동기장치자전거,0
2014.9.6 9:00,주간,토,1,0,0,차량단독,전도전복,전도전복,단일로,기타단일로,이륜차,0
2014.9.7 1:00,야간,일,1,6,0,차대차,정면충돌,정면충돌,교차로,교차로부근,승용차,승용차
2014.9.7 5:00,야간,일,1,0,0,차량단독,공작물충돌,공작물충돌,단일로,기타단일로,승용차,0
2014.9.8 21:00,야간,월,1,0,0,차대사람,횡단중,횡단중,교차로,교차로부근,승용차,보행자
2014.9.4 11:00,주간,목,1,0,0,차량단독,공작물충돌,공작물충돌,단일로,기타단일로,이륜차,0
2014.9.5 6:00,주간,금,1,0,0,차대차,측면직각충돌,측면직각충돌,단일로,기타단일로,원동기장치자전거,승용차
2014.9.5 12:00,주간,금,1,0,1,차량단독,기타,기타,단일로,기타단일로,화물차,0
2014.9.5 20:00,야간,금,1,0,0,차대사람,기타,기타,교차로,교차로부근,승용차,보행자
2014.9.2 22:00,야간,화,1,0,0,차대사람,횡단중,횡단중,교차로,교차로부근,승합차,보행자
2014.9.13 12:00,주간,토,1,0,0,차대사람,길가장자리구역통행중,길가장자리구역통행중,단일로,기타단일로,승합차,보행자
2014.9.12 21:00,야간,금,1,0,0,차대차,기타,기타,교차로,교차로내,승합차,원동기장치자전거
2014.9.16 11:00,주간,화,1,0,0,차대사람,횡단중,횡단중,교차로,교차로내,화물차,보행자
2014.9.14 15:00,주간,일,1,0,0,차량단독,전도전복,전도전복,단일로,기타단일로,농기계,0
2014.9.14 13:00,주간,일,1,0,0,차대사람,기타,기타,교차로,교차로내,승용차,보행자
2014.9.11 17:00,주간,목,1,0,0,차대사람,기타,기타,단일로,기타단일로,승용차,보행자
2014.12.4 5:00,야간,목,1,0,0,차대사람,횡단중,횡단중,단일로,기타단일로,승용차,보행자
2014.12.3 18:00,야간,수,1,0,0,차대사람,횡단중,횡단중,단일로,기타단일로,승용차,보행자
2014.12.10 23:00,야간,수,1,0,0,차량단독,공작물충돌,공작물충돌,단일로,기타단일로,이륜차,0
2014.12.10 18:00,야간,수,1,0,0,차대사람,기타,기타,단일로,기타단일로,승합차,보행자
2014.12.8 14:00,주간,월,1,0,0,차대사람,기타,기타,단일로,기타단일로,승용차,보행자
2014.12.11 0:00,야간,목,1,0,2,차량단독,기타,기타,단일로,기타단일로,승합차,0
2014.12.10 20:00,야간,수,1,0,0,차대사람,횡단중,횡단중,단일로,횡단보도상,승용차,보행자
2014.12.19 22:00,야간,금,1,0,0,차대사람,횡단중,횡단중,교차로,교차로부근,승용차,보행자
2014.12.19 19:00,야간,금,1,0,0,차대차,추돌,주정차중 추돌,단일로,기타단일로,승용차,승용차
2014.12.17 20:00,야간,수,1,0,0,차대차,추돌,주정차중 추돌,단일로,기타단일로,승용차,화물차
2014.12.26 11:00,주간,금,1,0,0,차대사람,횡단중,횡단중,단일로,기타단일로,승용차,보행자