발생년월일시,주야,요일,사망자수,중상자수,경상자수,사고유형_대분류,사고유형_중분류,사고유형,도로형태_대분류,도로형태,당사자종별_1당_대분류,당사자종별_2당_대분류
2014.12.28 7:00,주간,일,1,1,0,차대사람,차도통행중,차도통행중,단일로,기타단일로,이륜차,보행자
2014.12.28 22:00,야간,일,1,2,1,차대차,정면충돌,정면충돌,단일로,기타단일로,승용차,승용차
2014.12.25 2:00,야간,목,1,0,0,차대사람,횡단중,횡단중,단일로,기타단일로,승용차,보행자
2014.12.26 13:00,주간,금,1,0,0,차대차,기타,기타,교차로,교차로내,화물차,자전거
2014.11.15 4:00,야간,토,1,0,1,차대차,측면직각충돌,측면직각충돌,교차로,교차로내,이륜차,승용차
2014.11.15 6:00,주간,토,1,0,0,차대사람,횡단중,횡단중,교차로,교차로부근,화물차,보행자
2014.11.14 19:00,야간,금,1,0,0,차대사람,기타,기타,단일로,기타단일로,승용차,보행자
2014.11.26 18:00,야간,수,1,0,0,차대사람,횡단중,횡단중,단일로,기타단일로,승용차,보행자
2014.11.24 21:00,야간,월,1,0,0,차량단독,공작물충돌,공작물충돌,교차로,교차로내,승용차,0
2014.11.25 6:00,주간,화,1,0,0,차대사람,횡단중,횡단중,단일로,기타단일로,승용차,보행자
2014.11.25 13:00,주간,화,1,0,0,차대사람,길가장자리구역통행중,길가장자리구역통행중,단일로,기타단일로,농기계,보행자
2014.11.20 9:00,주간,목,1,0,0,차대사람,횡단중,횡단중,단일로,기타단일로,화물차,보행자
2014.10.1 18:00,야간,수,1,2,0,차대차,추돌,주정차중 추돌,기타/불명,기타/불명,화물차,화물차
2014.10.3 14:00,주간,금,1,0,0,차량단독,기타,기타,단일로,기타단일로,특수차,0
2014.10.3 4:00,야간,금,1,0,0,차대사람,횡단중,횡단중,교차로,교차로내,특수차,보행자
2014.12.13 14:00,주간,토,1,1,1,차량단독,공작물충돌,공작물충돌,단일로,기타단일로,승용차,0
2014.12.12 17:00,주간,금,1,0,0,차대사람,기타,기타,단일로,기타단일로,승용차,보행자
2014.12.12 19:00,야간,금,1,0,0,차대사람,차도통행중,차도통행중,단일로,기타단일로,승용차,보행자
2014.12.14 12:00,주간,일,1,0,0,차대차,기타,기타,단일로,기타단일로,승용차,승용차
2014.12.13 11:00,주간,토,1,0,1,차대차,측면직각충돌,측면직각충돌,단일로,기타단일로,승용차,화물차
2014.12.14 11:00,주간,일,1,0,0,차량단독,공작물충돌,공작물충돌,단일로,기타단일로,이륜차,0
2014.12.19 18:00,야간,금,1,0,0,차대사람,횡단중,횡단중,단일로,기타단일로,화물차,보행자
2014.12.20 0:00,야간,토,1,1,0,차량단독,전도전복,전도전복,단일로,기타단일로,화물차,0
2014.12.19 9:00,주간,금,1,0,0,차대사람,횡단중,횡단중,단일로,기타단일로,화물차,보행자
2014.12.17 18:00,야간,수,1,0,0,차대사람,기타,기타,단일로,기타단일로,승용차,보행자
2014.11.22 15:00,주간,토,1,0,1,차량단독,공작물충돌,공작물충돌,단일로,기타단일로,화물차,0
2014.12.1 9:00,주간,월,1,0,0,차대차,측면직각충돌,측면직각충돌,교차로,교차로부근,건설기계,자전거
2014.12.24 18:00,야간,수,1,0,0,차대사람,차도통행중,차도통행중,교차로,교차로내,건설기계,보행자
2014.12.31 22:00,야간,수,1,0,4,차대차,추돌,주정차중 추돌,교차로,교차로부근,승용차,승용차
2014.11.14 22:00,야간,금,1,3,1,차대차,측면직각충돌,측면직각충돌,단일로,기타단일로,승용차,승용차
2014.12.31 12:00,주간,수,1,0,0,차량단독,공작물충돌,공작물충돌,단일로,교량위,승용차,0
2014.11.22 18:00,야간,토,1,0,0,차대차,추돌,주정차중 추돌,교차로,교차로부근,이륜차,승용차
2014.12.1 12:00,주간,월,1,0,0,차대차,추돌,주정차중 추돌,단일로,기타단일로,이륜차,화물차
2014.10.4 11:00,주간,토,1,0,0,차대사람,기타,기타,단일로,기타단일로,승합차,보행자
2012.2.21 1:00,야간,화,1,1,0,차량단독,공작물충돌,공작물충돌,단일로,기타단일로,화물차,0
2012.12.3 7:00,주간,월,1,0,0,차대사람,횡단중,횡단중,단일로,횡단보도상,승용차,보행자
2014.1.21 16:00,주간,화,1,1,1,차량단독,전도전복,전도전복,단일로,기타단일로,승합차,0
2013.2.5 10:00,주간,화,1,0,0,차대차,기타,기타,교차로,교차로내,화물차,이륜차
2012.12.1 18:00,야간,토,1,0,0,차대사람,횡단중,횡단중,단일로,기타단일로,화물차,보행자
2012.6.4 19:00,야간,월,1,0,0,차량단독,도로이탈,도로이탈 추락,교차로,교차로내,이륜차,0
2013.1.11 2:00,야간,금,1,0,0,차량단독,공작물충돌,공작물충돌,단일로,기타단일로,승용차,0
2013.3.13 0:00,야간,수,1,0,0,차대사람,차도통행중,차도통행중,단일로,기타단일로,승용차,보행자
2013.10.13 22:00,야간,일,1,0,0,차대사람,기타,기타,단일로,기타단일로,승용차,보행자
2014.1.19 1:00,야간,일,1,0,0,차대사람,횡단중,횡단중,단일로,기타단일로,승용차,보행자
2013.6.14 0:00,야간,금,1,1,0,차대차,추돌,진행중 추돌,단일로,기타단일로,승용차,농기계
2014.4.3 9:00,주간,목,1,0,0,차대차,기타,기타,단일로,기타단일로,이륜차,승용차
2014.11.15 20:00,야간,토,1,0,0,차대사람,기타,기타,단일로,기타단일로,승용차,보행자
2014.11.14 18:00,야간,금,1,0,0,차대사람,횡단중,횡단중,교차로,교차로내,화물차,보행자
2014.11.15 5:00,야간,토,1,0,0,차대사람,횡단중,횡단중,단일로,횡단보도상,승용차,보행자
2014.11.14 18:00,야간,금,1,0,0,차대사람,길가장자리구역통행중,길가장자리구역통행중,단일로,기타단일로,승용차,보행자
2014.11.25 14:00,주간,화,1,0,0,차대사람,기타,기타,단일로,기타단일로,건설기계,보행자
2014.11.25 15:00,주간,화,1,0,1,차대차,기타,기타,단일로,기타단일로,화물차,승용차
2014.11.26 6:00,주간,수,1,0,0,차대사람,횡단중,횡단중,교차로,교차로부근,승용차,보행자
2014.11.20 9:00,주간,목,1,0,0,차대사람,횡단중,횡단중,단일로,기타단일로,화물차,보행자
2014.11.21 6:00,주간,금,1,0,0,차대사람,횡단중,횡단중,교차로,교차로내,승합차,보행자
2014.4.9 6:00,주간,수,1,0,0,차량단독,공작물충돌,공작물충돌,단일로,기타단일로,화물차,0
2014.4.1 15:00,주간,화,1,2,3,차대차,기타,기타,단일로,기타단일로,화물차,승용차
2014.1.15 8:00,주간,수,1,0,0,차대사람,기타,기타,교차로,교차로내,승합차,보행자
2014.1.15 5:00,야간,수,1,0,0,차대사람,횡단중,횡단중,단일로,횡단보도상,화물차,보행자
2014.1.15 12:00,주간,수,1,0,0,차대사람,기타,기타,교차로,교차로내,승용차,보행자
2014.1.16 23:00,야간,목,1,0,0,차량단독,공작물충돌,공작물충돌,단일로,기타단일로,승용차,0
2014.1.14 15:00,주간,화,1,0,0,차량단독,기타,기타,교차로,교차로부근,화물차,0
2014.1.14 10:00,주간,화,1,0,0,차대차,추돌,진행중 추돌,단일로,기타단일로,화물차,특수차
2014.1.12 2:00,야간,일,1,1,0,차대차,추돌,주정차중 추돌,교차로,교차로부근,이륜차,승용차
2014.1.20 10:00,주간,월,1,0,0,차대사람,기타,기타,단일로,기타단일로,승합차,보행자
2014.1.20 8:00,주간,월,1,0,0,차대사람,기타,기타,교차로,교차로부근,승용차,보행자
2014.1.20 13:00,주간,월,1,2,1,차량단독,도로이탈,도로이탈 기타,단일로,기타단일로,승용차,0
2014.1.31 17:00,주간,금,1,0,0,차량단독,공작물충돌,공작물충돌,단일로,기타단일로,이륜차,0
2014.1.25 13:00,주간,토,1,0,0,차량단독,기타,기타,단일로,기타단일로,승용차,0
2014.1.25 4:00,야간,토,1,0,0,차량단독,공작물충돌,공작물충돌,교차로,교차로부근,원동기장치자전거,0
2014.1.26 0:00,야간,일,1,2,0,차량단독,공작물충돌,공작물충돌,단일로,기타단일로,승용차,0
2014.1.25 22:00,야간,토,1,0,0,차대사람,횡단중,횡단중,단일로,횡단보도상,승합차,보행자
2014.2.5 23:00,야간,수,1,0,0,차량단독,공작물충돌,공작물충돌,단일로,기타단일로,화물차,0
2014.2.21 10:00,주간,금,1,0,0,차대차,측면직각충돌,측면직각충돌,단일로,기타단일로,화물차,원동기장치자전거
2014.9.20 2:00,야간,토,1,0,0,차량단독,공작물충돌,공작물충돌,단일로,기타단일로,승용차,0
2014.9.20 14:00,주간,토,1,0,0,차대차,기타,기타,교차로,교차로부근,승합차,승합차
2014.9.19 18:00,야간,금,2,0,3,차대차,측면직각충돌,측면직각충돌,교차로,교차로내,승용차,승용차
2014.9.29 6:00,주간,월,1,0,0,차대사람,기타,기타,교차로,교차로부근,승용차,보행자
2014.9.16 20:00,야간,화,1,0,0,차대사람,기타,기타,단일로,기타단일로,승용차,보행자
2014.9.16 22:00,야간,화,1,0,0,차대차,기타,기타,단일로,기타단일로,승용차,자전거
2014.9.26 1:00,야간,금,1,0,0,차대차,기타,기타,단일로,기타단일로,화물차,승용차
2014.9.25 4:00,야간,목,1,0,0,차량단독,공작물충돌,공작물충돌,교차로,교차로내,승용차,0
2014.9.25 19:00,야간,목,1,0,0,차대사람,길가장자리구역통행중,길가장자리구역통행중,단일로,기타단일로,승용차,보행자
2014.9.24 4:00,야간,수,1,0,0,차대사람,보도통행중,보도통행중,단일로,횡단보도상,승용차,보행자
2014.9.24 6:00,주간,수,1,3,0,차량단독,공작물충돌,공작물충돌,교차로,교차로부근,승합차,0
2014.9.24 5:00,야간,수,1,0,0,차대사람,기타,기타,단일로,기타단일로,승용차,보행자
2014.9.24 13:00,주간,수,1,3,0,차대차,정면충돌,정면충돌,단일로,기타단일로,화물차,화물차
2014.9.25 6:00,주간,목,1,0,0,차대사람,기타,기타,단일로,기타단일로,화물차,보행자
2014.9.23 12:00,주간,화,1,0,0,차대차,측면직각충돌,측면직각충돌,교차로,교차로내,건설기계,승용차
2014.9.22 16:00,주간,월,1,0,1,차량단독,도로이탈,도로이탈 추락,교차로,교차로부근,승용차,0
2014.9.23 1:00,야간,화,1,0,0,차량단독,기타,기타,단일로,기타단일로,승용차,0
2014.10.3 3:00,야간,금,1,0,0,차대사람,횡단중,횡단중,단일로,기타단일로,승용차,보행자
2014.10.2 18:00,야간,목,1,0,0,차대사람,횡단중,횡단중,단일로,기타단일로,승용차,보행자
2014.8.16 15:00,주간,토,2,0,0,차대사람,기타,기타,단일로,기타단일로,승용차,보행자
2014.8.16 9:00,주간,토,1,0,0,차량단독,전도전복,전도전복,단일로,기타단일로,이륜차,0
2014.8.16 15:00,주간,토,1,0,0,차대사람,기타,기타,단일로,기타단일로,승용차,보행자
2014.8.26 19:00,야간,화,1,0,0,차대사람,기타,기타,교차로,교차로내,승합차,보행자
2014.8.27 17:00,주간,수,1,0,0,차량단독,전도전복,전도전복,교차로,교차로내,농기계,0
2014.8.24 19:00,야간,일,1,0,0,차대사람,횡단중,횡단중,교차로,교차로부근,승용차,보행자
2014.8.22 13:00,주간,금,1,0,0,차대차,추돌,진행중 추돌,단일로,기타단일로,화물차,이륜차
2014.8.21 20:00,야간,목,1,0,0,차대사람,기타,기타,단일로,기타단일로,승용차,보행자
2014.9.1 13:00,주간,월,1,0,0,차량단독,공작물충돌,공작물충돌,단일로,기타단일로,이륜차,0
2014.9.1 16:00,주간,월,1,0,0,차대차,기타,기타,단일로,기타단일로,건설기계,이륜차
2014.9.1 14:00,주간,월,1,0,0,차대차,기타,기타,단일로,기타단일로,건설기계,승용차
2014.9.7 6:00,주간,일,1,0,0,차대차,기타,기타,단일로,기타단일로,승용차,자전거
2014.9.7 13:00,주간,일,1,0,0,차량단독,공작물충돌,공작물충돌,단일로,기타단일로,이륜차,0
2014.9.7 4:00,야간,일,1,0,0,차대사람,차도통행중,차도통행중,단일로,기타단일로,승용차,보행자
2014.9.7 4:00,야간,일,1,0,0,차대사람,횡단중,횡단중,단일로,횡단보도상,승용차,보행자
2014.11.26 6:00,주간,수,1,0,0,차대차,측면직각충돌,측면직각충돌,교차로,교차로내,승용차,이륜차
2014.11.22 6:00,주간,토,1,0,0,차대사람,기타,기타,교차로,교차로부근,승합차,보행자
2014.11.22 22:00,야간,토,1,0,2,차대차,기타,기타,단일로,기타단일로,승용차,화물차
2014.12.1 23:00,야간,월,1,0,0,차량단독,도로이탈,도로이탈 추락,단일로,교량위,화물차,0
2014.11.30 1:00,야간,일,1,0,0,차량단독,공작물충돌,공작물충돌,단일로,기타단일로,승용차,0
2014.11.30 2:00,야간,일,1,0,0,차대차,추돌,진행중 추돌,단일로,터널안,이륜차,건설기계
2014.11.27 5:00,야간,목,1,0,0,차대사람,횡단중,횡단중,기타/불명,기타/불명,화물차,보행자
2014.12.22 22:00,야간,월,1,0,0,차대사람,차도통행중,차도통행중,단일로,기타단일로,승용차,보행자
2014.11.22 20:00,야간,토,1,0,0,차대사람,횡단중,횡단중,단일로,기타단일로,승용차,보행자
2014.11.20 9:00,주간,목,1,0,0,차대사람,기타,기타,단일로,기타단일로,화물차,보행자
2014.12.2 6:00,주간,화,1,0,0,차대사람,횡단중,횡단중,단일로,횡단보도상,승용차,보행자
2014.12.1 3:00,야간,월,1,0,0,차량단독,공작물충돌,공작물충돌,단일로,기타단일로,승용차,0
2014.11.30 5:00,야간,일,1,0,0,차량단독,기타,기타,단일로,기타단일로,이륜차,0
2014.11.26 10:00,주간,수,1,0,0,차대사람,횡단중,횡단중,교차로,교차로부근,건설기계,보행자
2014.11.28 5:00,야간,금,1,0,0,차대사람,기타,기타,단일로,기타단일로,승용차,보행자
2014.11.27 10:00,주간,목,1,1,0,차량단독,전도전복,전도전복,교차로,교차로부근,원동기장치자전거,0
2014.11.27 8:00,주간,목,1,0,0,차대사람,기타,기타,기타/불명,기타/불명,화물차,보행자
2014.11.27 10:00,주간,목,1,0,1,차대차,추돌,진행중 추돌,단일로,터널안,승용차,건설기계
2014.12.6 1:00,야간,토,1,0,0,차량단독,도로이탈,도로이탈 추락,단일로,기타단일로,승용차,0
2014.12.7 19:00,야간,일,1,0,0,차대사람,기타,기타,단일로,기타단일로,원동기장치자전거,보행자
2014.12.3 18:00,야간,수,1,0,0,차량단독,기타,기타,단일로,기타단일로,화물차,0
2014.12.4 18:00,야간,목,1,1,0,차량단독,공작물충돌,공작물충돌,단일로,기타단일로,화물차,0
2014.12.4 22:00,야간,목,1,0,1,차대사람,기타,기타,단일로,횡단보도상,자전거,보행자
2014.12.4 14:00,주간,목,1,0,0,차대차,추돌,주정차중 추돌,단일로,기타단일로,승용차,화물차
2014.12.4 21:00,야간,목,1,0,0,차량단독,공작물충돌,공작물충돌,단일로,기타단일로,승용차,0
2014.12.5 14:00,주간,금,1,0,0,차대차,추돌,진행중 추돌,교차로,교차로내,화물차,이륜차
2014.4.18 17:00,주간,금,1,0,0,차량단독,기타,기타,단일로,기타단일로,화물차,0
2014.7.20 4:00,야간,일,1,0,0,차대차,기타,기타,단일로,기타단일로,승용차,승용차
2014.6.18 10:00,주간,수,1,1,0,차대차,정면충돌,정면충돌,단일로,기타단일로,화물차,화물차
2014.11.23 3:00,야간,일,1,0,0,차량단독,공작물충돌,공작물충돌,단일로,교량위,승용차,0
2014.11.22 16:00,주간,토,1,0,0,차대차,측면직각충돌,측면직각충돌,교차로,교차로부근,건설기계,원동기장치자전거
2014.1.24 5:00,야간,금,1,0,0,차량단독,공작물충돌,공작물충돌,단일로,기타단일로,승용차,0
2014.2.25 2:00,야간,화,1,1,0,차대차,추돌,진행중 추돌,단일로,기타단일로,화물차,화물차
2014.2.23 23:00,야간,일,1,0,0,차량단독,전도전복,전도전복,기타/불명,기타/불명,화물차,0
2014.2.18 5:00,야간,화,1,0,0,차량단독,공작물충돌,공작물충돌,단일로,기타단일로,원동기장치자전거,0
2014.2.4 21:00,야간,화,1,0,0,차량단독,공작물충돌,공작물충돌,단일로,기타단일로,화물차,0
2014.2.1 20:00,야간,토,1,0,0,차대차,측면직각충돌,측면직각충돌,단일로,기타단일로,승용차,승용차
2014.2.4 21:00,야간,화,1,0,0,차대사람,기타,기타,단일로,기타단일로,승용차,보행자
2014.2.5 16:00,주간,수,1,0,0,차대차,정면충돌,정면충돌,단일로,기타단일로,화물차,이륜차
2014.2.2 11:00,주간,일,1,1,2,차대차,측면직각충돌,측면직각충돌,교차로,교차로내,화물차,승용차
2014.2.2 0:00,야간,일,1,0,0,차량단독,기타,기타,단일로,기타단일로,이륜차,0
2014.2.2 9:00,주간,일,1,0,0,차대사람,기타,기타,단일로,기타단일로,화물차,보행자
2014.2.3 6:00,주간,월,1,0,0,차량단독,기타,기타,교차로,교차로내,승용차,0
2014.2.22 0:00,야간,토,1,0,0,차대차,기타,기타,단일로,기타단일로,불명,승용차
2014.3.22 1:00,야간,토,1,0,0,차대차,추돌,진행중 추돌,단일로,기타단일로,승용차,화물차
2014.10.31 15:00,주간,금,1,0,0,차대차,측면직각충돌,측면직각충돌,단일로,기타단일로,화물차,화물차
2014.1.7 20:00,야간,화,1,0,0,차량단독,기타,기타,단일로,터널안,화물차,0
2014.1.8 12:00,주간,수,1,0,6,차대차,기타,기타,교차로,교차로부근,화물차,화물차
2014.1.6 17:00,주간,월,1,0,0,차량단독,기타,기타,기타/불명,기타/불명,농기계,0
2014.1.7 20:00,야간,화,1,0,1,차대차,측면직각충돌,측면직각충돌,단일로,기타단일로,승용차,승용차
2014.1.6 11:00,주간,월,1,0,0,차대차,기타,기타,단일로,기타단일로,화물차,농기계
2014.1.4 1:00,야간,토,1,0,0,차량단독,공작물충돌,공작물충돌,교차로,교차로내,화물차,0
2014.1.14 8:00,주간,화,1,0,0,차대사람,기타,기타,교차로,교차로부근,승용차,보행자
2014.1.9 22:00,야간,목,1,0,0,차대사람,횡단중,횡단중,단일로,기타단일로,승용차,보행자
2014.1.9 19:00,야간,목,1,1,0,차대사람,기타,기타,단일로,기타단일로,승용차,보행자
2014.1.10 6:00,주간,금,1,0,0,차대사람,횡단중,횡단중,단일로,횡단보도상,승용차,보행자
2014.1.11 23:00,야간,토,1,0,0,차대사람,기타,기타,단일로,기타단일로,승용차,보행자
2014.1.11 23:00,야간,토,1,0,0,차대사람,횡단중,횡단중,교차로,교차로부근,승용차,보행자
2014.1.11 5:00,야간,토,1,0,0,차대사람,횡단중,횡단중,단일로,기타단일로,승용차,보행자
2014.1.20 10:00,주간,월,1,0,0,차대사람,길가장자리구역통행중,길가장자리구역통행중,단일로,기타단일로,승용차,보행자
2014.1.17 23:00,야간,금,1,0,0,차대사람,기타,기타,단일로,기타단일로,승용차,보행자
2014.1.19 21:00,야간,일,1,0,0,차대사람,기타,기타,단일로,기타단일로,승용차,보행자
2014.12.23 22:00,야간,화,1,0,0,차대사람,횡단중,횡단중,교차로,교차로내,승용차,보행자
2014.12.24 5:00,야간,수,1,0,0,차대사람,기타,기타,교차로,교차로내,승용차,보행자
2014.12.23 20:00,야간,화,1,0,0,차대사람,기타,기타,교차로,교차로부근,승용차,보행자
2014.12.22 17:00,주간,월,1,0,0,차대차,측면직각충돌,측면직각충돌,단일로,기타단일로,농기계,승용차
2014.12.22 23:00,야간,월,1,0,0,차대사람,차도통행중,차도통행중,단일로,기타단일로,승용차,보행자
2014.12.29 5:00,야간,월,1,0,0,차대사람,횡단중,횡단중,교차로,교차로부근,승합차,보행자
2014.12.30 8:00,주간,화,1,0,0,차대사람,횡단중,횡단중,단일로,기타단일로,특수차,보행자
2014.12.30 18:00,야간,화,1,0,0,차대사람,기타,기타,단일로,횡단보도상,승용차,보행자
2014.12.31 18:00,야간,수,1,0,0,차대사람,길가장자리구역통행중,길가장자리구역통행중,교차로,교차로부근,승용차,보행자
2014.12.29 5:00,야간,월,1,0,0,차대사람,횡단중,횡단중,단일로,기타단일로,승용차,보행자
2014.12.29 1:00,야간,월,1,0,0,차대사람,차도통행중,차도통행중,단일로,기타단일로,승용차,보행자
2014.12.29 14:00,주간,월,1,0,0,차대사람,기타,기타,고가도로위,고가도로위,화물차,보행자
2014.12.28 1:00,야간,일,1,0,1,차대차,측면직각충돌,측면직각충돌,교차로,교차로내,이륜차,승용차
2014.12.30 14:00,주간,화,1,0,1,차대차,측면직각충돌,측면직각충돌,교차로,교차로내,원동기장치자전거,승용차
2014.11.15 10:00,주간,토,1,0,0,차대차,측면직각충돌,측면직각충돌,교차로,교차로내,화물차,이륜차
2014.11.16 16:00,주간,일,1,1,0,차대차,기타,기타,교차로,교차로내,승용차,승용차
2014.11.16 8:00,주간,일,1,0,0,차량단독,도로이탈,도로이탈 추락,교차로,교차로부근,원동기장치자전거,0
2014.11.16 4:00,야간,일,1,0,0,차대사람,횡단중,횡단중,교차로,교차로내,승용차,보행자
2014.11.16 19:00,야간,일,1,0,0,차대사람,횡단중,횡단중,단일로,기타단일로,승용차,보행자
2014.11.14 17:00,주간,금,1,0,0,차대사람,기타,기타,단일로,기타단일로,승용차,보행자
2014.11.14 15:00,주간,금,1,0,0,차대사람,횡단중,횡단중,기타/불명,기타/불명,승용차,보행자
2014.11.24 17:00,주간,월,1,0,0,차대사람,횡단중,횡단중,단일로,기타단일로,승용차,보행자
2014.11.24 15:00,주간,월,1,0,0,차량단독,전도전복,전도전복,교차로,교차로부근,화물차,0
2014.11.25 15:00,주간,화,1,0,0,차량단독,기타,기타,단일로,기타단일로,농기계,0
2014.11.25 17:00,주간,화,1,1,0,차량단독,공작물충돌,공작물충돌,단일로,기타단일로,화물차,0
2014.11.23 18:00,야간,일,1,0,0,차대사람,횡단중,횡단중,단일로,기타단일로,승용차,보행자
2014.11.21 11:00,주간,금,1,0,0,차대사람,횡단중,횡단중,단일로,기타단일로,건설기계,보행자
2014.11.22 17:00,주간,토,1,0,0,차대사람,기타,기타,단일로,기타단일로,화물차,보행자
2014.1.5 10:00,주간,일,1,1,0,차량단독,공작물충돌,공작물충돌,단일로,기타단일로,승용차,0
2014.1.1 21:00,야간,수,1,6,0,차대차,측면직각충돌,측면직각충돌,교차로,교차로내,승용차,승용차
2014.1.14 18:00,야간,화,1,0,0,차대사람,횡단중,횡단중,단일로,기타단일로,승용차,보행자
2014.1.11 7:00,주간,토,1,0,0,차대사람,횡단중,횡단중,단일로,기타단일로,승용차,보행자
2014.1.13 2:00,야간,월,1,0,0,차대사람,기타,기타,단일로,횡단보도상,승용차,보행자
2014.8.22 16:00,주간,금,1,2,0,차대차,추돌,주정차중 추돌,단일로,기타단일로,화물차,화물차
2014.7.15 17:00,주간,화,1,6,0,차량단독,전도전복,전도전복,단일로,기타단일로,승합차,0
2014.1.11 5:00,야간,토,1,0,1,차대차,추돌,진행중 추돌,단일로,기타단일로,승용차,화물차
2014.2.20 13:00,주간,목,1,1,0,차대차,추돌,주정차중 추돌,단일로,기타단일로,화물차,승용차
2014.10.9 18:00,야간,목,1,0,0,차대차,추돌,진행중 추돌,단일로,기타단일로,승용차,농기계
2014.10.4 22:00,야간,토,1,0,0,차대차,측면직각충돌,측면직각충돌,교차로,교차로내,승합차,이륜차
2014.10.6 18:00,야간,월,1,0,0,차대차,기타,기타,교차로,교차로내,원동기장치자전거,승용차
2014.10.6 17:00,주간,월,1,0,0,차량단독,전도전복,전도전복,단일로,기타단일로,원동기장치자전거,0
2014.10.3 19:00,야간,금,1,0,1,차대사람,횡단중,횡단중,교차로,교차로부근,승용차,보행자
2014.10.15 18:00,야간,수,1,0,0,차대사람,보도통행중,보도통행중,교차로,교차로부근,승용차,보행자
2014.10.15 16:00,주간,수,1,0,0,차량단독,공작물충돌,공작물충돌,단일로,기타단일로,화물차,0
2014.10.15 16:00,주간,수,1,0,1,차대사람,기타,기타,교차로,교차로부근,화물차,보행자
2014.10.12 15:00,주간,일,1,0,0,차대차,측면직각충돌,측면직각충돌,교차로,교차로내,승용차,이륜차
2014.10.19 6:00,주간,일,1,0,0,차량단독,기타,기타,단일로,기타단일로,승용차,0
2014.10.19 3:00,야간,일,1,0,0,차량단독,전도전복,전도전복,단일로,기타단일로,승용차,0
2014.10.20 6:00,주간,월,1,0,0,차대차,추돌,진행중 추돌,단일로,기타단일로,승용차,자전거
2014.10.27 4:00,야간,월,1,0,0,차대사람,횡단중,횡단중,교차로,교차로부근,화물차,보행자
2014.10.25 22:00,야간,토,1,0,0,차대사람,횡단중,횡단중,교차로,교차로내,화물차,보행자
2014.10.27 10:00,주간,월,1,0,0,차대사람,기타,기타,단일로,기타단일로,화물차,보행자
2014.10.24 18:00,야간,금,1,0,0,차대차,정면충돌,정면충돌,단일로,기타단일로,승용차,승합차
2014.10.26 10:00,주간,일,1,0,0,차대차,기타,기타,단일로,기타단일로,화물차,자전거
2014.10.23 5:00,야간,목,1,0,0,차대사람,횡단중,횡단중,단일로,횡단보도상,승용차,보행자
2014.10.24 6:00,주간,금,1,0,0,차대사람,기타,기타,단일로,기타단일로,화물차,보행자
2014.10.24 16:00,주간,금,1,0,0,차대차,측면직각충돌,측면직각충돌,교차로,교차로내,화물차,원동기장치자전거
2014.10.23 11:00,주간,목,1,0,0,차대사람,횡단중,횡단중,단일로,횡단보도상,화물차,보행자
2014.10.31 8:00,주간,금,1,0,0,차대사람,보도통행중,보도통행중,단일로,기타단일로,승용차,보행자
2014.11.1 1:00,야간,토,1,0,0,차대차,기타,기타,단일로,기타단일로,승용차,원동기장치자전거
2014.11.1 1:00,야간,토,1,2,0,차대차,기타,기타,단일로,기타단일로,승용차,승용차
2014.10.28 1:00,야간,화,1,0,0,차대차,추돌,주정차중 추돌,단일로,기타단일로,승용차,화물차
2014.10.28 13:00,주간,화,1,0,0,차량단독,기타,기타,단일로,기타단일로,원동기장치자전거,0
2014.10.28 5:00,야간,화,1,0,0,차대사람,횡단중,횡단중,교차로,교차로내,승용차,보행자
2014.10.29 2:00,야간,수,1,0,0,차대사람,횡단중,횡단중,단일로,횡단보도상,승용차,보행자
2014.10.28 7:00,주간,화,1,0,0,차대사람,횡단중,횡단중,단일로,횡단보도상,승용차,보행자
2014.11.7 1:00,야간,금,1,1,0,차대사람,횡단중,횡단중,단일로,횡단보도상,승용차,보행자
2014.11.7 2:00,야간,금,1,0,0,차대차,추돌,주정차중 추돌,단일로,기타단일로,이륜차,화물차
2014.11.7 14:00,주간,금,1,0,1,차대차,측면직각충돌,측면직각충돌,단일로,기타단일로,승용차,승합차
2014.11.4 17:00,주간,화,1,0,0,차대사람,차도통행중,차도통행중,단일로,기타단일로,화물차,보행자
2014.11.3 17:00,주간,월,1,3,0,차대차,측면직각충돌,측면직각충돌,교차로,교차로내,승용차,승용차
2014.11.3 16:00,주간,월,1,0,0,차대사람,기타,기타,단일로,기타단일로,화물차,보행자
2014.11.2 15:00,주간,일,1,0,0,차대차,정면충돌,정면충돌,단일로,기타단일로,승용차,이륜차
2014.11.14 5:00,야간,금,1,2,1,차대차,정면충돌,정면충돌,단일로,기타단일로,화물차,화물차
2014.11.14 9:00,주간,금,1,0,0,차대차,측면직각충돌,측면직각충돌,단일로,기타단일로,승용차,이륜차
2014.9.29 9:00,주간,월,1,0,0,차대사람,기타,기타,단일로,기타단일로,승용차,보행자
2014.10.8 3:00,야간,수,1,0,0,차대사람,횡단중,횡단중,교차로,교차로부근,승용차,보행자
2014.10.4 13:00,주간,토,1,2,4,차대차,정면충돌,정면충돌,단일로,기타단일로,화물차,승용차
2014.10.3 14:00,주간,금,1,2,0,차대차,정면충돌,정면충돌,단일로,기타단일로,승용차,승용차
2014.10.2 19:00,야간,목,1,0,0,차대사람,횡단중,횡단중,단일로,횡단보도상,승용차,보행자