발생년월일시,주야,요일,사망자수,중상자수,경상자수,사고유형_대분류,사고유형_중분류,사고유형,도로형태_대분류,도로형태,당사자종별_1당_대분류,당사자종별_2당_대분류
2014.1.18 20:00,야간,토,1,0,0,차대사람,횡단중,횡단중,교차로,교차로부근,승용차,보행자
2014.1.20 8:00,주간,월,1,0,0,차대차,기타,기타,단일로,기타단일로,승용차,승용차
2014.1.25 18:00,야간,토,1,0,0,차대차,기타,기타,단일로,기타단일로,승용차,승합차
2014.1.27 7:00,주간,월,1,0,0,차대사람,횡단중,횡단중,단일로,기타단일로,이륜차,보행자
2014.1.27 6:00,주간,월,1,0,0,차대사람,기타,기타,단일로,기타단일로,승용차,보행자
2014.1.26 8:00,주간,일,1,0,0,차대사람,기타,기타,단일로,기타단일로,승용차,보행자
2014.1.26 6:00,주간,일,1,0,0,차대사람,횡단중,횡단중,교차로,교차로내,승용차,보행자
2014.2.6 23:00,야간,목,1,0,0,차대사람,기타,기타,교차로,교차로내,이륜차,보행자
2014.2.19 11:00,주간,수,1,0,0,차대사람,기타,기타,교차로,교차로부근,승용차,보행자
2014.2.19 12:00,주간,수,1,0,0,차대사람,보도통행중,보도통행중,단일로,기타단일로,승용차,보행자
2014.2.19 2:00,야간,수,1,0,0,차대사람,기타,기타,단일로,기타단일로,화물차,보행자
2014.2.17 12:00,주간,월,1,0,0,차대사람,횡단중,횡단중,교차로,교차로부근,승합차,보행자
2014.2.17 2:00,야간,월,1,0,1,차대사람,기타,기타,단일로,기타단일로,승용차,보행자
2014.2.2 11:00,주간,일,1,3,1,차대차,정면충돌,정면충돌,단일로,기타단일로,승용차,화물차
2014.2.1 11:00,주간,토,1,0,2,차대차,측면직각충돌,측면직각충돌,단일로,기타단일로,승용차,승용차
2014.2.1 16:00,주간,토,1,1,0,차대차,정면충돌,정면충돌,교차로,교차로부근,승용차,승용차
2014.2.4 6:00,주간,화,2,0,0,차대차,추돌,진행중 추돌,단일로,기타단일로,화물차,농기계
2014.2.4 20:00,야간,화,1,0,0,차대차,추돌,주정차중 추돌,단일로,기타단일로,화물차,화물차
2014.2.4 5:00,야간,화,1,0,0,차대사람,횡단중,횡단중,단일로,기타단일로,승용차,보행자
2014.2.3 20:00,야간,월,1,0,0,차대사람,차도통행중,차도통행중,단일로,기타단일로,승용차,보행자
2014.2.13 10:00,주간,목,1,0,0,차대사람,기타,기타,단일로,기타단일로,화물차,보행자
2014.2.12 20:00,야간,수,1,0,0,차대사람,차도통행중,차도통행중,단일로,기타단일로,승용차,보행자
2014.2.13 3:00,야간,목,1,0,0,차량단독,공작물충돌,공작물충돌,단일로,기타단일로,승용차,0
2014.2.13 19:00,야간,목,1,0,5,차대차,기타,기타,단일로,기타단일로,화물차,승용차
2014.2.22 6:00,주간,토,1,0,0,차대차,측면직각충돌,측면직각충돌,교차로,교차로내,이륜차,승용차
2014.2.4 22:00,야간,화,1,0,0,차량단독,공작물충돌,공작물충돌,단일로,기타단일로,이륜차,0
2014.2.2 19:00,야간,일,1,0,0,차대사람,횡단중,횡단중,단일로,기타단일로,승용차,보행자
2014.2.1 10:00,주간,토,1,0,0,차량단독,전도전복,전도전복,기타/불명,기타/불명,농기계,0
2014.2.23 1:00,야간,일,1,3,0,차대차,측면직각충돌,측면직각충돌,교차로,교차로내,원동기장치자전거,승용차
2014.2.23 5:00,야간,일,1,0,0,차대사람,기타,기타,단일로,기타단일로,화물차,보행자
2014.2.23 5:00,야간,일,1,0,0,차대사람,횡단중,횡단중,단일로,기타단일로,승용차,보행자
2014.2.22 18:00,야간,토,1,1,3,차대차,추돌,진행중 추돌,단일로,기타단일로,승용차,승합차
2014.2.24 18:00,야간,월,1,0,1,차대차,정면충돌,정면충돌,기타/불명,기타/불명,이륜차,승용차
2014.2.19 14:00,주간,수,1,0,1,차량단독,공작물충돌,공작물충돌,단일로,기타단일로,승용차,0
2014.2.19 11:00,주간,수,1,0,0,차대차,측면직각충돌,측면직각충돌,교차로,교차로내,화물차,이륜차
2014.2.19 17:00,주간,수,1,0,0,차량단독,전도전복,전도전복,단일로,기타단일로,승용차,0
2014.2.18 19:00,야간,화,1,0,0,차대차,추돌,진행중 추돌,단일로,기타단일로,화물차,자전거
2014.2.4 0:00,야간,화,1,1,0,차대차,정면충돌,정면충돌,단일로,기타단일로,승용차,화물차
2014.2.4 6:00,주간,화,1,0,0,차대사람,횡단중,횡단중,단일로,기타단일로,승용차,보행자
2014.1.30 19:00,야간,목,1,0,0,차대사람,기타,기타,교차로,교차로부근,승용차,보행자
2014.2.1 7:00,주간,토,1,0,0,차량단독,공작물충돌,공작물충돌,단일로,기타단일로,승용차,0
2014.2.5 15:00,주간,수,1,0,0,차대사람,기타,기타,교차로,교차로내,승합차,보행자
2014.9.24 10:00,주간,수,1,0,0,차대사람,기타,기타,단일로,기타단일로,승용차,보행자
2014.10.22 18:00,야간,수,1,0,0,차대사람,기타,기타,단일로,기타단일로,승용차,보행자
2014.10.30 17:00,주간,목,1,0,0,차량단독,공작물충돌,공작물충돌,단일로,기타단일로,이륜차,0
2014.11.6 23:00,야간,목,2,1,1,차량단독,공작물충돌,공작물충돌,단일로,기타단일로,화물차,0
2014.11.6 11:00,주간,목,1,0,0,차대차,정면충돌,정면충돌,교차로,교차로부근,이륜차,화물차
2014.11.7 21:00,야간,금,1,0,0,차량단독,전도전복,전도전복,단일로,기타단일로,화물차,0
2014.11.8 5:00,야간,토,1,0,0,차대사람,횡단중,횡단중,단일로,기타단일로,승용차,보행자
2014.11.7 22:00,야간,금,1,0,0,차대사람,기타,기타,단일로,기타단일로,승용차,보행자
2014.11.6 11:00,주간,목,1,0,0,차량단독,공작물충돌,공작물충돌,단일로,기타단일로,자전거,0
2014.11.7 8:00,주간,금,1,0,3,차대차,기타,기타,단일로,기타단일로,화물차,승용차
2014.11.18 13:00,주간,화,1,0,0,차량단독,전도전복,전도전복,기타/불명,기타/불명,농기계,0
2014.11.18 2:00,야간,화,1,0,0,차대사람,기타,기타,교차로,교차로부근,승용차,보행자
2014.4.4 7:00,주간,금,1,0,1,차대차,추돌,주정차중 추돌,기타/불명,기타/불명,화물차,화물차
2014.9.11 14:00,주간,목,1,0,0,차대사람,기타,기타,단일로,기타단일로,승용차,보행자
2014.9.11 11:00,주간,목,1,0,0,차대차,기타,기타,단일로,기타단일로,자전거,화물차
2014.9.11 8:00,주간,목,1,0,0,차량단독,전도전복,전도전복,단일로,기타단일로,농기계,0
2014.9.11 13:00,주간,목,1,0,0,차대차,기타,기타,단일로,기타단일로,화물차,원동기장치자전거
2014.9.12 20:00,야간,금,1,3,0,차대차,정면충돌,정면충돌,교차로,교차로내,승용차,승합차
2014.9.12 13:00,주간,금,1,4,0,차대차,기타,기타,기타/불명,기타/불명,화물차,화물차
2014.9.10 11:00,주간,수,1,0,0,차대차,추돌,진행중 추돌,교차로,교차로부근,화물차,이륜차
2014.9.21 10:00,주간,일,1,0,0,차량단독,전도전복,전도전복,단일로,기타단일로,이륜차,0
2014.9.22 15:00,주간,월,1,0,0,차대차,기타,기타,단일로,기타단일로,자전거,승합차
2014.9.20 3:00,야간,토,1,1,0,차량단독,기타,기타,단일로,기타단일로,이륜차,0
2014.9.17 23:00,야간,수,2,1,0,차대차,기타,기타,단일로,기타단일로,승용차,승용차
2014.8.15 20:00,야간,금,1,0,0,차대사람,기타,기타,단일로,기타단일로,승용차,보행자
2014.8.15 16:00,주간,금,1,0,0,차대차,추돌,진행중 추돌,단일로,기타단일로,원동기장치자전거,승합차
2014.8.27 9:00,주간,수,1,0,0,차대사람,횡단중,횡단중,단일로,기타단일로,건설기계,보행자
2014.8.27 0:00,야간,수,1,1,1,차대차,기타,기타,단일로,기타단일로,승용차,승용차
2014.8.24 5:00,야간,일,1,0,0,차대사람,기타,기타,단일로,횡단보도상,승용차,보행자
2014.8.24 20:00,야간,일,1,0,0,차대사람,횡단중,횡단중,교차로,교차로부근,승용차,보행자
2014.9.1 18:00,야간,월,1,0,0,차대차,기타,기타,교차로,교차로부근,원동기장치자전거,승용차
2014.8.30 17:00,주간,토,1,0,0,차대사람,기타,기타,단일로,교량위,화물차,보행자
2014.8.28 13:00,주간,목,1,0,0,차대사람,기타,기타,단일로,기타단일로,승용차,보행자
2014.9.6 16:00,주간,토,1,0,0,차량단독,전도전복,전도전복,단일로,기타단일로,농기계,0
2014.9.5 22:00,야간,금,1,0,0,차대사람,횡단중,횡단중,단일로,기타단일로,승용차,보행자
2014.9.5 3:00,야간,금,1,0,0,차량단독,공작물충돌,공작물충돌,단일로,기타단일로,원동기장치자전거,0
2014.9.3 5:00,야간,수,1,0,0,차대차,기타,기타,단일로,기타단일로,승용차,승용차
2014.9.4 19:00,야간,목,1,0,0,차량단독,기타,기타,단일로,기타단일로,이륜차,0
2014.9.5 15:00,주간,금,1,0,1,차대차,기타,기타,교차로,교차로내,화물차,승용차
2014.9.3 17:00,주간,수,1,0,0,차대사람,횡단중,횡단중,단일로,기타단일로,승용차,보행자
2014.9.14 12:00,주간,일,1,0,0,차대사람,기타,기타,단일로,기타단일로,화물차,보행자
2014.9.13 7:00,주간,토,1,0,0,차대차,측면직각충돌,측면직각충돌,교차로,교차로내,화물차,이륜차
2014.10.3 8:00,주간,금,1,0,0,차대차,추돌,주정차중 추돌,단일로,기타단일로,화물차,화물차
2014.8.15 13:00,주간,금,1,0,0,차량단독,공작물충돌,공작물충돌,단일로,기타단일로,화물차,0
2014.8.16 12:00,주간,토,1,0,0,차대사람,기타,기타,단일로,기타단일로,승용차,보행자
2014.8.16 4:00,야간,토,1,0,0,차대사람,횡단중,횡단중,교차로,교차로부근,승용차,보행자
2014.8.28 5:00,야간,목,1,1,0,차대차,기타,기타,단일로,기타단일로,승용차,자전거
2014.8.26 15:00,주간,화,1,0,0,차량단독,공작물충돌,공작물충돌,단일로,기타단일로,화물차,0
2014.8.22 10:00,주간,금,1,0,1,차대차,측면직각충돌,측면직각충돌,교차로,교차로부근,승용차,이륜차
2014.8.22 17:00,주간,금,1,0,1,차량단독,도로이탈,도로이탈 기타,단일로,기타단일로,승용차,0
2014.8.25 12:00,주간,월,1,0,0,차대사람,횡단중,횡단중,교차로,교차로부근,화물차,보행자
2014.9.1 16:00,주간,월,1,1,0,차대차,측면직각충돌,측면직각충돌,단일로,기타단일로,원동기장치자전거,자전거
2014.9.2 16:00,주간,화,1,0,0,차량단독,공작물충돌,공작물충돌,단일로,기타단일로,화물차,0
2014.8.27 22:00,야간,수,1,0,0,차대차,측면직각충돌,측면직각충돌,교차로,교차로내,승합차,이륜차
2014.8.30 18:00,야간,토,1,0,0,차대차,기타,기타,단일로,기타단일로,화물차,이륜차
2014.8.30 16:00,주간,토,1,0,0,차대차,측면직각충돌,측면직각충돌,교차로,교차로내,건설기계,화물차
2014.8.29 16:00,주간,금,1,0,1,차대차,정면충돌,정면충돌,단일로,기타단일로,승용차,건설기계
2014.9.5 18:00,야간,금,1,0,0,차대사람,횡단중,횡단중,교차로,교차로부근,화물차,보행자
2014.9.5 21:00,야간,금,1,1,0,차량단독,전도전복,전도전복,단일로,기타단일로,원동기장치자전거,0
2014.9.4 16:00,주간,목,3,1,2,차대차,기타,기타,단일로,기타단일로,특수차,화물차
2014.9.3 18:00,야간,수,1,0,0,차대차,측면직각충돌,측면직각충돌,단일로,기타단일로,원동기장치자전거,화물차
2014.9.4 15:00,주간,목,1,0,0,차대차,추돌,진행중 추돌,단일로,기타단일로,이륜차,승용차
2014.9.15 12:00,주간,월,1,0,0,차대차,측면직각충돌,측면직각충돌,단일로,기타단일로,자전거,승용차
2014.9.9 22:00,야간,화,2,2,0,차량단독,공작물충돌,공작물충돌,교차로,교차로부근,승용차,0
2014.9.11 23:00,야간,목,1,0,0,차대차,정면충돌,정면충돌,교차로,교차로내,승용차,원동기장치자전거
2014.9.11 23:00,야간,목,1,0,0,차량단독,공작물충돌,공작물충돌,단일로,기타단일로,승용차,0
2014.9.12 3:00,야간,금,1,0,0,차량단독,공작물충돌,공작물충돌,단일로,기타단일로,승용차,0
2014.9.10 5:00,야간,수,1,0,0,차량단독,기타,기타,단일로,기타단일로,화물차,0
2014.9.11 5:00,야간,목,1,0,0,차대차,추돌,주정차중 추돌,단일로,기타단일로,이륜차,승용차
2014.9.12 19:00,야간,금,1,0,0,차대차,기타,기타,교차로,교차로내,화물차,자전거
2014.9.20 6:00,주간,토,1,0,0,차대사람,기타,기타,교차로,교차로부근,승용차,보행자
2014.9.19 4:00,야간,금,1,0,0,차대차,기타,기타,교차로,교차로내,승용차,자전거
2014.10.3 21:00,야간,금,1,0,0,차대사람,차도통행중,차도통행중,단일로,기타단일로,승용차,보행자
2014.10.3 7:00,주간,금,1,0,0,차대차,기타,기타,교차로,교차로부근,화물차,이륜차
2014.10.4 0:00,야간,토,1,0,0,차대사람,기타,기타,단일로,기타단일로,승용차,보행자
2014.10.3 19:00,야간,금,1,0,0,차대사람,횡단중,횡단중,단일로,횡단보도상,승용차,보행자
2014.10.1 2:00,야간,수,1,0,0,차량단독,전도전복,전도전복,단일로,기타단일로,승용차,0
2014.10.1 18:00,야간,수,1,0,0,차대사람,기타,기타,교차로,교차로내,승용차,보행자
2014.10.4 2:00,야간,토,1,2,0,차대차,정면충돌,정면충돌,교차로,교차로내,승용차,승용차
2014.10.3 18:00,야간,금,1,0,0,차대사람,기타,기타,단일로,기타단일로,승용차,보행자
2014.10.4 4:00,야간,토,1,2,0,차대차,측면직각충돌,측면직각충돌,교차로,교차로부근,승용차,승용차
2014.10.4 0:00,야간,토,1,0,0,차량단독,공작물충돌,공작물충돌,단일로,교량위,승용차,0
2014.9.29 16:00,주간,월,1,0,0,차대사람,기타,기타,단일로,기타단일로,승합차,보행자
2014.11.23 0:00,야간,일,1,0,0,차대차,측면직각충돌,측면직각충돌,교차로,교차로내,이륜차,승용차
2014.11.28 4:00,야간,금,1,0,0,차대사람,횡단중,횡단중,단일로,횡단보도부근,승용차,보행자
2014.11.17 19:00,야간,월,1,0,0,차대사람,기타,기타,교차로,교차로내,승용차,보행자
2014.11.18 17:00,주간,화,1,0,0,차대사람,횡단중,횡단중,단일로,횡단보도상,승용차,보행자
2014.11.19 18:00,야간,수,1,0,0,차대사람,기타,기타,단일로,횡단보도상,승용차,보행자
2014.11.19 14:00,주간,수,1,0,0,차대사람,기타,기타,교차로,교차로부근,승용차,보행자
2014.11.17 3:00,야간,월,1,1,0,차대사람,기타,기타,단일로,기타단일로,화물차,보행자
2014.11.15 1:00,야간,토,1,0,0,차대사람,기타,기타,단일로,기타단일로,승용차,보행자
2014.11.14 19:00,야간,금,1,0,0,차대차,추돌,진행중 추돌,단일로,기타단일로,승용차,자전거
2014.11.14 18:00,야간,금,1,0,0,차대사람,보도통행중,보도통행중,단일로,횡단보도상,승용차,보행자
2014.11.4 16:00,주간,화,1,0,2,차대차,기타,기타,교차로,교차로부근,승용차,승용차
2014.11.5 15:00,주간,수,1,0,0,차량단독,도로이탈,도로이탈 추락,단일로,기타단일로,화물차,0
2014.11.5 15:00,주간,수,2,0,0,차대차,측면직각충돌,측면직각충돌,교차로,교차로내,화물차,원동기장치자전거
2014.11.3 16:00,주간,월,1,0,0,차대차,기타,기타,교차로,교차로부근,승용차,화물차
2014.11.2 8:00,주간,일,1,0,0,차대사람,횡단중,횡단중,단일로,기타단일로,승용차,보행자
2014.10.9 6:00,주간,목,1,0,0,차대사람,횡단중,횡단중,단일로,기타단일로,승용차,보행자
2014.10.8 18:00,야간,수,1,0,0,차대사람,차도통행중,차도통행중,단일로,기타단일로,승용차,보행자
2014.10.8 10:00,주간,수,1,0,0,차대차,측면직각충돌,측면직각충돌,교차로,교차로내,이륜차,승용차
2014.10.5 15:00,주간,일,1,1,0,차대차,기타,기타,단일로,기타단일로,화물차,이륜차
2014.10.6 17:00,주간,월,1,0,0,차대사람,기타,기타,단일로,기타단일로,승합차,보행자
2014.10.4 5:00,야간,토,1,0,0,차대사람,횡단중,횡단중,단일로,기타단일로,승용차,보행자
2014.10.13 19:00,야간,월,1,0,0,차대사람,횡단중,횡단중,기타/불명,기타/불명,화물차,보행자
2014.10.14 6:00,주간,화,1,0,0,차대사람,횡단중,횡단중,단일로,횡단보도상,승용차,보행자
2014.10.14 0:00,야간,화,1,0,0,차대차,측면직각충돌,측면직각충돌,교차로,교차로내,이륜차,승용차
2014.10.12 18:00,야간,일,1,0,0,차대차,기타,기타,단일로,기타단일로,원동기장치자전거,승용차
2014.10.11 3:00,야간,토,1,0,0,차대차,측면직각충돌,측면직각충돌,교차로,교차로내,승용차,화물차
2014.10.10 19:00,야간,금,1,0,1,차대차,측면직각충돌,측면직각충돌,교차로,교차로부근,화물차,승용차
2014.10.11 7:00,주간,토,1,0,1,차대차,측면직각충돌,측면직각충돌,교차로,교차로내,화물차,이륜차
2014.10.19 21:00,야간,일,1,0,0,차대사람,기타,기타,단일로,기타단일로,화물차,보행자
2014.10.20 2:00,야간,월,1,0,0,차량단독,공작물충돌,공작물충돌,교차로,교차로부근,화물차,0
2014.10.19 18:00,야간,일,1,0,0,차대사람,횡단중,횡단중,단일로,기타단일로,화물차,보행자
2014.10.19 13:00,주간,일,1,4,0,차대차,기타,기타,단일로,기타단일로,승용차,승용차
2014.10.21 16:00,주간,화,1,0,1,차량단독,공작물충돌,공작물충돌,단일로,기타단일로,승용차,0
2014.9.5 15:00,주간,금,1,0,0,차량단독,공작물충돌,공작물충돌,단일로,기타단일로,승용차,0
2014.9.14 18:00,야간,일,1,0,0,차대사람,기타,기타,단일로,기타단일로,화물차,보행자
2014.9.15 2:00,야간,월,1,0,0,차대사람,횡단중,횡단중,교차로,교차로내,화물차,보행자
2014.9.27 4:00,야간,토,1,0,0,차대사람,보도통행중,보도통행중,교차로,교차로내,승용차,보행자
2014.9.27 19:00,야간,토,1,0,2,차대차,정면충돌,정면충돌,교차로,교차로내,이륜차,승용차
2014.9.26 15:00,주간,금,1,0,0,차량단독,전도전복,전도전복,단일로,기타단일로,이륜차,0
2014.9.27 16:00,주간,토,1,0,0,차대사람,기타,기타,단일로,기타단일로,승용차,보행자
2014.9.15 23:00,야간,월,1,0,0,차량단독,도로이탈,도로이탈 기타,단일로,기타단일로,화물차,0
2014.9.17 22:00,야간,수,1,4,2,차대차,측면직각충돌,측면직각충돌,교차로,교차로내,승용차,승용차
2014.9.24 2:00,야간,수,1,0,0,차대사람,횡단중,횡단중,단일로,기타단일로,승용차,보행자
2014.9.24 19:00,야간,수,1,0,0,차대사람,보도통행중,보도통행중,단일로,횡단보도상,승용차,보행자
2014.9.10 20:00,야간,수,1,4,0,차량단독,전도전복,전도전복,단일로,기타단일로,승용차,0
2014.9.11 13:00,주간,목,1,0,0,차대차,측면직각충돌,측면직각충돌,교차로,교차로내,화물차,이륜차
2014.9.11 21:00,야간,목,1,0,0,차대사람,기타,기타,단일로,기타단일로,승용차,보행자
2014.9.11 9:00,주간,목,1,0,0,차대차,추돌,진행중 추돌,단일로,기타단일로,승용차,농기계
2014.9.19 21:00,야간,금,1,0,0,차대사람,기타,기타,단일로,기타단일로,자전거,보행자
2014.9.19 19:00,야간,금,1,0,0,차량단독,전도전복,전도전복,교차로,교차로부근,승용차,0
2014.9.21 14:00,주간,일,1,0,0,차량단독,전도전복,전도전복,단일로,기타단일로,이륜차,0
2014.9.20 11:00,주간,토,1,0,1,차대차,기타,기타,단일로,기타단일로,승용차,이륜차
2014.9.16 17:00,주간,화,1,0,0,차대차,측면직각충돌,측면직각충돌,교차로,교차로내,건설기계,자전거
2014.9.18 13:00,주간,목,1,0,0,차대사람,기타,기타,단일로,기타단일로,승용차,보행자
2014.8.19 13:00,주간,화,1,0,0,차대차,기타,기타,단일로,기타단일로,승합차,자전거
2014.8.15 14:00,주간,금,1,0,0,차대사람,횡단중,횡단중,단일로,기타단일로,승용차,보행자
2014.8.16 2:00,야간,토,1,0,0,차량단독,공작물충돌,공작물충돌,단일로,기타단일로,원동기장치자전거,0
2014.12.4 23:00,야간,목,1,0,0,차대사람,기타,기타,단일로,기타단일로,승합차,보행자
2014.12.14 16:00,주간,일,1,1,0,차량단독,공작물충돌,공작물충돌,단일로,기타단일로,승용차,0
2014.12.12 6:00,주간,금,1,0,0,차대차,기타,기타,단일로,기타단일로,자전거,승용차
2014.12.14 20:00,야간,일,1,0,0,차대사람,횡단중,횡단중,단일로,기타단일로,승용차,보행자
2014.12.12 8:00,주간,금,1,0,0,차량단독,도로이탈,도로이탈 추락,단일로,기타단일로,승용차,0
2014.12.12 3:00,야간,금,1,0,0,차대사람,횡단중,횡단중,단일로,횡단보도상,승용차,보행자
2014.12.11 23:00,야간,목,1,0,0,차대사람,기타,기타,단일로,기타단일로,승용차,보행자
2014.12.8 13:00,주간,월,1,0,0,차대사람,횡단중,횡단중,단일로,기타단일로,승용차,보행자
2014.12.8 16:00,주간,월,1,1,0,차대차,정면충돌,정면충돌,교차로,교차로내,승용차,승용차
2014.12.19 18:00,야간,금,1,0,0,차대사람,횡단중,횡단중,단일로,기타단일로,승합차,보행자
2014.12.19 21:00,야간,금,1,0,0,차대사람,기타,기타,단일로,기타단일로,승용차,보행자
2014.12.20 9:00,주간,토,1,1,0,차대차,정면충돌,정면충돌,단일로,교량위,승용차,화물차
2014.12.20 7:00,주간,토,1,1,0,차대차,기타,기타,단일로,기타단일로,원동기장치자전거,화물차
2014.12.17 6:00,주간,수,1,0,0,차대사람,횡단중,횡단중,단일로,횡단보도부근,승합차,보행자
2014.12.26 16:00,주간,금,1,0,0,차대사람,횡단중,횡단중,단일로,기타단일로,승합차,보행자
2014.12.26 10:00,주간,금,1,0,1,차대차,추돌,진행중 추돌,단일로,기타단일로,화물차,화물차
2014.12.25 13:00,주간,목,1,0,0,차대사람,횡단중,횡단중,교차로,교차로내,화물차,보행자
2014.12.25 18:00,야간,목,1,0,0,차대사람,기타,기타,단일로,기타단일로,승용차,보행자
2014.12.25 18:00,야간,목,1,0,0,차대차,측면직각충돌,측면직각충돌,단일로,기타단일로,승용차,자전거
2014.12.22 18:00,야간,월,1,0,0,차량단독,전도전복,전도전복,단일로,기타단일로,승용차,0
2014.12.24 11:00,주간,수,1,0,0,차량단독,기타,기타,단일로,기타단일로,농기계,0
2014.12.23 16:00,주간,화,1,0,0,차대차,기타,기타,단일로,기타단일로,화물차,화물차
2014.11.16 1:00,야간,일,1,0,0,차대차,추돌,주정차중 추돌,단일로,기타단일로,원동기장치자전거,화물차
2014.11.15 13:00,주간,토,1,0,0,차대사람,횡단중,횡단중,교차로,교차로부근,승용차,보행자
2014.11.24 6:00,주간,월,1,0,0,차대사람,횡단중,횡단중,단일로,횡단보도부근,화물차,보행자
2014.11.24 18:00,야간,월,1,0,0,차대사람,횡단중,횡단중,단일로,기타단일로,승용차,보행자
2014.11.26 7:00,주간,수,2,5,0,차대차,정면충돌,정면충돌,단일로,기타단일로,승용차,건설기계
2014.11.22 9:00,주간,토,1,0,0,차대차,측면직각충돌,측면직각충돌,교차로,교차로내,건설기계,원동기장치자전거
2014.11.20 19:00,야간,목,1,0,0,차대차,추돌,진행중 추돌,단일로,기타단일로,화물차,자전거
2014.11.20 14:00,주간,목,1,0,0,차량단독,공작물충돌,공작물충돌,기타/불명,기타/불명,화물차,0
2014.11.27 22:00,야간,목,1,0,1,차량단독,공작물충돌,공작물충돌,단일로,기타단일로,화물차,0
2014.12.7 3:00,야간,일,1,1,0,차량단독,공작물충돌,공작물충돌,교차로,교차로부근,이륜차,0
2014.12.6 5:00,야간,토,1,0,0,차대차,추돌,진행중 추돌,단일로,기타단일로,화물차,화물차
2014.12.5 19:00,야간,금,1,0,0,차대차,기타,기타,단일로,기타단일로,승용차,승용차
2014.12.5 11:00,주간,금,1,1,0,차량단독,공작물충돌,공작물충돌,단일로,기타단일로,화물차,0
2014.12.5 3:00,야간,금,1,0,0,차량단독,공작물충돌,공작물충돌,교차로,교차로부근,승용차,0
2014.12.14 22:00,야간,일,1,0,0,차대사람,차도통행중,차도통행중,단일로,기타단일로,승용차,보행자
2014.12.9 5:00,야간,화,1,0,0,차대사람,횡단중,횡단중,교차로,교차로내,화물차,보행자
2014.12.10 19:00,야간,수,1,0,0,차대사람,기타,기타,단일로,기타단일로,화물차,보행자
2014.12.9 4:00,야간,화,1,0,0,차대차,기타,기타,단일로,기타단일로,승용차,승용차
2014.12.20 1:00,야간,토,1,0,0,차대사람,횡단중,횡단중,단일로,기타단일로,승용차,보행자
2014.12.20 7:00,주간,토,1,0,0,차대사람,기타,기타,고가도로위,고가도로위,승합차,보행자
2014.12.19 23:00,야간,금,1,0,2,차대차,측면직각충돌,측면직각충돌,교차로,교차로내,승용차,승용차
2014.12.19 21:00,야간,금,1,0,2,차대차,측면직각충돌,측면직각충돌,단일로,기타단일로,승용차,승합차
2014.12.19 2:00,야간,금,1,0,1,차대사람,횡단중,횡단중,단일로,횡단보도부근,승용차,보행자
2014.12.19 13:00,주간,금,1,3,1,차대차,측면직각충돌,측면직각충돌,교차로,교차로내,승용차,승용차
2014.12.19 6:00,주간,금,1,0,0,차대차,추돌,주정차중 추돌,교차로,교차로부근,화물차,화물차
2014.12.19 7:00,주간,금,1,0,0,차대사람,횡단중,횡단중,교차로,교차로내,승용차,보행자
2014.12.19 21:00,야간,금,1,0,0,차대차,기타,기타,교차로,교차로내,이륜차,화물차
2014.12.20 5:00,야간,토,1,0,0,차대사람,횡단중,횡단중,단일로,기타단일로,화물차,보행자
2014.12.23 2:00,야간,화,1,0,0,차대사람,기타,기타,단일로,기타단일로,승용차,보행자
2014.11.22 18:00,야간,토,1,0,0,차대차,추돌,진행중 추돌,단일로,기타단일로,승용차,농기계
2014.12.13 15:00,주간,토,1,0,0,차대차,추돌,진행중 추돌,단일로,기타단일로,승용차,화물차
2014.12.26 10:00,주간,금,1,0,1,차대차,측면직각충돌,측면직각충돌,단일로,기타단일로,화물차,승용차
2014.6.26 10:00,주간,목,1,1,0,차대차,측면직각충돌,측면직각충돌,교차로,교차로내,이륜차,이륜차
2014.12.25 16:00,주간,목,1,0,0,차대사람,기타,기타,단일로,기타단일로,승용차,보행자
2014.12.25 18:00,야간,목,1,0,0,차대사람,횡단중,횡단중,교차로,교차로내,화물차,보행자
2014.12.26 16:00,주간,금,1,1,0,차대차,정면충돌,정면충돌,단일로,기타단일로,화물차,화물차
2014.12.28 4:00,야간,일,1,0,0,차량단독,공작물충돌,공작물충돌,단일로,기타단일로,승용차,0
2014.12.27 19:00,야간,토,1,0,0,차대차,기타,기타,단일로,기타단일로,승용차,승용차
2014.11.24 6:00,주간,월,1,0,0,차대차,측면직각충돌,측면직각충돌,교차로,교차로내,자전거,승합차
2014.11.24 17:00,주간,월,1,0,0,차대사람,횡단중,횡단중,단일로,기타단일로,원동기장치자전거,보행자
2014.11.25 22:00,야간,화,1,0,0,차대사람,횡단중,횡단중,단일로,기타단일로,화물차,보행자
2014.11.21 15:00,주간,금,1,1,0,차대차,측면직각충돌,측면직각충돌,교차로,교차로내,화물차,건설기계
2014.11.20 7:00,주간,목,1,0,1,차대차,정면충돌,정면충돌,기타/불명,기타/불명,승용차,화물차
2014.11.29 22:00,야간,토,1,0,0,차량단독,기타,기타,단일로,기타단일로,승용차,0
2014.12.6 21:00,야간,토,1,0,0,차대사람,기타,기타,교차로,교차로부근,화물차,보행자
2014.12.7 4:00,야간,일,1,0,0,차대차,기타,기타,단일로,기타단일로,승용차,자전거
2014.12.5 13:00,주간,금,1,0,0,차량단독,도로이탈,도로이탈 추락,단일로,기타단일로,농기계,0
2014.2.14 12:00,주간,금,1,0,0,차대차,기타,기타,교차로,교차로내,이륜차,승용차