발생년월일시,주야,요일,사망자수,중상자수,경상자수,사고유형_대분류,사고유형_중분류,사고유형,도로형태_대분류,도로형태,당사자종별_1당_대분류,당사자종별_2당_대분류
2014.2.14 14:00,주간,금,1,1,1,차량단독,공작물충돌,공작물충돌,단일로,기타단일로,승용차,0
2014.2.16 6:00,주간,일,1,2,0,차대차,정면충돌,정면충돌,단일로,기타단일로,승용차,승용차
2014.2.16 3:00,야간,일,1,0,0,차대사람,기타,기타,단일로,기타단일로,승용차,보행자
2014.2.15 21:00,야간,토,1,0,1,차량단독,기타,기타,단일로,기타단일로,승용차,0
2014.9.22 20:00,야간,월,1,0,0,차대사람,기타,기타,단일로,기타단일로,화물차,보행자
2014.9.22 10:00,주간,월,1,0,0,차대차,측면직각충돌,측면직각충돌,교차로,교차로내,이륜차,화물차
2014.9.22 10:00,주간,월,1,2,2,차대차,측면직각충돌,측면직각충돌,교차로,교차로부근,화물차,화물차
2014.9.22 22:00,야간,월,1,0,0,차대사람,횡단중,횡단중,단일로,기타단일로,승용차,보행자
2014.9.23 10:00,주간,화,1,0,0,차대차,측면직각충돌,측면직각충돌,교차로,교차로내,건설기계,화물차
2014.10.3 2:00,야간,금,1,0,0,차대사람,기타,기타,교차로,교차로부근,승용차,보행자
2014.10.1 15:00,주간,수,1,0,0,차량단독,전도전복,전도전복,단일로,기타단일로,화물차,0
2014.8.21 2:00,야간,목,1,0,0,차대사람,기타,기타,단일로,기타단일로,승용차,보행자
2014.8.18 20:00,야간,월,1,0,0,차대사람,횡단중,횡단중,단일로,기타단일로,승용차,보행자
2014.8.18 15:00,주간,월,1,0,0,차대사람,횡단중,횡단중,단일로,횡단보도부근,화물차,보행자
2014.8.26 23:00,야간,화,1,0,0,차량단독,공작물충돌,공작물충돌,단일로,기타단일로,원동기장치자전거,0
2014.8.26 1:00,야간,화,1,0,0,차대사람,기타,기타,단일로,횡단보도상,승용차,보행자
2014.8.26 4:00,야간,화,1,0,0,차대사람,횡단중,횡단중,단일로,기타단일로,승용차,보행자
2014.8.22 23:00,야간,금,1,0,0,차대사람,횡단중,횡단중,교차로,교차로내,승합차,보행자
2014.8.23 12:00,주간,토,1,0,0,차량단독,공작물충돌,공작물충돌,단일로,기타단일로,원동기장치자전거,0
2014.8.25 5:00,야간,월,1,0,0,차대사람,기타,기타,단일로,기타단일로,승용차,보행자
2013.9.28 2:00,야간,토,1,0,0,차대차,기타,기타,단일로,기타단일로,특수차,승용차
2013.6.14 5:00,야간,금,1,0,0,차량단독,공작물충돌,공작물충돌,단일로,기타단일로,승용차,0
2014.4.24 15:00,주간,목,1,0,0,차량단독,공작물충돌,공작물충돌,교차로,교차로내,승용차,0
2014.6.9 15:00,주간,월,1,0,1,차대차,측면직각충돌,측면직각충돌,단일로,기타단일로,원동기장치자전거,승용차
2013.4.28 18:00,야간,일,4,2,0,차량단독,전도전복,전도전복,단일로,기타단일로,승용차,0
2012.4.2 20:00,야간,월,1,0,0,차대차,추돌,진행중 추돌,단일로,기타단일로,승용차,자전거
2012.7.31 19:00,야간,화,1,0,0,차대사람,횡단중,횡단중,단일로,기타단일로,화물차,보행자
2012.10.12 10:00,주간,금,1,0,0,차대차,측면직각충돌,측면직각충돌,교차로,교차로부근,화물차,자전거
2012.3.3 11:00,주간,토,1,0,0,차대사람,기타,기타,단일로,기타단일로,승합차,보행자
2013.12.14 19:00,야간,토,1,1,0,차대사람,기타,기타,단일로,기타단일로,승합차,보행자
2012.11.17 7:00,주간,토,1,0,0,차대사람,횡단중,횡단중,단일로,횡단보도부근,승용차,보행자
2013.12.4 8:00,주간,수,1,1,0,차량단독,공작물충돌,공작물충돌,단일로,기타단일로,특수차,0
2012.10.4 23:00,야간,목,1,1,0,차대차,기타,기타,단일로,기타단일로,농기계,승용차
2014.1.12 18:00,야간,일,1,0,0,차량단독,도로이탈,도로이탈 기타,단일로,기타단일로,승용차,0
2014.1.22 18:00,야간,수,1,0,2,차대차,정면충돌,정면충돌,단일로,기타단일로,승용차,승용차
2014.1.22 18:00,야간,수,1,0,0,차대차,기타,기타,교차로,교차로내,원동기장치자전거,승용차
2014.1.22 9:00,주간,수,1,0,0,차대사람,횡단중,횡단중,교차로,교차로부근,화물차,보행자
2014.1.21 20:00,야간,화,1,0,1,차대차,정면충돌,정면충돌,교차로,교차로내,이륜차,승용차
2014.1.19 19:00,야간,일,1,0,0,차대사람,횡단중,횡단중,교차로,교차로부근,승용차,보행자
2014.1.18 4:00,야간,토,1,0,0,차대차,추돌,주정차중 추돌,교차로,교차로부근,승용차,화물차
2014.1.18 22:00,야간,토,1,0,0,차대사람,횡단중,횡단중,교차로,교차로부근,승용차,보행자
2014.1.18 14:00,주간,토,1,0,0,차대차,측면직각충돌,측면직각충돌,교차로,교차로내,화물차,이륜차
2014.1.21 15:00,주간,화,1,0,0,차대사람,기타,기타,교차로,교차로부근,승용차,보행자
2014.1.17 19:00,야간,금,1,0,0,차대사람,횡단중,횡단중,교차로,교차로내,승용차,보행자
2014.1.30 8:00,주간,목,1,0,1,차대차,측면직각충돌,측면직각충돌,단일로,기타단일로,승용차,승용차
2014.12.2 15:00,주간,화,1,0,0,차대사람,길가장자리구역통행중,길가장자리구역통행중,단일로,기타단일로,화물차,보행자
2014.12.1 17:00,주간,월,1,0,0,차대사람,횡단중,횡단중,단일로,기타단일로,승용차,보행자
2014.12.2 14:00,주간,화,2,0,0,차량단독,기타,기타,단일로,기타단일로,승용차,0
2014.12.2 9:00,주간,화,1,0,0,차대사람,기타,기타,단일로,기타단일로,화물차,보행자
2014.11.29 2:00,야간,토,1,0,2,차대차,정면충돌,정면충돌,단일로,기타단일로,승용차,승용차
2014.11.28 20:00,야간,금,1,0,0,차량단독,전도전복,전도전복,단일로,기타단일로,승용차,0
2014.11.29 20:00,야간,토,1,0,0,차대차,추돌,진행중 추돌,단일로,기타단일로,화물차,승합차
2014.11.29 16:00,주간,토,1,0,0,차대사람,차도통행중,차도통행중,단일로,기타단일로,승용차,보행자
2014.11.27 17:00,주간,목,1,1,4,차대사람,횡단중,횡단중,단일로,횡단보도부근,승합차,보행자
2014.12.7 17:00,주간,일,1,0,0,차대차,기타,기타,단일로,기타단일로,승용차,승용차
2014.12.4 17:00,주간,목,1,0,1,차대차,측면직각충돌,측면직각충돌,교차로,교차로내,승용차,건설기계
2014.12.4 20:00,야간,목,1,0,0,차대사람,횡단중,횡단중,교차로,교차로내,승합차,보행자
2014.8.2 3:00,야간,토,1,1,0,차대차,추돌,진행중 추돌,단일로,기타단일로,화물차,화물차
2014.4.5 5:00,야간,토,1,1,0,차량단독,전도전복,전도전복,단일로,기타단일로,승용차,0
2014.4.16 11:00,주간,수,1,0,2,차량단독,전도전복,전도전복,단일로,기타단일로,승합차,0
2014.5.29 17:00,주간,목,2,2,1,차대차,정면충돌,정면충돌,단일로,기타단일로,화물차,승합차
2014.10.14 10:00,주간,화,1,0,0,차대사람,횡단중,횡단중,교차로,교차로부근,화물차,보행자
2014.10.13 13:00,주간,월,1,0,0,차대사람,기타,기타,교차로,교차로내,승용차,보행자
2014.10.13 9:00,주간,월,1,1,0,차량단독,기타,기타,단일로,기타단일로,이륜차,0
2014.10.13 18:00,야간,월,1,0,0,차대차,측면직각충돌,측면직각충돌,단일로,기타단일로,화물차,승용차
2014.10.12 4:00,야간,일,1,2,2,차대차,기타,기타,단일로,터널안,승용차,승용차
2014.2.1 5:00,야간,토,2,1,0,차대차,추돌,진행중 추돌,단일로,기타단일로,승용차,승용차
2014.1.29 21:00,야간,수,1,0,1,차대차,추돌,주정차중 추돌,단일로,기타단일로,승용차,승합차
2014.1.29 14:00,주간,수,1,1,1,차대차,추돌,주정차중 추돌,교차로,교차로부근,승합차,이륜차
2014.1.29 18:00,야간,수,1,0,0,차량단독,도로이탈,도로이탈 기타,교차로,교차로부근,농기계,0
2014.1.29 2:00,야간,수,1,0,0,차대차,추돌,주정차중 추돌,단일로,기타단일로,승용차,화물차
2014.1.30 11:00,주간,목,1,1,0,차량단독,공작물충돌,공작물충돌,단일로,기타단일로,승용차,0
2014.1.31 19:00,야간,금,1,3,0,차대차,기타,기타,단일로,기타단일로,승용차,승용차
2014.1.26 17:00,주간,일,1,1,3,차대차,추돌,주정차중 추돌,교차로,교차로부근,화물차,승용차
2014.2.10 5:00,야간,월,1,0,0,차대차,기타,기타,단일로,횡단보도상,자전거,화물차
2014.2.9 8:00,주간,일,1,0,0,차대차,기타,기타,교차로,교차로부근,화물차,원동기장치자전거
2014.2.6 6:00,주간,목,1,0,0,차대사람,횡단중,횡단중,교차로,교차로내,승용차,보행자
2014.2.9 6:00,주간,일,1,2,1,차대차,정면충돌,정면충돌,단일로,기타단일로,승용차,승용차
2014.1.29 23:00,야간,수,1,1,0,차대차,추돌,진행중 추돌,단일로,기타단일로,화물차,승용차
2014.9.12 15:00,주간,금,1,0,0,차대사람,기타,기타,단일로,기타단일로,승용차,보행자
2014.9.17 7:00,주간,수,1,3,0,차대차,기타,기타,기타/불명,기타/불명,승용차,화물차
2014.10.20 0:00,야간,월,1,0,0,차량단독,공작물충돌,공작물충돌,단일로,기타단일로,승용차,0
2014.5.19 8:00,주간,월,1,0,1,차대차,기타,기타,단일로,기타단일로,승용차,승용차
2014.5.12 17:00,주간,월,1,1,1,차대차,기타,기타,단일로,기타단일로,화물차,화물차
2014.5.3 2:00,야간,토,1,1,2,차대차,기타,기타,단일로,기타단일로,승용차,승용차
2014.10.12 3:00,야간,일,1,3,1,차대차,추돌,진행중 추돌,교차로,교차로내,승용차,승용차
2014.10.11 19:00,야간,토,1,0,0,차대사람,기타,기타,교차로,교차로내,승용차,보행자
2014.10.11 0:00,야간,토,1,0,0,차대사람,횡단중,횡단중,단일로,기타단일로,승용차,보행자
2014.10.21 16:00,주간,화,1,0,0,차량단독,공작물충돌,공작물충돌,단일로,기타단일로,승용차,0
2014.10.18 17:00,주간,토,1,0,0,차량단독,전도전복,전도전복,단일로,기타단일로,농기계,0
2014.10.17 11:00,주간,금,1,0,0,차대사람,기타,기타,단일로,기타단일로,화물차,보행자
2014.10.27 18:00,야간,월,1,0,0,차대사람,횡단중,횡단중,단일로,기타단일로,승용차,보행자
2014.10.25 17:00,주간,토,1,0,0,차대차,정면충돌,정면충돌,교차로,교차로부근,자전거,화물차
2014.10.26 15:00,주간,일,1,0,0,차대차,추돌,진행중 추돌,단일로,기타단일로,승용차,농기계
2014.10.24 12:00,주간,금,1,1,1,차대차,추돌,주정차중 추돌,단일로,기타단일로,화물차,특수차
2014.10.26 5:00,야간,일,1,1,0,차량단독,기타,기타,단일로,기타단일로,이륜차,0
2014.10.22 0:00,야간,수,1,0,1,차대사람,기타,기타,단일로,기타단일로,승용차,보행자
2014.10.24 19:00,야간,금,1,0,0,차대차,추돌,진행중 추돌,단일로,기타단일로,승용차,자전거
2014.10.31 21:00,야간,금,1,0,0,차대사람,횡단중,횡단중,단일로,횡단보도상,승용차,보행자
2014.10.31 23:00,야간,금,1,0,0,차대사람,횡단중,횡단중,교차로,교차로부근,이륜차,보행자
2014.11.2 19:00,야간,일,1,0,0,차대사람,기타,기타,단일로,기타단일로,승용차,보행자
2014.11.3 5:00,야간,월,1,0,0,차대사람,횡단중,횡단중,단일로,기타단일로,승용차,보행자
2014.10.31 6:00,주간,금,1,0,0,차대사람,횡단중,횡단중,단일로,횡단보도상,화물차,보행자
2014.11.2 7:00,주간,일,1,0,0,차대차,측면직각충돌,측면직각충돌,단일로,기타단일로,승용차,이륜차
2014.10.30 18:00,야간,목,1,0,0,차대차,기타,기타,단일로,기타단일로,농기계,화물차
2014.10.29 19:00,야간,수,1,0,1,차대사람,기타,기타,단일로,기타단일로,승합차,보행자
2014.11.7 16:00,주간,금,1,0,0,차대사람,기타,기타,단일로,횡단보도부근,화물차,보행자
2014.11.8 14:00,주간,토,1,0,0,차대차,기타,기타,단일로,기타단일로,승용차,이륜차
2014.11.12 8:00,주간,수,1,0,0,차대사람,횡단중,횡단중,교차로,교차로부근,승합차,보행자
2014.11.11 21:00,야간,화,1,0,0,차대사람,기타,기타,단일로,기타단일로,승합차,보행자
2014.11.13 10:00,주간,목,1,1,0,차대차,추돌,진행중 추돌,단일로,기타단일로,승용차,화물차
2014.11.13 17:00,주간,목,1,0,0,차량단독,전도전복,전도전복,고가도로위,고가도로위,이륜차,0
2014.11.9 0:00,야간,일,1,0,0,차대차,기타,기타,지하도로내,지하도로내,승용차,이륜차
2014.11.8 16:00,주간,토,1,0,0,차대사람,횡단중,횡단중,단일로,기타단일로,이륜차,보행자
2014.11.10 18:00,야간,월,1,0,0,차대사람,길가장자리구역통행중,길가장자리구역통행중,단일로,기타단일로,화물차,보행자
2014.10.7 18:00,야간,화,1,0,0,차대사람,횡단중,횡단중,교차로,교차로부근,승합차,보행자
2014.10.14 16:00,주간,화,1,0,0,차량단독,기타,기타,단일로,기타단일로,원동기장치자전거,0
2014.10.14 20:00,야간,화,1,0,0,차대사람,기타,기타,단일로,기타단일로,화물차,보행자
2014.10.14 0:00,야간,화,1,1,1,차대차,정면충돌,정면충돌,단일로,기타단일로,원동기장치자전거,승용차
2014.10.12 16:00,주간,일,1,0,0,차량단독,도로이탈,도로이탈 추락,단일로,기타단일로,이륜차,0
2014.10.12 20:00,야간,일,1,0,0,차대차,기타,기타,단일로,기타단일로,승용차,이륜차
2014.10.19 17:00,주간,일,1,0,0,차대사람,횡단중,횡단중,단일로,기타단일로,승용차,보행자
2014.9.30 8:00,주간,화,1,0,0,차대차,정면충돌,정면충돌,단일로,기타단일로,이륜차,화물차
2014.9.29 19:00,야간,월,1,0,0,차대차,정면충돌,정면충돌,단일로,기타단일로,원동기장치자전거,승용차
2014.9.30 7:00,주간,화,1,1,0,차대차,측면직각충돌,측면직각충돌,단일로,기타단일로,승용차,화물차
2014.9.30 19:00,야간,화,1,0,0,차대사람,기타,기타,단일로,기타단일로,화물차,보행자
2014.8.19 21:00,야간,화,1,0,0,차대사람,횡단중,횡단중,단일로,기타단일로,승용차,보행자
2014.9.21 21:00,야간,일,1,0,0,차대차,추돌,진행중 추돌,단일로,기타단일로,승용차,화물차
2014.9.16 12:00,주간,화,1,0,0,차량단독,도로이탈,도로이탈 추락,단일로,기타단일로,건설기계,0
2014.9.4 13:00,주간,목,1,0,0,차대차,추돌,주정차중 추돌,단일로,기타단일로,화물차,화물차
2014.9.20 21:00,야간,토,1,0,3,차대차,추돌,진행중 추돌,단일로,기타단일로,승합차,승용차
2014.12.13 18:00,야간,토,1,0,0,차대사람,기타,기타,단일로,기타단일로,화물차,보행자
2014.10.22 11:00,주간,수,1,0,0,차대차,기타,기타,교차로,교차로부근,화물차,이륜차
2014.10.23 0:00,야간,목,1,1,1,차량단독,도로이탈,도로이탈 기타,단일로,기타단일로,승용차,0
2014.10.31 5:00,야간,금,1,0,0,차대사람,횡단중,횡단중,교차로,교차로내,승용차,보행자
2014.10.31 7:00,주간,금,1,6,7,차대차,정면충돌,정면충돌,단일로,기타단일로,화물차,승합차
2014.10.31 16:00,주간,금,1,0,0,차량단독,전도전복,전도전복,단일로,기타단일로,승용차,0
2014.10.27 17:00,주간,월,1,0,0,차량단독,도로이탈,도로이탈 추락,단일로,기타단일로,승용차,0
2014.11.7 3:00,야간,금,1,1,0,차량단독,공작물충돌,공작물충돌,단일로,기타단일로,승용차,0
2014.11.7 18:00,야간,금,1,0,0,차대사람,길가장자리구역통행중,길가장자리구역통행중,단일로,기타단일로,승합차,보행자
2014.11.5 18:00,야간,수,1,0,0,차대사람,횡단중,횡단중,단일로,기타단일로,화물차,보행자
2014.11.18 21:00,야간,화,1,0,0,차대사람,횡단중,횡단중,단일로,횡단보도상,승합차,보행자
2014.11.19 6:00,주간,수,1,0,0,차대사람,기타,기타,단일로,횡단보도상,화물차,보행자
2014.11.17 14:00,주간,월,1,0,0,차량단독,전도전복,전도전복,교차로,교차로내,이륜차,0
2014.11.17 5:00,야간,월,1,0,0,차대차,추돌,주정차중 추돌,단일로,기타단일로,승합차,승합차
2014.11.15 19:00,야간,토,1,0,0,차대사람,횡단중,횡단중,단일로,기타단일로,승용차,보행자
2014.5.3 2:00,야간,토,3,1,1,차대차,추돌,주정차중 추돌,단일로,기타단일로,승합차,화물차
2014.8.16 4:00,야간,토,1,0,0,차대사람,횡단중,횡단중,단일로,기타단일로,화물차,보행자
2014.8.25 15:00,주간,월,1,0,0,차대차,기타,기타,단일로,기타단일로,승합차,자전거
2014.8.28 6:00,주간,목,1,0,1,차량단독,공작물충돌,공작물충돌,단일로,기타단일로,승용차,0
2014.8.27 14:00,주간,수,1,0,0,차량단독,기타,기타,단일로,기타단일로,이륜차,0
2014.8.22 13:00,주간,금,1,0,0,차대차,기타,기타,교차로,교차로내,화물차,자전거
2014.8.22 21:00,야간,금,1,2,1,차대차,정면충돌,정면충돌,단일로,기타단일로,농기계,승용차
2014.9.1 18:00,야간,월,1,0,0,차대사람,횡단중,횡단중,단일로,기타단일로,승용차,보행자
2014.9.1 17:00,주간,월,1,0,0,차대사람,횡단중,횡단중,교차로,교차로내,농기계,보행자
2014.8.30 11:00,주간,토,1,0,0,차량단독,도로이탈,도로이탈 추락,교차로,교차로부근,농기계,0
2014.8.30 8:00,주간,토,1,0,0,차대사람,기타,기타,단일로,기타단일로,승용차,보행자
2014.9.6 10:00,주간,토,1,0,0,차대차,기타,기타,단일로,기타단일로,이륜차,화물차
2014.9.4 10:00,주간,목,1,0,0,차대차,측면직각충돌,측면직각충돌,단일로,기타단일로,화물차,자전거
2014.9.3 14:00,주간,수,1,0,0,차량단독,공작물충돌,공작물충돌,단일로,기타단일로,화물차,0
2014.9.4 18:00,야간,목,1,0,0,차대차,추돌,진행중 추돌,교차로,교차로내,승용차,이륜차
2014.9.15 5:00,야간,월,1,0,0,차대사람,차도통행중,차도통행중,단일로,기타단일로,화물차,보행자
2014.9.13 17:00,주간,토,1,0,0,차대차,정면충돌,정면충돌,교차로,교차로내,승용차,이륜차
2014.9.11 8:00,주간,목,1,0,0,차대차,측면직각충돌,측면직각충돌,교차로,교차로내,이륜차,승합차
2014.9.12 20:00,야간,금,1,1,0,차대차,정면충돌,정면충돌,단일로,기타단일로,화물차,화물차
2014.9.20 4:00,야간,토,1,0,0,차대사람,차도통행중,차도통행중,기타/불명,기타/불명,승용차,보행자
2014.9.19 23:00,야간,금,1,0,0,차대사람,보도통행중,보도통행중,단일로,기타단일로,승용차,보행자
2014.9.19 19:00,야간,금,1,0,0,차대차,측면직각충돌,측면직각충돌,단일로,기타단일로,승용차,자전거
2014.9.20 19:00,야간,토,1,3,0,차대차,측면직각충돌,측면직각충돌,교차로,교차로내,화물차,승용차
2014.9.17 18:00,야간,수,1,0,0,차대차,기타,기타,단일로,기타단일로,이륜차,승합차
2014.9.15 20:00,야간,월,1,0,1,차대사람,횡단중,횡단중,단일로,기타단일로,이륜차,보행자
2014.9.17 14:00,주간,수,1,1,0,차대차,추돌,진행중 추돌,단일로,기타단일로,화물차,화물차
2014.9.17 22:00,야간,수,1,0,0,차대사람,횡단중,횡단중,단일로,기타단일로,승합차,보행자
2014.8.19 23:00,야간,화,1,0,0,차대사람,기타,기타,단일로,횡단보도상,승용차,보행자
2014.8.16 20:00,야간,토,1,0,0,차대사람,횡단중,횡단중,단일로,기타단일로,화물차,보행자
2014.8.16 20:00,야간,토,1,0,0,차대차,기타,기타,단일로,기타단일로,승합차,자전거
2014.8.23 6:00,주간,토,1,0,0,차대사람,횡단중,횡단중,단일로,횡단보도상,화물차,보행자
2014.8.24 6:00,주간,일,1,1,0,차대차,기타,기타,교차로,교차로내,승용차,승용차
2014.8.22 12:00,주간,금,1,0,0,차대사람,기타,기타,단일로,기타단일로,승용차,보행자
2014.8.29 5:00,야간,금,1,0,0,차대차,기타,기타,교차로,교차로내,자전거,승합차
2014.9.7 19:00,야간,일,1,0,0,차대사람,기타,기타,단일로,기타단일로,승합차,보행자
2014.8.17 0:00,야간,일,1,0,0,차량단독,기타,기타,교차로,교차로부근,원동기장치자전거,0
2014.8.28 0:00,야간,목,1,0,0,차량단독,공작물충돌,공작물충돌,교차로,교차로부근,승용차,0
2014.8.28 5:00,야간,목,1,0,0,차대사람,기타,기타,단일로,기타단일로,승용차,보행자
2014.8.27 10:00,주간,수,1,0,1,차대차,추돌,진행중 추돌,단일로,기타단일로,승합차,화물차
2014.8.27 10:00,주간,수,1,0,0,차대사람,기타,기타,단일로,기타단일로,승용차,보행자
2014.8.27 9:00,주간,수,1,0,0,차량단독,공작물충돌,공작물충돌,단일로,기타단일로,승용차,0
2014.8.24 13:00,주간,일,1,0,0,차량단독,도로이탈,도로이탈 기타,단일로,기타단일로,원동기장치자전거,0
2014.8.23 6:00,주간,토,1,0,0,차대사람,횡단중,횡단중,단일로,기타단일로,승용차,보행자
2014.8.31 20:00,야간,일,1,0,0,차대사람,기타,기타,단일로,기타단일로,자전거,보행자
2014.9.2 14:00,주간,화,1,0,0,차대차,측면직각충돌,측면직각충돌,교차로,교차로내,원동기장치자전거,화물차
2014.9.8 12:00,주간,월,1,0,0,차대차,측면직각충돌,측면직각충돌,교차로,교차로내,승용차,자전거
2014.9.8 21:00,야간,월,2,2,2,차대차,측면직각충돌,측면직각충돌,교차로,교차로내,불명,승용차
2014.9.7 21:00,야간,일,1,0,0,차대차,측면직각충돌,측면직각충돌,교차로,교차로부근,이륜차,승용차
2014.9.7 14:00,주간,일,1,0,0,차량단독,공작물충돌,공작물충돌,단일로,기타단일로,승용차,0
2014.9.3 13:00,주간,수,1,0,0,차대차,측면직각충돌,측면직각충돌,교차로,교차로내,건설기계,원동기장치자전거
2014.9.4 18:00,야간,목,1,0,0,차대차,기타,기타,단일로,기타단일로,불명,자전거
2014.9.16 11:00,주간,화,1,0,0,차대사람,기타,기타,교차로,교차로부근,건설기계,보행자
2014.9.16 0:00,야간,화,1,0,0,차량단독,공작물충돌,공작물충돌,단일로,기타단일로,원동기장치자전거,0
2014.9.12 21:00,야간,금,1,0,0,차대사람,횡단중,횡단중,단일로,기타단일로,화물차,보행자
2014.9.10 9:00,주간,수,1,0,0,차대사람,기타,기타,단일로,기타단일로,화물차,보행자
2014.9.30 10:00,주간,화,1,0,0,차대사람,기타,기타,교차로,교차로내,화물차,보행자
2014.9.30 18:00,야간,화,1,1,0,차대차,측면직각충돌,측면직각충돌,교차로,교차로내,화물차,승용차
2014.9.28 17:00,주간,일,1,0,1,차대차,정면충돌,정면충돌,단일로,기타단일로,이륜차,승합차
2014.9.29 7:00,주간,월,1,0,0,차대차,측면직각충돌,측면직각충돌,단일로,기타단일로,화물차,이륜차
2014.9.27 21:00,야간,토,1,0,0,차대사람,기타,기타,단일로,기타단일로,승용차,보행자
2014.9.28 18:00,야간,일,1,0,0,차대차,측면직각충돌,측면직각충돌,단일로,기타단일로,특수차,화물차
2014.9.15 18:00,야간,월,1,0,0,차대차,정면충돌,정면충돌,단일로,기타단일로,원동기장치자전거,승용차
2014.9.25 14:00,주간,목,1,1,0,차대차,기타,기타,단일로,기타단일로,승용차,승용차
2014.9.26 9:00,주간,금,1,0,0,차대사람,횡단중,횡단중,교차로,교차로내,화물차,보행자
2014.9.27 5:00,야간,토,1,0,0,차대차,추돌,진행중 추돌,단일로,기타단일로,승용차,이륜차
2014.9.26 20:00,야간,금,1,0,0,차대사람,횡단중,횡단중,단일로,기타단일로,승용차,보행자
2014.8.21 9:00,주간,목,1,0,0,차대차,추돌,진행중 추돌,단일로,기타단일로,화물차,이륜차
2014.8.16 14:00,주간,토,1,0,0,차대사람,횡단중,횡단중,교차로,교차로내,건설기계,보행자
2014.8.18 9:00,주간,월,1,0,0,차대차,측면직각충돌,측면직각충돌,교차로,교차로내,이륜차,화물차
2014.8.16 22:00,야간,토,1,1,0,차대사람,기타,기타,교차로,교차로내,이륜차,보행자
2014.8.27 18:00,야간,수,1,0,0,차량단독,공작물충돌,공작물충돌,교차로,교차로내,이륜차,0
2014.12.3 23:00,야간,수,1,2,0,차대차,기타,기타,단일로,기타단일로,승용차,농기계
2014.12.12 17:00,주간,금,1,0,0,차량단독,전도전복,전도전복,단일로,기타단일로,승용차,0
2014.12.12 18:00,야간,금,1,1,0,차대사람,횡단중,횡단중,교차로,교차로부근,승용차,보행자
2014.12.12 19:00,야간,금,1,0,0,차대사람,횡단중,횡단중,단일로,기타단일로,승용차,보행자
2014.12.10 8:00,주간,수,1,0,0,차량단독,공작물충돌,공작물충돌,단일로,기타단일로,승용차,0
2014.12.11 15:00,주간,목,1,0,0,차량단독,전도전복,전도전복,교차로,교차로부근,건설기계,0
2014.5.24 2:00,야간,토,1,0,1,차대차,추돌,진행중 추돌,단일로,기타단일로,승용차,화물차
2014.11.4 16:00,주간,화,1,0,0,차대사람,횡단중,횡단중,단일로,기타단일로,승용차,보행자
2014.11.4 12:00,주간,화,1,0,0,차량단독,공작물충돌,공작물충돌,단일로,기타단일로,승용차,0
2014.11.4 13:00,주간,화,1,0,0,차대차,측면직각충돌,측면직각충돌,교차로,교차로내,승용차,화물차
2014.11.4 18:00,야간,화,1,0,0,차대차,기타,기타,단일로,기타단일로,이륜차,화물차
2014.11.4 17:00,주간,화,1,0,0,차대사람,길가장자리구역통행중,길가장자리구역통행중,단일로,기타단일로,승용차,보행자
2014.11.3 18:00,야간,월,1,0,0,차대사람,기타,기타,단일로,기타단일로,승용차,보행자
2014.11.4 5:00,야간,화,1,0,0,차대차,기타,기타,교차로,교차로내,화물차,승용차
2014.11.4 21:00,야간,화,1,0,0,차량단독,공작물충돌,공작물충돌,단일로,기타단일로,승용차,0
2014.11.4 20:00,야간,화,1,0,0,차대사람,횡단중,횡단중,단일로,횡단보도상,승합차,보행자
2014.11.4 21:00,야간,화,1,0,0,차대사람,기타,기타,교차로,교차로부근,화물차,보행자
2014.11.3 14:00,주간,월,1,1,0,차대차,기타,기타,교차로,교차로내,승용차,원동기장치자전거
2014.11.13 9:00,주간,목,1,1,0,차대차,측면직각충돌,측면직각충돌,교차로,교차로내,승용차,승용차
2014.11.12 18:00,야간,수,1,0,0,차대차,추돌,주정차중 추돌,단일로,기타단일로,이륜차,화물차
2014.10.10 7:00,주간,금,1,0,0,차량단독,공작물충돌,공작물충돌,교차로,교차로내,승용차,0
2014.10.9 16:00,주간,목,1,0,0,차대차,추돌,진행중 추돌,교차로,교차로부근,이륜차,화물차
2014.10.9 6:00,주간,목,1,1,0,차량단독,공작물충돌,공작물충돌,단일로,기타단일로,승용차,0
2014.10.7 5:00,야간,화,1,1,0,차대차,측면직각충돌,측면직각충돌,교차로,교차로내,승용차,원동기장치자전거
2014.10.6 20:00,야간,월,1,1,0,차대사람,기타,기타,단일로,기타단일로,이륜차,보행자
2014.10.16 5:00,야간,목,1,0,1,차대차,기타,기타,단일로,기타단일로,승용차,화물차
2014.10.14 16:00,주간,화,1,0,0,차량단독,도로이탈,도로이탈 추락,단일로,기타단일로,승용차,0
2014.10.13 8:00,주간,월,1,0,0,차대차,기타,기타,단일로,기타단일로,승용차,화물차
2014.10.13 18:00,야간,월,1,0,0,차대사람,횡단중,횡단중,교차로,교차로내,화물차,보행자
2014.10.10 20:00,야간,금,1,0,0,차대사람,횡단중,횡단중,단일로,횡단보도부근,특수차,보행자
2014.10.19 14:00,주간,일,1,4,2,차대차,정면충돌,정면충돌,단일로,기타단일로,승용차,승용차
2014.10.18 5:00,야간,토,1,0,0,차대차,기타,기타,단일로,횡단보도상,승용차,불명
2014.10.17 20:00,야간,금,1,0,1,차대차,측면직각충돌,측면직각충돌,교차로,교차로내,승용차,승합차
2014.10.17 11:00,주간,금,1,0,0,차대사람,기타,기타,교차로,교차로부근,승용차,보행자