발생년월일시,주야,요일,사망자수,중상자수,경상자수,사고유형_대분류,사고유형_중분류,사고유형,도로형태_대분류,도로형태,당사자종별_1당_대분류,당사자종별_2당_대분류
2014.10.24 23:00,야간,금,1,0,0,차대사람,기타,기타,단일로,기타단일로,자전거,보행자
2014.9.1 9:00,주간,월,1,1,2,차대차,기타,기타,단일로,기타단일로,화물차,승용차
2014.8.31 19:00,야간,일,1,0,0,차대사람,횡단중,횡단중,교차로,교차로부근,승합차,보행자
2014.9.2 19:00,야간,화,1,0,0,차대사람,횡단중,횡단중,단일로,기타단일로,승용차,보행자
2014.9.1 6:00,주간,월,1,0,0,차량단독,공작물충돌,공작물충돌,기타/불명,기타/불명,승용차,0
2014.9.2 19:00,야간,화,1,0,0,차대차,측면직각충돌,측면직각충돌,교차로,교차로부근,화물차,자전거
2014.8.29 21:00,야간,금,1,3,0,차대차,측면직각충돌,측면직각충돌,교차로,교차로내,승용차,이륜차
2014.8.29 14:00,주간,금,1,0,0,차대사람,길가장자리구역통행중,길가장자리구역통행중,단일로,기타단일로,승용차,보행자
2014.8.31 0:00,야간,일,1,0,0,차량단독,전도전복,전도전복,단일로,기타단일로,이륜차,0
2014.1.8 1:00,야간,수,1,0,0,차대사람,차도통행중,차도통행중,고가도로위,고가도로위,화물차,보행자
2014.5.2 3:00,야간,금,1,2,0,차대사람,기타,기타,단일로,기타단일로,승용차,보행자
2014.11.13 3:00,야간,목,1,0,0,차대사람,기타,기타,단일로,기타단일로,승용차,보행자
2014.11.12 14:00,주간,수,1,0,0,차대사람,기타,기타,단일로,기타단일로,승용차,보행자
2014.11.13 18:00,야간,목,1,0,0,차량단독,전도전복,전도전복,단일로,기타단일로,건설기계,0
2014.11.12 7:00,주간,수,1,0,0,차대사람,횡단중,횡단중,단일로,횡단보도상,승용차,보행자
2014.11.14 13:00,주간,금,1,0,0,차대차,추돌,진행중 추돌,단일로,기타단일로,화물차,원동기장치자전거
2014.1.6 19:00,야간,월,1,0,0,차대사람,횡단중,횡단중,단일로,기타단일로,승합차,보행자
2014.1.5 16:00,주간,일,1,0,0,차량단독,기타,기타,단일로,기타단일로,농기계,0
2014.1.3 6:00,주간,금,1,0,0,차대사람,기타,기타,단일로,기타단일로,승용차,보행자
2014.1.1 5:00,야간,수,2,0,0,차대차,기타,기타,단일로,기타단일로,승용차,승용차
2014.1.16 4:00,야간,목,1,0,0,차대사람,기타,기타,단일로,기타단일로,승용차,보행자
2014.1.14 7:00,주간,화,1,2,0,차대차,정면충돌,정면충돌,단일로,기타단일로,승용차,화물차
2014.1.10 6:00,주간,금,1,0,0,차대사람,횡단중,횡단중,단일로,횡단보도상,승합차,보행자
2014.1.11 9:00,주간,토,1,0,0,차대차,측면직각충돌,측면직각충돌,교차로,교차로내,화물차,이륜차
2014.1.11 19:00,야간,토,1,0,0,차대차,기타,기타,단일로,기타단일로,승합차,화물차
2014.1.23 7:00,주간,목,1,0,0,차대사람,횡단중,횡단중,교차로,교차로부근,화물차,보행자
2014.1.23 11:00,주간,목,1,0,0,차대사람,횡단중,횡단중,단일로,횡단보도부근,승용차,보행자
2014.1.23 2:00,야간,목,1,0,0,차대사람,길가장자리구역통행중,길가장자리구역통행중,단일로,기타단일로,승용차,보행자
2014.1.21 10:00,주간,화,1,0,0,차대차,기타,기타,단일로,기타단일로,이륜차,화물차
2014.1.24 5:00,야간,금,1,0,0,차대사람,차도통행중,차도통행중,단일로,기타단일로,특수차,보행자
2014.1.24 6:00,주간,금,1,0,0,차대사람,횡단중,횡단중,교차로,교차로내,화물차,보행자
2014.1.20 17:00,주간,월,1,0,0,차대차,기타,기타,단일로,기타단일로,승용차,원동기장치자전거
2014.1.20 11:00,주간,월,1,0,0,차대사람,횡단중,횡단중,단일로,기타단일로,화물차,보행자
2014.1.20 18:00,야간,월,1,0,0,차대사람,차도통행중,차도통행중,교차로,교차로부근,승용차,보행자
2014.1.20 9:00,주간,월,1,0,1,차대차,측면직각충돌,측면직각충돌,고가도로위,고가도로위,승용차,화물차
2014.11.5 15:00,주간,수,1,0,0,차량단독,도로이탈,도로이탈 추락,기타/불명,기타/불명,이륜차,0
2014.11.4 17:00,주간,화,1,0,1,차대차,추돌,진행중 추돌,교차로,교차로내,승용차,승용차
2014.11.4 23:00,야간,화,1,0,0,차대차,측면직각충돌,측면직각충돌,교차로,교차로내,승합차,원동기장치자전거
2014.11.4 18:00,야간,화,1,0,0,차대사람,기타,기타,단일로,기타단일로,화물차,보행자
2014.11.4 18:00,야간,화,1,0,0,차대사람,기타,기타,단일로,기타단일로,승용차,보행자
2014.11.5 11:00,주간,수,1,0,0,차대사람,길가장자리구역통행중,길가장자리구역통행중,교차로,교차로부근,화물차,보행자
2014.11.5 18:00,야간,수,1,0,0,차대차,추돌,주정차중 추돌,단일로,기타단일로,승용차,이륜차
2014.11.5 19:00,야간,수,1,0,0,차대사람,기타,기타,교차로,교차로내,승용차,보행자
2014.11.5 6:00,주간,수,1,0,0,차대사람,횡단중,횡단중,단일로,기타단일로,승용차,보행자
2014.11.3 14:00,주간,월,1,0,0,차대차,기타,기타,교차로,교차로내,건설기계,원동기장치자전거
2014.11.3 19:00,야간,월,1,0,0,차대사람,기타,기타,기타/불명,기타/불명,승용차,보행자
2014.11.3 18:00,야간,월,1,0,0,차대사람,횡단중,횡단중,교차로,교차로내,승용차,보행자
2014.11.3 6:00,주간,월,1,0,0,차대차,측면직각충돌,측면직각충돌,교차로,교차로내,이륜차,화물차
2014.11.14 1:00,야간,금,1,2,0,차대차,측면직각충돌,측면직각충돌,교차로,교차로내,승용차,승용차
2014.11.12 22:00,야간,수,1,1,0,차대차,기타,기타,단일로,기타단일로,승용차,승용차
2014.11.13 5:00,야간,목,1,0,0,차대사람,횡단중,횡단중,단일로,기타단일로,화물차,보행자
2014.11.14 4:00,야간,금,2,0,0,차대사람,차도통행중,차도통행중,고가도로위,고가도로위,승용차,보행자
2014.11.14 6:00,주간,금,1,1,2,차대차,측면직각충돌,측면직각충돌,단일로,기타단일로,화물차,화물차
2013.5.20 2:00,야간,월,1,2,0,차대차,정면충돌,정면충돌,지하도로내,지하도로내,승용차,화물차
2013.5.31 20:00,야간,금,1,0,0,차대차,측면직각충돌,측면직각충돌,교차로,교차로내,자전거,승합차
2013.6.7 21:00,야간,금,1,0,0,차대사람,차도통행중,차도통행중,단일로,기타단일로,승용차,보행자
2013.6.4 13:00,주간,화,1,1,0,차대차,추돌,주정차중 추돌,교차로,교차로부근,승용차,화물차
2013.6.4 9:00,주간,화,1,0,0,차대사람,기타,기타,기타/불명,기타/불명,화물차,보행자
2013.6.2 15:00,주간,일,1,0,0,차량단독,도로이탈,도로이탈 기타,단일로,기타단일로,승용차,0
2014.9.15 20:00,야간,월,1,0,0,차대사람,횡단중,횡단중,단일로,기타단일로,화물차,보행자
2014.9.16 8:00,주간,화,1,0,0,차대차,추돌,진행중 추돌,교차로,교차로내,자전거,화물차
2014.9.13 5:00,야간,토,1,0,0,차대사람,횡단중,횡단중,단일로,기타단일로,승용차,보행자
2014.9.12 2:00,야간,금,1,0,0,차량단독,전도전복,전도전복,단일로,기타단일로,화물차,0
2014.9.10 22:00,야간,수,1,1,0,차대차,정면충돌,정면충돌,단일로,기타단일로,승용차,승용차
2014.9.10 4:00,야간,수,1,0,0,차대사람,기타,기타,단일로,기타단일로,승용차,보행자
2014.9.12 11:00,주간,금,1,1,0,차대차,측면직각충돌,측면직각충돌,교차로,교차로내,승용차,원동기장치자전거
2014.9.12 19:00,야간,금,1,1,0,차대차,추돌,진행중 추돌,교차로,교차로내,승용차,승용차
2014.9.10 3:00,야간,수,1,1,0,차량단독,공작물충돌,공작물충돌,교차로,교차로내,이륜차,0
2014.9.10 6:00,주간,수,1,0,0,차량단독,공작물충돌,공작물충돌,단일로,기타단일로,이륜차,0
2014.9.11 6:00,주간,목,1,0,0,차대사람,횡단중,횡단중,단일로,횡단보도상,화물차,보행자
2014.9.9 19:00,야간,화,1,0,0,차대사람,기타,기타,단일로,횡단보도상,화물차,보행자
2014.9.20 20:00,야간,토,1,0,0,차대사람,기타,기타,교차로,교차로부근,승합차,보행자
2014.9.21 21:00,야간,일,1,0,0,차대사람,기타,기타,기타/불명,기타/불명,화물차,보행자
2014.9.17 21:00,야간,수,1,0,0,차대사람,기타,기타,단일로,기타단일로,승용차,보행자
2014.9.17 22:00,야간,수,1,0,0,차대사람,기타,기타,단일로,기타단일로,승용차,보행자
2014.9.27 19:00,야간,토,1,0,0,차대사람,횡단중,횡단중,교차로,교차로부근,승용차,보행자
2014.9.26 19:00,야간,금,1,2,0,차대차,추돌,진행중 추돌,단일로,기타단일로,승용차,건설기계
2014.9.27 1:00,야간,토,1,0,0,차대사람,기타,기타,교차로,교차로부근,승용차,보행자
2014.9.26 19:00,야간,금,1,0,0,차량단독,공작물충돌,공작물충돌,단일로,기타단일로,승용차,0
2014.9.25 9:00,주간,목,1,0,0,차량단독,공작물충돌,공작물충돌,교차로,교차로내,화물차,0
2014.9.25 13:00,주간,목,1,1,0,차대차,측면직각충돌,측면직각충돌,교차로,교차로내,이륜차,승용차
2014.9.25 12:00,주간,목,1,0,0,차량단독,공작물충돌,공작물충돌,단일로,기타단일로,승용차,0
2014.9.25 10:00,주간,목,1,0,0,차대사람,기타,기타,단일로,기타단일로,화물차,보행자
2014.9.24 8:00,주간,수,1,1,0,차량단독,기타,기타,단일로,기타단일로,승용차,0
2014.9.22 12:00,주간,월,1,0,0,차대차,추돌,진행중 추돌,교차로,교차로내,화물차,원동기장치자전거
2014.8.20 4:00,야간,수,1,0,0,차대차,기타,기타,단일로,기타단일로,승용차,화물차
2014.8.15 19:00,야간,금,1,0,0,차대사람,횡단중,횡단중,단일로,기타단일로,승용차,보행자
2014.8.16 7:00,주간,토,1,0,0,차대차,측면직각충돌,측면직각충돌,교차로,교차로내,이륜차,승용차
2014.8.16 10:00,주간,토,1,1,0,차량단독,기타,기타,기타/불명,기타/불명,농기계,0
2014.8.26 15:00,주간,화,1,0,2,차대차,추돌,진행중 추돌,단일로,기타단일로,화물차,화물차
2014.8.24 5:00,야간,일,1,0,2,차대차,측면직각충돌,측면직각충돌,교차로,교차로내,원동기장치자전거,승용차
2014.8.25 5:00,야간,월,1,0,0,차대사람,기타,기타,교차로,교차로부근,승용차,보행자
2014.9.1 10:00,주간,월,1,1,0,차대차,추돌,진행중 추돌,단일로,기타단일로,승용차,원동기장치자전거
2014.8.29 6:00,주간,금,1,0,0,차대사람,차도통행중,차도통행중,교차로,교차로부근,승합차,보행자
2014.8.28 14:00,주간,목,1,0,0,차대사람,기타,기타,교차로,교차로부근,화물차,보행자
2014.9.4 12:00,주간,목,1,0,0,차대사람,기타,기타,기타/불명,기타/불명,승합차,보행자
2014.9.4 16:00,주간,목,1,0,0,차대사람,횡단중,횡단중,단일로,기타단일로,승용차,보행자
2014.8.29 9:00,주간,금,1,0,0,차대사람,기타,기타,단일로,횡단보도부근,화물차,보행자
2014.8.27 19:00,야간,수,1,0,0,차대차,기타,기타,교차로,교차로내,승합차,화물차
2014.9.7 21:00,야간,일,1,0,0,차대사람,횡단중,횡단중,단일로,기타단일로,승용차,보행자
2014.9.9 0:00,야간,화,1,0,0,차대사람,횡단중,횡단중,단일로,기타단일로,승용차,보행자
2014.9.7 17:00,주간,일,1,0,0,차대차,추돌,진행중 추돌,단일로,기타단일로,이륜차,이륜차
2014.9.7 19:00,야간,일,1,0,0,차대사람,차도통행중,차도통행중,단일로,기타단일로,화물차,보행자
2014.9.5 12:00,주간,금,1,0,0,차대사람,기타,기타,기타/불명,기타/불명,화물차,보행자
2014.9.5 9:00,주간,금,1,0,0,차대사람,차도통행중,차도통행중,단일로,기타단일로,화물차,보행자
2014.9.5 12:00,주간,금,1,1,0,차대차,기타,기타,단일로,기타단일로,원동기장치자전거,원동기장치자전거
2014.9.2 22:00,야간,화,2,3,0,차대사람,기타,기타,단일로,기타단일로,승용차,보행자
2014.9.16 7:00,주간,화,1,0,0,차대사람,기타,기타,교차로,교차로내,화물차,보행자
2014.9.14 14:00,주간,일,1,0,4,차대차,기타,기타,교차로,교차로내,승용차,승합차
2014.9.9 14:00,주간,화,1,0,0,차대사람,횡단중,횡단중,단일로,기타단일로,승합차,보행자
2014.9.30 18:00,야간,화,1,0,0,차대차,추돌,진행중 추돌,교차로,교차로부근,이륜차,승용차
2014.9.29 2:00,야간,월,1,0,0,차대차,추돌,주정차중 추돌,단일로,기타단일로,승용차,승용차
2014.9.16 17:00,주간,화,1,0,0,차량단독,전도전복,전도전복,단일로,기타단일로,원동기장치자전거,0
2014.9.17 4:00,야간,수,1,0,0,차대사람,횡단중,횡단중,교차로,교차로부근,승용차,보행자
2014.9.26 17:00,주간,금,1,0,0,차대차,기타,기타,단일로,기타단일로,화물차,원동기장치자전거
2014.9.27 0:00,야간,토,1,1,0,차량단독,공작물충돌,공작물충돌,단일로,기타단일로,승용차,0
2014.9.28 6:00,주간,일,1,0,0,차대사람,기타,기타,단일로,횡단보도상,승용차,보행자
2014.9.26 23:00,야간,금,3,4,0,차대차,기타,기타,단일로,기타단일로,승용차,승용차
2014.9.26 18:00,야간,금,1,1,0,차대사람,횡단중,횡단중,단일로,횡단보도부근,화물차,보행자
2014.9.27 18:00,야간,토,1,0,0,차대차,정면충돌,정면충돌,단일로,기타단일로,승용차,이륜차
2014.9.26 9:00,주간,금,1,0,0,차대차,기타,기타,단일로,횡단보도상,화물차,자전거
2014.9.25 20:00,야간,목,1,0,0,차대사람,기타,기타,교차로,교차로내,승용차,보행자
2014.9.25 20:00,야간,목,1,0,0,차대사람,횡단중,횡단중,교차로,교차로내,승용차,보행자
2014.9.26 3:00,야간,금,1,0,0,차대차,추돌,주정차중 추돌,지하도로내,지하도로내,화물차,특수차
2014.9.23 21:00,야간,화,1,0,0,차대사람,기타,기타,단일로,기타단일로,화물차,보행자
2014.8.21 8:00,주간,목,1,0,0,차대사람,기타,기타,단일로,횡단보도상,화물차,보행자
2014.8.25 11:00,주간,월,1,0,0,차량단독,공작물충돌,공작물충돌,교차로,교차로부근,승용차,0
2014.8.23 20:00,야간,토,1,0,0,차대사람,횡단중,횡단중,교차로,교차로내,승용차,보행자
2014.9.1 14:00,주간,월,1,0,0,차대사람,기타,기타,단일로,기타단일로,화물차,보행자
2014.8.30 11:00,주간,토,1,0,1,차대차,기타,기타,단일로,기타단일로,화물차,화물차
2014.9.9 0:00,야간,화,1,0,0,차대사람,길가장자리구역통행중,길가장자리구역통행중,단일로,기타단일로,승용차,보행자
2014.12.24 17:00,주간,수,1,1,4,차대차,정면충돌,정면충돌,단일로,기타단일로,승용차,화물차
2014.12.30 2:00,야간,화,1,3,0,차대차,정면충돌,정면충돌,단일로,기타단일로,승용차,승용차
2014.12.14 22:00,야간,일,1,0,0,차대차,추돌,진행중 추돌,교차로,교차로부근,승용차,승용차
2014.12.15 1:00,야간,월,1,0,0,차량단독,도로이탈,도로이탈 추락,단일로,기타단일로,화물차,0
2014.12.15 22:00,야간,월,1,0,0,차량단독,전도전복,전도전복,단일로,기타단일로,승용차,0
2014.12.28 18:00,야간,일,1,0,0,차대사람,차도통행중,차도통행중,단일로,기타단일로,승용차,보행자
2014.12.25 7:00,주간,목,1,0,0,차대사람,기타,기타,단일로,기타단일로,화물차,보행자
2014.12.25 7:00,주간,목,1,0,0,차대사람,길가장자리구역통행중,길가장자리구역통행중,단일로,기타단일로,승용차,보행자
2014.6.3 18:00,야간,화,1,2,1,차대차,기타,기타,단일로,기타단일로,승합차,승용차
2014.6.5 6:00,주간,목,1,0,0,차대차,측면직각충돌,측면직각충돌,교차로,교차로내,화물차,자전거
2014.6.4 3:00,야간,수,1,0,0,차량단독,도로이탈,도로이탈 기타,단일로,기타단일로,이륜차,0
2014.6.12 18:00,야간,목,1,0,0,차대차,측면직각충돌,측면직각충돌,교차로,교차로내,화물차,이륜차
2014.6.13 7:00,주간,금,1,0,0,차량단독,공작물충돌,공작물충돌,교차로,교차로내,승용차,0
2014.6.10 20:00,야간,화,2,2,1,차대차,측면직각충돌,측면직각충돌,교차로,교차로내,건설기계,승용차
2014.6.10 17:00,주간,화,1,0,0,차대차,측면직각충돌,측면직각충돌,교차로,교차로내,자전거,승용차
2014.6.21 13:00,주간,토,1,0,0,차대차,측면직각충돌,측면직각충돌,교차로,교차로내,원동기장치자전거,화물차
2014.6.21 22:00,야간,토,1,0,0,차대사람,기타,기타,단일로,기타단일로,승용차,보행자
2014.6.19 19:00,야간,목,1,0,0,차대차,기타,기타,교차로,교차로부근,화물차,자전거
2014.6.19 11:00,주간,목,1,0,0,차대사람,횡단중,횡단중,단일로,횡단보도상,승합차,보행자
2014.6.20 16:00,주간,금,1,0,0,차대사람,횡단중,횡단중,단일로,기타단일로,승용차,보행자
2014.6.19 15:00,주간,목,1,1,0,차량단독,공작물충돌,공작물충돌,단일로,기타단일로,화물차,0
2014.6.7 20:00,야간,토,1,0,0,차대사람,횡단중,횡단중,단일로,기타단일로,화물차,보행자
2014.6.7 11:00,주간,토,1,0,0,차대차,측면직각충돌,측면직각충돌,교차로,교차로부근,자전거,승합차
2014.6.7 4:00,야간,토,2,0,2,차대차,기타,기타,단일로,기타단일로,원동기장치자전거,승용차
2014.6.7 3:00,야간,토,1,2,0,차량단독,공작물충돌,공작물충돌,단일로,기타단일로,화물차,0
2014.6.17 4:00,야간,화,1,0,0,차대사람,횡단중,횡단중,교차로,교차로부근,승용차,보행자
2014.5.17 19:00,야간,토,1,0,0,차량단독,공작물충돌,공작물충돌,단일로,기타단일로,화물차,0
2014.5.17 14:00,주간,토,1,0,0,차대차,추돌,진행중 추돌,교차로,교차로내,특수차,원동기장치자전거
2014.5.18 11:00,주간,일,1,0,0,차대사람,차도통행중,차도통행중,단일로,기타단일로,승용차,보행자
2014.5.18 13:00,주간,일,1,0,0,차대차,추돌,주정차중 추돌,단일로,기타단일로,승합차,화물차
2014.5.19 13:00,주간,월,1,0,0,차대차,기타,기타,단일로,기타단일로,화물차,이륜차
2014.5.14 17:00,주간,수,1,0,0,차대사람,기타,기타,교차로,교차로내,화물차,보행자
2014.5.14 16:00,주간,수,1,0,0,차대사람,기타,기타,단일로,기타단일로,화물차,보행자
2014.7.4 14:00,주간,금,1,0,0,차대사람,횡단중,횡단중,단일로,기타단일로,화물차,보행자
2014.7.3 13:00,주간,목,1,2,0,차량단독,공작물충돌,공작물충돌,단일로,기타단일로,화물차,0
2014.7.12 13:00,주간,토,1,0,0,차대사람,기타,기타,교차로,교차로부근,화물차,보행자
2014.7.14 8:00,주간,월,1,1,1,차대차,기타,기타,기타/불명,기타/불명,승용차,불명
2014.7.13 10:00,주간,일,1,0,0,차대차,측면직각충돌,측면직각충돌,교차로,교차로내,원동기장치자전거,승용차
2014.7.11 9:00,주간,금,2,0,0,차대차,기타,기타,교차로,교차로내,이륜차,승용차
2014.7.17 10:00,주간,목,1,1,0,차대차,기타,기타,교차로,교차로부근,승용차,이륜차
2014.7.18 5:00,야간,금,1,0,0,차량단독,공작물충돌,공작물충돌,단일로,기타단일로,승용차,0
2014.7.21 17:00,주간,월,1,1,0,차대차,측면직각충돌,측면직각충돌,교차로,교차로내,화물차,화물차
2014.7.24 22:00,야간,목,1,1,0,차대차,추돌,주정차중 추돌,단일로,기타단일로,이륜차,건설기계
2014.7.30 16:00,주간,수,1,0,0,차대차,측면직각충돌,측면직각충돌,교차로,교차로내,화물차,이륜차
2014.7.30 23:00,야간,수,1,0,0,차대차,기타,기타,교차로,교차로내,승용차,이륜차
2014.8.6 18:00,야간,수,1,0,0,차량단독,전도전복,전도전복,단일로,기타단일로,농기계,0
2014.8.7 11:00,주간,목,1,0,0,차대사람,기타,기타,교차로,교차로내,건설기계,보행자
2014.8.6 11:00,주간,수,1,0,0,차대사람,기타,기타,교차로,교차로내,승용차,보행자
2014.8.10 13:00,주간,일,1,0,0,차량단독,기타,기타,단일로,기타단일로,이륜차,0
2014.1.1 18:00,야간,수,1,0,0,차량단독,공작물충돌,공작물충돌,교차로,교차로부근,화물차,0
2014.1.2 20:00,야간,목,1,0,0,차대사람,횡단중,횡단중,기타/불명,기타/불명,승용차,보행자
2014.1.1 7:00,주간,수,1,1,0,차대차,기타,기타,단일로,기타단일로,승용차,자전거
2014.1.3 4:00,야간,금,1,0,0,차량단독,공작물충돌,공작물충돌,교차로,교차로내,승용차,0
2014.1.15 20:00,야간,수,1,0,0,차량단독,기타,기타,단일로,기타단일로,화물차,0
2014.1.16 19:00,야간,목,1,1,0,차대차,추돌,진행중 추돌,단일로,기타단일로,화물차,특수차
2014.1.9 15:00,주간,목,1,1,0,차대차,기타,기타,단일로,기타단일로,특수차,특수차
2014.1.23 12:00,주간,목,1,0,0,차대사람,기타,기타,단일로,기타단일로,승용차,보행자
2014.6.29 13:00,주간,일,1,0,0,차대사람,길가장자리구역통행중,길가장자리구역통행중,단일로,기타단일로,화물차,보행자
2014.7.15 19:00,야간,화,1,1,2,차량단독,공작물충돌,공작물충돌,단일로,기타단일로,승용차,0
2014.2.14 23:00,야간,금,1,0,0,차대사람,횡단중,횡단중,단일로,기타단일로,화물차,보행자
2014.2.15 14:00,주간,토,2,1,9,차대차,정면충돌,정면충돌,교차로,교차로내,승용차,승합차
2014.2.7 20:00,야간,금,1,0,0,차대사람,횡단중,횡단중,교차로,교차로내,승용차,보행자
2014.2.7 19:00,야간,금,1,0,0,차대사람,기타,기타,단일로,횡단보도상,화물차,보행자
2014.2.6 7:00,주간,목,1,1,1,차대차,측면직각충돌,측면직각충돌,교차로,교차로내,승용차,승합차
2014.1.11 1:00,야간,토,1,0,1,차대차,추돌,진행중 추돌,단일로,기타단일로,승용차,화물차
2014.1.12 6:00,주간,일,3,6,3,차대차,측면직각충돌,측면직각충돌,단일로,기타단일로,화물차,화물차
2014.7.22 1:00,야간,화,1,0,0,차대차,정면충돌,정면충돌,단일로,기타단일로,승용차,화물차
2014.8.18 4:00,야간,월,1,0,0,차대차,추돌,진행중 추돌,단일로,기타단일로,화물차,화물차
2014.3.14 2:00,야간,금,1,1,0,차대차,추돌,진행중 추돌,단일로,기타단일로,승용차,화물차
2014.2.5 13:00,주간,수,1,1,0,차대차,추돌,진행중 추돌,단일로,기타단일로,화물차,화물차
2014.8.20 15:00,주간,수,1,0,0,차대차,정면충돌,정면충돌,단일로,기타단일로,화물차,이륜차
2014.8.8 23:00,야간,금,1,0,0,차대사람,횡단중,횡단중,단일로,기타단일로,승용차,보행자
2014.8.7 15:00,주간,목,1,0,0,차대차,정면충돌,정면충돌,단일로,기타단일로,승용차,승용차
2014.8.5 14:00,주간,화,1,1,0,차대차,기타,기타,단일로,기타단일로,특수차,건설기계
2014.8.6 7:00,주간,수,1,0,0,차대사람,기타,기타,단일로,기타단일로,승합차,보행자
2014.8.3 21:00,야간,일,1,2,0,차대차,정면충돌,정면충돌,단일로,기타단일로,승용차,승용차
2014.8.5 14:00,주간,화,1,0,0,차대차,기타,기타,교차로,교차로내,화물차,이륜차
2014.8.5 9:00,주간,화,1,2,1,차대차,측면직각충돌,측면직각충돌,교차로,교차로내,화물차,승합차
2014.7.2 16:00,주간,수,1,0,0,차량단독,기타,기타,단일로,기타단일로,승합차,0
2014.7.2 14:00,주간,수,1,0,0,차대사람,횡단중,횡단중,단일로,기타단일로,승용차,보행자
2014.7.8 15:00,주간,화,1,0,0,차량단독,전도전복,전도전복,단일로,기타단일로,농기계,0
2014.7.8 1:00,야간,화,1,0,0,차대사람,기타,기타,교차로,교차로내,승용차,보행자
2014.7.7 2:00,야간,월,1,1,0,차량단독,공작물충돌,공작물충돌,단일로,기타단일로,승용차,0
2014.7.6 20:00,야간,일,1,0,0,차량단독,도로이탈,도로이탈 추락,단일로,기타단일로,이륜차,0
2014.7.7 7:00,주간,월,1,0,0,차대차,정면충돌,정면충돌,단일로,기타단일로,화물차,이륜차
2014.7.3 22:00,야간,목,1,0,0,차량단독,도로이탈,도로이탈 추락,단일로,기타단일로,화물차,0
2014.7.14 9:00,주간,월,1,0,0,차대사람,횡단중,횡단중,교차로,교차로내,화물차,보행자
2014.7.13 2:00,야간,일,1,1,0,차대차,측면직각충돌,측면직각충돌,교차로,교차로내,이륜차,승용차
2014.7.12 2:00,야간,토,1,1,0,차량단독,공작물충돌,공작물충돌,단일로,기타단일로,승합차,0
2014.7.12 4:00,야간,토,1,0,0,차대사람,횡단중,횡단중,단일로,기타단일로,승용차,보행자
2014.7.10 3:00,야간,목,1,0,0,차량단독,공작물충돌,공작물충돌,단일로,기타단일로,승용차,0
2014.7.11 21:00,야간,금,1,0,0,차대차,측면직각충돌,측면직각충돌,단일로,기타단일로,승용차,이륜차
2014.7.20 10:00,주간,일,1,0,0,차량단독,공작물충돌,공작물충돌,단일로,기타단일로,이륜차,0
2014.7.18 9:00,주간,금,1,0,0,차대사람,기타,기타,단일로,기타단일로,화물차,보행자
2014.7.19 18:00,야간,토,3,5,4,차대차,정면충돌,정면충돌,단일로,기타단일로,승용차,승용차
2014.7.16 0:00,야간,수,1,1,1,차대차,추돌,주정차중 추돌,단일로,기타단일로,승합차,승용차
2014.4.16 21:00,야간,수,1,0,0,차대차,추돌,진행중 추돌,단일로,기타단일로,화물차,화물차
2014.5.20 12:00,주간,화,1,0,0,차대차,기타,기타,단일로,기타단일로,화물차,화물차
2014.1.2 9:00,주간,목,1,0,0,차대차,기타,기타,교차로,교차로내,특수차,원동기장치자전거
2014.1.1 21:00,야간,수,1,0,0,차대사람,횡단중,횡단중,단일로,기타단일로,승용차,보행자
2014.1.1 18:00,야간,수,1,0,1,차대사람,보도통행중,보도통행중,단일로,횡단보도상,승용차,보행자
2014.1.2 19:00,야간,목,1,0,0,차량단독,공작물충돌,공작물충돌,교차로,교차로내,승용차,0
2014.1.15 18:00,야간,수,1,0,0,차대사람,기타,기타,교차로,교차로부근,승용차,보행자
2014.1.17 6:00,주간,금,1,0,0,차대사람,기타,기타,단일로,기타단일로,화물차,보행자
2014.1.17 6:00,주간,금,1,0,0,차량단독,공작물충돌,공작물충돌,교차로,교차로부근,승용차,0
2014.1.11 22:00,야간,토,1,0,0,차대사람,차도통행중,차도통행중,단일로,기타단일로,승용차,보행자
2014.1.9 11:00,주간,목,1,0,0,차대사람,기타,기타,기타/불명,기타/불명,승합차,보행자
2014.1.21 8:00,주간,화,1,1,0,차량단독,도로이탈,도로이탈 기타,단일로,기타단일로,승용차,0
2014.1.28 12:00,주간,화,1,0,0,차대차,측면직각충돌,측면직각충돌,단일로,기타단일로,승용차,이륜차
2014.1.29 19:00,야간,수,1,0,0,차대사람,횡단중,횡단중,단일로,횡단보도상,승합차,보행자
2014.1.27 15:00,주간,월,1,0,0,차대차,측면직각충돌,측면직각충돌,단일로,기타단일로,화물차,자전거
2014.1.27 11:00,주간,월,1,0,0,차량단독,기타,기타,단일로,기타단일로,이륜차,0
2014.1.24 20:00,야간,금,1,0,0,차대사람,기타,기타,단일로,기타단일로,승합차,보행자
2014.1.24 19:00,야간,금,1,0,0,차대사람,기타,기타,단일로,기타단일로,승용차,보행자
2014.1.24 16:00,주간,금,1,0,0,차대차,기타,기타,교차로,교차로내,원동기장치자전거,화물차
2014.2.7 6:00,주간,금,1,0,0,차대사람,기타,기타,교차로,교차로내,승용차,보행자
2014.2.6 19:00,야간,목,1,0,0,차대사람,기타,기타,교차로,교차로내,화물차,보행자
2014.2.14 6:00,주간,금,1,0,0,차대사람,기타,기타,단일로,기타단일로,승용차,보행자
2014.2.14 2:00,야간,금,1,0,0,차대차,측면직각충돌,측면직각충돌,교차로,교차로내,승용차,원동기장치자전거
2014.2.15 5:00,야간,토,1,0,3,차대차,기타,기타,교차로,교차로내,승용차,승합차
2014.2.15 16:00,주간,토,1,1,0,차량단독,전도전복,전도전복,단일로,기타단일로,승용차,0