발생년월일시,주야,요일,사망자수,중상자수,경상자수,사고유형_대분류,사고유형_중분류,사고유형,도로형태_대분류,도로형태,당사자종별_1당_대분류,당사자종별_2당_대분류
2014.1.28 23:00,야간,화,1,2,0,차대사람,기타,기타,단일로,기타단일로,승용차,보행자
2014.1.30 1:00,야간,목,1,0,0,차대차,측면직각충돌,측면직각충돌,교차로,교차로내,승용차,화물차
2014.1.27 7:00,주간,월,1,0,0,차대차,추돌,주정차중 추돌,단일로,기타단일로,승합차,화물차
2014.1.27 21:00,야간,월,1,1,1,차대차,정면충돌,정면충돌,교차로,교차로부근,승용차,승합차
2014.2.13 2:00,야간,목,1,0,0,차대사람,기타,기타,교차로,교차로내,승용차,보행자
2014.2.11 0:00,야간,화,1,0,0,차대사람,기타,기타,단일로,기타단일로,승용차,보행자
2014.2.9 13:00,주간,일,1,0,0,차대사람,횡단중,횡단중,교차로,교차로내,승용차,보행자
2014.2.11 14:00,주간,화,1,0,0,차대차,측면직각충돌,측면직각충돌,단일로,기타단일로,특수차,이륜차
2014.2.12 18:00,야간,수,1,0,2,차대차,추돌,진행중 추돌,단일로,기타단일로,승용차,화물차
2014.2.13 12:00,주간,목,1,0,0,차대차,정면충돌,정면충돌,교차로,교차로내,이륜차,승용차
2014.2.12 5:00,야간,수,1,0,0,차대차,추돌,주정차중 추돌,단일로,기타단일로,원동기장치자전거,화물차
2014.3.26 14:00,주간,수,1,3,1,차대차,추돌,진행중 추돌,단일로,기타단일로,승합차,화물차
2014.2.1 14:00,주간,토,2,3,2,차대차,측면직각충돌,측면직각충돌,단일로,기타단일로,화물차,승용차
2014.2.8 1:00,야간,토,1,1,0,차대차,측면직각충돌,측면직각충돌,단일로,기타단일로,승용차,승용차
2014.8.13 12:00,주간,수,1,2,0,차대차,기타,기타,단일로,기타단일로,건설기계,화물차
2014.8.14 3:00,야간,목,1,0,0,차대사람,기타,기타,단일로,기타단일로,승용차,보행자
2014.8.15 11:00,주간,금,1,0,0,차대사람,기타,기타,단일로,기타단일로,화물차,보행자
2014.8.13 0:00,야간,수,1,0,0,차량단독,공작물충돌,공작물충돌,교차로,교차로부근,승용차,0
2014.8.12 5:00,야간,화,1,0,0,차대사람,횡단중,횡단중,단일로,기타단일로,승용차,보행자
2014.8.11 8:00,주간,월,1,0,1,차대차,추돌,진행중 추돌,단일로,기타단일로,승용차,화물차
2014.8.10 6:00,주간,일,1,0,1,차대차,측면직각충돌,측면직각충돌,교차로,교차로부근,화물차,승용차
2014.6.30 20:00,야간,월,1,0,0,차대차,기타,기타,기타/불명,기타/불명,승용차,화물차
2014.7.8 3:00,야간,화,1,0,0,차대사람,기타,기타,단일로,기타단일로,승용차,보행자
2014.7.6 10:00,주간,일,1,0,0,차대차,측면직각충돌,측면직각충돌,교차로,교차로부근,원동기장치자전거,승합차
2014.7.7 4:00,야간,월,1,0,0,차대사람,횡단중,횡단중,단일로,횡단보도상,승용차,보행자
2014.7.5 21:00,야간,토,1,0,0,차대사람,기타,기타,단일로,기타단일로,승용차,보행자
2014.7.3 16:00,주간,목,1,2,0,차대차,측면직각충돌,측면직각충돌,교차로,교차로부근,화물차,화물차
2014.7.4 10:00,주간,금,1,0,0,차대사람,기타,기타,교차로,교차로내,승합차,보행자
2014.7.4 9:00,주간,금,1,0,0,차대차,기타,기타,단일로,횡단보도상,승용차,원동기장치자전거
2014.7.4 1:00,야간,금,1,0,1,차대사람,기타,기타,단일로,횡단보도부근,승용차,보행자
2014.7.4 23:00,야간,금,1,1,0,차대차,기타,기타,단일로,기타단일로,이륜차,이륜차
2014.7.5 8:00,주간,토,1,0,0,차대차,기타,기타,교차로,교차로부근,승용차,자전거
2014.9.19 17:00,주간,금,1,0,0,차량단독,기타,기타,단일로,기타단일로,승용차,0
2014.3.7 6:00,주간,금,1,0,0,차대차,추돌,주정차중 추돌,단일로,기타단일로,승용차,승용차
2014.4.11 3:00,야간,금,1,0,0,차대차,기타,기타,단일로,기타단일로,승용차,화물차
2014.12.7 11:00,주간,일,1,0,0,차량단독,기타,기타,단일로,기타단일로,화물차,0
2014.11.18 6:00,주간,화,1,0,1,차대차,측면직각충돌,측면직각충돌,단일로,기타단일로,화물차,화물차
2014.1.2 22:00,야간,목,1,0,0,차대사람,기타,기타,단일로,기타단일로,승용차,보행자
2014.1.3 10:00,주간,금,1,0,0,차대사람,길가장자리구역통행중,길가장자리구역통행중,단일로,기타단일로,화물차,보행자
2014.1.16 15:00,주간,목,1,0,0,차대사람,차도통행중,차도통행중,단일로,기타단일로,건설기계,보행자
2014.1.16 14:00,주간,목,1,0,0,차량단독,기타,기타,단일로,기타단일로,특수차,0
2014.1.14 5:00,야간,화,1,0,0,차대사람,기타,기타,교차로,교차로부근,승합차,보행자
2014.1.11 3:00,야간,토,1,0,0,차대사람,기타,기타,단일로,기타단일로,승용차,보행자
2014.1.13 7:00,주간,월,1,0,0,차대사람,기타,기타,교차로,교차로내,화물차,보행자
2014.1.9 21:00,야간,목,1,0,1,차대사람,차도통행중,차도통행중,단일로,기타단일로,승용차,보행자
2014.5.9 18:00,야간,금,1,1,0,차대차,추돌,진행중 추돌,단일로,기타단일로,화물차,화물차
2014.6.13 0:00,야간,금,1,0,1,차대차,추돌,진행중 추돌,단일로,기타단일로,화물차,화물차
2014.7.28 3:00,야간,월,1,0,1,차대차,추돌,진행중 추돌,단일로,기타단일로,화물차,화물차
2014.8.21 13:00,주간,목,1,0,0,차량단독,공작물충돌,공작물충돌,단일로,기타단일로,승용차,0
2014.8.2 17:00,주간,토,1,0,0,차량단독,기타,기타,단일로,기타단일로,승용차,0
2014.8.14 6:00,주간,목,1,0,0,차량단독,전도전복,전도전복,단일로,기타단일로,승용차,0
2014.9.12 9:00,주간,금,1,1,2,차대사람,기타,기타,단일로,기타단일로,화물차,보행자
2014.5.17 5:00,야간,토,1,0,0,차대사람,횡단중,횡단중,단일로,기타단일로,승용차,보행자
2014.5.19 21:00,야간,월,1,1,16,차대차,추돌,주정차중 추돌,교차로,교차로부근,화물차,승합차
2014.5.18 3:00,야간,일,1,0,0,차대차,측면직각충돌,측면직각충돌,교차로,교차로내,승용차,화물차
2014.5.19 16:00,주간,월,1,0,0,차량단독,기타,기타,기타/불명,기타/불명,농기계,0
2014.5.18 14:00,주간,일,1,0,0,차대차,기타,기타,교차로,교차로내,자전거,승용차
2014.5.14 16:00,주간,수,2,0,0,차량단독,공작물충돌,공작물충돌,교차로,교차로부근,화물차,0
2014.5.17 6:00,주간,토,1,0,0,차대차,기타,기타,단일로,횡단보도부근,승용차,화물차
2014.5.15 9:00,주간,목,1,0,0,차대사람,횡단중,횡단중,교차로,교차로내,화물차,보행자
2014.5.14 5:00,야간,수,1,1,0,차량단독,공작물충돌,공작물충돌,단일로,기타단일로,승용차,0
2014.5.25 17:00,주간,일,2,1,1,차대차,측면직각충돌,측면직각충돌,교차로,교차로내,승용차,승용차
2014.5.22 22:00,야간,목,1,0,0,차대사람,횡단중,횡단중,교차로,교차로부근,승용차,보행자
2014.5.20 23:00,야간,화,1,0,0,차대사람,횡단중,횡단중,단일로,기타단일로,승용차,보행자
2014.5.30 11:00,주간,금,1,0,0,차대사람,횡단중,횡단중,단일로,기타단일로,승용차,보행자
2014.5.30 12:00,주간,금,1,0,0,차대사람,횡단중,횡단중,단일로,횡단보도상,승용차,보행자
2014.5.29 13:00,주간,목,1,0,0,차대차,기타,기타,단일로,기타단일로,승용차,자전거
2014.5.29 16:00,주간,목,1,0,0,차대차,정면충돌,정면충돌,교차로,교차로내,화물차,자전거
2014.5.30 22:00,야간,금,1,0,0,차대사람,횡단중,횡단중,교차로,교차로내,화물차,보행자
2014.6.5 19:00,야간,목,1,0,0,차대사람,기타,기타,기타/불명,기타/불명,화물차,보행자
2014.6.12 23:00,야간,목,1,0,0,차대차,추돌,주정차중 추돌,교차로,교차로부근,승용차,화물차
2014.6.10 16:00,주간,화,1,1,0,차량단독,공작물충돌,공작물충돌,교차로,교차로부근,농기계,0
2014.6.13 15:00,주간,금,1,0,0,차대사람,기타,기타,단일로,횡단보도상,건설기계,보행자
2014.6.9 19:00,야간,월,1,0,0,차대사람,기타,기타,단일로,기타단일로,화물차,보행자
2014.6.23 21:00,야간,월,1,0,0,차대차,추돌,진행중 추돌,단일로,기타단일로,승용차,자전거
2014.6.24 16:00,주간,화,1,0,0,차대사람,횡단중,횡단중,교차로,교차로내,승합차,보행자
2014.6.24 12:00,주간,화,1,0,0,차대차,추돌,진행중 추돌,단일로,기타단일로,원동기장치자전거,화물차
2014.6.23 13:00,주간,월,1,0,0,차대차,정면충돌,정면충돌,단일로,기타단일로,승용차,승합차
2014.9.25 14:00,주간,목,1,0,0,차량단독,공작물충돌,공작물충돌,단일로,기타단일로,승용차,0
2014.11.25 19:00,야간,화,1,0,0,차대사람,기타,기타,단일로,기타단일로,승용차,보행자
2014.2.6 7:00,주간,목,1,1,0,차대차,추돌,진행중 추돌,기타/불명,기타/불명,승용차,화물차
2014.6.19 11:00,주간,목,1,0,0,차대사람,기타,기타,단일로,기타단일로,화물차,보행자
2014.12.4 15:00,주간,목,1,0,1,차대차,추돌,진행중 추돌,단일로,기타단일로,화물차,화물차
2014.1.7 4:00,야간,화,1,0,0,차대사람,기타,기타,교차로,교차로내,승용차,보행자
2014.1.7 6:00,주간,화,1,0,0,차대사람,보도통행중,보도통행중,단일로,기타단일로,승용차,보행자
2014.1.8 13:00,주간,수,1,0,0,차량단독,공작물충돌,공작물충돌,단일로,기타단일로,승용차,0
2014.1.5 14:00,주간,일,1,0,0,차대차,기타,기타,단일로,기타단일로,이륜차,불명
2014.1.6 11:00,주간,월,1,0,0,차대차,측면직각충돌,측면직각충돌,교차로,교차로내,화물차,이륜차
2014.1.6 6:00,주간,월,1,0,0,차대사람,횡단중,횡단중,교차로,교차로부근,화물차,보행자
2014.1.3 15:00,주간,금,1,0,0,차대차,추돌,주정차중 추돌,단일로,기타단일로,이륜차,승용차
2014.1.13 15:00,주간,월,1,2,0,차대차,측면직각충돌,측면직각충돌,교차로,교차로내,승용차,승용차
2014.1.13 15:00,주간,월,1,0,0,차대사람,차도통행중,차도통행중,교차로,교차로부근,화물차,보행자
2014.1.13 17:00,주간,월,1,0,0,차량단독,공작물충돌,공작물충돌,단일로,기타단일로,이륜차,0
2014.7.23 23:00,야간,수,1,0,0,차대차,추돌,진행중 추돌,단일로,기타단일로,승용차,화물차
2014.6.23 14:00,주간,월,1,0,0,차대사람,횡단중,횡단중,단일로,기타단일로,승용차,보행자
2014.6.8 2:00,야간,일,1,0,0,차량단독,전도전복,전도전복,단일로,기타단일로,승용차,0
2014.6.10 7:00,주간,화,1,0,0,차량단독,도로이탈,도로이탈 추락,단일로,기타단일로,원동기장치자전거,0
2014.6.22 17:00,주간,일,1,0,0,차량단독,도로이탈,도로이탈 추락,단일로,기타단일로,승용차,0
2014.6.21 14:00,주간,토,1,0,1,차대차,정면충돌,정면충돌,단일로,기타단일로,승용차,승용차
2014.6.22 13:00,주간,일,1,0,0,차대사람,기타,기타,단일로,기타단일로,건설기계,보행자
2014.6.20 5:00,야간,금,1,0,0,차량단독,전도전복,전도전복,단일로,기타단일로,화물차,0
2014.6.23 8:00,주간,월,1,0,4,차량단독,공작물충돌,공작물충돌,단일로,기타단일로,승합차,0
2014.6.20 13:00,주간,금,1,0,0,차대사람,보도통행중,보도통행중,교차로,교차로부근,화물차,보행자
2014.6.22 23:00,야간,일,1,0,0,차대사람,기타,기타,단일로,기타단일로,승용차,보행자
2014.5.11 7:00,주간,일,1,0,0,차량단독,기타,기타,단일로,기타단일로,화물차,0
2014.5.11 16:00,주간,일,1,0,0,차대차,기타,기타,지하도로내,지하도로내,승용차,자전거
2014.5.19 14:00,주간,월,1,0,0,차량단독,전도전복,전도전복,단일로,기타단일로,승용차,0
2014.5.15 10:00,주간,목,1,0,0,차대사람,횡단중,횡단중,단일로,기타단일로,화물차,보행자
2014.5.15 0:00,야간,목,1,0,0,차대차,추돌,주정차중 추돌,단일로,기타단일로,승용차,건설기계
2014.5.25 14:00,주간,일,1,0,0,차량단독,도로이탈,도로이탈 기타,단일로,기타단일로,승용차,0
2014.5.22 17:00,주간,목,1,0,0,차대차,정면충돌,정면충돌,단일로,기타단일로,이륜차,화물차
2014.12.12 7:00,주간,금,1,0,0,차대차,기타,기타,단일로,터널안,화물차,화물차
2014.11.19 6:00,주간,수,1,0,1,차대차,추돌,진행중 추돌,단일로,기타단일로,화물차,화물차
2014.4.11 11:00,주간,금,1,0,0,차량단독,전도전복,전도전복,단일로,기타단일로,특수차,0
2014.4.6 7:00,주간,일,1,0,0,차량단독,공작물충돌,공작물충돌,단일로,기타단일로,승용차,0
2014.4.28 13:00,주간,월,1,2,0,차대사람,기타,기타,단일로,기타단일로,화물차,보행자
2014.1.16 14:00,주간,목,1,0,0,차량단독,도로이탈,도로이탈 기타,단일로,기타단일로,이륜차,0
2014.1.16 18:00,야간,목,1,0,0,차대사람,길가장자리구역통행중,길가장자리구역통행중,단일로,기타단일로,승용차,보행자
2014.1.16 9:00,주간,목,1,0,0,차대사람,기타,기타,교차로,교차로내,승용차,보행자
2014.1.13 4:00,야간,월,1,0,0,차대차,추돌,진행중 추돌,단일로,기타단일로,화물차,화물차
2014.1.11 2:00,야간,토,1,0,0,차대사람,기타,기타,단일로,기타단일로,승용차,보행자
2014.1.10 10:00,주간,금,1,0,0,차대차,측면직각충돌,측면직각충돌,단일로,횡단보도상,자전거,화물차
2014.1.10 4:00,야간,금,1,1,1,차대차,측면직각충돌,측면직각충돌,교차로,교차로내,승합차,승용차
2014.1.10 6:00,주간,금,1,0,0,차대차,추돌,주정차중 추돌,기타/불명,기타/불명,승용차,화물차
2014.1.20 21:00,야간,월,1,0,0,차대차,측면직각충돌,측면직각충돌,교차로,교차로내,승용차,승용차
2014.1.28 23:00,야간,화,1,0,2,차대차,추돌,주정차중 추돌,교차로,교차로부근,승용차,승용차
2014.1.31 1:00,야간,금,1,0,0,차량단독,도로이탈,도로이탈 추락,단일로,기타단일로,화물차,0
2014.1.25 22:00,야간,토,2,0,0,차대사람,기타,기타,단일로,기타단일로,승합차,보행자
2014.1.25 6:00,주간,토,1,0,0,차대사람,기타,기타,단일로,기타단일로,승용차,보행자
2014.1.25 10:00,주간,토,1,1,2,차량단독,공작물충돌,공작물충돌,단일로,기타단일로,승합차,0
2014.2.8 9:00,주간,토,1,1,0,차대차,측면직각충돌,측면직각충돌,교차로,교차로내,이륜차,화물차
2014.2.7 22:00,야간,금,1,0,2,차대차,정면충돌,정면충돌,교차로,교차로부근,승용차,승합차
2014.6.22 15:00,주간,일,1,1,0,차량단독,전도전복,전도전복,단일로,기타단일로,승용차,0
2014.9.3 1:00,야간,수,2,1,4,차량단독,공작물충돌,공작물충돌,단일로,기타단일로,승합차,0
2014.6.5 21:00,야간,목,1,0,1,차대사람,기타,기타,단일로,기타단일로,자전거,보행자
2014.6.6 16:00,주간,금,1,0,0,차대사람,횡단중,횡단중,단일로,기타단일로,승용차,보행자
2014.6.11 3:00,야간,수,1,0,0,차대사람,횡단중,횡단중,교차로,교차로부근,화물차,보행자
2014.6.11 9:00,주간,수,1,3,0,차대차,정면충돌,정면충돌,단일로,기타단일로,승용차,화물차
2014.6.25 9:00,주간,수,1,0,0,차대차,기타,기타,단일로,기타단일로,이륜차,화물차
2014.6.23 8:00,주간,월,1,0,0,차량단독,기타,기타,기타/불명,기타/불명,승합차,0
2014.6.9 7:00,주간,월,1,2,0,차량단독,전도전복,전도전복,고가도로위,고가도로위,화물차,0
2014.6.9 5:00,야간,월,1,1,1,차대차,기타,기타,교차로,교차로내,화물차,승용차
2014.6.7 9:00,주간,토,1,0,0,차대사람,기타,기타,단일로,기타단일로,승용차,보행자
2014.6.9 17:00,주간,월,1,0,0,차대차,측면직각충돌,측면직각충돌,단일로,기타단일로,화물차,자전거
2014.6.20 7:00,주간,금,1,0,0,차대차,추돌,진행중 추돌,교차로,교차로내,승용차,자전거
2014.6.22 18:00,야간,일,1,0,0,차대차,기타,기타,기타/불명,기타/불명,승용차,자전거
2014.6.22 4:00,야간,일,1,0,0,차대사람,횡단중,횡단중,단일로,횡단보도상,승용차,보행자
2014.6.20 8:00,주간,금,1,0,0,차대사람,횡단중,횡단중,단일로,기타단일로,건설기계,보행자
2014.6.21 11:00,주간,토,1,1,0,차대차,추돌,진행중 추돌,단일로,기타단일로,승용차,원동기장치자전거
2014.6.21 0:00,야간,토,1,0,0,차대사람,횡단중,횡단중,단일로,기타단일로,승용차,보행자
2014.6.27 20:00,야간,금,1,0,0,차대사람,길가장자리구역통행중,길가장자리구역통행중,단일로,기타단일로,승용차,보행자
2014.6.28 4:00,야간,토,1,0,0,차대사람,횡단중,횡단중,단일로,기타단일로,승용차,보행자
2014.6.17 22:00,야간,화,1,2,0,차대차,측면직각충돌,측면직각충돌,교차로,교차로내,이륜차,승용차
2014.6.18 5:00,야간,수,2,1,0,차량단독,전도전복,전도전복,단일로,기타단일로,화물차,0
2014.6.19 8:00,주간,목,1,0,0,차대차,기타,기타,교차로,교차로부근,원동기장치자전거,승용차
2014.5.9 11:00,주간,금,1,0,0,차량단독,도로이탈,도로이탈 추락,단일로,기타단일로,승용차,0
2014.5.17 15:00,주간,토,1,0,0,차량단독,전도전복,전도전복,기타/불명,기타/불명,농기계,0
2014.5.15 16:00,주간,목,1,0,0,차대사람,길가장자리구역통행중,길가장자리구역통행중,단일로,기타단일로,승용차,보행자
2014.5.16 11:00,주간,금,1,0,0,차량단독,전도전복,전도전복,단일로,기타단일로,이륜차,0
2014.5.16 2:00,야간,금,1,0,0,차대사람,횡단중,횡단중,교차로,교차로부근,승용차,보행자
2014.5.24 7:00,주간,토,1,4,1,차대차,측면직각충돌,측면직각충돌,단일로,기타단일로,건설기계,승합차
2014.5.23 10:00,주간,금,1,0,0,차대차,기타,기타,단일로,기타단일로,승용차,자전거
2014.12.11 19:00,야간,목,1,0,0,차대사람,기타,기타,단일로,기타단일로,불명,보행자
2014.11.11 8:00,주간,화,1,0,0,차량단독,공작물충돌,공작물충돌,단일로,기타단일로,화물차,0
2014.1.9 4:00,야간,목,1,0,0,차대차,측면직각충돌,측면직각충돌,교차로,교차로내,승용차,이륜차
2014.1.9 12:00,주간,목,1,1,0,차량단독,공작물충돌,공작물충돌,교차로,교차로부근,승용차,0
2014.1.8 17:00,주간,수,1,0,0,차대차,기타,기타,고가도로위,고가도로위,승용차,승용차
2014.1.7 1:00,야간,화,1,0,0,차량단독,공작물충돌,공작물충돌,교차로,교차로부근,승용차,0
2014.1.8 3:00,야간,수,1,2,0,차량단독,공작물충돌,공작물충돌,교차로,교차로부근,화물차,0
2014.8.21 18:00,야간,목,1,0,1,차량단독,전도전복,전도전복,단일로,기타단일로,승용차,0
2014.1.9 11:00,주간,목,1,1,0,차대차,기타,기타,단일로,기타단일로,화물차,이륜차
2014.1.19 18:00,야간,일,1,1,0,차대사람,기타,기타,단일로,기타단일로,화물차,보행자
2014.1.20 8:00,주간,월,1,0,0,차대차,측면직각충돌,측면직각충돌,단일로,기타단일로,승용차,자전거
2014.1.19 7:00,주간,일,1,0,0,차대사람,횡단중,횡단중,단일로,횡단보도상,승용차,보행자
2014.1.30 5:00,야간,목,1,0,0,차량단독,공작물충돌,공작물충돌,단일로,터널안,이륜차,0
2014.1.29 20:00,야간,수,1,0,0,차대차,추돌,주정차중 추돌,단일로,기타단일로,화물차,화물차
2014.1.29 18:00,야간,수,1,0,0,차대사람,기타,기타,단일로,기타단일로,승용차,보행자
2014.1.29 1:00,야간,수,1,0,0,차대사람,기타,기타,단일로,기타단일로,승용차,보행자
2014.1.27 17:00,주간,월,1,0,1,차대사람,횡단중,횡단중,단일로,횡단보도상,화물차,보행자
2014.1.26 0:00,야간,일,1,0,0,차대차,기타,기타,교차로,교차로내,승용차,불명
2014.2.24 19:00,야간,월,1,0,0,차대사람,기타,기타,단일로,기타단일로,승용차,보행자
2014.2.24 6:00,주간,월,1,0,0,차대사람,횡단중,횡단중,단일로,횡단보도상,승용차,보행자
2014.2.24 4:00,야간,월,1,0,0,차대차,기타,기타,교차로,교차로부근,승합차,화물차
2014.2.24 19:00,야간,월,1,0,0,차량단독,도로이탈,도로이탈 추락,단일로,기타단일로,승용차,0
2014.2.24 8:00,주간,월,1,0,0,차대사람,횡단중,횡단중,단일로,횡단보도상,화물차,보행자
2014.2.24 2:00,야간,월,1,1,0,차대차,정면충돌,정면충돌,교차로,교차로부근,승용차,승용차
2014.2.23 10:00,주간,일,1,0,0,차량단독,공작물충돌,공작물충돌,단일로,기타단일로,농기계,0
2014.2.23 5:00,야간,일,1,0,0,차량단독,공작물충돌,공작물충돌,단일로,기타단일로,이륜차,0
2014.2.24 19:00,야간,월,1,0,1,차대사람,보도통행중,보도통행중,교차로,교차로부근,승합차,보행자
2014.2.18 3:00,야간,화,1,0,3,차대사람,횡단중,횡단중,교차로,교차로부근,승용차,보행자
2014.3.16 11:00,주간,일,1,4,0,차량단독,기타,기타,고가도로위,고가도로위,화물차,0
2014.5.29 14:00,주간,목,1,0,0,차대차,추돌,주정차중 추돌,단일로,기타단일로,화물차,화물차
2014.9.5 4:00,야간,금,1,0,1,차대차,추돌,진행중 추돌,단일로,기타단일로,화물차,화물차
2014.5.25 20:00,야간,일,1,0,0,차대차,정면충돌,정면충돌,단일로,기타단일로,승합차,농기계
2014.5.20 14:00,주간,화,1,0,3,차대차,추돌,진행중 추돌,지하도로내,지하도로내,화물차,화물차
2014.5.29 21:00,야간,목,1,0,0,차대사람,횡단중,횡단중,단일로,횡단보도부근,승용차,보행자
2014.5.31 7:00,주간,토,1,0,0,차대사람,횡단중,횡단중,단일로,횡단보도상,화물차,보행자
2014.5.29 23:00,야간,목,1,0,0,차대차,추돌,주정차중 추돌,단일로,기타단일로,승용차,화물차
2014.6.12 10:00,주간,목,1,0,1,차대차,기타,기타,단일로,기타단일로,승용차,이륜차
2014.6.12 7:00,주간,목,1,0,0,차대차,기타,기타,단일로,기타단일로,자전거,승용차
2014.6.10 6:00,주간,화,1,0,0,차량단독,도로이탈,도로이탈 기타,단일로,기타단일로,승용차,0
2014.6.7 9:00,주간,토,1,0,0,차대차,측면직각충돌,측면직각충돌,교차로,교차로내,건설기계,이륜차
2014.6.7 19:00,야간,토,1,0,0,차대사람,횡단중,횡단중,단일로,기타단일로,승용차,보행자
2014.6.6 21:00,야간,금,1,0,0,차량단독,기타,기타,단일로,기타단일로,자전거,0
2014.6.21 17:00,주간,토,1,0,0,차대차,기타,기타,단일로,기타단일로,승용차,자전거
2014.6.19 18:00,야간,목,1,0,1,차대차,측면직각충돌,측면직각충돌,교차로,교차로내,이륜차,승용차
2014.6.19 15:00,주간,목,1,0,1,차대차,추돌,주정차중 추돌,단일로,기타단일로,승용차,화물차
2014.1.3 18:00,야간,금,1,0,0,차대사람,기타,기타,단일로,기타단일로,화물차,보행자
2014.1.4 4:00,야간,토,1,0,0,차대사람,기타,기타,단일로,기타단일로,승용차,보행자
2014.1.4 7:00,주간,토,1,0,0,차대사람,기타,기타,교차로,교차로부근,승용차,보행자
2014.1.3 20:00,야간,금,1,1,2,차대차,추돌,주정차중 추돌,단일로,기타단일로,화물차,승용차
2014.1.3 12:00,주간,금,1,0,0,차대사람,횡단중,횡단중,단일로,기타단일로,승용차,보행자
2014.1.1 18:00,야간,수,1,0,0,차대사람,기타,기타,단일로,기타단일로,승용차,보행자
2014.1.12 22:00,야간,일,1,0,0,차대사람,횡단중,횡단중,단일로,기타단일로,승용차,보행자
2014.1.12 20:00,야간,일,1,0,0,차대사람,차도통행중,차도통행중,교차로,교차로부근,승용차,보행자
2014.1.11 10:00,주간,토,1,0,0,차대사람,횡단중,횡단중,교차로,교차로부근,승합차,보행자
2014.1.22 3:00,야간,수,1,1,2,차대차,정면충돌,정면충돌,교차로,교차로부근,승용차,승용차
2014.1.30 3:00,야간,목,1,0,0,차대차,추돌,진행중 추돌,단일로,기타단일로,승용차,자전거
2014.5.31 19:00,야간,토,2,2,3,차대차,추돌,진행중 추돌,단일로,기타단일로,승용차,승용차
2014.6.12 5:00,야간,목,1,2,0,차량단독,전도전복,전도전복,단일로,기타단일로,화물차,0
2014.8.4 2:00,야간,월,1,0,0,차대사람,차도통행중,차도통행중,단일로,기타단일로,승용차,보행자
2014.3.16 16:00,주간,일,1,3,5,차대차,추돌,주정차중 추돌,단일로,기타단일로,승용차,승용차
2014.6.25 14:00,주간,수,1,1,2,차대차,측면직각충돌,측면직각충돌,단일로,기타단일로,화물차,승합차
2014.9.24 11:00,주간,수,1,1,2,차대차,추돌,진행중 추돌,단일로,기타단일로,화물차,화물차
2014.9.29 23:00,야간,월,1,1,1,차대차,추돌,주정차중 추돌,단일로,기타단일로,화물차,화물차
2014.9.21 23:00,야간,일,1,0,1,차대차,추돌,진행중 추돌,단일로,기타단일로,화물차,승용차
2014.2.14 18:00,야간,금,1,0,0,차대차,기타,기타,단일로,기타단일로,원동기장치자전거,승용차
2014.1.31 23:00,야간,금,1,0,0,차량단독,공작물충돌,공작물충돌,단일로,기타단일로,화물차,0
2014.2.3 20:00,야간,월,1,0,0,차대사람,횡단중,횡단중,교차로,교차로내,승용차,보행자
2014.2.15 21:00,야간,토,1,0,0,차대사람,기타,기타,교차로,교차로내,승용차,보행자
2014.2.11 2:00,야간,화,1,0,0,차대사람,차도통행중,차도통행중,단일로,기타단일로,승용차,보행자
2014.2.11 19:00,야간,화,1,0,2,차대차,측면직각충돌,측면직각충돌,교차로,교차로내,화물차,승용차
2014.2.12 11:00,주간,수,1,0,0,차대사람,횡단중,횡단중,단일로,횡단보도상,건설기계,보행자
2014.2.9 11:00,주간,일,1,0,0,차대사람,횡단중,횡단중,단일로,기타단일로,화물차,보행자
2014.2.10 0:00,야간,월,1,1,0,차대차,측면직각충돌,측면직각충돌,교차로,교차로내,승용차,화물차
2014.2.9 6:00,주간,일,1,1,1,차량단독,공작물충돌,공작물충돌,기타/불명,기타/불명,승용차,0
2014.2.22 7:00,주간,토,1,1,0,차대차,정면충돌,정면충돌,단일로,기타단일로,건설기계,화물차
2014.2.22 19:00,야간,토,1,0,0,차대사람,기타,기타,단일로,기타단일로,승용차,보행자
2014.2.22 7:00,주간,토,1,0,0,차대차,기타,기타,단일로,기타단일로,승합차,자전거
2014.6.18 13:00,주간,수,1,0,0,차량단독,공작물충돌,공작물충돌,단일로,기타단일로,승용차,0
2014.6.18 13:00,주간,수,1,0,0,차대차,추돌,진행중 추돌,교차로,교차로내,화물차,자전거
2014.6.19 0:00,야간,목,1,0,0,차대사람,기타,기타,교차로,교차로부근,승용차,보행자
2014.6.18 14:00,주간,수,1,0,0,차대차,기타,기타,단일로,기타단일로,원동기장치자전거,화물차
2014.6.7 22:00,야간,토,1,0,0,차량단독,기타,기타,단일로,기타단일로,농기계,0
2014.6.17 8:00,주간,화,1,0,0,차대사람,보도통행중,보도통행중,교차로,교차로내,화물차,보행자
2014.6.16 14:00,주간,월,1,0,0,차량단독,도로이탈,도로이탈 추락,단일로,기타단일로,이륜차,0
2014.6.15 9:00,주간,일,1,0,0,차대사람,횡단중,횡단중,교차로,교차로부근,화물차,보행자
2014.6.15 17:00,주간,일,1,1,3,차대차,측면직각충돌,측면직각충돌,교차로,교차로내,건설기계,승용차
2014.6.16 15:00,주간,월,1,0,0,차량단독,공작물충돌,공작물충돌,단일로,기타단일로,화물차,0
2014.6.14 10:00,주간,토,1,0,1,차대차,정면충돌,정면충돌,단일로,기타단일로,승용차,승용차
2014.5.8 13:00,주간,목,1,3,0,차대차,측면직각충돌,측면직각충돌,교차로,교차로내,특수차,승용차
2014.5.8 6:00,주간,목,1,0,0,차대사람,횡단중,횡단중,단일로,횡단보도상,특수차,보행자
2014.5.18 15:00,주간,일,1,0,0,차량단독,공작물충돌,공작물충돌,단일로,기타단일로,이륜차,0