발생년월일시,주야,요일,사망자수,중상자수,경상자수,사고유형_대분류,사고유형_중분류,사고유형,도로형태_대분류,도로형태,당사자종별_1당_대분류,당사자종별_2당_대분류
2014.5.16 17:00,주간,금,1,0,0,차대사람,기타,기타,단일로,기타단일로,승용차,보행자
2014.5.16 9:00,주간,금,1,0,0,차대사람,횡단중,횡단중,단일로,기타단일로,화물차,보행자
2014.5.24 14:00,주간,토,1,0,0,차대차,기타,기타,교차로,교차로부근,승용차,이륜차
2014.5.23 21:00,야간,금,1,0,0,차대차,정면충돌,정면충돌,교차로,교차로내,승용차,원동기장치자전거
2014.5.25 1:00,야간,일,1,0,0,차대차,기타,기타,단일로,기타단일로,승용차,승용차
2014.5.25 4:00,야간,일,1,0,0,차대사람,횡단중,횡단중,교차로,교차로내,승용차,보행자
2014.5.21 23:00,야간,수,1,0,0,차대사람,기타,기타,교차로,교차로부근,승용차,보행자
2014.5.30 21:00,야간,금,1,0,0,차대사람,기타,기타,단일로,기타단일로,승용차,보행자
2014.5.31 10:00,주간,토,1,2,0,차대차,측면직각충돌,측면직각충돌,교차로,교차로내,화물차,승용차
2014.5.27 1:00,야간,화,1,0,0,차량단독,기타,기타,단일로,기타단일로,자전거,0
2014.5.26 23:00,야간,월,1,0,0,차대사람,횡단중,횡단중,단일로,기타단일로,승용차,보행자
2014.6.3 23:00,야간,화,1,0,0,차대사람,기타,기타,단일로,기타단일로,승용차,보행자
2014.6.3 23:00,야간,화,1,0,2,차대차,측면직각충돌,측면직각충돌,고가도로위,고가도로위,이륜차,승용차
2014.6.3 23:00,야간,화,1,0,0,차대사람,길가장자리구역통행중,길가장자리구역통행중,단일로,기타단일로,화물차,보행자
2014.6.21 4:00,야간,토,1,0,0,차량단독,공작물충돌,공작물충돌,단일로,기타단일로,화물차,0
2014.6.18 12:00,주간,수,1,0,0,차대사람,횡단중,횡단중,교차로,교차로부근,승합차,보행자
2014.11.10 23:00,야간,월,1,2,1,차대차,추돌,진행중 추돌,단일로,기타단일로,화물차,화물차
2014.1.8 18:00,야간,수,1,0,1,차대사람,횡단중,횡단중,단일로,기타단일로,승용차,보행자
2014.1.8 4:00,야간,수,1,0,0,차대차,추돌,진행중 추돌,단일로,기타단일로,승용차,자전거
2014.1.9 5:00,야간,목,1,0,0,차대사람,횡단중,횡단중,단일로,횡단보도상,승용차,보행자
2014.1.2 6:00,주간,목,1,0,0,차대차,기타,기타,교차로,교차로부근,자전거,승용차
2014.1.1 9:00,주간,수,1,0,0,차대차,측면직각충돌,측면직각충돌,교차로,교차로내,원동기장치자전거,승용차
2014.1.3 17:00,주간,금,1,0,0,차대차,추돌,진행중 추돌,단일로,기타단일로,화물차,화물차
2014.1.2 12:00,주간,목,1,0,0,차량단독,공작물충돌,공작물충돌,단일로,기타단일로,이륜차,0
2014.1.16 0:00,야간,목,1,0,0,차대차,측면직각충돌,측면직각충돌,교차로,교차로내,승용차,자전거
2014.1.13 18:00,야간,월,1,1,0,차대차,측면직각충돌,측면직각충돌,교차로,교차로내,승용차,승용차
2014.1.14 6:00,주간,화,1,0,0,차대사람,기타,기타,교차로,교차로부근,승용차,보행자
2014.1.11 13:00,주간,토,1,0,0,차량단독,공작물충돌,공작물충돌,단일로,기타단일로,화물차,0
2014.1.10 8:00,주간,금,1,0,0,차대차,기타,기타,단일로,기타단일로,승용차,자전거
2014.1.11 6:00,주간,토,1,0,0,차대차,기타,기타,교차로,교차로부근,화물차,승용차
2014.1.9 0:00,야간,목,1,0,0,차대차,기타,기타,교차로,교차로부근,승용차,승용차
2014.1.12 20:00,야간,일,1,0,0,차대사람,횡단중,횡단중,단일로,기타단일로,승용차,보행자
2014.1.17 19:00,야간,금,1,1,0,차대차,측면직각충돌,측면직각충돌,단일로,기타단일로,승용차,화물차
2014.1.19 9:00,주간,일,1,0,2,차대차,측면직각충돌,측면직각충돌,교차로,교차로내,승용차,승합차
2014.1.29 0:00,야간,수,1,0,0,차대사람,횡단중,횡단중,단일로,기타단일로,승용차,보행자
2014.1.26 13:00,주간,일,1,2,0,차대차,기타,기타,단일로,기타단일로,승용차,승용차
2014.2.11 10:00,주간,화,1,0,0,차대사람,기타,기타,단일로,기타단일로,화물차,보행자
2014.2.12 12:00,주간,수,1,1,0,차대차,정면충돌,정면충돌,단일로,기타단일로,화물차,화물차
2014.2.12 8:00,주간,수,1,0,0,차량단독,전도전복,전도전복,단일로,기타단일로,화물차,0
2014.2.10 6:00,주간,월,1,0,0,차대사람,기타,기타,단일로,기타단일로,승용차,보행자
2014.2.11 12:00,주간,화,1,0,1,차대사람,기타,기타,교차로,교차로부근,화물차,보행자
2014.2.11 20:00,야간,화,1,0,0,차대사람,기타,기타,단일로,기타단일로,승용차,보행자
2014.2.10 7:00,주간,월,1,0,0,차대사람,횡단중,횡단중,교차로,교차로부근,화물차,보행자
2014.2.8 4:00,야간,토,1,0,0,차대사람,기타,기타,단일로,횡단보도상,원동기장치자전거,보행자
2014.2.8 17:00,주간,토,1,0,0,차대사람,횡단중,횡단중,단일로,횡단보도상,승용차,보행자
2014.2.5 7:00,주간,수,1,0,0,차대사람,횡단중,횡단중,단일로,횡단보도상,승합차,보행자
2014.2.5 15:00,주간,수,1,0,0,차대사람,길가장자리구역통행중,길가장자리구역통행중,단일로,기타단일로,화물차,보행자
2014.2.21 5:00,야간,금,1,0,0,차대사람,기타,기타,교차로,교차로부근,승용차,보행자
2014.2.22 6:00,주간,토,1,0,1,차대차,측면직각충돌,측면직각충돌,단일로,기타단일로,승용차,화물차
2014.2.19 13:00,주간,수,1,0,0,차대차,기타,기타,단일로,기타단일로,승합차,원동기장치자전거
2014.2.16 22:00,야간,일,1,0,0,차대사람,기타,기타,교차로,교차로내,승용차,보행자
2014.3.12 2:00,야간,수,1,0,0,차량단독,공작물충돌,공작물충돌,단일로,기타단일로,승용차,0
2014.9.2 18:00,야간,화,1,0,0,차대사람,횡단중,횡단중,단일로,기타단일로,화물차,보행자
2014.6.19 17:00,주간,목,1,0,0,차대차,추돌,진행중 추돌,단일로,기타단일로,승합차,자전거
2014.6.17 11:00,주간,화,1,0,0,차대차,측면직각충돌,측면직각충돌,교차로,교차로내,건설기계,화물차
2014.6.19 14:00,주간,목,1,1,1,차량단독,전도전복,전도전복,단일로,기타단일로,승용차,0
2014.6.18 9:00,주간,수,1,0,0,차대차,측면직각충돌,측면직각충돌,단일로,기타단일로,승용차,원동기장치자전거
2014.6.17 12:00,주간,화,1,0,0,차량단독,기타,기타,단일로,기타단일로,승용차,0
2014.6.19 0:00,야간,목,1,0,0,차대차,기타,기타,교차로,교차로내,이륜차,화물차
2014.6.17 4:00,야간,화,1,0,0,차대차,측면직각충돌,측면직각충돌,단일로,기타단일로,이륜차,승용차
2014.6.7 21:00,야간,토,1,0,0,차대사람,횡단중,횡단중,교차로,교차로내,화물차,보행자
2014.6.7 23:00,야간,토,1,0,0,차량단독,공작물충돌,공작물충돌,교차로,교차로내,승용차,0
2014.6.17 18:00,야간,화,1,0,0,차대차,추돌,진행중 추돌,단일로,기타단일로,원동기장치자전거,화물차
2014.6.14 2:00,야간,토,1,0,0,차대사람,기타,기타,교차로,교차로부근,승용차,보행자
2014.6.15 20:00,야간,일,1,0,0,차대차,기타,기타,단일로,기타단일로,승용차,승용차
2014.2.23 11:00,주간,일,1,0,0,차량단독,전도전복,전도전복,단일로,기타단일로,이륜차,0
2014.2.23 0:00,야간,일,1,1,0,차대차,추돌,주정차중 추돌,단일로,기타단일로,승용차,화물차
2014.2.22 18:00,야간,토,1,0,0,차대사람,횡단중,횡단중,교차로,교차로부근,화물차,보행자
2014.8.8 4:00,야간,금,1,0,8,차대차,기타,기타,단일로,기타단일로,승용차,화물차
2014.1.7 22:00,야간,화,1,0,0,차대사람,차도통행중,차도통행중,단일로,기타단일로,화물차,보행자
2014.1.4 11:00,주간,토,1,2,0,차대차,측면직각충돌,측면직각충돌,교차로,교차로내,승용차,승용차
2014.1.3 9:00,주간,금,1,0,0,차대차,측면직각충돌,측면직각충돌,교차로,교차로내,특수차,이륜차
2014.1.2 20:00,야간,목,1,0,0,차대사람,횡단중,횡단중,교차로,교차로내,승합차,보행자
2014.1.2 18:00,야간,목,1,0,1,차대차,추돌,진행중 추돌,단일로,기타단일로,승용차,농기계
2014.1.3 4:00,야간,금,1,1,1,차대사람,횡단중,횡단중,교차로,교차로내,승용차,보행자
2014.1.23 23:00,야간,목,1,0,0,차량단독,공작물충돌,공작물충돌,교차로,교차로부근,승용차,0
2014.1.23 18:00,야간,목,1,0,0,차대사람,횡단중,횡단중,단일로,기타단일로,승용차,보행자
2014.1.24 10:00,주간,금,1,0,0,차대사람,기타,기타,단일로,기타단일로,특수차,보행자
2014.1.30 6:00,주간,목,1,0,0,차대차,측면직각충돌,측면직각충돌,교차로,교차로내,자전거,승합차
2014.10.10 6:00,주간,금,1,0,0,차량단독,기타,기타,단일로,기타단일로,승용차,0
2014.10.4 12:00,주간,토,1,0,3,차대차,기타,기타,단일로,기타단일로,특수차,승용차
2014.10.2 18:00,야간,목,1,5,0,차대차,추돌,진행중 추돌,단일로,기타단일로,화물차,승용차
2014.11.8 21:00,야간,토,1,1,0,차대사람,차도통행중,차도통행중,단일로,기타단일로,화물차,보행자
2014.3.7 4:00,야간,금,1,0,1,차대차,추돌,진행중 추돌,단일로,기타단일로,승용차,화물차
2014.12.24 17:00,주간,수,1,0,0,차대차,기타,기타,단일로,기타단일로,화물차,승용차
2014.1.6 5:00,야간,월,1,0,0,차대사람,기타,기타,교차로,교차로부근,화물차,보행자
2014.1.7 22:00,야간,화,1,0,0,차대사람,기타,기타,단일로,기타단일로,화물차,보행자
2014.1.9 17:00,주간,목,1,0,0,차대사람,횡단중,횡단중,단일로,횡단보도상,승합차,보행자
2014.1.8 9:00,주간,수,1,0,0,차대차,추돌,진행중 추돌,단일로,기타단일로,화물차,원동기장치자전거
2014.1.2 21:00,야간,목,1,0,0,차대차,추돌,주정차중 추돌,단일로,기타단일로,원동기장치자전거,승합차
2014.6.7 2:00,야간,토,2,6,2,차량단독,전도전복,전도전복,단일로,기타단일로,승합차,0
2014.5.21 14:00,주간,수,1,0,0,차대차,기타,기타,단일로,기타단일로,승용차,화물차
2014.7.10 1:00,야간,목,1,0,0,차량단독,공작물충돌,공작물충돌,단일로,교량위,승용차,0
2014.1.29 10:00,주간,수,1,0,0,차대차,측면직각충돌,측면직각충돌,단일로,기타단일로,승용차,원동기장치자전거
2014.2.9 11:00,주간,일,2,0,0,차량단독,도로이탈,도로이탈 추락,단일로,기타단일로,승용차,0
2014.2.6 16:00,주간,목,1,0,0,차대사람,기타,기타,단일로,기타단일로,승합차,보행자
2014.2.6 0:00,야간,목,1,0,0,차량단독,도로이탈,도로이탈 추락,단일로,기타단일로,원동기장치자전거,0
2014.2.4 19:00,야간,화,1,0,0,차대사람,횡단중,횡단중,단일로,기타단일로,승용차,보행자
2014.2.1 21:00,야간,토,1,0,0,차량단독,공작물충돌,공작물충돌,단일로,기타단일로,화물차,0
2014.2.21 3:00,야간,금,1,2,0,차대차,측면직각충돌,측면직각충돌,단일로,기타단일로,승용차,승용차
2014.2.17 16:00,주간,월,1,0,2,차대차,측면직각충돌,측면직각충돌,교차로,교차로내,승용차,화물차
2014.2.18 18:00,야간,화,1,0,0,차대사람,횡단중,횡단중,교차로,교차로부근,승용차,보행자
2014.2.18 21:00,야간,화,1,0,0,차대차,기타,기타,교차로,교차로내,원동기장치자전거,특수차
2014.2.19 6:00,주간,수,1,0,0,차대사람,횡단중,횡단중,단일로,기타단일로,승용차,보행자
2014.2.18 21:00,야간,화,1,1,0,차량단독,전도전복,전도전복,교차로,교차로내,이륜차,0
2014.2.20 20:00,야간,목,1,0,0,차량단독,전도전복,전도전복,단일로,기타단일로,원동기장치자전거,0
2014.2.2 2:00,야간,일,1,0,0,차대사람,차도통행중,차도통행중,교차로,교차로내,승용차,보행자
2014.2.3 20:00,야간,월,1,0,0,차대사람,횡단중,횡단중,단일로,횡단보도부근,승용차,보행자
2014.2.3 23:00,야간,월,1,0,0,차대사람,횡단중,횡단중,단일로,기타단일로,승용차,보행자
2014.2.1 18:00,야간,토,1,0,0,차대차,추돌,주정차중 추돌,단일로,기타단일로,승용차,건설기계
2014.2.16 2:00,야간,일,1,1,0,차대차,기타,기타,단일로,기타단일로,승용차,승용차
2014.2.13 19:00,야간,목,1,0,0,차대사람,횡단중,횡단중,단일로,기타단일로,승용차,보행자
2014.2.2 13:00,주간,일,1,0,0,차량단독,공작물충돌,공작물충돌,단일로,기타단일로,승용차,0
2014.2.1 22:00,야간,토,1,0,2,차대차,측면직각충돌,측면직각충돌,단일로,기타단일로,승용차,승용차
2014.2.2 5:00,야간,일,1,0,0,차대사람,기타,기타,단일로,기타단일로,승용차,보행자
2014.2.1 18:00,야간,토,1,0,0,차대사람,기타,기타,교차로,교차로내,화물차,보행자
2014.2.17 10:00,주간,월,1,0,1,차대차,측면직각충돌,측면직각충돌,교차로,교차로내,이륜차,화물차
2014.2.17 14:00,주간,월,1,0,0,차대차,측면직각충돌,측면직각충돌,교차로,교차로내,화물차,원동기장치자전거
2014.2.15 16:00,주간,토,1,0,0,차대차,기타,기타,단일로,기타단일로,이륜차,이륜차
2014.2.12 22:00,야간,수,1,0,0,차대사람,기타,기타,단일로,기타단일로,이륜차,보행자
2014.8.27 23:00,야간,수,1,0,0,차대차,기타,기타,단일로,기타단일로,승용차,화물차
2014.1.28 6:00,주간,화,1,1,1,차대차,추돌,진행중 추돌,단일로,기타단일로,화물차,화물차
2014.5.13 9:00,주간,화,4,3,0,차대차,추돌,주정차중 추돌,단일로,기타단일로,승용차,화물차
2014.4.25 22:00,야간,금,1,1,0,차대차,추돌,진행중 추돌,단일로,기타단일로,승용차,화물차
2014.6.21 4:00,야간,토,2,1,0,차대차,정면충돌,정면충돌,단일로,기타단일로,승용차,승용차
2014.6.21 4:00,야간,토,1,0,0,차대차,추돌,주정차중 추돌,단일로,기타단일로,원동기장치자전거,승합차
2014.6.21 0:00,야간,토,1,0,0,차량단독,기타,기타,단일로,기타단일로,화물차,0
2014.6.21 3:00,야간,토,1,0,1,차대차,추돌,주정차중 추돌,단일로,기타단일로,승용차,건설기계
2014.6.21 21:00,야간,토,1,0,0,차대사람,기타,기타,단일로,기타단일로,화물차,보행자
2014.5.11 1:00,야간,일,1,0,0,차대사람,기타,기타,단일로,기타단일로,승용차,보행자
2014.5.10 3:00,야간,토,1,0,0,차대차,측면직각충돌,측면직각충돌,교차로,교차로내,승용차,이륜차
2014.5.9 23:00,야간,금,1,0,0,차대사람,횡단중,횡단중,교차로,교차로부근,승합차,보행자
2014.5.20 12:00,주간,화,1,0,1,차대차,추돌,진행중 추돌,단일로,기타단일로,승용차,승용차
2014.5.20 12:00,주간,화,1,0,0,차대차,추돌,주정차중 추돌,단일로,기타단일로,화물차,화물차
2014.5.14 16:00,주간,수,1,0,0,차대사람,횡단중,횡단중,단일로,횡단보도상,승합차,보행자
2014.5.22 17:00,주간,목,1,0,0,차대사람,기타,기타,단일로,기타단일로,승합차,보행자
2014.5.21 13:00,주간,수,1,0,0,차대사람,기타,기타,교차로,교차로부근,승용차,보행자
2014.5.22 13:00,주간,목,1,0,0,차대사람,횡단중,횡단중,단일로,횡단보도상,승용차,보행자
2014.5.21 8:00,주간,수,1,0,0,차대차,측면직각충돌,측면직각충돌,단일로,기타단일로,농기계,농기계
2014.5.26 10:00,주간,월,1,0,0,차대차,측면직각충돌,측면직각충돌,단일로,기타단일로,이륜차,승용차
2014.12.20 18:00,야간,토,1,0,0,차대차,측면직각충돌,측면직각충돌,단일로,기타단일로,승용차,승용차
2014.11.14 7:00,주간,금,1,1,0,차량단독,공작물충돌,공작물충돌,단일로,기타단일로,승용차,0
2014.11.20 17:00,주간,목,1,0,4,차대차,추돌,진행중 추돌,단일로,기타단일로,승용차,승용차
2014.11.3 7:00,주간,월,1,0,0,차대사람,기타,기타,단일로,기타단일로,화물차,보행자
2014.11.5 7:00,주간,수,1,0,0,차대차,기타,기타,단일로,교량위,원동기장치자전거,원동기장치자전거
2014.1.9 12:00,주간,목,1,1,0,차대사람,횡단중,횡단중,단일로,횡단보도상,승용차,보행자
2014.1.6 18:00,야간,월,1,0,0,차량단독,공작물충돌,공작물충돌,교차로,교차로부근,승용차,0
2014.9.22 23:00,야간,월,1,0,0,차대차,추돌,진행중 추돌,단일로,기타단일로,특수차,건설기계
2014.9.7 22:00,야간,일,1,1,0,차대차,기타,기타,단일로,교량위,승용차,승용차
2014.1.27 18:00,야간,월,1,0,0,차대사람,횡단중,횡단중,단일로,기타단일로,승용차,보행자
2014.1.27 22:00,야간,월,1,0,0,차대차,정면충돌,정면충돌,단일로,기타단일로,화물차,이륜차
2014.1.27 15:00,주간,월,1,0,0,차대차,추돌,진행중 추돌,교차로,교차로내,화물차,승용차
2014.1.27 9:00,주간,월,1,0,0,차대차,측면직각충돌,측면직각충돌,교차로,교차로내,승용차,이륜차
2014.2.7 6:00,주간,금,1,0,0,차대차,측면직각충돌,측면직각충돌,교차로,교차로내,승용차,이륜차
2014.2.7 8:00,주간,금,1,1,1,차대차,정면충돌,정면충돌,단일로,기타단일로,승용차,화물차
2014.2.14 18:00,야간,금,1,0,0,차량단독,기타,기타,단일로,기타단일로,원동기장치자전거,0
2014.2.16 2:00,야간,일,1,0,0,차대사람,기타,기타,단일로,기타단일로,승용차,보행자
2014.2.15 13:00,주간,토,1,0,0,차대사람,횡단중,횡단중,단일로,기타단일로,승합차,보행자
2014.2.16 19:00,야간,일,1,0,0,차대차,기타,기타,기타/불명,기타/불명,승용차,농기계
2014.2.15 16:00,주간,토,1,0,0,차대사람,횡단중,횡단중,단일로,기타단일로,승합차,보행자
2014.2.17 12:00,주간,월,1,0,0,차대차,정면충돌,정면충돌,교차로,교차로내,화물차,원동기장치자전거
2014.2.15 11:00,주간,토,1,0,0,차대사람,기타,기타,교차로,교차로부근,건설기계,보행자
2014.6.22 20:00,야간,일,1,2,2,차대차,정면충돌,정면충돌,교차로,교차로내,승용차,승용차
2014.5.17 22:00,야간,토,1,1,0,차대차,추돌,진행중 추돌,교차로,교차로부근,승용차,농기계
2014.5.15 16:00,주간,목,1,0,0,차대사람,횡단중,횡단중,단일로,기타단일로,승용차,보행자
2014.7.3 9:00,주간,목,1,0,0,차량단독,공작물충돌,공작물충돌,단일로,기타단일로,화물차,0
2014.7.13 13:00,주간,일,1,0,0,차대사람,기타,기타,단일로,기타단일로,승용차,보행자
2014.7.14 21:00,야간,월,1,0,0,차대차,추돌,주정차중 추돌,단일로,기타단일로,승용차,특수차
2014.7.14 17:00,주간,월,1,1,0,차대사람,기타,기타,단일로,기타단일로,화물차,보행자
2014.7.10 16:00,주간,목,1,0,0,차대사람,보도통행중,보도통행중,기타/불명,기타/불명,승합차,보행자
2014.7.18 22:00,야간,금,1,0,0,차량단독,기타,기타,단일로,기타단일로,이륜차,0
2014.7.17 19:00,야간,목,1,0,0,차량단독,전도전복,전도전복,단일로,기타단일로,화물차,0
2014.6.26 2:00,야간,목,1,0,0,차대차,추돌,진행중 추돌,단일로,기타단일로,승용차,화물차
2014.7.19 5:00,야간,토,1,0,0,차량단독,공작물충돌,공작물충돌,단일로,기타단일로,승용차,0
2014.7.25 17:00,주간,금,1,1,0,차대차,정면충돌,정면충돌,단일로,기타단일로,화물차,화물차
2014.7.25 1:00,야간,금,1,1,0,차대사람,횡단중,횡단중,단일로,횡단보도상,승용차,보행자
2014.7.21 16:00,주간,월,1,0,0,차대차,기타,기타,교차로,교차로내,승용차,원동기장치자전거
2014.8.2 12:00,주간,토,1,0,0,차대차,기타,기타,교차로,교차로내,화물차,원동기장치자전거
2014.8.2 5:00,야간,토,1,0,0,차대차,기타,기타,교차로,교차로내,원동기장치자전거,승용차
2014.7.30 0:00,야간,수,1,0,0,차대사람,횡단중,횡단중,단일로,기타단일로,승용차,보행자
2014.8.5 19:00,야간,화,1,0,0,차량단독,도로이탈,도로이탈 추락,단일로,기타단일로,이륜차,0
2014.8.6 13:00,주간,수,1,1,0,차대차,정면충돌,정면충돌,단일로,기타단일로,승합차,승합차
2014.8.6 1:00,야간,수,1,0,0,차대사람,횡단중,횡단중,단일로,횡단보도상,승용차,보행자
2014.8.6 3:00,야간,수,1,1,1,차대차,정면충돌,정면충돌,단일로,기타단일로,승용차,화물차
2014.8.3 10:00,주간,일,1,2,0,차대차,추돌,주정차중 추돌,단일로,기타단일로,승용차,화물차
2014.8.6 1:00,야간,수,1,0,0,차대사람,기타,기타,단일로,기타단일로,화물차,보행자
2014.8.3 7:00,주간,일,1,0,0,차량단독,공작물충돌,공작물충돌,단일로,기타단일로,승용차,0
2014.8.3 1:00,야간,일,1,0,0,차대사람,횡단중,횡단중,교차로,교차로내,승용차,보행자
2014.8.12 17:00,주간,화,1,0,0,차대사람,횡단중,횡단중,교차로,교차로내,승합차,보행자
2014.8.12 21:00,야간,화,1,0,0,차량단독,공작물충돌,공작물충돌,단일로,기타단일로,승용차,0
2014.7.2 13:00,주간,수,1,0,0,차대차,추돌,진행중 추돌,교차로,교차로내,원동기장치자전거,승용차
2014.7.1 23:00,야간,화,1,0,0,차대차,기타,기타,단일로,기타단일로,승용차,승용차
2014.7.7 12:00,주간,월,1,0,0,차대사람,차도통행중,차도통행중,교차로,교차로부근,승용차,보행자
2014.7.8 7:00,주간,화,1,1,1,차대사람,기타,기타,단일로,기타단일로,승합차,보행자
2014.7.5 15:00,주간,토,1,0,0,차대차,추돌,진행중 추돌,단일로,기타단일로,승용차,이륜차
2014.7.3 5:00,야간,목,1,2,0,차대차,기타,기타,지하도로내,지하도로내,승용차,승용차
2014.7.14 9:00,주간,월,1,0,0,차대사람,횡단중,횡단중,교차로,교차로부근,승용차,보행자
2014.7.13 7:00,주간,일,1,0,0,차대차,정면충돌,정면충돌,교차로,교차로내,승합차,원동기장치자전거
2014.7.13 4:00,야간,일,1,0,0,차량단독,공작물충돌,공작물충돌,단일로,기타단일로,승용차,0
2014.7.12 15:00,주간,토,1,0,0,차량단독,공작물충돌,공작물충돌,단일로,기타단일로,이륜차,0
2014.7.14 7:00,주간,월,1,0,0,차대차,측면직각충돌,측면직각충돌,단일로,기타단일로,자전거,승용차
2014.7.11 0:00,야간,금,1,0,0,차량단독,공작물충돌,공작물충돌,교차로,교차로내,승용차,0
2014.7.9 12:00,주간,수,1,0,0,차량단독,전도전복,전도전복,단일로,기타단일로,화물차,0
2014.7.9 17:00,주간,수,1,0,0,차대사람,차도통행중,차도통행중,단일로,기타단일로,화물차,보행자
2014.7.18 0:00,야간,금,1,0,0,차대사람,차도통행중,차도통행중,단일로,기타단일로,승용차,보행자
2014.7.18 17:00,주간,금,1,0,0,차대차,측면직각충돌,측면직각충돌,교차로,교차로내,화물차,이륜차
2014.11.26 23:00,야간,수,1,0,0,차대사람,횡단중,횡단중,단일로,기타단일로,승용차,보행자
2014.7.17 12:00,주간,목,1,0,0,차대사람,횡단중,횡단중,단일로,기타단일로,화물차,보행자
2014.7.17 17:00,주간,목,1,0,0,차대사람,횡단중,횡단중,교차로,교차로부근,건설기계,보행자
2014.7.14 22:00,야간,월,1,0,0,차량단독,공작물충돌,공작물충돌,교차로,교차로내,승용차,0
2014.7.14 22:00,야간,월,1,0,0,차대사람,횡단중,횡단중,단일로,기타단일로,승용차,보행자
2014.7.17 9:00,주간,목,1,0,0,차대사람,기타,기타,교차로,교차로내,화물차,보행자
2014.7.15 4:00,야간,화,1,0,0,차대사람,기타,기타,단일로,기타단일로,화물차,보행자
2014.7.14 20:00,야간,월,1,0,0,차대사람,횡단중,횡단중,교차로,교차로부근,승용차,보행자
2014.7.25 15:00,주간,금,1,2,1,차대차,정면충돌,정면충돌,단일로,기타단일로,화물차,승용차
2014.7.26 2:00,야간,토,1,0,0,차대사람,횡단중,횡단중,교차로,교차로내,승용차,보행자
2014.7.25 19:00,야간,금,1,0,0,차대사람,기타,기타,기타/불명,기타/불명,화물차,보행자
2014.7.26 4:00,야간,토,1,0,0,차대사람,횡단중,횡단중,교차로,교차로내,승용차,보행자
2014.7.23 16:00,주간,수,1,0,0,차대차,기타,기타,교차로,교차로부근,건설기계,자전거
2014.7.22 21:00,야간,화,1,0,0,차대차,측면직각충돌,측면직각충돌,교차로,교차로내,화물차,자전거
2014.7.22 21:00,야간,화,1,0,0,차대사람,횡단중,횡단중,단일로,교량위,승용차,보행자
2014.8.2 15:00,주간,토,1,0,3,차대차,추돌,진행중 추돌,단일로,기타단일로,건설기계,승용차
2014.8.2 6:00,주간,토,1,0,0,차량단독,공작물충돌,공작물충돌,교차로,교차로내,승용차,0
2014.7.31 13:00,주간,목,1,0,0,차량단독,공작물충돌,공작물충돌,교차로,교차로내,화물차,0
2014.7.27 20:00,야간,일,1,0,0,차량단독,기타,기타,교차로,교차로내,원동기장치자전거,0
2014.7.30 5:00,야간,수,1,0,0,차량단독,기타,기타,단일로,기타단일로,자전거,0
2014.7.27 17:00,주간,일,1,0,0,차량단독,공작물충돌,공작물충돌,단일로,기타단일로,승용차,0
2014.7.27 19:00,야간,일,1,0,1,차대사람,기타,기타,교차로,교차로내,승용차,보행자
2014.7.27 20:00,야간,일,1,0,0,차대차,측면직각충돌,측면직각충돌,단일로,기타단일로,승합차,자전거
2014.7.3 4:00,야간,목,1,0,0,차대사람,기타,기타,단일로,기타단일로,화물차,보행자
2014.7.3 1:00,야간,목,1,0,0,차대사람,기타,기타,단일로,기타단일로,승용차,보행자
2014.6.30 10:00,주간,월,1,0,0,차대차,기타,기타,교차로,교차로내,이륜차,화물차
2014.7.7 6:00,주간,월,1,1,0,차대차,측면직각충돌,측면직각충돌,단일로,기타단일로,승용차,승용차
2014.7.3 13:00,주간,목,1,0,0,차대차,기타,기타,단일로,기타단일로,승용차,승합차
2014.7.4 2:00,야간,금,1,0,0,차대사람,기타,기타,단일로,기타단일로,승용차,보행자
2014.7.14 7:00,주간,월,1,0,0,차대차,측면직각충돌,측면직각충돌,단일로,기타단일로,승합차,자전거
2014.7.12 4:00,야간,토,1,0,0,차대사람,횡단중,횡단중,교차로,교차로내,승용차,보행자
2014.7.8 18:00,야간,화,1,0,0,차대사람,기타,기타,교차로,교차로내,승용차,보행자
2014.7.8 15:00,주간,화,1,0,0,차대사람,차도통행중,차도통행중,단일로,기타단일로,승용차,보행자
2014.7.15 22:00,야간,화,1,1,2,차대차,측면직각충돌,측면직각충돌,교차로,교차로내,승용차,이륜차
2014.7.16 4:00,야간,수,1,0,0,차대사람,횡단중,횡단중,단일로,기타단일로,승용차,보행자
2014.7.25 23:00,야간,금,1,0,0,차대사람,횡단중,횡단중,단일로,기타단일로,승용차,보행자
2014.7.26 17:00,주간,토,1,0,0,차량단독,공작물충돌,공작물충돌,단일로,기타단일로,자전거,0
2014.1.5 23:00,야간,일,1,0,0,차대사람,횡단중,횡단중,단일로,기타단일로,승용차,보행자
2014.1.6 5:00,야간,월,1,0,0,차대사람,횡단중,횡단중,교차로,교차로내,승용차,보행자
2014.1.8 0:00,야간,수,1,0,0,차대사람,기타,기타,단일로,기타단일로,화물차,보행자
2014.1.8 6:00,주간,수,1,0,0,차량단독,기타,기타,단일로,기타단일로,이륜차,0
2014.1.8 4:00,야간,수,1,0,0,차대사람,기타,기타,단일로,기타단일로,승합차,보행자
2014.1.2 19:00,야간,목,1,0,0,차대사람,횡단중,횡단중,단일로,기타단일로,승합차,보행자
2014.11.27 6:00,주간,목,1,0,0,차대차,기타,기타,단일로,기타단일로,화물차,승용차
2014.11.5 7:00,주간,수,1,1,0,차대차,추돌,진행중 추돌,단일로,터널안,화물차,화물차
2014.11.6 16:00,주간,목,1,2,1,차대차,추돌,주정차중 추돌,단일로,기타단일로,화물차,화물차
2014.5.25 18:00,야간,일,1,0,0,차대차,기타,기타,교차로,교차로내,원동기장치자전거,승합차