발생년월일시,주야,요일,사망자수,중상자수,경상자수,사고유형_대분류,사고유형_중분류,사고유형,도로형태_대분류,도로형태,당사자종별_1당_대분류,당사자종별_2당_대분류
2014.5.22 20:00,야간,목,1,0,0,차대사람,길가장자리구역통행중,길가장자리구역통행중,단일로,기타단일로,화물차,보행자
2014.5.20 18:00,야간,화,1,0,0,차량단독,공작물충돌,공작물충돌,단일로,기타단일로,승용차,0
2014.5.21 13:00,주간,수,1,4,0,차대차,기타,기타,단일로,기타단일로,승용차,승용차
2014.5.31 0:00,야간,토,1,0,0,차량단독,공작물충돌,공작물충돌,단일로,기타단일로,승용차,0
2014.5.31 15:00,주간,토,1,0,0,차량단독,공작물충돌,공작물충돌,단일로,기타단일로,승용차,0
2014.5.30 17:00,주간,금,1,0,0,차대차,측면직각충돌,측면직각충돌,교차로,교차로내,승용차,원동기장치자전거
2014.5.30 9:00,주간,금,1,0,0,차대차,기타,기타,교차로,교차로내,화물차,자전거
2014.5.28 17:00,주간,수,1,3,3,차대차,측면직각충돌,측면직각충돌,교차로,교차로내,화물차,승용차
2014.6.6 5:00,야간,금,2,0,0,차대차,기타,기타,단일로,기타단일로,승용차,화물차
2014.6.6 0:00,야간,금,1,1,1,차대차,추돌,진행중 추돌,고가도로위,고가도로위,승합차,화물차
2014.5.31 14:00,주간,토,1,0,0,차대사람,기타,기타,단일로,기타단일로,화물차,보행자
2014.7.24 18:00,야간,목,1,0,0,차대사람,횡단중,횡단중,교차로,교차로부근,승합차,보행자
2014.7.25 23:00,야간,금,1,0,0,차량단독,공작물충돌,공작물충돌,교차로,교차로내,승용차,0
2014.7.26 17:00,주간,토,1,1,1,차대사람,길가장자리구역통행중,길가장자리구역통행중,단일로,기타단일로,화물차,보행자
2014.7.21 16:00,주간,월,1,0,0,차대차,정면충돌,정면충돌,교차로,교차로부근,원동기장치자전거,승용차
2014.7.22 9:00,주간,화,1,0,0,차대사람,기타,기타,단일로,기타단일로,승용차,보행자
2014.7.31 7:00,주간,목,1,0,0,차량단독,공작물충돌,공작물충돌,교차로,교차로내,승용차,0
2014.5.31 16:00,주간,토,1,1,0,차량단독,전도전복,전도전복,단일로,기타단일로,승용차,0
2014.7.21 15:00,주간,월,1,0,0,차대사람,차도통행중,차도통행중,단일로,기타단일로,승용차,보행자
2014.8.3 1:00,야간,일,1,0,0,차대차,기타,기타,단일로,기타단일로,승용차,승용차
2014.8.10 20:00,야간,일,1,1,1,차대차,기타,기타,단일로,기타단일로,승용차,화물차
2014.7.23 7:00,주간,수,1,1,1,차량단독,공작물충돌,공작물충돌,단일로,기타단일로,특수차,0
2014.5.31 18:00,야간,토,1,2,4,차대차,측면직각충돌,측면직각충돌,교차로,교차로내,자전거,승용차
2014.6.2 14:00,주간,월,1,1,0,차대차,기타,기타,단일로,기타단일로,화물차,화물차
2014.6.2 13:00,주간,월,1,0,0,차대사람,횡단중,횡단중,단일로,기타단일로,승합차,보행자
2014.6.11 16:00,주간,수,1,0,0,차대차,기타,기타,교차로,교차로부근,승용차,자전거
2014.6.16 15:00,주간,월,1,0,0,차대사람,기타,기타,단일로,기타단일로,승용차,보행자
2014.6.16 16:00,주간,월,1,0,0,차대차,추돌,주정차중 추돌,단일로,기타단일로,승용차,특수차
2014.6.16 17:00,주간,월,1,0,0,차량단독,전도전복,전도전복,단일로,기타단일로,건설기계,0
2014.6.14 19:00,야간,토,1,0,0,차량단독,공작물충돌,공작물충돌,교차로,교차로부근,농기계,0
2014.6.14 21:00,야간,토,1,0,0,차대사람,횡단중,횡단중,기타/불명,기타/불명,승용차,보행자
2014.6.25 23:00,야간,수,2,0,0,차대차,정면충돌,정면충돌,단일로,교량위,승용차,승용차
2014.6.25 23:00,야간,수,1,3,0,차대차,정면충돌,정면충돌,교차로,교차로내,승용차,승용차
2014.5.18 17:00,주간,일,1,1,0,차량단독,공작물충돌,공작물충돌,단일로,기타단일로,화물차,0
2014.5.19 11:00,주간,월,1,0,0,차대차,기타,기타,교차로,교차로내,승합차,원동기장치자전거
2014.5.19 10:00,주간,월,1,0,0,차량단독,공작물충돌,공작물충돌,단일로,기타단일로,화물차,0
2014.5.23 20:00,야간,금,1,1,0,차대차,추돌,진행중 추돌,단일로,기타단일로,승용차,농기계
2014.5.25 18:00,야간,일,1,0,0,차량단독,전도전복,전도전복,교차로,교차로내,이륜차,0
2014.5.23 1:00,야간,금,1,0,0,차대사람,기타,기타,단일로,기타단일로,승용차,보행자
2014.5.22 17:00,주간,목,1,1,0,차대차,추돌,진행중 추돌,단일로,기타단일로,승합차,이륜차
2014.5.30 1:00,야간,금,1,0,0,차대사람,횡단중,횡단중,단일로,기타단일로,승용차,보행자
2014.5.28 12:00,주간,수,1,0,0,차대사람,차도통행중,차도통행중,단일로,기타단일로,화물차,보행자
2014.5.29 7:00,주간,목,1,1,0,차대차,정면충돌,정면충돌,기타/불명,기타/불명,자전거,자전거
2014.6.4 15:00,주간,수,1,0,0,차대차,추돌,진행중 추돌,교차로,교차로내,화물차,이륜차
2014.6.4 4:00,야간,수,1,1,0,차대사람,횡단중,횡단중,교차로,교차로내,승용차,보행자
2014.6.2 12:00,주간,월,1,2,1,차대차,기타,기타,단일로,기타단일로,승용차,승용차
2014.6.2 7:00,주간,월,1,0,0,차대차,추돌,진행중 추돌,단일로,기타단일로,이륜차,승용차
2014.6.2 17:00,주간,월,1,1,0,차대차,정면충돌,정면충돌,단일로,기타단일로,화물차,화물차
2014.6.3 14:00,주간,화,1,0,0,차대차,기타,기타,교차로,교차로내,승용차,자전거
2014.6.12 11:00,주간,목,1,0,0,차대차,기타,기타,교차로,교차로내,특수차,원동기장치자전거
2014.6.25 13:00,주간,수,2,1,0,차대차,기타,기타,단일로,교량위,화물차,화물차
2014.6.25 6:00,주간,수,1,0,0,차대차,측면직각충돌,측면직각충돌,교차로,교차로부근,이륜차,승용차
2014.7.18 20:00,야간,금,1,0,0,차대사람,기타,기타,단일로,횡단보도상,승용차,보행자
2014.7.15 20:00,야간,화,1,0,0,차대사람,횡단중,횡단중,단일로,기타단일로,승용차,보행자
2014.7.15 20:00,야간,화,1,0,0,차대사람,횡단중,횡단중,단일로,기타단일로,승용차,보행자
2014.7.18 12:00,주간,금,1,0,3,차대차,추돌,진행중 추돌,단일로,기타단일로,화물차,승용차
2014.7.18 6:00,주간,금,1,0,0,차대차,기타,기타,단일로,기타단일로,화물차,자전거
2014.7.26 13:00,주간,토,1,0,0,차대차,정면충돌,정면충돌,교차로,교차로내,승용차,이륜차
2014.7.26 20:00,야간,토,1,0,0,차대사람,횡단중,횡단중,단일로,기타단일로,승용차,보행자
2014.7.27 15:00,주간,일,1,1,0,차대차,측면직각충돌,측면직각충돌,단일로,기타단일로,승합차,화물차
2014.7.23 11:00,주간,수,1,1,0,차량단독,기타,기타,단일로,기타단일로,승용차,0
2014.7.31 6:00,주간,목,1,0,0,차대차,측면직각충돌,측면직각충돌,교차로,교차로내,승용차,화물차
2014.8.7 23:00,야간,목,1,0,0,차대사람,횡단중,횡단중,단일로,기타단일로,승용차,보행자
2014.8.7 13:00,주간,목,1,0,1,차대차,정면충돌,정면충돌,단일로,기타단일로,원동기장치자전거,승용차
2014.7.31 14:00,주간,목,1,0,0,차량단독,기타,기타,단일로,기타단일로,이륜차,0
2014.7.31 10:00,주간,목,1,0,0,차량단독,도로이탈,도로이탈 추락,단일로,기타단일로,승용차,0
2014.7.31 10:00,주간,목,1,0,0,차량단독,도로이탈,도로이탈 추락,단일로,기타단일로,이륜차,0
2014.8.1 5:00,야간,금,1,0,0,차량단독,공작물충돌,공작물충돌,단일로,기타단일로,원동기장치자전거,0
2014.7.28 22:00,야간,월,1,0,0,차대사람,횡단중,횡단중,단일로,기타단일로,승용차,보행자
2014.7.29 1:00,야간,화,1,2,1,차대차,기타,기타,교차로,교차로내,화물차,승용차
2014.7.28 20:00,야간,월,1,0,0,차량단독,전도전복,전도전복,단일로,기타단일로,원동기장치자전거,0
2014.7.29 4:00,야간,화,1,0,0,차대사람,기타,기타,단일로,기타단일로,승합차,보행자
2014.7.27 21:00,야간,일,1,0,0,차대사람,횡단중,횡단중,단일로,기타단일로,이륜차,보행자
2014.8.8 12:00,주간,금,1,0,0,차대사람,기타,기타,단일로,기타단일로,화물차,보행자
2014.8.6 11:00,주간,수,1,0,0,차대사람,횡단중,횡단중,교차로,교차로내,승용차,보행자
2014.6.30 12:00,주간,월,1,0,0,차대사람,횡단중,횡단중,단일로,기타단일로,화물차,보행자
2014.7.5 20:00,야간,토,1,0,0,차대사람,횡단중,횡단중,기타/불명,기타/불명,화물차,보행자
2014.7.7 23:00,야간,월,1,0,0,차량단독,공작물충돌,공작물충돌,단일로,기타단일로,승용차,0
2014.7.8 0:00,야간,화,1,0,0,차대차,기타,기타,단일로,횡단보도상,승용차,승용차
2014.7.3 19:00,야간,목,1,1,2,차대차,기타,기타,단일로,기타단일로,승용차,농기계
2014.7.14 2:00,야간,월,2,2,0,차량단독,공작물충돌,공작물충돌,단일로,기타단일로,승용차,0
2014.7.12 16:00,주간,토,1,0,0,차량단독,공작물충돌,공작물충돌,단일로,기타단일로,이륜차,0
2014.7.11 1:00,야간,금,1,0,0,차대사람,기타,기타,단일로,기타단일로,승용차,보행자
2014.7.10 10:00,주간,목,1,0,0,차대차,측면직각충돌,측면직각충돌,교차로,교차로내,승용차,이륜차
2014.7.19 3:00,야간,토,1,0,0,차량단독,공작물충돌,공작물충돌,단일로,기타단일로,원동기장치자전거,0
2014.7.19 7:00,주간,토,1,2,0,차대차,측면직각충돌,측면직각충돌,교차로,교차로내,이륜차,이륜차
2014.7.21 4:00,야간,월,1,0,0,차량단독,공작물충돌,공작물충돌,단일로,기타단일로,승용차,0
2014.7.15 23:00,야간,화,1,0,0,차량단독,전도전복,전도전복,단일로,기타단일로,승용차,0
2014.7.16 8:00,주간,수,1,0,0,차량단독,전도전복,전도전복,단일로,기타단일로,농기계,0
2014.7.16 17:00,주간,수,1,0,0,차량단독,전도전복,전도전복,단일로,기타단일로,이륜차,0
2014.7.16 15:00,주간,수,1,0,0,차량단독,기타,기타,단일로,기타단일로,자전거,0
2014.7.16 22:00,야간,수,1,0,0,차대차,추돌,진행중 추돌,단일로,기타단일로,승용차,승합차
2014.7.15 17:00,주간,화,1,1,0,차량단독,도로이탈,도로이탈 추락,단일로,기타단일로,화물차,0
2014.7.26 19:00,야간,토,1,0,1,차대차,기타,기타,교차로,교차로내,이륜차,승용차
2014.7.24 20:00,야간,목,1,0,0,차대사람,기타,기타,단일로,기타단일로,불명,보행자
2014.7.24 11:00,주간,목,1,0,0,차대사람,횡단중,횡단중,교차로,교차로부근,화물차,보행자
2014.7.24 10:00,주간,목,1,0,0,차대차,기타,기타,교차로,교차로내,원동기장치자전거,승합차
2014.7.24 11:00,주간,목,1,0,0,차대차,측면직각충돌,측면직각충돌,교차로,교차로내,승용차,이륜차
2014.8.1 16:00,주간,금,2,3,0,차대차,정면충돌,정면충돌,단일로,기타단일로,승용차,승합차
2014.7.31 14:00,주간,목,1,1,0,차대차,기타,기타,단일로,기타단일로,원동기장치자전거,화물차
2014.7.31 22:00,야간,목,1,0,0,차량단독,공작물충돌,공작물충돌,단일로,기타단일로,원동기장치자전거,0
2014.7.30 22:00,야간,수,1,2,0,차대차,추돌,진행중 추돌,단일로,기타단일로,승용차,승용차
2014.7.29 4:00,야간,화,1,0,0,차량단독,기타,기타,단일로,기타단일로,원동기장치자전거,0
2014.8.4 22:00,야간,월,3,0,0,차대차,정면충돌,정면충돌,단일로,교량위,승용차,승용차
2014.8.4 19:00,야간,월,1,1,0,차대차,측면직각충돌,측면직각충돌,교차로,교차로내,승용차,원동기장치자전거
2014.8.5 11:00,주간,화,1,1,0,차대차,측면직각충돌,측면직각충돌,단일로,기타단일로,승용차,이륜차
2014.8.4 19:00,야간,월,1,0,0,차량단독,전도전복,전도전복,기타/불명,기타/불명,농기계,0
2014.8.5 0:00,야간,화,1,0,2,차대사람,기타,기타,단일로,기타단일로,승용차,보행자
2014.8.15 3:00,야간,금,1,0,0,차대차,측면직각충돌,측면직각충돌,교차로,교차로내,화물차,화물차
2014.8.13 17:00,주간,수,1,0,2,차량단독,도로이탈,도로이탈 기타,단일로,기타단일로,원동기장치자전거,0
2014.8.14 3:00,야간,목,1,0,0,차대사람,횡단중,횡단중,단일로,횡단보도상,승용차,보행자
2014.7.28 13:00,주간,월,1,0,0,차대차,기타,기타,교차로,교차로부근,이륜차,승합차
2014.8.7 8:00,주간,목,1,0,0,차대차,측면직각충돌,측면직각충돌,교차로,교차로부근,승용차,원동기장치자전거
2014.8.7 7:00,주간,목,1,0,0,차대차,측면직각충돌,측면직각충돌,교차로,교차로내,화물차,자전거
2014.8.8 10:00,주간,금,1,0,1,차대사람,기타,기타,단일로,기타단일로,화물차,보행자
2014.8.8 10:00,주간,금,1,0,0,차대사람,횡단중,횡단중,교차로,교차로내,승용차,보행자
2014.6.30 4:00,야간,월,1,2,0,차량단독,전도전복,전도전복,단일로,기타단일로,승용차,0
2014.7.7 19:00,야간,월,1,0,0,차대사람,횡단중,횡단중,교차로,교차로부근,건설기계,보행자
2014.7.6 19:00,야간,일,2,0,0,차대사람,횡단중,횡단중,교차로,교차로부근,승합차,보행자
2014.7.5 11:00,주간,토,1,0,0,차대차,측면직각충돌,측면직각충돌,단일로,기타단일로,화물차,자전거
2014.7.3 21:00,야간,목,1,0,0,차대차,추돌,주정차중 추돌,교차로,교차로부근,화물차,특수차
2014.7.15 10:00,주간,화,1,0,0,차대차,측면직각충돌,측면직각충돌,교차로,교차로내,승용차,원동기장치자전거
2014.7.12 13:00,주간,토,1,1,1,차대차,정면충돌,정면충돌,단일로,기타단일로,승용차,승용차
2014.7.12 1:00,야간,토,1,1,0,차대차,기타,기타,단일로,기타단일로,화물차,승용차
2014.7.11 17:00,주간,금,1,0,0,차대사람,횡단중,횡단중,교차로,교차로부근,승용차,보행자
2014.7.10 10:00,주간,목,1,1,0,차량단독,전도전복,전도전복,단일로,기타단일로,승용차,0
2014.7.16 13:00,주간,수,1,0,0,차대사람,기타,기타,교차로,교차로내,건설기계,보행자
2014.7.24 2:00,야간,목,1,0,0,차대차,기타,기타,단일로,기타단일로,불명,이륜차
2014.7.24 13:00,주간,목,1,0,0,차대사람,기타,기타,교차로,교차로부근,승용차,보행자
2014.7.23 20:00,야간,수,1,0,0,차대사람,기타,기타,단일로,횡단보도상,승용차,보행자
2014.7.21 20:00,야간,월,1,0,0,차량단독,도로이탈,도로이탈 추락,단일로,기타단일로,농기계,0
2014.7.28 4:00,야간,월,1,0,0,차대사람,횡단중,횡단중,단일로,기타단일로,승용차,보행자
2014.1.4 18:00,야간,토,1,0,0,차대사람,횡단중,횡단중,단일로,기타단일로,화물차,보행자
2014.1.17 7:00,주간,금,1,0,0,차대사람,횡단중,횡단중,교차로,교차로내,승용차,보행자
2014.1.15 2:00,야간,수,1,0,0,차대사람,횡단중,횡단중,단일로,기타단일로,승용차,보행자
2014.1.11 15:00,주간,토,1,0,0,차대차,추돌,진행중 추돌,단일로,기타단일로,화물차,이륜차
2014.1.12 18:00,야간,일,1,0,0,차대사람,횡단중,횡단중,교차로,교차로내,승용차,보행자
2014.1.10 18:00,야간,금,1,0,0,차대차,추돌,주정차중 추돌,단일로,기타단일로,이륜차,화물차
2014.1.21 23:00,야간,화,1,0,0,차대사람,차도통행중,차도통행중,단일로,기타단일로,화물차,보행자
2014.1.22 9:00,주간,수,1,0,0,차대사람,횡단중,횡단중,교차로,교차로내,승용차,보행자
2014.2.20 10:00,주간,목,1,0,0,차대차,측면직각충돌,측면직각충돌,교차로,교차로부근,화물차,이륜차
2014.2.17 5:00,야간,월,1,0,0,차대사람,횡단중,횡단중,단일로,기타단일로,승용차,보행자
2014.7.29 2:00,야간,화,1,0,0,차대차,기타,기타,단일로,기타단일로,승합차,이륜차
2014.8.7 15:00,주간,목,1,0,0,차대차,추돌,진행중 추돌,단일로,기타단일로,이륜차,승합차
2014.8.7 6:00,주간,목,1,0,0,차대사람,횡단중,횡단중,단일로,기타단일로,승용차,보행자
2014.7.1 15:00,주간,화,1,0,0,차량단독,공작물충돌,공작물충돌,단일로,기타단일로,화물차,0
2014.10.25 22:00,야간,토,1,0,0,차량단독,공작물충돌,공작물충돌,단일로,기타단일로,승용차,0
2014.8.27 9:00,주간,수,1,0,0,차대차,측면직각충돌,측면직각충돌,단일로,기타단일로,화물차,승용차
2014.2.3 17:00,주간,월,1,1,2,차대차,추돌,진행중 추돌,단일로,기타단일로,승용차,승용차
2014.2.1 18:00,야간,토,1,0,0,차대차,기타,기타,단일로,기타단일로,화물차,자전거
2014.1.31 4:00,야간,금,1,1,0,차대차,기타,기타,교차로,교차로부근,승용차,승용차
2014.2.13 8:00,주간,목,1,0,0,차대사람,횡단중,횡단중,단일로,횡단보도상,승용차,보행자
2014.2.14 23:00,야간,금,1,1,0,차대차,측면직각충돌,측면직각충돌,단일로,기타단일로,승용차,승합차
2014.2.15 6:00,주간,토,1,0,0,차대사람,횡단중,횡단중,교차로,교차로내,승용차,보행자
2014.2.16 4:00,야간,일,1,0,0,차량단독,기타,기타,단일로,기타단일로,승용차,0
2014.2.13 19:00,야간,목,1,0,0,차대차,추돌,진행중 추돌,단일로,기타단일로,승용차,원동기장치자전거
2014.2.14 6:00,주간,금,1,0,0,차대사람,횡단중,횡단중,교차로,교차로내,승용차,보행자
2014.2.14 18:00,야간,금,1,0,0,차대사람,횡단중,횡단중,교차로,교차로부근,화물차,보행자
2014.2.11 1:00,야간,화,1,1,0,차량단독,공작물충돌,공작물충돌,단일로,기타단일로,승용차,0
2014.2.11 3:00,야간,화,1,0,0,차량단독,기타,기타,단일로,기타단일로,승용차,0
2014.2.13 6:00,주간,목,1,0,1,차대차,추돌,진행중 추돌,단일로,기타단일로,화물차,화물차
2014.2.10 7:00,주간,월,1,1,0,차대차,기타,기타,단일로,기타단일로,승용차,화물차
2014.2.10 17:00,주간,월,1,0,0,차대차,측면직각충돌,측면직각충돌,단일로,기타단일로,원동기장치자전거,승용차
2014.2.12 7:00,주간,수,1,0,0,차대사람,횡단중,횡단중,단일로,기타단일로,화물차,보행자
2014.2.13 11:00,주간,목,1,0,0,차대차,기타,기타,단일로,기타단일로,원동기장치자전거,화물차
2014.2.11 20:00,야간,화,1,0,0,차대사람,기타,기타,단일로,기타단일로,승용차,보행자
2014.2.10 17:00,주간,월,1,0,0,차대사람,차도통행중,차도통행중,교차로,교차로내,승합차,보행자
2014.2.11 10:00,주간,화,1,0,0,차대사람,기타,기타,단일로,기타단일로,승합차,보행자
2014.2.11 8:00,주간,화,1,1,0,차대차,측면직각충돌,측면직각충돌,단일로,기타단일로,화물차,화물차
2014.2.11 11:00,주간,화,1,1,0,차대차,측면직각충돌,측면직각충돌,교차로,교차로내,건설기계,화물차
2014.6.25 6:00,주간,수,1,0,0,차량단독,공작물충돌,공작물충돌,단일로,기타단일로,화물차,0
2014.6.23 10:00,주간,월,1,1,0,차대차,기타,기타,지하도로내,지하도로내,화물차,승용차
2014.6.26 16:00,주간,목,1,0,0,차대사람,기타,기타,교차로,교차로내,승합차,보행자
2014.6.25 3:00,야간,수,1,1,0,차대차,정면충돌,정면충돌,단일로,기타단일로,승용차,승용차
2014.6.23 18:00,야간,월,1,0,0,차량단독,전도전복,전도전복,단일로,기타단일로,이륜차,0
2014.6.24 14:00,주간,화,1,0,0,차량단독,기타,기타,단일로,기타단일로,화물차,0
2014.6.24 11:00,주간,화,1,0,0,차대사람,횡단중,횡단중,단일로,기타단일로,건설기계,보행자
2014.6.24 5:00,야간,화,1,0,0,차대사람,기타,기타,단일로,기타단일로,이륜차,보행자
2014.6.20 22:00,야간,금,1,0,0,차대사람,횡단중,횡단중,교차로,교차로내,승용차,보행자
2014.5.13 0:00,야간,화,1,0,0,차대사람,기타,기타,단일로,기타단일로,승용차,보행자
2014.5.9 14:00,주간,금,1,0,1,차대차,기타,기타,단일로,기타단일로,승합차,건설기계
2014.5.8 22:00,야간,목,1,0,0,차대차,기타,기타,단일로,기타단일로,승용차,자전거
2014.5.11 2:00,야간,일,1,0,0,차량단독,기타,기타,단일로,기타단일로,원동기장치자전거,0
2014.6.30 9:00,주간,월,1,0,0,차대사람,기타,기타,단일로,기타단일로,건설기계,보행자
2014.7.6 2:00,야간,일,1,1,0,차량단독,전도전복,전도전복,단일로,기타단일로,승용차,0
2014.7.6 12:00,주간,일,3,2,0,차대차,추돌,진행중 추돌,교차로,교차로내,화물차,화물차
2014.7.6 4:00,야간,일,1,0,0,차대사람,횡단중,횡단중,교차로,교차로부근,승용차,보행자
2014.7.6 17:00,주간,일,1,2,0,차대차,정면충돌,정면충돌,단일로,기타단일로,승용차,승용차
2014.7.8 8:00,주간,화,1,0,0,차대차,측면직각충돌,측면직각충돌,교차로,교차로내,승합차,원동기장치자전거
2014.7.8 22:00,야간,화,1,0,0,차대사람,차도통행중,차도통행중,단일로,기타단일로,승용차,보행자
2014.7.15 16:00,주간,화,1,0,0,차대사람,기타,기타,단일로,기타단일로,승용차,보행자
2014.7.14 1:00,야간,월,1,0,0,차량단독,공작물충돌,공작물충돌,단일로,기타단일로,승용차,0
2014.7.14 12:00,주간,월,1,0,0,차대차,측면직각충돌,측면직각충돌,단일로,기타단일로,화물차,자전거
2014.7.12 22:00,야간,토,1,2,0,차량단독,도로이탈,도로이탈 기타,단일로,기타단일로,승용차,0
2014.7.13 4:00,야간,일,1,0,0,차대사람,횡단중,횡단중,교차로,교차로내,승용차,보행자
2014.7.11 16:00,주간,금,1,0,0,차대사람,기타,기타,단일로,기타단일로,화물차,보행자
2014.7.11 3:00,야간,금,2,1,0,차량단독,공작물충돌,공작물충돌,교차로,교차로부근,승용차,0
2014.7.19 15:00,주간,토,1,0,0,차대차,추돌,주정차중 추돌,단일로,기타단일로,화물차,화물차
2014.7.17 22:00,야간,목,1,0,2,차대차,추돌,진행중 추돌,단일로,기타단일로,승용차,승용차
2014.7.17 20:00,야간,목,1,0,0,차대차,측면직각충돌,측면직각충돌,교차로,교차로내,이륜차,승용차
2014.7.17 18:00,야간,목,1,0,0,차대사람,횡단중,횡단중,단일로,기타단일로,승용차,보행자
2014.7.25 15:00,주간,금,1,0,0,차대차,측면직각충돌,측면직각충돌,단일로,기타단일로,원동기장치자전거,승용차
2014.7.22 0:00,야간,화,1,0,0,차량단독,도로이탈,도로이탈 추락,단일로,기타단일로,승용차,0
2014.7.22 5:00,야간,화,1,1,0,차대사람,횡단중,횡단중,기타/불명,기타/불명,승용차,보행자
2014.7.29 7:00,주간,화,1,0,0,차대차,기타,기타,단일로,기타단일로,자전거,승용차
2014.7.28 11:00,주간,월,1,0,0,차량단독,기타,기타,단일로,기타단일로,승용차,0
2014.7.29 12:00,주간,화,1,0,0,차대차,측면직각충돌,측면직각충돌,교차로,교차로내,원동기장치자전거,승합차
2014.8.5 5:00,야간,화,1,0,0,차대사람,횡단중,횡단중,단일로,기타단일로,승용차,보행자
2014.8.3 9:00,주간,일,1,0,0,차량단독,공작물충돌,공작물충돌,단일로,기타단일로,승용차,0
2014.8.4 16:00,주간,월,2,1,2,차대사람,횡단중,횡단중,단일로,횡단보도상,화물차,보행자
2014.8.4 20:00,야간,월,1,1,1,차량단독,공작물충돌,공작물충돌,단일로,기타단일로,승용차,0
2014.8.5 18:00,야간,화,1,1,2,차대차,측면직각충돌,측면직각충돌,교차로,교차로부근,승용차,승용차
2014.8.2 20:00,야간,토,1,0,0,차대사람,기타,기타,단일로,기타단일로,승용차,보행자
2014.8.2 15:00,주간,토,1,1,0,차대차,정면충돌,정면충돌,교차로,교차로부근,승용차,승용차
2014.7.2 14:00,주간,수,1,0,0,차대차,기타,기타,교차로,교차로내,자전거,이륜차
2014.7.1 8:00,주간,화,1,0,0,차대차,측면직각충돌,측면직각충돌,교차로,교차로부근,승합차,자전거
2014.6.30 12:00,주간,월,1,2,0,차대차,측면직각충돌,측면직각충돌,단일로,기타단일로,화물차,화물차
2014.7.6 22:00,야간,일,1,0,0,차대차,기타,기타,교차로,교차로내,승용차,이륜차
2014.7.8 0:00,야간,화,1,0,0,차대사람,횡단중,횡단중,단일로,기타단일로,승용차,보행자
2014.7.6 21:00,야간,일,1,0,3,차대차,추돌,진행중 추돌,단일로,기타단일로,화물차,농기계
2014.7.3 15:00,주간,목,1,0,0,차대차,추돌,진행중 추돌,단일로,기타단일로,승용차,자전거
2014.7.10 10:00,주간,목,1,0,0,차대사람,기타,기타,단일로,기타단일로,승용차,보행자
2014.5.10 16:00,주간,토,1,0,0,차대사람,길가장자리구역통행중,길가장자리구역통행중,단일로,기타단일로,승용차,보행자
2014.5.11 3:00,야간,일,1,4,0,차대차,기타,기타,교차로,교차로내,승용차,승용차
2014.5.19 17:00,주간,월,1,0,0,차량단독,기타,기타,교차로,교차로내,농기계,0
2014.5.19 0:00,야간,월,1,0,0,차대사람,횡단중,횡단중,단일로,기타단일로,승용차,보행자
2014.5.16 5:00,야간,금,1,0,0,차대차,측면직각충돌,측면직각충돌,교차로,교차로내,농기계,화물차
2014.5.17 1:00,야간,토,1,0,0,차대차,기타,기타,단일로,기타단일로,화물차,이륜차
2014.5.17 3:00,야간,토,1,1,0,차대차,추돌,진행중 추돌,단일로,기타단일로,화물차,이륜차
2014.5.24 7:00,주간,토,1,0,0,차량단독,전도전복,전도전복,단일로,기타단일로,이륜차,0
2014.5.21 12:00,주간,수,1,3,0,차대차,정면충돌,정면충돌,단일로,기타단일로,승용차,승용차
2014.5.20 23:00,야간,화,1,0,0,차대사람,차도통행중,차도통행중,단일로,기타단일로,승합차,보행자
2014.5.19 21:00,야간,월,1,0,0,차대사람,횡단중,횡단중,단일로,기타단일로,승용차,보행자
2014.5.31 13:00,주간,토,1,0,0,차량단독,기타,기타,단일로,기타단일로,원동기장치자전거,0
2014.5.27 17:00,주간,화,1,0,0,차대차,측면직각충돌,측면직각충돌,교차로,교차로내,화물차,원동기장치자전거
2014.5.25 12:00,주간,일,1,1,0,차량단독,공작물충돌,공작물충돌,교차로,교차로부근,승용차,0
2014.5.27 9:00,주간,화,1,0,0,차대사람,기타,기타,단일로,기타단일로,화물차,보행자
2014.6.4 20:00,야간,수,1,2,0,차대차,정면충돌,정면충돌,단일로,기타단일로,화물차,승용차
2014.6.4 14:00,주간,수,1,0,0,차대차,추돌,진행중 추돌,단일로,기타단일로,승용차,농기계
2014.6.5 4:00,야간,목,1,0,0,차대사람,횡단중,횡단중,단일로,횡단보도부근,승용차,보행자
2014.6.5 21:00,야간,목,1,0,0,차량단독,도로이탈,도로이탈 기타,단일로,기타단일로,화물차,0
2014.6.2 23:00,야간,월,1,0,0,차대사람,기타,기타,단일로,기타단일로,승용차,보행자
2014.6.2 15:00,주간,월,1,0,1,차대차,추돌,진행중 추돌,교차로,교차로부근,화물차,승용차
2014.6.12 23:00,야간,목,1,0,0,차대차,측면직각충돌,측면직각충돌,교차로,교차로부근,승용차,승용차
2014.6.12 4:00,야간,목,1,0,0,차대사람,횡단중,횡단중,교차로,교차로내,승용차,보행자
2014.6.12 11:00,주간,목,1,0,0,차대차,추돌,진행중 추돌,단일로,기타단일로,화물차,이륜차
2014.6.24 23:00,야간,화,1,1,0,차대차,측면직각충돌,측면직각충돌,교차로,교차로부근,원동기장치자전거,승용차
2014.6.24 12:00,주간,화,1,1,0,차대차,기타,기타,단일로,기타단일로,승용차,특수차
2014.6.25 9:00,주간,수,1,0,0,차대차,기타,기타,교차로,교차로내,이륜차,승용차
2014.6.21 9:00,주간,토,1,0,0,차대차,기타,기타,단일로,기타단일로,화물차,승용차
2014.7.28 9:00,주간,월,1,0,0,차량단독,도로이탈,도로이탈 기타,단일로,기타단일로,이륜차,0
2014.8.14 13:00,주간,목,1,0,0,차대차,기타,기타,교차로,교차로내,자전거,승합차