발생년월일시,주야,요일,사망자수,중상자수,경상자수,사고유형_대분류,사고유형_중분류,사고유형,도로형태_대분류,도로형태,당사자종별_1당_대분류,당사자종별_2당_대분류
2014.8.13 7:00,주간,수,1,0,0,차대사람,횡단중,횡단중,교차로,교차로내,승용차,보행자
2014.8.14 20:00,야간,목,1,0,0,차대사람,횡단중,횡단중,단일로,기타단일로,승합차,보행자
2014.8.14 22:00,야간,목,1,0,0,차대차,추돌,주정차중 추돌,단일로,기타단일로,승용차,화물차
2014.7.28 18:00,야간,월,1,0,0,차대차,기타,기타,교차로,교차로내,승용차,원동기장치자전거
2014.7.28 23:00,야간,월,1,0,0,차량단독,전도전복,전도전복,교차로,교차로부근,원동기장치자전거,0
2014.8.7 15:00,주간,목,1,0,0,차대차,측면직각충돌,측면직각충돌,단일로,기타단일로,승용차,원동기장치자전거
2014.8.6 22:00,야간,수,1,0,1,차대사람,기타,기타,교차로,교차로부근,승용차,보행자
2014.8.13 0:00,야간,수,1,0,0,차량단독,기타,기타,교차로,교차로내,화물차,0
2014.8.9 19:00,야간,토,1,0,0,차대사람,횡단중,횡단중,교차로,교차로부근,승합차,보행자
2014.8.10 10:00,주간,일,1,0,0,차대차,측면직각충돌,측면직각충돌,단일로,기타단일로,승용차,이륜차
2014.8.11 13:00,주간,월,1,0,0,차량단독,도로이탈,도로이탈 추락,교차로,교차로부근,원동기장치자전거,0
2014.8.12 3:00,야간,화,1,0,0,차대사람,기타,기타,단일로,기타단일로,승용차,보행자
2014.7.1 14:00,주간,화,1,0,0,차대사람,기타,기타,단일로,기타단일로,승합차,보행자
2014.7.10 9:00,주간,목,3,3,0,차량단독,주/정차차량 충돌,주/정차차량 충돌,교차로,교차로부근,승용차,승용차
2014.7.20 19:00,야간,일,1,0,0,차량단독,기타,기타,단일로,터널안,원동기장치자전거,0
2014.7.20 6:00,주간,일,1,1,2,차대차,정면충돌,정면충돌,단일로,기타단일로,승용차,승용차
2014.10.28 8:00,주간,화,5,0,0,차대차,추돌,주정차중 추돌,단일로,기타단일로,승용차,화물차
2014.1.8 8:00,주간,수,1,0,0,차대사람,길가장자리구역통행중,길가장자리구역통행중,단일로,기타단일로,승용차,보행자
2014.1.8 2:00,야간,수,1,0,0,차대사람,횡단중,횡단중,단일로,기타단일로,불명,보행자
2014.6.30 13:00,주간,월,1,0,0,차대차,측면직각충돌,측면직각충돌,단일로,기타단일로,원동기장치자전거,원동기장치자전거
2014.7.5 20:00,야간,토,1,0,0,차대사람,횡단중,횡단중,단일로,기타단일로,승용차,보행자
2014.7.7 16:00,주간,월,1,1,1,차대차,추돌,진행중 추돌,교차로,교차로내,화물차,화물차
2014.7.5 21:00,야간,토,1,1,1,차대사람,횡단중,횡단중,교차로,교차로내,승용차,보행자
2014.7.3 21:00,야간,목,1,0,0,차대사람,횡단중,횡단중,단일로,기타단일로,승용차,보행자
2014.7.5 2:00,야간,토,1,0,0,차대사람,기타,기타,단일로,기타단일로,화물차,보행자
2014.7.13 7:00,주간,일,1,0,0,차대차,측면직각충돌,측면직각충돌,교차로,교차로내,승용차,자전거
2014.7.10 22:00,야간,목,1,0,0,차대차,추돌,진행중 추돌,교차로,교차로부근,승용차,화물차
2014.7.19 14:00,주간,토,1,0,0,차량단독,전도전복,전도전복,단일로,기타단일로,원동기장치자전거,0
2014.7.19 17:00,주간,토,1,0,0,차대사람,기타,기타,단일로,횡단보도부근,승합차,보행자
2014.7.17 21:00,야간,목,1,0,0,차대차,추돌,주정차중 추돌,단일로,기타단일로,승용차,건설기계
2014.7.16 7:00,주간,수,1,0,0,차대차,측면직각충돌,측면직각충돌,교차로,교차로내,화물차,이륜차
2014.7.24 23:00,야간,목,1,1,1,차대사람,횡단중,횡단중,단일로,기타단일로,승용차,보행자
2014.7.25 8:00,주간,금,1,0,0,차대차,측면직각충돌,측면직각충돌,교차로,교차로내,승용차,이륜차
2014.7.24 18:00,야간,목,1,0,0,차대사람,차도통행중,차도통행중,단일로,기타단일로,승용차,보행자
2014.7.21 12:00,주간,월,1,0,0,차대차,기타,기타,교차로,교차로부근,승용차,승합차
2014.8.1 10:00,주간,금,1,0,0,차대차,기타,기타,단일로,기타단일로,화물차,이륜차
2014.7.28 16:00,주간,월,1,0,0,차대사람,기타,기타,단일로,기타단일로,승용차,보행자
2014.7.27 20:00,야간,일,1,0,0,차대차,기타,기타,단일로,기타단일로,승용차,승용차
2014.7.27 19:00,야간,일,1,2,0,차대차,정면충돌,정면충돌,교차로,교차로내,승용차,승용차
2014.8.14 4:00,야간,목,1,0,0,차량단독,공작물충돌,공작물충돌,단일로,기타단일로,승용차,0
2014.8.11 5:00,야간,월,1,0,1,차대사람,기타,기타,단일로,기타단일로,화물차,보행자
2014.8.7 22:00,야간,목,1,0,0,차대사람,횡단중,횡단중,단일로,기타단일로,승용차,보행자
2014.8.9 15:00,주간,토,1,1,0,차대차,기타,기타,교차로,교차로내,원동기장치자전거,승용차
2014.8.9 23:00,야간,토,1,0,0,차대차,추돌,주정차중 추돌,단일로,기타단일로,이륜차,승용차
2014.8.19 3:00,야간,화,1,0,0,차대사람,기타,기타,단일로,기타단일로,승용차,보행자
2014.7.5 17:00,주간,토,1,3,0,차량단독,전도전복,전도전복,단일로,기타단일로,화물차,0
2014.1.7 19:00,야간,화,1,0,0,차량단독,전도전복,전도전복,단일로,기타단일로,이륜차,0
2014.5.15 15:00,주간,목,1,0,0,차대사람,기타,기타,단일로,기타단일로,화물차,보행자
2014.7.20 7:00,주간,일,1,0,1,차대차,추돌,진행중 추돌,단일로,기타단일로,화물차,이륜차
2014.7.17 11:00,주간,목,1,0,0,차대사람,기타,기타,단일로,기타단일로,화물차,보행자
2014.7.14 23:00,야간,월,1,0,0,차대차,기타,기타,교차로,교차로부근,승용차,농기계
2014.7.15 7:00,주간,화,1,0,0,차대사람,기타,기타,단일로,기타단일로,승용차,보행자
2014.7.15 22:00,야간,화,1,0,0,차대사람,기타,기타,단일로,횡단보도부근,승합차,보행자
2014.7.26 3:00,야간,토,1,0,0,차량단독,도로이탈,도로이탈 추락,단일로,기타단일로,농기계,0
2014.7.25 17:00,주간,금,1,0,0,차대차,측면직각충돌,측면직각충돌,교차로,교차로내,원동기장치자전거,승용차
2014.7.25 16:00,주간,금,2,5,0,차대차,정면충돌,정면충돌,단일로,기타단일로,승용차,승용차
2014.7.25 3:00,야간,금,1,0,0,차대차,추돌,진행중 추돌,교차로,교차로내,이륜차,승용차
2014.7.22 9:00,주간,화,1,0,1,차대사람,길가장자리구역통행중,길가장자리구역통행중,단일로,기타단일로,특수차,보행자
2014.7.24 12:00,주간,목,1,0,0,차대차,기타,기타,교차로,교차로부근,승용차,이륜차
2014.7.24 0:00,야간,목,1,0,0,차량단독,공작물충돌,공작물충돌,단일로,기타단일로,승용차,0
2014.7.21 12:00,주간,월,1,0,0,차대차,기타,기타,단일로,기타단일로,승용차,화물차
2014.8.2 12:00,주간,토,1,3,0,차대차,정면충돌,정면충돌,단일로,기타단일로,승용차,승용차
2014.8.2 22:00,야간,토,1,0,0,차량단독,공작물충돌,공작물충돌,교차로,교차로부근,승용차,0
2014.8.1 20:00,야간,금,1,0,0,차대차,기타,기타,단일로,기타단일로,이륜차,승용차
2014.8.15 8:00,주간,금,1,0,1,차대차,추돌,진행중 추돌,단일로,기타단일로,화물차,승용차
2014.8.15 9:00,주간,금,1,0,0,차대차,기타,기타,단일로,기타단일로,원동기장치자전거,화물차
2014.8.13 18:00,야간,수,1,0,0,차대사람,기타,기타,교차로,교차로부근,화물차,보행자
2014.7.2 1:00,야간,수,1,0,0,차대사람,기타,기타,단일로,기타단일로,승용차,보행자
2014.7.8 8:00,주간,화,1,0,0,차대사람,기타,기타,교차로,교차로내,승용차,보행자
2014.7.7 18:00,야간,월,1,0,1,차대차,측면직각충돌,측면직각충돌,교차로,교차로내,승용차,이륜차
2014.7.7 6:00,주간,월,1,0,0,차대사람,기타,기타,교차로,교차로내,농기계,보행자
2014.7.6 15:00,주간,일,1,0,2,차대차,정면충돌,정면충돌,단일로,기타단일로,화물차,승용차
2014.7.4 15:00,주간,금,1,0,0,차대사람,기타,기타,단일로,기타단일로,화물차,보행자
2014.7.4 5:00,야간,금,1,0,0,차대사람,횡단중,횡단중,교차로,교차로부근,승합차,보행자
2014.7.3 20:00,야간,목,1,1,0,차대사람,횡단중,횡단중,교차로,교차로부근,승용차,보행자
2014.7.13 0:00,야간,일,1,0,0,차량단독,전도전복,전도전복,단일로,기타단일로,이륜차,0
2014.7.12 20:00,야간,토,1,0,0,차대사람,횡단중,횡단중,교차로,교차로부근,승용차,보행자
2014.7.12 12:00,주간,토,1,0,0,차량단독,전도전복,전도전복,단일로,기타단일로,원동기장치자전거,0
2014.7.9 22:00,야간,수,1,0,0,차대사람,기타,기타,단일로,기타단일로,승용차,보행자
2014.7.20 15:00,주간,일,1,0,0,차대차,추돌,진행중 추돌,단일로,기타단일로,자전거,승용차
2014.7.19 19:00,야간,토,1,0,0,차대차,측면직각충돌,측면직각충돌,교차로,교차로내,승합차,이륜차
2014.7.15 21:00,야간,화,1,0,0,차대사람,횡단중,횡단중,단일로,기타단일로,승용차,보행자
2014.7.18 3:00,야간,금,1,0,0,차량단독,기타,기타,단일로,기타단일로,승용차,0
2014.7.15 19:00,야간,화,1,3,0,차대차,기타,기타,교차로,교차로내,승용차,승용차
2014.7.26 8:00,주간,토,1,0,0,차량단독,도로이탈,도로이탈 추락,단일로,기타단일로,화물차,0
2014.7.24 22:00,야간,목,1,0,0,차대차,기타,기타,단일로,기타단일로,승용차,승용차
2014.7.26 6:00,주간,토,1,0,0,차대차,측면직각충돌,측면직각충돌,교차로,교차로내,화물차,원동기장치자전거
2014.7.26 10:00,주간,토,1,1,0,차대차,기타,기타,교차로,교차로부근,승용차,승용차
2014.7.22 13:00,주간,화,1,0,0,차대차,기타,기타,단일로,기타단일로,원동기장치자전거,승용차
2014.8.13 16:00,주간,수,1,0,0,차대사람,기타,기타,단일로,기타단일로,승용차,보행자
2014.10.25 0:00,야간,토,1,0,0,차량단독,기타,기타,고가도로위,고가도로위,승용차,0
2014.5.24 7:00,주간,토,1,0,0,차대차,기타,기타,교차로,교차로내,농기계,이륜차
2014.5.24 15:00,주간,토,1,0,0,차량단독,기타,기타,교차로,교차로부근,자전거,0
2014.5.19 20:00,야간,월,1,0,0,차대사람,횡단중,횡단중,단일로,기타단일로,승합차,보행자
2014.5.21 21:00,야간,수,1,0,0,차량단독,전도전복,전도전복,교차로,교차로부근,이륜차,0
2014.5.20 0:00,야간,화,1,0,0,차량단독,공작물충돌,공작물충돌,단일로,기타단일로,승용차,0
2014.5.22 19:00,야간,목,1,0,0,차대차,측면직각충돌,측면직각충돌,단일로,기타단일로,승용차,자전거
2014.5.30 21:00,야간,금,1,0,0,차대사람,차도통행중,차도통행중,단일로,기타단일로,승용차,보행자
2014.5.27 12:00,주간,화,1,0,0,차량단독,기타,기타,교차로,교차로내,승용차,0
2014.5.28 12:00,주간,수,1,0,0,차량단독,공작물충돌,공작물충돌,교차로,교차로내,화물차,0
2014.5.28 6:00,주간,수,1,0,1,차대차,추돌,진행중 추돌,단일로,기타단일로,승용차,농기계
2014.5.26 11:00,주간,월,1,0,0,차대차,정면충돌,정면충돌,단일로,기타단일로,화물차,원동기장치자전거
2014.6.7 7:00,주간,토,1,2,2,차대차,기타,기타,교차로,교차로내,이륜차,화물차
2014.6.3 22:00,야간,화,1,0,0,차대사람,차도통행중,차도통행중,단일로,기타단일로,승합차,보행자
2014.6.1 7:00,주간,일,1,1,0,차량단독,공작물충돌,공작물충돌,단일로,기타단일로,승용차,0
2014.6.1 5:00,야간,일,1,0,0,차대차,측면직각충돌,측면직각충돌,단일로,기타단일로,승용차,원동기장치자전거
2014.6.7 6:00,주간,토,2,0,0,차대차,기타,기타,단일로,기타단일로,화물차,농기계
2014.6.8 14:00,주간,일,1,1,1,차대차,측면직각충돌,측면직각충돌,교차로,교차로내,화물차,승용차
2014.6.8 13:00,주간,일,1,0,0,차대차,기타,기타,단일로,횡단보도상,승용차,승용차
2014.6.9 0:00,야간,월,1,0,0,차대사람,횡단중,횡단중,교차로,교차로부근,승용차,보행자
2014.6.9 2:00,야간,월,1,1,1,차량단독,기타,기타,단일로,기타단일로,이륜차,0
2014.6.8 22:00,야간,일,1,0,0,차대사람,기타,기타,교차로,교차로부근,승용차,보행자
2014.5.12 12:00,주간,월,1,0,0,차대차,기타,기타,교차로,교차로내,승합차,원동기장치자전거
2014.5.8 19:00,야간,목,1,0,0,차대사람,횡단중,횡단중,교차로,교차로내,승용차,보행자
2014.5.10 13:00,주간,토,1,0,0,차량단독,도로이탈,도로이탈 기타,단일로,기타단일로,건설기계,0
2014.5.19 10:00,주간,월,1,0,0,차대사람,횡단중,횡단중,교차로,교차로내,승합차,보행자
2014.5.18 11:00,주간,일,1,0,0,차량단독,전도전복,전도전복,단일로,기타단일로,화물차,0
2014.5.16 17:00,주간,금,1,0,0,차대사람,횡단중,횡단중,교차로,교차로부근,승합차,보행자
2014.5.16 17:00,주간,금,1,0,0,차대차,측면직각충돌,측면직각충돌,교차로,교차로부근,승용차,화물차
2014.5.16 3:00,야간,금,2,0,0,차대차,추돌,진행중 추돌,단일로,기타단일로,이륜차,원동기장치자전거
2014.5.15 0:00,야간,목,1,0,0,차대사람,기타,기타,단일로,기타단일로,화물차,보행자
2014.5.14 21:00,야간,수,1,0,0,차대차,정면충돌,정면충돌,단일로,기타단일로,승용차,화물차
2014.5.21 18:00,야간,수,1,0,0,차대차,측면직각충돌,측면직각충돌,교차로,교차로내,원동기장치자전거,승용차
2014.5.20 7:00,주간,화,1,0,0,차량단독,기타,기타,단일로,기타단일로,이륜차,0
2014.5.29 23:00,야간,목,2,3,0,차량단독,전도전복,전도전복,단일로,기타단일로,승용차,0
2014.5.29 9:00,주간,목,1,0,0,차대사람,기타,기타,단일로,기타단일로,승합차,보행자
2014.5.30 19:00,야간,금,1,2,0,차대차,측면직각충돌,측면직각충돌,교차로,교차로내,화물차,화물차
2014.5.30 19:00,야간,금,1,0,0,차대차,기타,기타,단일로,기타단일로,승용차,자전거
2014.5.30 17:00,주간,금,1,0,1,차대차,추돌,진행중 추돌,단일로,기타단일로,화물차,승용차
2014.5.30 2:00,야간,금,1,0,0,차량단독,기타,기타,단일로,기타단일로,화물차,0
2014.5.28 20:00,야간,수,1,1,0,차대차,측면직각충돌,측면직각충돌,교차로,교차로내,승합차,원동기장치자전거
2014.5.28 12:00,주간,수,1,0,0,차대차,측면직각충돌,측면직각충돌,교차로,교차로부근,이륜차,승용차
2014.5.28 23:00,야간,수,1,3,1,차량단독,공작물충돌,공작물충돌,단일로,교량위,승용차,0
2014.7.23 5:00,야간,수,1,4,0,차대차,측면직각충돌,측면직각충돌,교차로,교차로내,승합차,승용차
2014.7.21 13:00,주간,월,1,2,1,차대차,추돌,주정차중 추돌,교차로,교차로부근,승용차,승합차
2014.8.2 20:00,야간,토,1,0,0,차대차,기타,기타,단일로,기타단일로,승용차,승용차
2014.8.2 23:00,야간,토,1,1,4,차대차,추돌,주정차중 추돌,교차로,교차로부근,승용차,승용차
2014.7.31 1:00,야간,목,1,0,0,차대사람,횡단중,횡단중,단일로,기타단일로,승용차,보행자
2014.8.13 21:00,야간,수,1,0,0,차대사람,차도통행중,차도통행중,교차로,교차로부근,승용차,보행자
2014.8.12 23:00,야간,화,1,0,0,차대사람,횡단중,횡단중,교차로,교차로부근,승용차,보행자
2014.8.12 21:00,야간,화,1,0,0,차대차,측면직각충돌,측면직각충돌,교차로,교차로내,승용차,이륜차
2014.8.14 11:00,주간,목,1,0,1,차량단독,공작물충돌,공작물충돌,단일로,기타단일로,승용차,0
2014.8.14 2:00,야간,목,2,0,1,차대차,추돌,진행중 추돌,교차로,교차로내,승용차,승용차
2014.8.14 0:00,야간,목,1,0,0,차량단독,공작물충돌,공작물충돌,교차로,교차로내,화물차,0
2014.8.10 15:00,주간,일,1,0,1,차대차,기타,기타,단일로,기타단일로,승용차,농기계
2014.8.9 9:00,주간,토,1,0,0,차대차,측면직각충돌,측면직각충돌,단일로,기타단일로,승용차,자전거
2014.8.11 9:00,주간,월,1,0,0,차대사람,기타,기타,교차로,교차로내,화물차,보행자
2014.8.9 5:00,야간,토,1,0,0,차대차,정면충돌,정면충돌,교차로,교차로내,이륜차,건설기계
2014.8.10 20:00,야간,일,1,0,0,차대차,추돌,진행중 추돌,교차로,교차로부근,승용차,원동기장치자전거
2014.6.29 20:00,야간,일,1,0,0,차대차,추돌,진행중 추돌,단일로,기타단일로,승용차,농기계
2014.7.2 16:00,주간,수,1,0,0,차대차,기타,기타,교차로,교차로내,원동기장치자전거,승용차
2014.7.8 22:00,야간,화,1,0,0,차대차,추돌,진행중 추돌,단일로,기타단일로,승용차,자전거
2014.7.5 6:00,주간,토,1,0,0,차대사람,횡단중,횡단중,단일로,횡단보도상,승합차,보행자
2014.7.5 9:00,주간,토,1,0,1,차대차,기타,기타,단일로,기타단일로,특수차,승용차
2014.7.14 13:00,주간,월,1,0,0,차대차,측면직각충돌,측면직각충돌,교차로,교차로부근,이륜차,특수차
2014.7.12 10:00,주간,토,1,0,0,차대사람,기타,기타,교차로,교차로내,화물차,보행자
2014.7.11 2:00,야간,금,1,0,0,차대사람,횡단중,횡단중,단일로,횡단보도상,승용차,보행자
2014.7.10 11:00,주간,목,1,0,0,차대사람,횡단중,횡단중,단일로,기타단일로,승합차,보행자
2014.7.19 16:00,주간,토,1,0,0,차대차,측면직각충돌,측면직각충돌,교차로,교차로내,화물차,이륜차
2014.7.18 15:00,주간,금,1,0,0,차대차,기타,기타,교차로,교차로내,승용차,자전거
2014.7.18 12:00,주간,금,1,1,0,차량단독,공작물충돌,공작물충돌,교차로,교차로부근,화물차,0
2014.7.25 9:00,주간,금,1,0,0,차대사람,기타,기타,단일로,기타단일로,승용차,보행자
2014.7.27 5:00,야간,일,1,0,0,차량단독,기타,기타,고가도로위,고가도로위,자전거,0
2014.7.24 11:00,주간,목,1,1,1,차대차,측면직각충돌,측면직각충돌,단일로,기타단일로,승용차,이륜차
2014.7.31 20:00,야간,목,1,0,0,차대사람,횡단중,횡단중,단일로,기타단일로,승용차,보행자
2014.7.31 6:00,주간,목,1,0,0,차대차,측면직각충돌,측면직각충돌,단일로,기타단일로,승합차,이륜차
2014.7.31 2:00,야간,목,1,0,2,차대차,추돌,주정차중 추돌,교차로,교차로부근,승용차,화물차
2014.8.2 0:00,야간,토,1,0,0,차대차,추돌,진행중 추돌,단일로,기타단일로,승용차,원동기장치자전거
2014.7.31 20:00,야간,목,1,0,0,차대차,기타,기타,교차로,교차로부근,화물차,자전거
2014.8.1 7:00,주간,금,1,0,0,차대차,측면직각충돌,측면직각충돌,단일로,기타단일로,승용차,이륜차
2014.7.27 21:00,야간,일,1,0,0,차대차,추돌,진행중 추돌,단일로,기타단일로,승용차,자전거
2014.8.12 8:00,주간,화,1,1,0,차량단독,공작물충돌,공작물충돌,단일로,교량위,승용차,0
2014.8.12 18:00,야간,화,1,0,0,차대사람,차도통행중,차도통행중,교차로,교차로내,승용차,보행자
2014.8.11 15:00,주간,월,1,0,1,차대차,추돌,주정차중 추돌,단일로,기타단일로,화물차,화물차
2014.6.17 5:00,야간,화,1,0,0,차대차,기타,기타,단일로,기타단일로,화물차,화물차
2014.8.22 23:00,야간,금,1,0,0,차대차,추돌,진행중 추돌,단일로,기타단일로,화물차,화물차
2014.5.26 3:00,야간,월,1,0,0,차량단독,공작물충돌,공작물충돌,교차로,교차로부근,승용차,0
2014.5.28 0:00,야간,수,1,0,0,차대사람,횡단중,횡단중,단일로,기타단일로,승용차,보행자
2014.5.28 7:00,주간,수,2,2,1,차대차,측면직각충돌,측면직각충돌,교차로,교차로내,화물차,승용차
2014.5.26 20:00,야간,월,1,0,1,차대차,기타,기타,단일로,기타단일로,승용차,승용차
2014.6.3 23:00,야간,화,1,0,0,차대사람,횡단중,횡단중,단일로,기타단일로,승용차,보행자
2014.6.4 21:00,야간,수,1,1,0,차대차,추돌,진행중 추돌,교차로,교차로부근,승용차,이륜차
2014.6.3 20:00,야간,화,1,0,0,차대차,기타,기타,단일로,기타단일로,자전거,승용차
2014.6.2 2:00,야간,월,1,0,0,차대차,추돌,주정차중 추돌,단일로,기타단일로,승용차,화물차
2014.6.1 19:00,야간,일,1,0,1,차대차,측면직각충돌,측면직각충돌,단일로,기타단일로,이륜차,승용차
2014.6.2 11:00,주간,월,1,0,0,차대차,정면충돌,정면충돌,단일로,기타단일로,화물차,이륜차
2014.6.2 23:00,야간,월,1,0,0,차대사람,횡단중,횡단중,교차로,교차로부근,승용차,보행자
2014.6.12 16:00,주간,목,1,0,0,차대차,기타,기타,교차로,교차로내,원동기장치자전거,승합차
2014.6.12 2:00,야간,목,1,0,0,차량단독,공작물충돌,공작물충돌,교차로,교차로내,승용차,0
2014.6.9 7:00,주간,월,1,0,6,차대차,정면충돌,정면충돌,단일로,기타단일로,이륜차,승합차
2014.6.7 17:00,주간,토,1,2,0,차량단독,공작물충돌,공작물충돌,교차로,교차로내,승용차,0
2014.5.9 13:00,주간,금,1,0,0,차대차,기타,기타,단일로,기타단일로,원동기장치자전거,승합차
2014.5.8 21:00,야간,목,1,0,0,차대사람,기타,기타,단일로,기타단일로,승용차,보행자
2014.5.19 17:00,주간,월,1,0,0,차대차,추돌,진행중 추돌,단일로,기타단일로,원동기장치자전거,승합차
2014.5.19 13:00,주간,월,1,0,0,차대차,측면직각충돌,측면직각충돌,단일로,기타단일로,자전거,승합차
2014.5.17 17:00,주간,토,1,0,0,차량단독,공작물충돌,공작물충돌,단일로,기타단일로,원동기장치자전거,0
2014.5.16 1:00,야간,금,1,0,0,차대차,측면직각충돌,측면직각충돌,고가도로위,고가도로위,승용차,승용차
2014.5.15 17:00,주간,목,1,0,0,차대차,기타,기타,단일로,기타단일로,승용차,이륜차
2014.5.15 21:00,야간,목,1,0,0,차대차,추돌,주정차중 추돌,단일로,기타단일로,화물차,화물차
2014.5.23 19:00,야간,금,1,0,0,차대차,측면직각충돌,측면직각충돌,교차로,교차로내,승용차,원동기장치자전거
2014.5.24 17:00,주간,토,1,0,0,차량단독,전도전복,전도전복,단일로,기타단일로,이륜차,0
2014.5.21 23:00,야간,수,1,0,0,차대사람,차도통행중,차도통행중,교차로,교차로내,승용차,보행자
2014.5.21 6:00,주간,수,1,0,0,차량단독,공작물충돌,공작물충돌,단일로,기타단일로,승용차,0
2014.5.29 9:00,주간,목,1,0,0,차대사람,기타,기타,교차로,교차로부근,승용차,보행자
2014.5.30 20:00,야간,금,1,0,0,차대차,기타,기타,단일로,기타단일로,이륜차,승합차
2014.5.28 7:00,주간,수,1,0,0,차량단독,전도전복,전도전복,기타/불명,기타/불명,농기계,0
2014.5.26 17:00,주간,월,1,0,0,차량단독,공작물충돌,공작물충돌,단일로,기타단일로,승용차,0
2014.5.28 11:00,주간,수,1,0,0,차량단독,공작물충돌,공작물충돌,단일로,기타단일로,이륜차,0
2014.5.27 12:00,주간,화,1,2,1,차대차,측면직각충돌,측면직각충돌,교차로,교차로내,승용차,승용차
2014.6.4 18:00,야간,수,1,0,0,차대차,측면직각충돌,측면직각충돌,교차로,교차로내,이륜차,승용차
2014.6.5 8:00,주간,목,1,0,1,차대차,측면직각충돌,측면직각충돌,단일로,기타단일로,자전거,승용차
2014.6.3 4:00,야간,화,1,0,0,차대사람,기타,기타,단일로,기타단일로,승용차,보행자
2014.6.1 6:00,주간,일,1,1,0,차량단독,공작물충돌,공작물충돌,단일로,기타단일로,승용차,0
2014.6.2 16:00,주간,월,1,0,0,차대사람,기타,기타,단일로,기타단일로,농기계,보행자
2014.6.2 13:00,주간,월,1,1,1,차대차,정면충돌,정면충돌,단일로,기타단일로,승용차,건설기계
2014.6.4 4:00,야간,수,1,0,0,차대차,추돌,진행중 추돌,단일로,기타단일로,화물차,특수차
2014.6.2 20:00,야간,월,1,0,0,차대사람,횡단중,횡단중,단일로,기타단일로,승용차,보행자
2014.6.2 22:00,야간,월,1,0,15,차대차,측면직각충돌,측면직각충돌,교차로,교차로내,화물차,승합차
2014.8.12 1:00,야간,화,1,0,0,차대사람,횡단중,횡단중,단일로,기타단일로,승용차,보행자
2014.8.11 20:00,야간,월,1,2,0,차대차,기타,기타,단일로,기타단일로,화물차,승용차
2014.8.21 17:00,주간,목,1,0,0,차대차,측면직각충돌,측면직각충돌,단일로,교량위,이륜차,승용차
2014.8.21 2:00,야간,목,1,0,0,차대사람,횡단중,횡단중,교차로,교차로부근,승용차,보행자
2014.8.20 22:00,야간,수,1,0,0,차대차,기타,기타,교차로,교차로부근,승용차,원동기장치자전거
2014.6.30 5:00,야간,월,1,0,0,차대차,정면충돌,정면충돌,단일로,기타단일로,이륜차,화물차
2014.7.8 15:00,주간,화,1,0,0,차대사람,횡단중,횡단중,교차로,교차로내,승용차,보행자
2014.7.3 9:00,주간,목,1,0,0,차대사람,기타,기타,교차로,교차로부근,승용차,보행자
2014.7.2 23:00,야간,수,1,0,0,차대사람,기타,기타,단일로,기타단일로,승용차,보행자
2014.7.5 14:00,주간,토,1,0,0,차대차,추돌,주정차중 추돌,단일로,기타단일로,자전거,화물차
2014.7.12 21:00,야간,토,1,0,0,차대사람,횡단중,횡단중,교차로,교차로내,승용차,보행자
2014.7.13 22:00,야간,일,1,0,0,차대사람,횡단중,횡단중,단일로,기타단일로,승용차,보행자
2014.7.11 4:00,야간,금,1,0,0,차대사람,기타,기타,단일로,기타단일로,승용차,보행자
2014.7.11 6:00,주간,금,1,0,0,차대차,추돌,진행중 추돌,교차로,교차로내,화물차,이륜차
2014.7.20 0:00,야간,일,1,0,0,차대사람,횡단중,횡단중,단일로,횡단보도상,승용차,보행자
2014.7.17 16:00,주간,목,1,0,0,차량단독,전도전복,전도전복,단일로,기타단일로,원동기장치자전거,0
2014.7.15 23:00,야간,화,1,0,0,차대사람,기타,기타,단일로,기타단일로,승용차,보행자
2014.7.24 21:00,야간,목,1,0,0,차대사람,횡단중,횡단중,단일로,기타단일로,승용차,보행자
2014.7.24 21:00,야간,목,1,0,0,차대차,측면직각충돌,측면직각충돌,교차로,교차로내,원동기장치자전거,승합차
2014.7.24 17:00,주간,목,1,0,0,차량단독,기타,기타,단일로,기타단일로,이륜차,0
2014.7.25 5:00,야간,금,1,0,0,차량단독,도로이탈,도로이탈 기타,단일로,기타단일로,승용차,0
2014.7.25 1:00,야간,금,1,0,0,차대차,추돌,주정차중 추돌,단일로,기타단일로,이륜차,건설기계
2014.7.24 0:00,야간,목,1,0,0,차대사람,길가장자리구역통행중,길가장자리구역통행중,단일로,기타단일로,승용차,보행자
2014.7.24 13:00,주간,목,1,0,0,차량단독,기타,기타,단일로,기타단일로,화물차,0
2014.7.21 16:00,주간,월,1,0,0,차량단독,공작물충돌,공작물충돌,단일로,기타단일로,이륜차,0
2014.7.31 23:00,야간,목,1,0,0,차대사람,횡단중,횡단중,교차로,교차로내,승합차,보행자
2014.7.31 22:00,야간,목,1,0,0,차대사람,길가장자리구역통행중,길가장자리구역통행중,교차로,교차로부근,승용차,보행자
2014.8.1 0:00,야간,금,1,0,0,차대차,기타,기타,교차로,교차로부근,원동기장치자전거,승용차
2014.8.2 10:00,주간,토,1,0,0,차량단독,도로이탈,도로이탈 기타,단일로,기타단일로,승용차,0
2014.7.31 20:00,야간,목,1,0,0,차대차,기타,기타,단일로,기타단일로,화물차,자전거
2014.7.28 23:00,야간,월,1,0,0,차대사람,차도통행중,차도통행중,단일로,기타단일로,승용차,보행자
2014.7.30 3:00,야간,수,1,0,0,차량단독,공작물충돌,공작물충돌,단일로,기타단일로,승용차,0
2014.7.28 0:00,야간,월,1,0,0,차대사람,횡단중,횡단중,단일로,횡단보도상,승용차,보행자
2014.7.27 17:00,주간,일,1,0,0,차대사람,기타,기타,단일로,기타단일로,화물차,보행자