발생년월일시,주야,요일,사망자수,중상자수,경상자수,사고유형_대분류,사고유형_중분류,사고유형,도로형태_대분류,도로형태,당사자종별_1당_대분류,당사자종별_2당_대분류
2016.3.20 15:00,주간,일,2,0,1,차량단독,공작물충돌,공작물충돌,단일로,기타단일로,화물차,
2016.3.17 22:00,야간,목,1,0,0,차량단독,전도전복,전도전복,단일로,기타단일로,이륜차,
2016.2.26 9:00,주간,금,1,0,0,차대사람,횡단중,횡단중,교차로,교차로내,화물차,보행자
2016.3.24 1:00,야간,목,1,0,0,차대차,기타,기타,교차로,교차로내,원동기장치자전거,승용차
2016.3.23 0:00,야간,수,1,0,2,차대차,기타,기타,단일로,기타단일로,승용차,승합차
2016.3.23 19:00,야간,수,1,0,0,차대사람,길가장자리구역통행중,길가장자리구역통행중,단일로,기타단일로,승용차,보행자
2016.3.26 10:00,주간,토,1,0,0,차대사람,기타,기타,단일로,기타단일로,화물차,보행자
2016.3.27 10:00,주간,일,1,0,0,차대사람,횡단중,횡단중,기타/불명,기타/불명,승용차,보행자
2016.3.25 19:00,야간,금,1,0,0,차대사람,횡단중,횡단중,단일로,기타단일로,승용차,보행자
2016.3.30 3:00,야간,수,1,0,0,차량단독,전도전복,전도전복,단일로,기타단일로,이륜차,
2016.3.30 9:00,주간,수,1,0,0,차량단독,전도전복,전도전복,단일로,기타단일로,건설기계,
2016.3.30 11:00,주간,수,1,1,0,차대차,측면직각충돌,측면직각충돌,단일로,기타단일로,승용차,이륜차
2016.3.29 22:00,야간,화,1,0,0,차대사람,횡단중,횡단중,단일로,횡단보도상,승용차,보행자
2016.3.30 6:00,주간,수,1,0,1,차대사람,기타,기타,단일로,기타단일로,승용차,보행자
2016.3.31 12:00,주간,목,1,0,0,차대사람,길가장자리구역통행중,길가장자리구역통행중,교차로,교차로내,승용차,보행자
2016.3.31 7:00,주간,목,1,0,0,차대사람,기타,기타,단일로,기타단일로,승용차,보행자
2016.4.5 15:00,주간,화,1,0,0,차량단독,전도전복,전도전복,단일로,기타단일로,승합차,
2016.4.6 8:00,주간,수,1,0,0,차대차,측면직각충돌,측면직각충돌,단일로,기타단일로,승합차,이륜차
2016.3.10 2:00,야간,목,1,0,0,차량단독,공작물충돌,공작물충돌,단일로,기타단일로,승용차,
2016.3.9 10:00,주간,수,1,0,1,차대차,추돌,진행중 추돌,단일로,기타단일로,화물차,건설기계
2016.3.15 18:00,야간,화,1,0,0,차대차,측면직각충돌,측면직각충돌,단일로,기타단일로,승용차,이륜차
2016.3.22 21:00,야간,화,1,0,0,차대차,기타,기타,교차로,교차로부근,자전거,승용차
2016.3.25 5:00,야간,금,1,0,0,차량단독,기타,기타,단일로,기타단일로,이륜차,
2016.3.22 13:00,주간,화,1,0,1,차대차,측면직각충돌,측면직각충돌,교차로,교차로내,원동기장치자전거,승용차
2016.3.22 19:00,야간,화,1,0,0,차대사람,차도통행중,차도통행중,단일로,기타단일로,승합차,보행자
2016.3.28 16:00,주간,월,2,0,0,차량단독,전도전복,전도전복,단일로,기타단일로,이륜차,
2016.3.30 15:00,주간,수,1,0,0,차대사람,횡단중,횡단중,교차로,교차로내,화물차,보행자
2016.3.25 14:00,주간,금,1,0,0,차대차,측면직각충돌,측면직각충돌,교차로,교차로내,승용차,이륜차
2016.4.5 18:00,야간,화,1,0,1,차대차,추돌,진행중 추돌,단일로,기타단일로,이륜차,승용차
2016.4.5 11:00,주간,화,1,0,1,차대차,측면직각충돌,측면직각충돌,교차로,교차로내,승용차,승용차
2016.4.4 12:00,주간,월,1,0,0,차대사람,횡단중,횡단중,교차로,교차로내,승용차,보행자
2016.3.12 20:00,야간,토,1,0,0,차대사람,횡단중,횡단중,교차로,교차로부근,승용차,보행자
2016.3.14 23:00,야간,월,1,0,0,차대사람,횡단중,횡단중,단일로,기타단일로,승용차,보행자
2016.3.13 5:00,야간,일,1,0,0,차대사람,횡단중,횡단중,교차로,교차로부근,승용차,보행자
2016.3.17 22:00,야간,목,1,0,0,차대사람,기타,기타,단일로,기타단일로,승합차,보행자
2016.3.23 7:00,주간,수,1,0,0,차량단독,도로이탈,도로이탈 기타,기타/불명,기타/불명,승용차,
2016.3.23 23:00,야간,수,1,0,0,차대차,측면직각충돌,측면직각충돌,교차로,교차로내,자전거,승용차
2016.3.20 20:00,야간,일,1,0,0,차대사람,횡단중,횡단중,단일로,횡단보도상,승용차,보행자
2016.3.28 7:00,주간,월,1,1,7,차대차,측면직각충돌,측면직각충돌,교차로,교차로내,승용차,승합차
2016.3.27 21:00,야간,일,1,0,0,차량단독,전도전복,전도전복,교차로,교차로내,승용차,
2016.3.25 2:00,야간,금,1,1,0,차대차,측면직각충돌,측면직각충돌,교차로,교차로내,승용차,승용차
2016.3.25 22:00,야간,금,1,1,0,차대차,정면충돌,정면충돌,교차로,교차로내,이륜차,승용차
2016.4.1 1:00,야간,금,1,0,0,차대사람,횡단중,횡단중,단일로,횡단보도상,승용차,보행자
2016.3.28 19:00,야간,월,1,0,0,차대차,정면충돌,정면충돌,단일로,기타단일로,원동기장치자전거,승용차
2016.2.19 8:00,주간,금,1,0,0,차대사람,기타,기타,단일로,기타단일로,승용차,보행자
2016.3.29 6:00,주간,화,1,0,0,차량단독,전도전복,전도전복,고가도로위,고가도로위,승용차,
2016.4.6 5:00,야간,수,1,1,1,차대차,추돌,진행중 추돌,단일로,교량위,승용차,이륜차
2016.4.2 22:00,야간,토,1,0,0,차대사람,기타,기타,단일로,기타단일로,화물차,보행자
2016.3.10 5:00,야간,목,1,0,0,차대사람,기타,기타,단일로,기타단일로,승용차,보행자
2016.3.16 18:00,야간,수,1,0,0,차대사람,횡단중,횡단중,교차로,교차로부근,승용차,보행자
2016.3.15 19:00,야간,화,1,0,0,차대차,추돌,진행중 추돌,단일로,기타단일로,화물차,화물차
2016.3.15 14:00,주간,화,1,1,0,차대차,기타,기타,교차로,교차로내,화물차,승용차
2016.3.16 12:00,주간,수,1,0,0,차대차,측면직각충돌,측면직각충돌,교차로,교차로부근,이륜차,화물차
2016.3.18 0:00,야간,금,1,0,0,차대사람,횡단중,횡단중,단일로,기타단일로,이륜차,보행자
2016.3.17 23:00,야간,목,1,0,0,차대사람,기타,기타,단일로,기타단일로,승용차,보행자
2016.3.24 3:00,야간,목,1,1,0,차대차,기타,기타,단일로,기타단일로,이륜차,승용차
2016.3.28 10:00,주간,월,1,0,0,차대사람,횡단중,횡단중,단일로,횡단보도상,승용차,보행자
2016.3.28 11:00,주간,월,1,0,3,차대차,추돌,진행중 추돌,단일로,기타단일로,화물차,화물차
2016.4.3 3:00,야간,일,1,0,0,차대차,추돌,진행중 추돌,단일로,기타단일로,승용차,자전거
2016.4.3 14:00,주간,일,1,0,0,차량단독,전도전복,전도전복,단일로,기타단일로,이륜차,
2016.3.9 14:00,주간,수,1,0,0,차대차,정면충돌,정면충돌,단일로,기타단일로,건설기계,농기계
2016.3.15 14:00,주간,화,1,0,0,차량단독,전도전복,전도전복,단일로,기타단일로,화물차,
2016.3.15 21:00,야간,화,1,0,0,차대사람,기타,기타,교차로,교차로내,승용차,보행자
2016.3.15 18:00,야간,화,1,0,0,차대차,기타,기타,단일로,기타단일로,건설기계,농기계
2016.3.15 20:00,야간,화,1,1,4,차대차,정면충돌,정면충돌,단일로,기타단일로,승용차,승합차
2016.3.17 2:00,야간,목,2,1,0,차대차,기타,기타,교차로,교차로내,승용차,승용차
2016.3.28 1:00,야간,월,1,0,0,차량단독,전도전복,전도전복,단일로,기타단일로,승용차,
2016.3.25 9:00,주간,금,1,0,1,차대차,추돌,진행중 추돌,교차로,교차로내,승용차,승합차
2016.3.25 11:00,주간,금,1,1,0,차대차,정면충돌,정면충돌,단일로,기타단일로,승용차,화물차
2016.3.29 17:00,주간,화,1,0,0,차대차,측면직각충돌,측면직각충돌,교차로,교차로내,승합차,이륜차
2016.3.28 20:00,야간,월,1,1,0,차대차,추돌,진행중 추돌,단일로,기타단일로,승용차,건설기계
2016.3.28 17:00,주간,월,1,0,0,차량단독,전도전복,전도전복,단일로,기타단일로,농기계,
2016.3.28 13:00,주간,월,1,0,0,차대사람,차도통행중,차도통행중,단일로,기타단일로,화물차,보행자
2016.4.3 3:00,야간,일,2,0,0,차대차,추돌,진행중 추돌,단일로,기타단일로,승용차,화물차
2016.4.4 9:00,주간,월,1,0,0,차량단독,공작물충돌,공작물충돌,단일로,기타단일로,특수차,
2016.4.3 11:00,주간,일,1,1,0,차량단독,공작물충돌,공작물충돌,단일로,기타단일로,승용차,
2016.4.2 16:00,주간,토,1,0,0,차대차,기타,기타,교차로,교차로내,승합차,자전거
2016.3.16 17:00,주간,수,1,0,0,차량단독,전도전복,전도전복,단일로,기타단일로,이륜차,
2016.3.14 12:00,주간,월,1,0,0,차대차,측면직각충돌,측면직각충돌,교차로,교차로내,승용차,원동기장치자전거
2016.3.13 1:00,야간,일,1,0,0,차대차,추돌,진행중 추돌,단일로,기타단일로,승용차,원동기장치자전거
2016.3.13 21:00,야간,일,1,0,0,차대사람,횡단중,횡단중,단일로,기타단일로,승용차,보행자
2016.3.14 10:00,주간,월,1,0,0,차대사람,횡단중,횡단중,교차로,교차로부근,승합차,보행자
2016.3.24 14:00,주간,목,1,0,0,차대사람,횡단중,횡단중,교차로,교차로부근,화물차,보행자
2016.3.24 9:00,주간,목,1,0,0,차대차,측면직각충돌,측면직각충돌,단일로,기타단일로,이륜차,승용차
2016.3.22 20:00,야간,화,1,0,0,차대사람,차도통행중,차도통행중,단일로,기타단일로,이륜차,보행자
2016.3.22 9:00,주간,화,1,0,0,차대사람,횡단중,횡단중,단일로,기타단일로,승합차,보행자
2016.3.16 19:00,야간,수,1,0,0,차대사람,횡단중,횡단중,단일로,기타단일로,승용차,보행자
2016.4.2 4:00,야간,토,1,0,1,차대차,측면직각충돌,측면직각충돌,단일로,횡단보도상,승용차,자전거
2016.4.1 17:00,주간,금,1,0,0,차량단독,전도전복,전도전복,단일로,기타단일로,농기계,
2016.3.16 20:00,야간,수,1,0,0,차대사람,횡단중,횡단중,단일로,기타단일로,승용차,보행자
2016.3.14 11:00,주간,월,1,0,0,차대차,추돌,진행중 추돌,단일로,기타단일로,승합차,농기계
2016.3.14 11:00,주간,월,1,2,0,차대차,정면충돌,정면충돌,단일로,기타단일로,승용차,화물차
2016.3.20 12:00,주간,일,1,0,0,차량단독,공작물충돌,공작물충돌,단일로,기타단일로,승용차,
2016.3.20 1:00,야간,일,1,1,0,차량단독,공작물충돌,공작물충돌,교차로,교차로내,승용차,
2016.3.20 7:00,주간,일,1,1,0,차량단독,공작물충돌,공작물충돌,단일로,기타단일로,승용차,
2016.3.16 23:00,야간,수,1,0,0,차대사람,횡단중,횡단중,교차로,교차로내,승용차,보행자
2016.3.17 14:00,주간,목,1,3,0,차대차,정면충돌,정면충돌,단일로,기타단일로,건설기계,승용차
2016.3.17 22:00,야간,목,1,0,0,차대사람,횡단중,횡단중,단일로,기타단일로,승용차,보행자
2016.3.22 21:00,야간,화,1,0,0,차대사람,기타,기타,단일로,기타단일로,승용차,보행자
2016.3.24 1:00,야간,목,1,0,0,차량단독,공작물충돌,공작물충돌,단일로,기타단일로,승용차,
2016.3.22 8:00,주간,화,1,0,0,차대차,추돌,진행중 추돌,단일로,기타단일로,승용차,농기계
2016.3.22 6:00,주간,화,1,0,3,차대차,기타,기타,교차로,교차로내,승용차,승용차
2016.3.25 4:00,야간,금,1,1,0,차량단독,공작물충돌,공작물충돌,교차로,교차로부근,승용차,
2016.4.3 2:00,야간,일,1,0,0,차량단독,기타,기타,교차로,교차로내,승용차,
2016.4.2 16:00,주간,토,1,0,0,차량단독,기타,기타,단일로,기타단일로,원동기장치자전거,
2016.4.2 11:00,주간,토,1,0,0,차량단독,전도전복,전도전복,단일로,기타단일로,농기계,
2016.4.1 22:00,야간,금,1,0,0,차대차,추돌,진행중 추돌,교차로,교차로부근,원동기장치자전거,화물차
2016.3.10 19:00,야간,목,1,0,0,차량단독,전도전복,전도전복,단일로,기타단일로,화물차,
2016.3.14 15:00,주간,월,1,1,0,차대차,추돌,진행중 추돌,교차로,교차로내,건설기계,화물차
2016.3.18 17:00,주간,금,1,0,0,차대차,정면충돌,정면충돌,교차로,교차로내,원동기장치자전거,승합차
2016.3.23 11:00,주간,수,1,0,0,차대사람,횡단중,횡단중,교차로,교차로내,승합차,보행자
2016.3.26 17:00,주간,토,1,0,0,차대사람,횡단중,횡단중,교차로,교차로부근,화물차,보행자
2016.3.25 8:00,주간,금,1,0,0,차대차,측면직각충돌,측면직각충돌,교차로,교차로내,승용차,이륜차
2016.3.29 19:00,야간,화,1,0,0,차대사람,횡단중,횡단중,단일로,기타단일로,원동기장치자전거,보행자
2016.3.30 3:00,야간,수,1,0,3,차대차,기타,기타,단일로,기타단일로,승용차,화물차
2016.4.4 19:00,야간,월,1,0,0,차량단독,전도전복,전도전복,교차로,교차로내,화물차,
2016.4.3 15:00,주간,일,1,1,0,차대차,정면충돌,정면충돌,단일로,기타단일로,승용차,승용차
2016.4.1 18:00,야간,금,1,2,0,차대차,정면충돌,정면충돌,단일로,기타단일로,승용차,승용차
2016.4.2 21:00,야간,토,1,0,0,차대사람,횡단중,횡단중,교차로,교차로내,승용차,보행자
2016.4.2 15:00,주간,토,1,0,0,차대차,측면직각충돌,측면직각충돌,단일로,기타단일로,승용차,이륜차
2016.3.9 5:00,야간,수,1,0,0,차대차,측면직각충돌,측면직각충돌,단일로,기타단일로,건설기계,이륜차
2016.3.16 6:00,주간,수,1,0,0,차대사람,횡단중,횡단중,단일로,기타단일로,승용차,보행자
2016.3.16 13:00,주간,수,1,3,3,차대차,측면직각충돌,측면직각충돌,단일로,기타단일로,승용차,화물차
2016.3.20 2:00,야간,일,1,0,0,차량단독,전도전복,전도전복,단일로,기타단일로,건설기계,
2016.3.23 5:00,야간,수,1,0,0,차대사람,횡단중,횡단중,단일로,기타단일로,화물차,보행자
2016.3.21 19:00,야간,월,1,0,0,차대사람,횡단중,횡단중,단일로,기타단일로,승합차,보행자
2016.3.31 21:00,야간,목,1,0,0,차대차,측면직각충돌,측면직각충돌,단일로,기타단일로,이륜차,승합차
2016.4.4 9:00,주간,월,1,0,0,차대사람,횡단중,횡단중,단일로,횡단보도상,화물차,보행자
2016.3.29 12:00,주간,화,1,3,0,차대차,추돌,진행중 추돌,단일로,기타단일로,승용차,승용차
2016.7.28 5:00,야간,목,2,0,0,차량단독,전도전복,전도전복,단일로,기타단일로,원동기장치자전거,
2016.7.26 14:00,주간,화,1,0,0,차대차,정면충돌,정면충돌,단일로,기타단일로,원동기장치자전거,화물차
2016.7.27 7:00,주간,수,1,0,0,차대차,기타,기타,교차로,교차로부근,승용차,자전거
2016.7.31 10:00,주간,일,1,0,0,차대차,측면직각충돌,측면직각충돌,단일로,기타단일로,원동기장치자전거,승용차
2016.7.30 20:00,야간,토,1,0,0,차대사람,횡단중,횡단중,단일로,횡단보도부근,화물차,보행자
2016.8.3 15:00,주간,수,1,0,0,차대사람,길가장자리구역통행중,길가장자리구역통행중,단일로,기타단일로,승용차,보행자
2016.8.2 12:00,주간,화,4,1,0,차대차,추돌,진행중 추돌,교차로,교차로부근,승용차,특수차
2016.8.10 12:00,주간,수,1,0,1,차대차,추돌,진행중 추돌,단일로,기타단일로,이륜차,화물차
2016.8.9 19:00,야간,화,1,0,0,차량단독,도로이탈,도로이탈 기타,단일로,기타단일로,승용차,
2016.8.10 6:00,주간,수,1,0,0,차대차,측면직각충돌,측면직각충돌,교차로,교차로내,자전거,승용차
2016.8.7 14:00,주간,일,1,0,0,차량단독,공작물충돌,공작물충돌,단일로,기타단일로,화물차,
2016.8.13 19:00,야간,토,1,0,3,차대차,정면충돌,정면충돌,단일로,기타단일로,화물차,농기계
2016.8.11 11:00,주간,목,1,0,0,차대사람,횡단중,횡단중,교차로,교차로내,승용차,보행자
2016.8.12 0:00,야간,금,1,0,0,차대사람,횡단중,횡단중,단일로,기타단일로,승합차,보행자
2016.8.16 9:00,주간,화,1,0,0,차대차,측면직각충돌,측면직각충돌,교차로,교차로내,화물차,이륜차
2016.8.15 2:00,야간,월,1,0,0,차대차,기타,기타,교차로,교차로부근,이륜차,이륜차
2016.8.21 14:00,주간,일,1,0,0,차량단독,전도전복,전도전복,단일로,기타단일로,승용차,
2016.8.21 20:00,야간,일,1,0,0,차대사람,횡단중,횡단중,단일로,기타단일로,승용차,보행자
2016.8.20 15:00,주간,토,3,0,1,차대차,추돌,진행중 추돌,교차로,교차로부근,승용차,화물차
2016.8.18 20:00,야간,목,1,1,0,차대차,추돌,진행중 추돌,단일로,기타단일로,승용차,농기계
2016.8.22 22:00,야간,월,1,0,0,차량단독,공작물충돌,공작물충돌,단일로,기타단일로,화물차,
2016.8.23 3:00,야간,화,1,1,0,차대차,측면직각충돌,측면직각충돌,교차로,교차로내,승용차,원동기장치자전거
2016.8.26 20:00,야간,금,1,0,0,차대사람,횡단중,횡단중,교차로,교차로내,화물차,보행자
2016.8.28 0:00,야간,일,1,0,0,차대사람,차도통행중,차도통행중,단일로,기타단일로,승용차,보행자
2016.8.27 8:00,주간,토,1,0,1,차대차,정면충돌,정면충돌,단일로,기타단일로,승합차,건설기계
2016.8.26 19:00,야간,금,1,0,0,차대사람,차도통행중,차도통행중,단일로,기타단일로,승용차,보행자
2016.8.28 12:00,주간,일,1,1,0,차량단독,공작물충돌,공작물충돌,단일로,기타단일로,화물차,
2016.8.28 19:00,야간,일,1,1,0,차대차,기타,기타,단일로,기타단일로,승용차,승용차
2016.9.10 13:00,주간,토,2,0,1,차대차,정면충돌,정면충돌,단일로,기타단일로,승용차,승용차
2016.9.11 12:00,주간,일,1,0,0,차대차,정면충돌,정면충돌,단일로,기타단일로,화물차,이륜차
2016.9.13 14:00,주간,화,1,0,1,차대사람,횡단중,횡단중,단일로,기타단일로,이륜차,보행자
2016.9.8 14:00,주간,목,1,8,0,차대차,정면충돌,정면충돌,교차로,교차로내,화물차,승용차
2016.7.17 21:00,야간,일,1,0,0,차대차,추돌,진행중 추돌,단일로,기타단일로,승용차,건설기계
2016.7.19 14:00,주간,화,1,0,0,차대차,정면충돌,정면충돌,단일로,기타단일로,화물차,화물차
2016.7.23 20:00,야간,토,1,0,0,차대사람,횡단중,횡단중,교차로,교차로내,승용차,보행자
2016.7.22 16:00,주간,금,1,0,1,차대차,기타,기타,단일로,기타단일로,화물차,승용차
2016.7.28 19:00,야간,목,1,0,0,차대사람,차도통행중,차도통행중,단일로,기타단일로,화물차,보행자
2016.7.27 15:00,주간,수,1,1,0,차대차,기타,기타,교차로,교차로내,승용차,화물차
2016.7.31 14:00,주간,일,1,0,0,차대차,측면직각충돌,측면직각충돌,교차로,교차로내,이륜차,화물차
2016.7.31 14:00,주간,일,1,0,0,차대차,측면직각충돌,측면직각충돌,단일로,기타단일로,승용차,화물차
2016.7.30 20:00,야간,토,1,0,0,차대사람,횡단중,횡단중,단일로,기타단일로,승용차,보행자
2016.3.28 10:00,주간,월,1,0,0,차대사람,차도통행중,차도통행중,교차로,교차로내,승용차,보행자
2016.4.2 4:00,야간,토,1,0,0,차대사람,기타,기타,단일로,기타단일로,승용차,보행자
2016.4.2 17:00,주간,토,1,0,0,차량단독,기타,기타,단일로,기타단일로,이륜차,
2016.4.7 16:00,주간,목,1,0,0,차량단독,전도전복,전도전복,단일로,기타단일로,승용차,
2016.3.8 20:00,야간,화,1,0,0,차대사람,횡단중,횡단중,단일로,기타단일로,승용차,보행자
2016.3.16 5:00,야간,수,1,0,0,차대사람,횡단중,횡단중,교차로,교차로부근,승용차,보행자
2016.3.16 18:00,야간,수,1,0,0,차대차,측면직각충돌,측면직각충돌,교차로,교차로내,화물차,자전거
2016.3.15 12:00,주간,화,1,0,0,차대차,추돌,진행중 추돌,단일로,기타단일로,화물차,화물차
2016.3.15 20:00,야간,화,1,0,0,차대차,추돌,진행중 추돌,단일로,기타단일로,승용차,승용차
2016.3.21 3:00,야간,월,1,0,1,차대차,기타,기타,교차로,교차로내,이륜차,승용차
2016.3.18 2:00,야간,금,1,2,0,차량단독,전도전복,전도전복,단일로,기타단일로,승용차,
2016.3.18 20:00,야간,금,1,0,0,차대사람,횡단중,횡단중,단일로,기타단일로,승용차,보행자
2016.3.18 3:00,야간,금,1,0,0,차대사람,횡단중,횡단중,단일로,기타단일로,승용차,보행자
2016.3.18 10:00,주간,금,1,0,0,차대차,정면충돌,정면충돌,교차로,교차로내,승용차,이륜차
2016.3.23 23:00,야간,수,1,0,0,차대사람,횡단중,횡단중,교차로,교차로부근,승용차,보행자
2016.3.23 21:00,야간,수,1,0,1,차대차,측면직각충돌,측면직각충돌,단일로,기타단일로,승용차,승용차
2016.3.22 9:00,주간,화,1,0,0,차대차,측면직각충돌,측면직각충돌,교차로,교차로부근,건설기계,이륜차
2016.3.21 19:00,야간,월,1,0,0,차대차,측면직각충돌,측면직각충돌,단일로,횡단보도부근,자전거,승용차
2016.3.27 4:00,야간,일,1,0,0,차량단독,기타,기타,고가도로위,고가도로위,승용차,
2016.4.3 1:00,야간,일,1,0,0,차량단독,전도전복,전도전복,단일로,기타단일로,이륜차,
2016.4.2 15:00,주간,토,1,4,0,차대차,추돌,진행중 추돌,단일로,기타단일로,화물차,화물차
2016.4.1 19:00,야간,금,1,0,0,차대사람,횡단중,횡단중,단일로,횡단보도부근,승용차,보행자
2016.4.7 0:00,야간,목,1,0,0,차대사람,횡단중,횡단중,교차로,교차로내,승용차,보행자
2016.3.11 7:00,주간,금,1,4,0,차대차,정면충돌,정면충돌,단일로,기타단일로,승용차,화물차
2016.3.19 3:00,야간,토,1,0,0,차대사람,횡단중,횡단중,단일로,횡단보도상,승용차,보행자
2016.3.22 5:00,야간,화,1,0,0,차대사람,횡단중,횡단중,단일로,횡단보도상,승용차,보행자
2016.3.22 6:00,주간,화,1,0,0,차대차,측면직각충돌,측면직각충돌,단일로,기타단일로,승용차,원동기장치자전거
2016.3.25 6:00,주간,금,1,0,0,차대사람,횡단중,횡단중,단일로,기타단일로,승용차,보행자
2016.4.6 22:00,야간,수,1,0,0,차대차,정면충돌,정면충돌,교차로,교차로내,이륜차,승용차
2016.4.8 12:00,주간,금,1,0,0,차량단독,도로이탈,도로이탈 추락,단일로,기타단일로,화물차,
2016.3.11 6:00,주간,금,1,0,0,차대차,측면직각충돌,측면직각충돌,단일로,기타단일로,화물차,승용차
2016.3.19 5:00,야간,토,1,0,0,차대사람,차도통행중,차도통행중,단일로,횡단보도상,승용차,보행자
2016.3.20 1:00,야간,일,1,1,0,차량단독,전도전복,전도전복,단일로,기타단일로,승용차,
2016.3.24 9:00,주간,목,1,0,0,차량단독,전도전복,전도전복,단일로,기타단일로,건설기계,
2016.3.28 19:00,야간,월,1,0,1,차대차,측면직각충돌,측면직각충돌,교차로,교차로내,화물차,화물차
2016.3.26 23:00,야간,토,1,0,0,차대차,추돌,진행중 추돌,단일로,기타단일로,승용차,화물차
2016.3.28 20:00,야간,월,1,1,0,차대사람,횡단중,횡단중,교차로,교차로내,원동기장치자전거,보행자
2016.3.26 12:00,주간,토,1,0,0,차대차,추돌,진행중 추돌,단일로,기타단일로,승용차,이륜차
2016.3.26 5:00,야간,토,1,0,0,차대차,측면직각충돌,측면직각충돌,교차로,교차로부근,승용차,농기계
2016.4.7 19:00,야간,목,1,0,0,차대차,측면직각충돌,측면직각충돌,교차로,교차로부근,이륜차,승용차
2016.4.6 23:00,야간,수,1,0,0,차대사람,차도통행중,차도통행중,단일로,기타단일로,승합차,보행자
2016.4.8 10:00,주간,금,1,0,0,차대사람,횡단중,횡단중,단일로,횡단보도상,화물차,보행자
2016.4.4 1:00,야간,월,1,0,0,차대차,추돌,진행중 추돌,단일로,기타단일로,승용차,원동기장치자전거
2016.7.7 13:00,주간,목,1,0,0,차대사람,횡단중,횡단중,단일로,기타단일로,건설기계,보행자
2016.7.8 1:00,야간,금,1,0,0,차대사람,길가장자리구역통행중,길가장자리구역통행중,단일로,기타단일로,승용차,보행자
2016.7.17 7:00,주간,일,1,0,0,차량단독,전도전복,전도전복,단일로,기타단일로,이륜차,
2016.7.14 19:00,야간,목,1,2,0,차량단독,전도전복,전도전복,단일로,기타단일로,화물차,
2016.7.15 8:00,주간,금,1,2,0,차량단독,공작물충돌,공작물충돌,교차로,교차로내,승합차,
2016.6.9 11:00,주간,목,1,0,0,차대사람,횡단중,횡단중,교차로,교차로내,화물차,보행자
2016.6.6 17:00,주간,월,1,1,0,차대차,측면직각충돌,측면직각충돌,교차로,교차로내,승용차,승용차
2016.6.11 10:00,주간,토,2,2,0,차대차,측면직각충돌,측면직각충돌,단일로,기타단일로,승용차,승용차
2016.6.10 0:00,야간,금,1,1,1,차대차,추돌,진행중 추돌,교차로,교차로내,승용차,승용차
2016.6.10 9:00,주간,금,1,0,0,차량단독,전도전복,전도전복,단일로,기타단일로,승용차,
2016.6.21 0:00,야간,화,1,0,0,차대차,추돌,진행중 추돌,교차로,교차로부근,화물차,승합차
2016.6.18 10:00,주간,토,1,0,0,차대사람,횡단중,횡단중,단일로,기타단일로,승용차,보행자
2016.6.23 20:00,야간,목,1,2,0,차대차,추돌,진행중 추돌,단일로,기타단일로,승용차,농기계
2016.6.23 22:00,야간,목,1,2,2,차대차,기타,기타,단일로,기타단일로,승용차,자전거
2016.6.21 16:00,주간,화,1,0,0,차량단독,전도전복,전도전복,단일로,기타단일로,농기계,
2016.6.20 23:00,야간,월,1,0,0,차대사람,보도통행중,보도통행중,기타/불명,기타/불명,승용차,보행자
2016.6.21 22:00,야간,화,1,0,0,차대사람,횡단중,횡단중,교차로,교차로내,승용차,보행자
2016.6.22 13:00,주간,수,1,0,0,차대사람,횡단중,횡단중,교차로,교차로내,승용차,보행자
2016.6.27 2:00,야간,월,2,0,0,차대사람,기타,기타,단일로,기타단일로,화물차,보행자
2016.6.25 16:00,주간,토,1,0,0,차대차,측면직각충돌,측면직각충돌,교차로,교차로내,화물차,이륜차
2016.6.26 3:00,야간,일,1,0,0,차량단독,공작물충돌,공작물충돌,교차로,교차로부근,승용차,
2016.7.1 17:00,주간,금,1,0,0,차대사람,횡단중,횡단중,단일로,기타단일로,승용차,보행자
2016.7.1 16:00,주간,금,1,1,0,차량단독,전도전복,전도전복,단일로,기타단일로,승용차,
2016.7.2 1:00,야간,토,1,0,0,차대사람,횡단중,횡단중,단일로,기타단일로,승용차,보행자
2016.6.30 18:00,야간,목,1,0,0,차대차,정면충돌,정면충돌,교차로,교차로내,승용차,원동기장치자전거
2016.7.5 12:00,주간,화,1,0,0,차대사람,횡단중,횡단중,교차로,교차로부근,화물차,보행자
2016.7.5 20:00,야간,화,1,0,0,차대사람,횡단중,횡단중,단일로,기타단일로,화물차,보행자
2016.7.2 15:00,주간,토,1,1,0,차대차,정면충돌,정면충돌,단일로,기타단일로,승용차,승용차
2016.7.2 16:00,주간,토,1,0,2,차대차,측면직각충돌,측면직각충돌,교차로,교차로부근,승용차,승용차
2016.7.7 23:00,야간,목,1,0,0,차대사람,차도통행중,차도통행중,단일로,기타단일로,승용차,보행자
2016.7.6 18:00,야간,수,1,0,0,차대사람,길가장자리구역통행중,길가장자리구역통행중,단일로,기타단일로,승용차,보행자
2016.7.15 8:00,주간,금,1,0,0,차대차,측면직각충돌,측면직각충돌,단일로,기타단일로,승합차,이륜차
2016.6.24 11:00,주간,금,1,1,1,차대차,기타,기타,단일로,기타단일로,승용차,승용차
2016.7.15 13:00,주간,금,1,0,1,차대차,추돌,진행중 추돌,단일로,기타단일로,화물차,화물차
2016.7.13 20:00,야간,수,1,0,0,차대사람,기타,기타,교차로,교차로부근,승용차,보행자
2016.7.14 10:00,주간,목,1,2,1,차대차,추돌,진행중 추돌,단일로,기타단일로,승용차,승용차
2016.6.9 10:00,주간,목,1,0,0,차량단독,전도전복,전도전복,교차로,교차로부근,이륜차,
2016.6.5 5:00,야간,일,1,0,0,차량단독,전도전복,전도전복,단일로,기타단일로,승용차,