발생년월일시,주야,요일,사망자수,중상자수,경상자수,사고유형_대분류,사고유형_중분류,사고유형,도로형태_대분류,도로형태,당사자종별_1당_대분류,당사자종별_2당_대분류
2016.5.20 15:00,주간,금,1,0,0,차량단독,전도전복,전도전복,단일로,기타단일로,이륜차,
2016.5.20 10:00,주간,금,1,0,0,차대사람,횡단중,횡단중,단일로,기타단일로,화물차,보행자
2016.5.23 10:00,주간,월,1,0,0,차대사람,횡단중,횡단중,교차로,교차로내,승용차,보행자
2016.5.28 22:00,야간,토,1,0,0,차대차,정면충돌,정면충돌,교차로,교차로내,승용차,원동기장치자전거
2016.5.28 13:00,주간,토,1,0,1,차대사람,기타,기타,단일로,기타단일로,승용차,보행자
2016.6.24 22:00,야간,금,1,0,0,차대사람,횡단중,횡단중,단일로,기타단일로,승용차,보행자
2016.7.2 17:00,주간,토,1,0,0,차량단독,전도전복,전도전복,단일로,기타단일로,화물차,
2016.7.3 2:00,야간,일,1,0,0,차대차,추돌,진행중 추돌,교차로,교차로내,이륜차,승용차
2016.7.5 2:00,야간,화,1,0,0,차대사람,횡단중,횡단중,단일로,기타단일로,승용차,보행자
2016.7.8 22:00,야간,금,1,0,0,차대차,측면직각충돌,측면직각충돌,교차로,교차로내,승용차,이륜차
2016.7.13 18:00,야간,수,1,0,0,차대차,정면충돌,정면충돌,단일로,기타단일로,승용차,원동기장치자전거
2016.7.13 3:00,야간,수,1,0,0,차대사람,기타,기타,교차로,교차로내,승용차,보행자
2016.7.13 1:00,야간,수,1,0,0,차대사람,횡단중,횡단중,단일로,기타단일로,승용차,보행자
2016.7.14 8:00,주간,목,1,0,0,차대차,측면직각충돌,측면직각충돌,교차로,교차로내,화물차,승용차
2016.7.13 19:00,야간,수,1,0,0,차대사람,횡단중,횡단중,교차로,교차로내,승합차,보행자
2016.7.13 8:00,주간,수,1,0,0,차대사람,횡단중,횡단중,교차로,교차로내,화물차,보행자
2016.7.11 9:00,주간,월,1,1,0,차대차,추돌,진행중 추돌,단일로,기타단일로,승용차,이륜차
2016.7.11 17:00,주간,월,1,0,0,차대차,측면직각충돌,측면직각충돌,교차로,교차로내,자전거,승용차
2016.7.1 17:00,주간,금,1,0,0,차량단독,기타,기타,교차로,교차로내,화물차,
2016.6.29 22:00,야간,수,1,0,0,차대차,추돌,진행중 추돌,단일로,기타단일로,원동기장치자전거,승합차
2016.6.8 12:00,주간,수,1,0,0,차대차,측면직각충돌,측면직각충돌,교차로,교차로내,화물차,원동기장치자전거
2016.6.13 13:00,주간,월,1,0,0,차대차,측면직각충돌,측면직각충돌,교차로,교차로내,이륜차,승합차
2016.6.10 14:00,주간,금,1,0,0,차대사람,차도통행중,차도통행중,교차로,교차로내,승용차,보행자
2016.6.10 11:00,주간,금,1,0,1,차대차,정면충돌,정면충돌,단일로,기타단일로,승용차,화물차
2016.6.10 16:00,주간,금,1,0,0,차대차,정면충돌,정면충돌,교차로,교차로내,화물차,이륜차
2016.6.10 13:00,주간,금,1,0,0,차대차,정면충돌,정면충돌,단일로,기타단일로,화물차,승용차
2016.6.17 7:00,주간,금,1,0,0,차량단독,도로이탈,도로이탈 추락,단일로,기타단일로,승용차,
2016.6.15 23:00,야간,수,1,0,0,차대사람,기타,기타,단일로,기타단일로,승용차,보행자
2016.6.16 8:00,주간,목,1,0,0,차대차,추돌,진행중 추돌,단일로,기타단일로,화물차,이륜차
2016.6.19 14:00,주간,일,1,0,0,차대사람,횡단중,횡단중,교차로,교차로내,승용차,보행자
2016.6.20 20:00,야간,월,1,0,0,차대사람,횡단중,횡단중,단일로,기타단일로,화물차,보행자
2016.6.28 15:00,주간,화,1,0,0,차대차,측면직각충돌,측면직각충돌,교차로,교차로부근,화물차,자전거
2016.6.27 8:00,주간,월,1,0,0,차대차,측면직각충돌,측면직각충돌,단일로,기타단일로,원동기장치자전거,화물차
2016.6.26 19:00,야간,일,1,0,1,차대차,측면직각충돌,측면직각충돌,단일로,기타단일로,승용차,이륜차
2016.6.28 20:00,야간,화,1,0,0,차대사람,차도통행중,차도통행중,단일로,기타단일로,승용차,보행자
2016.6.24 21:00,야간,금,1,0,0,차대사람,횡단중,횡단중,단일로,기타단일로,화물차,보행자
2016.7.1 12:00,주간,금,1,0,0,차대사람,횡단중,횡단중,교차로,교차로부근,승합차,보행자
2016.7.3 23:00,야간,일,1,0,0,차대사람,횡단중,횡단중,단일로,기타단일로,승용차,보행자
2016.7.8 18:00,야간,금,1,0,0,차대차,측면직각충돌,측면직각충돌,단일로,기타단일로,승용차,이륜차
2016.7.11 22:00,야간,월,1,0,0,차대차,측면직각충돌,측면직각충돌,교차로,교차로내,승용차,이륜차
2016.7.11 12:00,주간,월,1,0,0,차대사람,횡단중,횡단중,교차로,교차로부근,화물차,보행자
2016.7.11 19:00,야간,월,1,0,0,차량단독,전도전복,전도전복,교차로,교차로부근,이륜차,
2016.7.11 14:00,주간,월,1,0,0,차량단독,전도전복,전도전복,단일로,기타단일로,원동기장치자전거,
2016.7.11 13:00,주간,월,1,0,0,차대차,측면직각충돌,측면직각충돌,교차로,교차로내,이륜차,승용차
2016.7.11 4:00,야간,월,1,0,0,차량단독,도로이탈,도로이탈 기타,단일로,기타단일로,자전거,
2016.7.11 0:00,야간,월,1,1,0,차대차,측면직각충돌,측면직각충돌,단일로,기타단일로,이륜차,이륜차
2016.7.17 12:00,주간,일,1,0,0,차량단독,전도전복,전도전복,단일로,기타단일로,이륜차,
2016.9.11 17:00,주간,일,1,0,0,차대차,측면직각충돌,측면직각충돌,교차로,교차로내,승용차,원동기장치자전거
2016.9.11 8:00,주간,일,1,0,0,차대차,측면직각충돌,측면직각충돌,단일로,기타단일로,승용차,자전거
2016.9.12 22:00,야간,월,1,0,0,차대사람,차도통행중,차도통행중,단일로,기타단일로,승용차,보행자
2016.9.8 12:00,주간,목,1,1,0,차대차,기타,기타,교차로,교차로부근,이륜차,승용차
2016.9.11 1:00,야간,일,1,0,0,차대사람,횡단중,횡단중,교차로,교차로부근,승용차,보행자
2016.9.12 16:00,주간,월,1,0,0,차량단독,전도전복,전도전복,단일로,기타단일로,이륜차,
2016.9.7 3:00,야간,수,1,0,0,차대사람,기타,기타,단일로,기타단일로,화물차,보행자
2016.9.7 8:00,주간,수,1,0,0,차대사람,보도통행중,보도통행중,교차로,교차로내,화물차,보행자
2016.7.23 13:00,주간,토,1,0,0,차대차,측면직각충돌,측면직각충돌,단일로,기타단일로,승용차,원동기장치자전거
2016.7.22 17:00,주간,금,1,0,0,차량단독,기타,기타,단일로,기타단일로,자전거,
2016.7.23 10:00,주간,토,1,0,0,차대차,측면직각충돌,측면직각충돌,단일로,기타단일로,화물차,자전거
2016.7.23 11:00,주간,토,1,0,0,차대차,정면충돌,정면충돌,단일로,기타단일로,이륜차,승용차
2016.7.27 6:00,주간,수,1,0,0,차량단독,공작물충돌,공작물충돌,단일로,기타단일로,이륜차,
2016.7.27 8:00,주간,수,1,0,0,차대차,기타,기타,교차로,교차로부근,건설기계,화물차
2016.7.27 10:00,주간,수,1,0,0,차대차,기타,기타,단일로,기타단일로,원동기장치자전거,화물차
2016.8.4 0:00,야간,목,1,0,0,차량단독,전도전복,전도전복,단일로,기타단일로,승용차,
2016.8.3 23:00,야간,수,1,0,0,차량단독,전도전복,전도전복,단일로,기타단일로,원동기장치자전거,
2016.8.4 17:00,주간,목,1,0,0,차대차,측면직각충돌,측면직각충돌,교차로,교차로부근,자전거,승용차
2016.8.4 11:00,주간,목,1,0,0,차대차,추돌,진행중 추돌,단일로,기타단일로,화물차,화물차
2016.8.8 15:00,주간,월,1,0,0,차대사람,차도통행중,차도통행중,단일로,기타단일로,승용차,보행자
2016.8.13 6:00,주간,토,1,0,0,차량단독,전도전복,전도전복,교차로,교차로부근,승용차,
2016.8.14 16:00,주간,일,1,0,0,차량단독,공작물충돌,공작물충돌,교차로,교차로부근,화물차,
2016.8.11 0:00,야간,목,1,0,0,차대사람,횡단중,횡단중,교차로,교차로내,승용차,보행자
2016.8.12 20:00,야간,금,1,1,0,차대차,기타,기타,단일로,기타단일로,승용차,승용차
2016.8.11 22:00,야간,목,1,0,0,차대차,측면직각충돌,측면직각충돌,단일로,기타단일로,승용차,승용차
2016.8.16 15:00,주간,화,1,0,0,차대사람,횡단중,횡단중,단일로,횡단보도상,화물차,보행자
2016.8.21 21:00,야간,일,1,0,0,차량단독,전도전복,전도전복,단일로,기타단일로,이륜차,
2016.8.20 2:00,야간,토,1,0,0,차량단독,전도전복,전도전복,단일로,기타단일로,이륜차,
2016.8.24 14:00,주간,수,1,0,0,차대차,측면직각충돌,측면직각충돌,단일로,기타단일로,승합차,이륜차
2016.8.25 16:00,주간,목,1,0,0,차대사람,횡단중,횡단중,단일로,기타단일로,승용차,보행자
2016.8.29 6:00,주간,월,1,1,1,차대차,측면직각충돌,측면직각충돌,교차로,교차로내,화물차,건설기계
2016.9.13 9:00,주간,화,1,0,0,차대사람,횡단중,횡단중,기타/불명,기타/불명,승용차,보행자
2016.9.6 15:00,주간,화,1,0,5,차대차,측면직각충돌,측면직각충돌,단일로,기타단일로,승용차,승합차
2016.9.10 13:00,주간,토,1,1,0,차대차,측면직각충돌,측면직각충돌,단일로,기타단일로,화물차,화물차
2016.9.7 14:00,주간,수,1,0,0,차대차,측면직각충돌,측면직각충돌,교차로,교차로내,이륜차,승용차
2016.9.9 17:00,주간,금,1,0,0,차대차,추돌,진행중 추돌,단일로,기타단일로,화물차,건설기계
2016.9.9 8:00,주간,금,1,0,2,차대차,측면직각충돌,측면직각충돌,교차로,교차로내,승용차,승용차
2016.7.25 18:00,야간,월,2,0,0,차량단독,전도전복,전도전복,단일로,기타단일로,농기계,
2016.7.23 21:00,야간,토,1,1,2,차대차,정면충돌,정면충돌,단일로,기타단일로,승용차,승용차
2016.7.22 11:00,주간,금,1,0,0,차량단독,공작물충돌,공작물충돌,단일로,기타단일로,승용차,
2016.7.22 1:00,야간,금,1,0,0,차대사람,횡단중,횡단중,단일로,교량위,승용차,보행자
2016.7.28 7:00,주간,목,1,1,0,차대차,측면직각충돌,측면직각충돌,교차로,교차로내,이륜차,승합차
2016.7.29 14:00,주간,금,1,0,0,차대사람,횡단중,횡단중,교차로,교차로내,승용차,보행자
2016.4.8 20:00,야간,금,1,0,0,차대사람,횡단중,횡단중,단일로,기타단일로,승용차,보행자
2016.4.15 4:00,야간,금,1,0,0,차량단독,공작물충돌,공작물충돌,단일로,기타단일로,이륜차,
2016.4.14 22:00,야간,목,1,0,0,차대사람,횡단중,횡단중,단일로,기타단일로,승용차,보행자
2016.4.13 19:00,야간,수,1,0,0,차대사람,횡단중,횡단중,단일로,기타단일로,화물차,보행자
2016.4.14 1:00,야간,목,1,0,0,차대차,기타,기타,단일로,기타단일로,이륜차,화물차
2016.4.12 9:00,주간,화,1,0,0,차대사람,횡단중,횡단중,단일로,기타단일로,화물차,보행자
2016.4.15 21:00,야간,금,1,0,0,차대사람,횡단중,횡단중,단일로,기타단일로,승용차,보행자
2016.4.16 15:00,주간,토,1,1,0,차대차,정면충돌,정면충돌,단일로,기타단일로,화물차,승용차
2016.4.22 6:00,주간,금,1,0,0,차량단독,전도전복,전도전복,단일로,기타단일로,이륜차,
2016.4.21 13:00,주간,목,1,1,0,차대차,정면충돌,정면충돌,단일로,기타단일로,승용차,화물차
2016.4.22 8:00,주간,금,1,2,1,차대차,정면충돌,정면충돌,단일로,기타단일로,화물차,화물차
2016.8.22 16:00,주간,월,2,1,0,차대차,정면충돌,정면충돌,단일로,기타단일로,승용차,특수차
2016.4.19 19:00,야간,화,1,1,1,차대사람,횡단중,횡단중,단일로,기타단일로,승용차,보행자
2016.4.30 4:00,야간,토,1,2,2,차량단독,전도전복,전도전복,단일로,기타단일로,화물차,
2016.4.28 14:00,주간,목,1,0,0,차대차,기타,기타,교차로,교차로내,화물차,자전거
2016.4.27 20:00,야간,수,1,0,0,차대사람,횡단중,횡단중,단일로,기타단일로,승용차,보행자
2016.5.1 2:00,야간,일,1,0,0,차대사람,기타,기타,단일로,기타단일로,승용차,보행자
2016.4.6 21:00,야간,수,1,0,0,차대사람,횡단중,횡단중,단일로,기타단일로,승용차,보행자
2016.4.6 10:00,주간,수,1,0,0,차량단독,기타,기타,단일로,기타단일로,자전거,
2016.4.4 20:00,야간,월,1,0,0,차대사람,차도통행중,차도통행중,단일로,기타단일로,화물차,보행자
2016.4.6 20:00,야간,수,1,0,0,차대차,측면직각충돌,측면직각충돌,교차로,교차로내,승용차,이륜차
2016.4.9 21:00,야간,토,1,0,0,차량단독,전도전복,전도전복,단일로,기타단일로,이륜차,
2016.4.9 17:00,주간,토,1,0,0,차대사람,횡단중,횡단중,교차로,교차로내,승용차,보행자
2016.4.14 10:00,주간,목,1,0,0,차대사람,길가장자리구역통행중,길가장자리구역통행중,단일로,기타단일로,화물차,보행자
2016.4.15 13:00,주간,금,1,0,0,차대차,추돌,진행중 추돌,단일로,기타단일로,화물차,이륜차
2016.4.13 5:00,야간,수,1,0,1,차대차,측면직각충돌,측면직각충돌,교차로,교차로내,이륜차,승용차
2016.4.13 8:00,주간,수,1,0,1,차대차,정면충돌,정면충돌,교차로,교차로내,승용차,원동기장치자전거
2016.4.17 15:00,주간,일,1,0,0,차대사람,횡단중,횡단중,단일로,기타단일로,승용차,보행자
2016.4.18 8:00,주간,월,1,0,0,차대차,측면직각충돌,측면직각충돌,교차로,교차로내,화물차,자전거
2016.4.16 22:00,야간,토,1,0,0,차량단독,전도전복,전도전복,단일로,기타단일로,원동기장치자전거,
2016.4.19 18:00,야간,화,1,0,1,차대차,측면직각충돌,측면직각충돌,교차로,교차로내,승용차,승용차
2016.4.20 18:00,야간,수,1,0,0,차량단독,전도전복,전도전복,단일로,기타단일로,원동기장치자전거,
2016.4.21 3:00,야간,목,1,0,0,차대차,정면충돌,정면충돌,단일로,기타단일로,자전거,화물차
2016.4.26 9:00,주간,화,1,0,0,차량단독,도로이탈,도로이탈 기타,단일로,기타단일로,농기계,
2016.4.27 4:00,야간,수,1,0,0,차량단독,공작물충돌,공작물충돌,단일로,기타단일로,승용차,
2016.5.2 20:00,야간,월,1,0,0,차대사람,기타,기타,단일로,기타단일로,화물차,보행자
2016.5.2 12:00,주간,월,1,0,0,차대사람,기타,기타,교차로,교차로내,승용차,보행자
2016.5.1 19:00,야간,일,1,0,0,차대사람,횡단중,횡단중,교차로,교차로내,승용차,보행자
2016.4.30 4:00,야간,토,1,0,0,차대사람,횡단중,횡단중,교차로,교차로내,화물차,보행자
2016.4.11 19:00,야간,월,1,0,0,차대차,추돌,진행중 추돌,단일로,교량위,승용차,자전거
2016.4.10 19:00,야간,일,1,0,0,차대사람,횡단중,횡단중,교차로,교차로부근,승용차,보행자
2016.4.10 0:00,야간,일,1,0,0,차대사람,기타,기타,단일로,기타단일로,승용차,보행자
2016.4.9 5:00,야간,토,1,0,0,차대사람,횡단중,횡단중,단일로,기타단일로,승용차,보행자
2016.6.5 13:00,주간,일,1,0,0,차대차,측면직각충돌,측면직각충돌,단일로,기타단일로,이륜차,화물차
2016.6.3 19:00,야간,금,1,0,0,차대차,측면직각충돌,측면직각충돌,교차로,교차로내,원동기장치자전거,승용차
2016.5.13 20:00,야간,금,1,0,0,차대사람,횡단중,횡단중,교차로,교차로부근,승용차,보행자
2016.5.14 2:00,야간,토,1,0,1,차대사람,차도통행중,차도통행중,단일로,기타단일로,승용차,보행자
2016.5.12 9:00,주간,목,1,0,0,차대사람,보도통행중,보도통행중,교차로,교차로내,승용차,보행자
2016.5.18 10:00,주간,수,1,0,0,차대사람,차도통행중,차도통행중,단일로,기타단일로,특수차,보행자
2016.5.18 10:00,주간,수,1,1,0,차대차,측면직각충돌,측면직각충돌,교차로,교차로내,화물차,이륜차
2016.5.16 11:00,주간,월,1,0,0,차대사람,기타,기타,기타/불명,기타/불명,승용차,보행자
2016.5.19 23:00,야간,목,1,0,0,차대차,추돌,진행중 추돌,단일로,기타단일로,승용차,자전거
2016.5.23 14:00,주간,월,1,1,0,차대차,정면충돌,정면충돌,단일로,기타단일로,화물차,승용차
2016.5.28 0:00,야간,토,1,0,0,차대사람,길가장자리구역통행중,길가장자리구역통행중,단일로,기타단일로,승합차,보행자
2016.5.28 20:00,야간,토,1,1,0,차대차,추돌,진행중 추돌,단일로,기타단일로,승용차,농기계
2016.5.27 22:00,야간,금,1,0,0,차대사람,횡단중,횡단중,교차로,교차로부근,승용차,보행자
2016.6.5 14:00,주간,일,1,3,0,차량단독,공작물충돌,공작물충돌,교차로,교차로내,승용차,
2016.6.3 8:00,주간,금,1,0,0,차대차,정면충돌,정면충돌,교차로,교차로내,승용차,이륜차
2016.6.1 16:00,주간,수,1,3,1,차대차,정면충돌,정면충돌,교차로,교차로내,승용차,승용차
2016.6.1 4:00,야간,수,1,0,0,차대사람,횡단중,횡단중,단일로,횡단보도상,화물차,보행자
2016.5.6 1:00,야간,금,1,0,0,차량단독,전도전복,전도전복,단일로,기타단일로,이륜차,
2016.5.5 1:00,야간,목,1,1,1,차대사람,횡단중,횡단중,단일로,기타단일로,이륜차,보행자
2016.5.5 13:00,주간,목,1,0,0,차대차,정면충돌,정면충돌,교차로,교차로내,자전거,화물차
2016.5.3 21:00,야간,화,1,0,0,차대사람,기타,기타,단일로,기타단일로,화물차,보행자
2016.5.10 7:00,주간,화,1,0,0,차대차,측면직각충돌,측면직각충돌,교차로,교차로부근,화물차,화물차
2016.5.10 5:00,야간,화,1,0,0,차대차,측면직각충돌,측면직각충돌,교차로,교차로내,승용차,자전거
2016.5.10 13:00,주간,화,1,0,0,차량단독,도로이탈,도로이탈 추락,단일로,기타단일로,승용차,
2016.5.7 2:00,야간,토,1,0,0,차대차,측면직각충돌,측면직각충돌,교차로,교차로내,승용차,원동기장치자전거
2016.5.7 5:00,야간,토,1,0,0,차대사람,횡단중,횡단중,단일로,기타단일로,승용차,보행자
2016.5.14 11:00,주간,토,1,0,0,차대차,측면직각충돌,측면직각충돌,단일로,기타단일로,화물차,이륜차
2016.5.12 15:00,주간,목,1,0,0,차량단독,기타,기타,기타/불명,기타/불명,원동기장치자전거,
2016.5.11 17:00,주간,수,1,0,1,차대차,정면충돌,정면충돌,단일로,기타단일로,자전거,자전거
2016.5.11 14:00,주간,수,1,0,0,차대차,정면충돌,정면충돌,교차로,교차로내,승용차,이륜차
2016.5.17 11:00,주간,화,1,0,0,차대차,추돌,진행중 추돌,단일로,기타단일로,화물차,이륜차
2016.5.17 11:00,주간,화,1,0,0,차량단독,전도전복,전도전복,기타/불명,기타/불명,이륜차,
2016.5.16 8:00,주간,월,1,0,0,차대차,측면직각충돌,측면직각충돌,교차로,교차로내,원동기장치자전거,화물차
2016.5.20 6:00,주간,금,1,0,0,차량단독,전도전복,전도전복,교차로,교차로부근,화물차,
2016.5.19 13:00,주간,목,1,0,0,차대차,기타,기타,교차로,교차로내,건설기계,승용차
2016.5.20 15:00,주간,금,1,0,3,차대차,측면직각충돌,측면직각충돌,고가도로위,고가도로위,화물차,승용차
2016.5.24 10:00,주간,화,1,0,2,차대차,정면충돌,정면충돌,단일로,기타단일로,화물차,승합차
2016.5.28 14:00,주간,토,1,0,0,차량단독,전도전복,전도전복,단일로,기타단일로,이륜차,
2016.5.27 22:00,야간,금,1,0,0,차대사람,횡단중,횡단중,단일로,기타단일로,승용차,보행자
2016.6.1 3:00,야간,수,1,1,1,차대차,측면직각충돌,측면직각충돌,교차로,교차로부근,승용차,승용차
2016.5.31 21:00,야간,화,1,0,0,차대사람,횡단중,횡단중,단일로,기타단일로,승용차,보행자
2016.5.4 10:00,주간,수,1,0,0,차량단독,전도전복,전도전복,기타/불명,기타/불명,원동기장치자전거,
2016.7.16 11:00,주간,토,1,0,0,차량단독,전도전복,전도전복,단일로,기타단일로,화물차,
2016.7.1 17:00,주간,금,1,0,0,차대차,정면충돌,정면충돌,교차로,교차로내,승합차,원동기장치자전거
2016.7.1 13:00,주간,금,1,0,0,차대사람,길가장자리구역통행중,길가장자리구역통행중,단일로,기타단일로,승용차,보행자
2016.6.30 17:00,주간,목,1,0,0,차대차,측면직각충돌,측면직각충돌,단일로,기타단일로,이륜차,승합차
2016.6.5 18:00,야간,일,1,0,0,차대차,추돌,진행중 추돌,교차로,교차로부근,승용차,이륜차
2016.6.6 2:00,야간,월,1,0,0,차대사람,횡단중,횡단중,교차로,교차로내,승용차,보행자
2016.6.11 19:00,야간,토,1,0,0,차량단독,전도전복,전도전복,단일로,기타단일로,농기계,
2016.6.11 16:00,주간,토,1,0,0,차대차,측면직각충돌,측면직각충돌,교차로,교차로내,특수차,원동기장치자전거
2016.6.11 10:00,주간,토,1,0,0,차량단독,전도전복,전도전복,단일로,기타단일로,승용차,
2016.6.11 15:00,주간,토,1,0,0,차량단독,공작물충돌,공작물충돌,단일로,기타단일로,이륜차,
2016.6.16 6:00,주간,목,1,0,0,차대차,정면충돌,정면충돌,단일로,기타단일로,승용차,이륜차
2016.6.15 0:00,야간,수,1,0,0,차대사람,횡단중,횡단중,단일로,기타단일로,승용차,보행자
2016.6.14 20:00,야간,화,1,1,0,차대차,측면직각충돌,측면직각충돌,단일로,기타단일로,농기계,화물차
2016.6.14 8:00,주간,화,1,0,0,차대차,정면충돌,정면충돌,단일로,기타단일로,건설기계,이륜차
2016.6.21 3:00,야간,화,1,0,0,차량단독,공작물충돌,공작물충돌,단일로,기타단일로,이륜차,
2016.6.18 12:00,주간,토,1,0,3,차대차,측면직각충돌,측면직각충돌,교차로,교차로내,승용차,승용차
2016.6.18 9:00,주간,토,1,0,1,차대차,측면직각충돌,측면직각충돌,교차로,교차로내,원동기장치자전거,승용차
2016.6.17 13:00,주간,금,1,0,0,차량단독,전도전복,전도전복,단일로,기타단일로,원동기장치자전거,
2016.6.22 1:00,야간,수,1,0,0,차대사람,횡단중,횡단중,단일로,기타단일로,승용차,보행자
2016.6.27 9:00,주간,월,1,1,0,차대차,기타,기타,교차로,교차로내,승용차,승용차
2016.7.2 6:00,주간,토,1,2,0,차대차,정면충돌,정면충돌,단일로,기타단일로,화물차,화물차
2016.7.3 3:00,야간,일,1,0,0,차대사람,기타,기타,단일로,기타단일로,건설기계,보행자
2016.7.12 11:00,주간,화,1,0,0,차대차,측면직각충돌,측면직각충돌,단일로,기타단일로,원동기장치자전거,승합차
2016.7.11 2:00,야간,월,1,0,0,차대사람,횡단중,횡단중,단일로,기타단일로,승용차,보행자
2016.7.12 13:00,주간,화,1,0,0,차량단독,기타,기타,단일로,기타단일로,승합차,
2016.7.10 12:00,주간,일,1,0,0,차량단독,공작물충돌,공작물충돌,단일로,기타단일로,이륜차,
2016.7.10 19:00,야간,일,1,0,0,차대사람,기타,기타,단일로,기타단일로,승용차,보행자
2016.7.18 11:00,주간,월,1,0,2,차대차,정면충돌,정면충돌,교차로,교차로부근,승합차,화물차
2016.7.16 22:00,야간,토,1,0,1,차대차,정면충돌,정면충돌,교차로,교차로내,원동기장치자전거,승용차
2016.7.16 21:00,야간,토,1,0,0,차대사람,횡단중,횡단중,단일로,기타단일로,승용차,보행자
2016.7.14 17:00,주간,목,1,0,0,차대사람,횡단중,횡단중,교차로,교차로내,화물차,보행자
2016.7.1 2:00,야간,금,1,0,0,차대사람,횡단중,횡단중,단일로,기타단일로,화물차,보행자
2016.7.1 20:00,야간,금,1,0,0,차대사람,기타,기타,교차로,교차로부근,승용차,보행자
2016.6.8 8:00,주간,수,1,2,0,차대차,정면충돌,정면충돌,단일로,기타단일로,승용차,건설기계
2016.6.8 8:00,주간,수,1,1,0,차대사람,기타,기타,단일로,기타단일로,승합차,보행자
2016.6.6 21:00,야간,월,1,0,0,차대사람,횡단중,횡단중,교차로,교차로내,승용차,보행자
2016.6.7 16:00,주간,화,1,0,0,차량단독,도로이탈,도로이탈 기타,단일로,기타단일로,화물차,
2016.6.9 17:00,주간,목,1,0,0,차량단독,전도전복,전도전복,단일로,기타단일로,화물차,
2016.6.9 20:00,야간,목,1,0,0,차대사람,횡단중,횡단중,단일로,기타단일로,승용차,보행자
2016.6.11 0:00,야간,토,1,0,0,차대사람,차도통행중,차도통행중,단일로,기타단일로,승용차,보행자
2016.6.10 4:00,야간,금,1,0,0,차대사람,횡단중,횡단중,단일로,횡단보도상,승용차,보행자
2016.6.17 17:00,주간,금,1,0,0,차량단독,전도전복,전도전복,단일로,기타단일로,원동기장치자전거,
2016.8.19 4:00,야간,금,1,0,0,차대사람,횡단중,횡단중,단일로,기타단일로,화물차,보행자
2016.8.15 10:00,주간,월,1,0,0,차량단독,도로이탈,도로이탈 추락,단일로,기타단일로,농기계,
2016.8.21 1:00,야간,일,1,0,0,차량단독,공작물충돌,공작물충돌,교차로,교차로부근,승용차,
2016.8.21 17:00,주간,일,1,0,0,차대사람,횡단중,횡단중,교차로,교차로부근,건설기계,보행자
2016.8.22 16:00,주간,월,1,0,0,차대사람,횡단중,횡단중,단일로,기타단일로,승합차,보행자
2016.8.21 18:00,야간,일,1,0,0,차량단독,공작물충돌,공작물충돌,단일로,기타단일로,농기계,
2016.8.25 16:00,주간,목,1,0,0,차대사람,기타,기타,단일로,기타단일로,승용차,보행자
2016.9.12 22:00,야간,월,1,0,0,차량단독,도로이탈,도로이탈 추락,단일로,기타단일로,승용차,
2016.9.8 9:00,주간,목,1,0,0,차대사람,횡단중,횡단중,단일로,기타단일로,승용차,보행자
2016.9.12 1:00,야간,월,1,0,0,차대사람,횡단중,횡단중,단일로,기타단일로,승용차,보행자
2016.9.12 16:00,주간,월,1,0,0,차량단독,전도전복,전도전복,단일로,기타단일로,이륜차,
2016.9.10 10:00,주간,토,1,0,0,차대차,정면충돌,정면충돌,교차로,교차로부근,화물차,화물차
2016.9.10 2:00,야간,토,1,0,0,차대사람,횡단중,횡단중,단일로,기타단일로,승용차,보행자
2016.9.11 17:00,주간,일,1,0,1,차대차,정면충돌,정면충돌,단일로,기타단일로,이륜차,승용차
2016.9.12 23:00,야간,월,1,0,0,차대사람,횡단중,횡단중,교차로,교차로부근,승합차,보행자
2016.9.13 5:00,야간,화,1,0,0,차대사람,기타,기타,단일로,기타단일로,자전거,보행자
2016.9.6 8:00,주간,화,1,0,0,차대차,정면충돌,정면충돌,교차로,교차로내,승용차,이륜차
2016.9.7 16:00,주간,수,1,0,0,차대사람,횡단중,횡단중,단일로,기타단일로,화물차,보행자
2016.9.19 20:00,야간,월,1,0,0,차대차,추돌,진행중 추돌,기타/불명,기타/불명,승용차,농기계
2016.7.18 15:00,주간,월,1,0,0,차량단독,전도전복,전도전복,단일로,기타단일로,이륜차,
2016.7.17 20:00,야간,일,1,1,0,차대사람,차도통행중,차도통행중,단일로,기타단일로,승용차,보행자
2016.7.19 4:00,야간,화,1,0,0,차대사람,횡단중,횡단중,단일로,기타단일로,승용차,보행자
2016.7.24 23:00,야간,일,1,0,0,차대사람,횡단중,횡단중,단일로,기타단일로,승용차,보행자
2016.7.24 1:00,야간,일,1,0,0,차대사람,횡단중,횡단중,단일로,기타단일로,승용차,보행자
2016.7.22 15:00,주간,금,1,0,0,차량단독,공작물충돌,공작물충돌,단일로,기타단일로,승합차,
2016.7.27 7:00,주간,수,1,0,0,차대차,정면충돌,정면충돌,단일로,기타단일로,자전거,화물차
2016.7.25 17:00,주간,월,2,2,1,차대차,측면직각충돌,측면직각충돌,교차로,교차로내,승용차,승용차
2016.7.31 17:00,주간,일,3,13,8,차대차,추돌,진행중 추돌,교차로,교차로내,승용차,승용차
2016.8.2 11:00,주간,화,1,0,0,차대사람,기타,기타,단일로,기타단일로,화물차,보행자
2016.8.2 14:00,주간,화,1,0,0,차대차,측면직각충돌,측면직각충돌,교차로,교차로내,원동기장치자전거,승합차
2016.7.30 17:00,주간,토,1,0,0,차량단독,전도전복,전도전복,단일로,기타단일로,승용차,
2016.7.30 1:00,야간,토,1,0,0,차대사람,기타,기타,단일로,기타단일로,승용차,보행자
2016.7.30 10:00,주간,토,1,0,2,차대차,측면직각충돌,측면직각충돌,단일로,기타단일로,승용차,화물차