발생년월일시,주야,요일,사망자수,중상자수,경상자수,사고유형_대분류,사고유형_중분류,사고유형,도로형태_대분류,도로형태,당사자종별_1당_대분류,당사자종별_2당_대분류
2016.8.10 11:00,주간,수,1,0,0,차대사람,횡단중,횡단중,교차로,교차로내,승용차,보행자
2016.8.8 12:00,주간,월,1,1,0,차대차,정면충돌,정면충돌,단일로,기타단일로,이륜차,승용차
2016.8.8 15:00,주간,월,1,0,0,차대차,측면직각충돌,측면직각충돌,교차로,교차로내,화물차,자전거
2016.8.8 4:00,야간,월,1,0,0,차대차,추돌,진행중 추돌,교차로,교차로내,승용차,승용차
2016.8.7 1:00,야간,일,1,0,0,차대사람,기타,기타,단일로,기타단일로,승용차,보행자
2016.8.11 12:00,주간,목,1,0,1,차대차,기타,기타,교차로,교차로내,이륜차,승용차
2016.8.11 17:00,주간,목,1,0,0,차량단독,전도전복,전도전복,단일로,기타단일로,승용차,
2016.8.18 1:00,야간,목,1,0,0,차대사람,횡단중,횡단중,교차로,교차로내,승용차,보행자
2016.8.17 13:00,주간,수,1,0,0,차대사람,횡단중,횡단중,교차로,교차로내,화물차,보행자
2016.4.14 6:00,주간,목,1,0,0,차대사람,횡단중,횡단중,단일로,기타단일로,승용차,보행자
2016.4.14 16:00,주간,목,1,0,0,차량단독,공작물충돌,공작물충돌,단일로,기타단일로,자전거,
2016.4.18 17:00,주간,월,2,0,0,차대차,정면충돌,정면충돌,교차로,교차로내,이륜차,이륜차
2016.4.18 15:00,주간,월,1,1,0,차대차,정면충돌,정면충돌,단일로,기타단일로,화물차,화물차
2016.4.16 8:00,주간,토,1,0,1,차대차,측면직각충돌,측면직각충돌,교차로,교차로내,화물차,화물차
2016.4.16 11:00,주간,토,1,0,0,차량단독,공작물충돌,공작물충돌,단일로,기타단일로,이륜차,
2016.4.22 21:00,야간,금,1,1,0,차대차,기타,기타,단일로,기타단일로,이륜차,승용차
2016.4.20 15:00,주간,수,1,0,0,차대사람,횡단중,횡단중,단일로,기타단일로,화물차,보행자
2016.4.24 19:00,야간,일,1,0,0,차량단독,공작물충돌,공작물충돌,단일로,기타단일로,이륜차,
2016.5.2 15:00,주간,월,1,0,1,차대차,측면직각충돌,측면직각충돌,교차로,교차로부근,이륜차,승용차
2016.5.3 8:00,주간,화,1,1,0,차대차,측면직각충돌,측면직각충돌,교차로,교차로내,승용차,승용차
2016.4.9 10:00,주간,토,1,0,0,차량단독,전도전복,전도전복,기타/불명,기타/불명,승용차,
2016.4.14 16:00,주간,목,1,0,1,차대사람,횡단중,횡단중,단일로,기타단일로,승용차,보행자
2016.4.19 8:00,주간,화,1,0,1,차대사람,기타,기타,단일로,기타단일로,승합차,보행자
2016.4.18 11:00,주간,월,1,0,0,차대차,측면직각충돌,측면직각충돌,단일로,기타단일로,화물차,자전거
2016.4.20 12:00,주간,수,1,1,0,차량단독,도로이탈,도로이탈 추락,단일로,기타단일로,이륜차,
2016.4.20 13:00,주간,수,1,0,0,차대사람,횡단중,횡단중,단일로,횡단보도상,승용차,보행자
2016.4.25 1:00,야간,월,1,2,1,차대사람,횡단중,횡단중,단일로,기타단일로,승용차,보행자
2016.4.25 23:00,야간,월,1,0,0,차대사람,횡단중,횡단중,단일로,기타단일로,승용차,보행자
2016.4.24 12:00,주간,일,1,0,0,차량단독,도로이탈,도로이탈 기타,단일로,기타단일로,승용차,
2016.4.24 15:00,주간,일,1,0,1,차대차,측면직각충돌,측면직각충돌,교차로,교차로부근,승용차,이륜차
2016.4.27 22:00,야간,수,1,0,0,차대사람,기타,기타,단일로,기타단일로,승용차,보행자
2016.4.27 21:00,야간,수,1,0,0,차대사람,횡단중,횡단중,단일로,기타단일로,승용차,보행자
2016.4.28 9:00,주간,목,1,0,0,차대차,측면직각충돌,측면직각충돌,교차로,교차로부근,이륜차,화물차
2016.4.27 23:00,야간,수,1,0,0,차대사람,횡단중,횡단중,단일로,횡단보도상,승용차,보행자
2016.4.28 15:00,주간,목,1,0,0,차대차,정면충돌,정면충돌,단일로,기타단일로,승용차,이륜차
2016.4.26 13:00,주간,화,1,0,0,차대사람,보도통행중,보도통행중,단일로,횡단보도상,승용차,보행자
2016.4.30 17:00,주간,토,1,0,0,차대사람,횡단중,횡단중,교차로,교차로내,화물차,보행자
2016.4.30 14:00,주간,토,1,0,0,차대차,기타,기타,교차로,교차로내,이륜차,승용차
2016.5.6 6:00,주간,금,1,0,0,차대사람,기타,기타,기타/불명,기타/불명,화물차,보행자
2016.5.7 3:00,야간,토,1,0,0,차대사람,기타,기타,교차로,교차로내,승용차,보행자
2016.5.6 14:00,주간,금,1,0,0,차량단독,공작물충돌,공작물충돌,지하도로내,지하도로내,이륜차,
2016.4.5 2:00,야간,화,1,0,0,차대차,측면직각충돌,측면직각충돌,교차로,교차로내,자전거,승용차
2016.4.6 4:00,야간,수,1,0,0,차대차,측면직각충돌,측면직각충돌,교차로,교차로내,이륜차,화물차
2016.4.12 13:00,주간,화,1,0,0,차대차,추돌,진행중 추돌,단일로,터널안,승용차,이륜차
2016.4.11 20:00,야간,월,1,1,0,차대사람,횡단중,횡단중,단일로,횡단보도상,화물차,보행자
2016.4.15 16:00,주간,금,1,1,0,차대사람,기타,기타,단일로,기타단일로,승용차,보행자
2016.4.12 19:00,야간,화,1,0,0,차대사람,횡단중,횡단중,단일로,횡단보도상,승용차,보행자
2016.4.16 0:00,야간,토,1,0,0,차대차,측면직각충돌,측면직각충돌,교차로,교차로내,이륜차,화물차
2016.4.16 19:00,야간,토,1,0,0,차대사람,횡단중,횡단중,단일로,기타단일로,승용차,보행자
2016.4.22 15:00,주간,금,1,5,0,차대차,정면충돌,정면충돌,단일로,기타단일로,승용차,승용차
2016.4.22 0:00,야간,금,1,0,0,차량단독,도로이탈,도로이탈 추락,단일로,기타단일로,승용차,
2016.4.20 4:00,야간,수,1,0,0,차대사람,횡단중,횡단중,교차로,교차로부근,승용차,보행자
2016.5.10 16:00,주간,화,1,0,0,차량단독,공작물충돌,공작물충돌,단일로,기타단일로,승용차,
2016.5.8 0:00,야간,일,1,2,0,차량단독,전도전복,전도전복,단일로,기타단일로,승용차,
2016.5.8 17:00,주간,일,1,0,0,차대사람,횡단중,횡단중,교차로,교차로내,건설기계,보행자
2016.5.13 19:00,야간,금,1,4,1,차대차,정면충돌,정면충돌,단일로,기타단일로,승용차,승용차
2016.5.13 9:00,주간,금,1,0,0,차량단독,전도전복,전도전복,교차로,교차로부근,화물차,
2016.5.12 17:00,주간,목,1,0,0,차대차,추돌,진행중 추돌,단일로,기타단일로,승용차,승합차
2016.5.12 20:00,야간,목,1,0,0,차대사람,길가장자리구역통행중,길가장자리구역통행중,단일로,기타단일로,승용차,보행자
2016.5.11 3:00,야간,수,1,1,0,차량단독,공작물충돌,공작물충돌,교차로,교차로내,승용차,
2016.5.17 12:00,주간,화,1,1,0,차대차,측면직각충돌,측면직각충돌,단일로,기타단일로,승용차,승용차
2016.5.20 18:00,야간,금,1,2,11,차대차,정면충돌,정면충돌,기타/불명,기타/불명,승합차,승합차
2016.5.21 2:00,야간,토,1,0,0,차량단독,전도전복,전도전복,단일로,기타단일로,이륜차,
2016.5.19 20:00,야간,목,1,0,0,차대차,추돌,진행중 추돌,교차로,교차로내,승용차,원동기장치자전거
2016.5.28 15:00,주간,토,1,0,0,차량단독,기타,기타,교차로,교차로부근,농기계,
2016.5.29 4:00,야간,일,1,0,0,차대사람,기타,기타,단일로,기타단일로,승용차,보행자
2016.5.27 10:00,주간,금,1,0,0,차대사람,기타,기타,교차로,교차로내,승용차,보행자
2016.5.26 5:00,야간,목,1,0,0,차량단독,전도전복,전도전복,단일로,기타단일로,이륜차,
2016.6.1 7:00,주간,수,1,0,0,차량단독,기타,기타,단일로,기타단일로,이륜차,
2016.6.1 2:00,야간,수,1,0,0,차량단독,전도전복,전도전복,단일로,기타단일로,이륜차,
2016.5.31 14:00,주간,화,1,0,4,차대차,추돌,진행중 추돌,단일로,기타단일로,승합차,특수차
2016.6.1 9:00,주간,수,1,0,0,차대사람,기타,기타,단일로,기타단일로,화물차,보행자
2016.5.31 8:00,주간,화,1,0,0,차대사람,횡단중,횡단중,교차로,교차로내,건설기계,보행자
2016.6.1 10:00,주간,수,1,0,0,차량단독,전도전복,전도전복,단일로,기타단일로,이륜차,
2016.5.6 9:00,주간,금,1,0,0,차대사람,횡단중,횡단중,단일로,기타단일로,승용차,보행자
2016.5.6 6:00,주간,금,1,1,0,차대차,측면직각충돌,측면직각충돌,교차로,교차로부근,승용차,승용차
2016.5.9 22:00,야간,월,1,0,0,차대사람,횡단중,횡단중,단일로,기타단일로,승합차,보행자
2016.5.9 13:00,주간,월,1,0,2,차대차,추돌,진행중 추돌,교차로,교차로부근,화물차,화물차
2016.5.10 14:00,주간,화,1,1,2,차대차,측면직각충돌,측면직각충돌,교차로,교차로내,승용차,승용차
2016.5.8 12:00,주간,일,1,0,0,차대사람,횡단중,횡단중,교차로,교차로내,승용차,보행자
2016.5.7 22:00,야간,토,1,0,0,차량단독,전도전복,전도전복,단일로,교량위,화물차,
2016.5.7 15:00,주간,토,1,0,0,차대차,측면직각충돌,측면직각충돌,교차로,교차로내,승용차,이륜차
2016.5.7 20:00,야간,토,1,0,0,차대사람,횡단중,횡단중,교차로,교차로부근,승용차,보행자
2016.5.16 4:00,야간,월,1,0,0,차대차,추돌,진행중 추돌,단일로,기타단일로,승용차,화물차
2016.5.21 14:00,주간,토,1,0,0,차대사람,기타,기타,단일로,기타단일로,승용차,보행자
2016.5.20 5:00,야간,금,1,0,0,차량단독,기타,기타,단일로,기타단일로,승합차,
2016.5.20 12:00,주간,금,1,1,0,차대차,측면직각충돌,측면직각충돌,교차로,교차로내,이륜차,화물차
2016.5.20 6:00,주간,금,1,1,1,차대차,측면직각충돌,측면직각충돌,교차로,교차로내,화물차,화물차
2016.5.19 15:00,주간,목,1,0,0,차량단독,전도전복,전도전복,단일로,기타단일로,승용차,
2016.5.25 7:00,주간,수,1,0,0,차량단독,전도전복,전도전복,단일로,기타단일로,승용차,
2016.6.1 23:00,야간,수,1,0,0,차대사람,횡단중,횡단중,단일로,횡단보도상,승용차,보행자
2016.6.1 6:00,주간,수,1,0,0,차대차,추돌,진행중 추돌,기타/불명,기타/불명,이륜차,승용차
2016.6.1 11:00,주간,수,1,0,0,차량단독,공작물충돌,공작물충돌,기타/불명,기타/불명,원동기장치자전거,
2016.6.1 18:00,야간,수,1,0,0,차량단독,공작물충돌,공작물충돌,단일로,기타단일로,승용차,
2016.5.31 16:00,주간,화,1,1,0,차량단독,전도전복,전도전복,단일로,기타단일로,농기계,
2016.6.13 6:00,주간,월,1,0,0,차대사람,횡단중,횡단중,단일로,기타단일로,화물차,보행자
2016.6.18 16:00,주간,토,1,0,0,차대차,측면직각충돌,측면직각충돌,교차로,교차로내,화물차,이륜차
2016.6.18 17:00,주간,토,1,0,0,차대사람,횡단중,횡단중,단일로,횡단보도상,건설기계,보행자
2016.6.24 9:00,주간,금,1,0,0,차대사람,횡단중,횡단중,단일로,기타단일로,화물차,보행자
2016.6.27 19:00,야간,월,1,0,0,차대차,측면직각충돌,측면직각충돌,교차로,교차로부근,승용차,이륜차
2016.6.29 8:00,주간,수,1,0,1,차대차,정면충돌,정면충돌,단일로,기타단일로,승용차,농기계
2016.7.18 8:00,주간,월,1,0,0,차량단독,전도전복,전도전복,단일로,기타단일로,이륜차,
2016.7.16 19:00,야간,토,1,0,0,차대차,기타,기타,단일로,기타단일로,승용차,승용차
2016.7.16 10:00,주간,토,1,0,0,차대차,측면직각충돌,측면직각충돌,단일로,기타단일로,화물차,화물차
2016.7.16 22:00,야간,토,1,0,0,차량단독,전도전복,전도전복,단일로,기타단일로,이륜차,
2016.7.17 9:00,주간,일,2,0,3,차대차,측면직각충돌,측면직각충돌,교차로,교차로내,승용차,건설기계
2016.7.16 10:00,주간,토,1,1,0,차대차,측면직각충돌,측면직각충돌,교차로,교차로내,화물차,원동기장치자전거
2016.7.15 20:00,야간,금,1,6,0,차대차,정면충돌,정면충돌,단일로,기타단일로,화물차,승용차
2016.7.15 23:00,야간,금,1,0,1,차대차,측면직각충돌,측면직각충돌,단일로,기타단일로,승용차,이륜차
2016.7.15 0:00,야간,금,1,0,0,차대사람,횡단중,횡단중,단일로,기타단일로,승용차,보행자
2016.7.15 16:00,주간,금,1,0,0,차대사람,횡단중,횡단중,단일로,기타단일로,화물차,보행자
2016.7.15 2:00,야간,금,1,0,0,차대차,기타,기타,교차로,교차로내,승용차,이륜차
2016.7.15 10:00,주간,금,1,0,0,차대차,측면직각충돌,측면직각충돌,교차로,교차로내,화물차,자전거
2016.7.21 8:00,주간,목,1,0,1,차대차,정면충돌,정면충돌,단일로,기타단일로,승용차,이륜차
2016.7.20 7:00,주간,수,1,0,0,차대사람,기타,기타,교차로,교차로내,승합차,보행자
2016.6.30 4:00,야간,목,1,1,0,차대차,정면충돌,정면충돌,단일로,기타단일로,승용차,승용차
2016.6.29 17:00,주간,수,1,0,0,차량단독,공작물충돌,공작물충돌,단일로,기타단일로,원동기장치자전거,
2016.6.13 7:00,주간,월,1,0,0,차량단독,전도전복,전도전복,단일로,기타단일로,이륜차,
2016.6.11 0:00,야간,토,1,0,0,차대사람,기타,기타,단일로,기타단일로,화물차,보행자
2016.6.16 8:00,주간,목,1,0,0,차대사람,차도통행중,차도통행중,교차로,교차로부근,화물차,보행자
2016.6.16 2:00,야간,목,1,0,0,차대차,정면충돌,정면충돌,교차로,교차로내,승용차,이륜차
2016.6.14 13:00,주간,화,1,0,0,차대차,정면충돌,정면충돌,단일로,기타단일로,이륜차,이륜차
2016.6.15 2:00,야간,수,1,0,0,차대사람,횡단중,횡단중,단일로,기타단일로,승용차,보행자
2016.6.20 15:00,주간,월,1,0,0,차대차,측면직각충돌,측면직각충돌,단일로,기타단일로,이륜차,화물차
2016.6.17 14:00,주간,금,1,0,0,차대사람,횡단중,횡단중,교차로,교차로부근,승합차,보행자
2016.6.19 4:00,야간,일,3,1,0,차대차,추돌,진행중 추돌,단일로,기타단일로,승용차,화물차
2016.6.19 3:00,야간,일,1,0,0,차대차,기타,기타,단일로,기타단일로,승용차,승용차
2016.6.25 11:00,주간,토,1,0,0,차대차,측면직각충돌,측면직각충돌,교차로,교차로부근,화물차,자전거
2016.6.21 14:00,주간,화,1,0,0,차대사람,기타,기타,단일로,기타단일로,승용차,보행자
2016.6.23 7:00,주간,목,1,0,0,차대사람,횡단중,횡단중,교차로,교차로부근,화물차,보행자
2016.6.22 9:00,주간,수,1,0,0,차량단독,전도전복,전도전복,단일로,기타단일로,이륜차,
2016.6.25 18:00,야간,토,1,0,0,차대사람,차도통행중,차도통행중,단일로,기타단일로,승용차,보행자
2016.6.25 3:00,야간,토,1,1,0,차대차,정면충돌,정면충돌,교차로,교차로부근,승용차,이륜차
2016.6.25 18:00,야간,토,1,0,0,차대사람,길가장자리구역통행중,길가장자리구역통행중,교차로,교차로부근,화물차,보행자
2016.7.10 18:00,야간,일,1,0,0,차량단독,기타,기타,단일로,기타단일로,자전거,
2016.7.15 14:00,주간,금,1,0,0,차대사람,기타,기타,기타/불명,기타/불명,화물차,보행자
2016.7.15 10:00,주간,금,1,0,0,차대차,기타,기타,교차로,교차로부근,승용차,이륜차
2016.12.14 21:00,야간,수,1,0,0,차대사람,횡단중,횡단중,교차로,교차로부근,승용차,보행자
2016.12.15 6:00,주간,목,1,0,0,차대사람,횡단중,횡단중,교차로,교차로부근,화물차,보행자
2016.12.15 4:00,야간,목,1,0,0,차량단독,기타,기타,단일로,기타단일로,원동기장치자전거,
2016.12.18 18:00,야간,일,1,0,1,차대차,측면직각충돌,측면직각충돌,교차로,교차로내,승용차,승합차
2016.10.1 14:00,주간,토,1,0,0,차대사람,길가장자리구역통행중,길가장자리구역통행중,고가도로위,고가도로위,건설기계,보행자
2016.10.3 5:00,야간,월,1,0,0,차대사람,차도통행중,차도통행중,교차로,교차로부근,승용차,보행자
2016.11.9 8:00,주간,수,1,1,0,차대차,측면직각충돌,측면직각충돌,교차로,교차로내,승용차,승용차
2016.11.8 13:00,주간,화,1,1,0,차대사람,차도통행중,차도통행중,교차로,교차로내,승용차,보행자
2016.11.12 16:00,주간,토,1,0,0,차대차,측면직각충돌,측면직각충돌,단일로,기타단일로,이륜차,승용차
2016.11.12 4:00,야간,토,1,0,0,차대차,추돌,진행중 추돌,교차로,교차로내,원동기장치자전거,승용차
2016.11.17 15:00,주간,목,1,0,0,차량단독,도로이탈,도로이탈 추락,단일로,기타단일로,화물차,
2016.11.16 9:00,주간,수,1,0,0,차대사람,횡단중,횡단중,단일로,기타단일로,승용차,보행자
2016.11.15 14:00,주간,화,1,1,0,차대사람,보도통행중,보도통행중,교차로,교차로내,화물차,보행자
2016.11.15 19:00,야간,화,1,0,0,차대사람,횡단중,횡단중,단일로,기타단일로,승용차,보행자
2016.11.27 8:00,주간,일,1,0,0,차대사람,횡단중,횡단중,교차로,교차로부근,화물차,보행자
2016.11.26 14:00,주간,토,1,0,0,차대차,기타,기타,교차로,교차로내,이륜차,승용차
2016.11.23 18:00,야간,수,1,0,0,차대사람,횡단중,횡단중,단일로,횡단보도부근,승합차,보행자
2016.11.24 7:00,주간,목,1,0,0,차대사람,횡단중,횡단중,단일로,기타단일로,승합차,보행자
2016.11.20 3:00,야간,일,1,0,0,차대차,측면직각충돌,측면직각충돌,교차로,교차로내,화물차,원동기장치자전거
2016.11.25 16:00,주간,금,1,0,0,차량단독,기타,기타,단일로,기타단일로,승합차,
2016.11.23 6:00,주간,수,2,0,1,차대차,추돌,진행중 추돌,단일로,기타단일로,승용차,농기계
2016.11.22 18:00,야간,화,1,0,0,차대사람,기타,기타,단일로,기타단일로,승용차,보행자
2016.11.20 0:00,야간,일,1,0,0,차대차,측면직각충돌,측면직각충돌,교차로,교차로내,이륜차,승용차
2016.11.20 2:00,야간,일,1,0,0,차량단독,전도전복,전도전복,교차로,교차로부근,승용차,
2016.11.24 8:00,주간,목,1,1,1,차대차,정면충돌,정면충돌,단일로,기타단일로,승용차,이륜차
2016.10.30 19:00,야간,일,1,0,0,차대사람,차도통행중,차도통행중,단일로,기타단일로,승용차,보행자
2016.10.31 11:00,주간,월,1,1,0,차대차,측면직각충돌,측면직각충돌,단일로,기타단일로,화물차,이륜차
2016.10.31 5:00,야간,월,1,0,0,차량단독,전도전복,전도전복,단일로,기타단일로,이륜차,
2016.10.30 21:00,야간,일,1,0,0,차대사람,횡단중,횡단중,단일로,기타단일로,승용차,보행자
2016.12.5 8:00,주간,월,1,0,0,차량단독,도로이탈,도로이탈 추락,단일로,기타단일로,화물차,
2016.12.5 10:00,주간,월,1,0,0,차량단독,전도전복,전도전복,단일로,기타단일로,농기계,
2016.12.9 5:00,야간,금,1,0,0,차대사람,기타,기타,단일로,횡단보도상,화물차,보행자
2016.12.9 5:00,야간,금,1,0,0,차대사람,횡단중,횡단중,단일로,횡단보도상,승용차,보행자
2016.12.7 17:00,주간,수,1,0,0,차대사람,기타,기타,단일로,기타단일로,화물차,보행자
2016.12.8 9:00,주간,목,1,0,0,차대차,정면충돌,정면충돌,단일로,기타단일로,화물차,승용차
2016.12.5 17:00,주간,월,1,0,0,차대사람,횡단중,횡단중,기타/불명,기타/불명,승용차,보행자
2016.12.5 10:00,주간,월,1,1,0,차대차,정면충돌,정면충돌,단일로,기타단일로,승용차,승용차
2016.12.8 8:00,주간,목,1,0,0,차대차,정면충돌,정면충돌,단일로,기타단일로,승용차,승용차
2016.12.16 16:00,주간,금,1,0,0,차대차,정면충돌,정면충돌,단일로,기타단일로,화물차,건설기계
2016.10.3 19:00,야간,월,1,0,0,차대사람,횡단중,횡단중,교차로,교차로내,승용차,보행자
2016.11.5 4:00,야간,토,1,0,0,차량단독,전도전복,전도전복,단일로,기타단일로,이륜차,
2016.11.9 5:00,야간,수,1,0,0,차대사람,횡단중,횡단중,단일로,기타단일로,건설기계,보행자
2016.11.19 13:00,주간,토,1,0,0,차대차,측면직각충돌,측면직각충돌,단일로,기타단일로,화물차,자전거
2016.4.19 0:00,야간,화,1,0,0,차량단독,공작물충돌,공작물충돌,단일로,기타단일로,화물차,
2016.4.24 19:00,야간,일,1,0,0,차대차,추돌,진행중 추돌,교차로,교차로부근,승용차,자전거
2016.4.25 21:00,야간,월,1,0,0,차량단독,전도전복,전도전복,단일로,기타단일로,이륜차,
2016.4.24 1:00,야간,일,1,0,0,차대사람,횡단중,횡단중,단일로,기타단일로,승용차,보행자
2016.4.24 12:00,주간,일,1,1,0,차량단독,공작물충돌,공작물충돌,교차로,교차로내,승용차,
2016.4.29 23:00,야간,금,1,0,1,차대사람,횡단중,횡단중,교차로,교차로내,이륜차,보행자
2016.4.26 19:00,야간,화,1,0,0,차대사람,횡단중,횡단중,단일로,횡단보도부근,화물차,보행자
2016.4.27 10:00,주간,수,1,0,1,차대차,추돌,진행중 추돌,단일로,기타단일로,화물차,화물차
2016.5.1 16:00,주간,일,1,0,0,차량단독,공작물충돌,공작물충돌,단일로,기타단일로,이륜차,
2016.4.5 17:00,주간,화,1,0,0,차량단독,기타,기타,단일로,기타단일로,농기계,
2016.4.11 17:00,주간,월,1,0,0,차량단독,전도전복,전도전복,단일로,기타단일로,화물차,
2016.4.8 15:00,주간,금,1,0,0,차량단독,기타,기타,단일로,터널안,이륜차,
2016.4.14 16:00,주간,목,1,0,0,차대사람,횡단중,횡단중,교차로,교차로부근,승용차,보행자
2016.4.12 18:00,야간,화,1,0,0,차량단독,전도전복,전도전복,단일로,기타단일로,이륜차,
2016.4.13 12:00,주간,수,1,0,0,차대사람,횡단중,횡단중,교차로,교차로내,화물차,보행자
2016.4.12 17:00,주간,화,1,0,0,차대사람,횡단중,횡단중,교차로,교차로부근,화물차,보행자
2016.4.16 2:00,야간,토,1,0,0,차량단독,공작물충돌,공작물충돌,단일로,기타단일로,승용차,
2016.4.15 11:00,주간,금,1,0,0,차대차,측면직각충돌,측면직각충돌,단일로,기타단일로,승용차,이륜차
2016.4.21 19:00,야간,목,1,0,0,차대사람,길가장자리구역통행중,길가장자리구역통행중,단일로,기타단일로,승용차,보행자
2016.4.23 5:00,야간,토,1,0,0,차량단독,공작물충돌,공작물충돌,단일로,기타단일로,승용차,
2016.4.23 15:00,주간,토,1,0,1,차대차,정면충돌,정면충돌,교차로,교차로내,승용차,승용차
2016.4.29 19:00,야간,금,1,0,0,차대사람,횡단중,횡단중,교차로,교차로내,승용차,보행자
2016.4.28 3:00,야간,목,1,2,0,차대차,정면충돌,정면충돌,교차로,교차로내,승용차,승용차
2016.4.27 21:00,야간,수,1,0,0,차대사람,횡단중,횡단중,단일로,기타단일로,승합차,보행자
2016.4.28 5:00,야간,목,1,0,0,차대사람,횡단중,횡단중,교차로,교차로부근,승용차,보행자
2016.4.28 7:00,주간,목,1,0,1,차대차,기타,기타,교차로,교차로내,승용차,승용차
2016.4.30 22:00,야간,토,1,0,0,차대차,측면직각충돌,측면직각충돌,단일로,기타단일로,원동기장치자전거,화물차
2016.5.1 16:00,주간,일,1,0,0,차량단독,전도전복,전도전복,단일로,기타단일로,이륜차,
2016.5.6 5:00,야간,금,1,0,0,차대사람,횡단중,횡단중,단일로,기타단일로,승용차,보행자
2016.4.6 19:00,야간,수,1,0,1,차대차,기타,기타,교차로,교차로내,승용차,이륜차
2016.4.14 11:00,주간,목,1,0,0,차량단독,공작물충돌,공작물충돌,교차로,교차로부근,원동기장치자전거,
2016.4.11 18:00,야간,월,1,0,0,차대차,정면충돌,정면충돌,교차로,교차로내,화물차,이륜차
2016.4.13 4:00,야간,수,1,0,0,차대사람,횡단중,횡단중,단일로,기타단일로,승합차,보행자
2016.4.17 1:00,야간,일,1,2,0,차대차,정면충돌,정면충돌,기타/불명,기타/불명,승용차,승용차
2016.4.17 14:00,주간,일,1,0,0,차량단독,전도전복,전도전복,단일로,기타단일로,승용차,
2016.4.17 17:00,주간,일,1,0,0,차대차,정면충돌,정면충돌,교차로,교차로내,이륜차,승용차
2016.4.16 19:00,야간,토,1,0,2,차대차,추돌,진행중 추돌,단일로,기타단일로,화물차,화물차
2016.4.19 20:00,야간,화,1,0,0,차대차,측면직각충돌,측면직각충돌,단일로,기타단일로,자전거,승용차
2016.4.26 11:00,주간,화,1,0,0,차대차,측면직각충돌,측면직각충돌,교차로,교차로내,이륜차,승용차
2016.5.15 19:00,야간,일,1,0,0,차대차,기타,기타,교차로,교차로부근,승용차,이륜차
2016.5.18 1:00,야간,수,1,0,1,차대사람,횡단중,횡단중,단일로,기타단일로,승용차,보행자
2016.5.18 4:00,야간,수,1,0,0,차대사람,기타,기타,단일로,기타단일로,승용차,보행자
2016.6.1 9:00,주간,수,1,0,0,차대차,측면직각충돌,측면직각충돌,교차로,교차로내,승합차,자전거
2016.5.30 8:00,주간,월,1,0,0,차대사람,횡단중,횡단중,단일로,기타단일로,승용차,보행자
2016.5.6 10:00,주간,금,1,0,0,차량단독,공작물충돌,공작물충돌,단일로,기타단일로,이륜차,
2016.5.10 2:00,야간,화,1,0,0,차량단독,전도전복,전도전복,단일로,기타단일로,원동기장치자전거,
2016.5.7 15:00,주간,토,1,1,0,차대사람,보도통행중,보도통행중,단일로,기타단일로,건설기계,보행자
2016.5.13 9:00,주간,금,1,0,0,차대차,측면직각충돌,측면직각충돌,교차로,교차로내,이륜차,화물차
2016.5.13 22:00,야간,금,1,0,1,차대차,추돌,진행중 추돌,단일로,기타단일로,승용차,농기계
2016.5.14 21:00,야간,토,1,0,0,차대사람,기타,기타,단일로,기타단일로,자전거,보행자
2016.5.14 20:00,야간,토,1,0,0,차대사람,길가장자리구역통행중,길가장자리구역통행중,교차로,교차로부근,승용차,보행자
2016.5.15 10:00,주간,일,1,0,0,차량단독,전도전복,전도전복,교차로,교차로내,농기계,
2016.5.15 16:00,주간,일,1,0,0,차량단독,기타,기타,단일로,기타단일로,이륜차,
2016.5.21 4:00,야간,토,1,0,0,차대사람,횡단중,횡단중,단일로,기타단일로,승용차,보행자
2016.5.19 16:00,주간,목,1,0,0,차량단독,공작물충돌,공작물충돌,단일로,기타단일로,화물차,
2016.5.26 13:00,주간,목,1,0,0,차대사람,횡단중,횡단중,교차로,교차로내,승용차,보행자
2016.5.25 11:00,주간,수,1,0,0,차대차,정면충돌,정면충돌,교차로,교차로내,이륜차,승용차
2016.2.27 1:00,야간,토,1,0,0,차대사람,기타,기타,단일로,기타단일로,승용차,보행자
2016.6.1 13:00,주간,수,1,0,0,차량단독,전도전복,전도전복,단일로,기타단일로,농기계,
2016.6.1 3:00,야간,수,1,0,0,차대차,측면직각충돌,측면직각충돌,교차로,교차로내,이륜차,승용차
2016.5.30 12:00,주간,월,1,0,1,차대차,측면직각충돌,측면직각충돌,단일로,기타단일로,승합차,특수차
2016.5.30 14:00,주간,월,1,5,0,차대차,측면직각충돌,측면직각충돌,교차로,교차로내,승용차,승용차
2016.5.30 22:00,야간,월,1,0,0,차대사람,차도통행중,차도통행중,단일로,기타단일로,승용차,보행자
2016.5.30 17:00,주간,월,1,0,0,차대사람,기타,기타,단일로,기타단일로,원동기장치자전거,보행자
2016.5.29 23:00,야간,일,1,0,0,차대차,추돌,진행중 추돌,단일로,기타단일로,승용차,화물차
2016.5.30 14:00,주간,월,1,1,4,차대차,추돌,진행중 추돌,교차로,교차로내,화물차,승합차
2016.5.29 18:00,야간,일,1,0,0,차량단독,도로이탈,도로이탈 추락,단일로,기타단일로,건설기계,
2016.5.6 11:00,주간,금,1,0,0,차대사람,횡단중,횡단중,단일로,기타단일로,승용차,보행자
2016.5.4 13:00,주간,수,1,0,0,차대차,추돌,진행중 추돌,단일로,기타단일로,화물차,원동기장치자전거
2016.5.9 20:00,야간,월,1,0,0,차대사람,횡단중,횡단중,단일로,기타단일로,승용차,보행자
2016.5.8 15:00,주간,일,1,0,0,차량단독,기타,기타,단일로,기타단일로,이륜차,