발생년월일시,주야,요일,사망자수,중상자수,경상자수,사고유형_대분류,사고유형_중분류,사고유형,도로형태_대분류,도로형태,당사자종별_1당_대분류,당사자종별_2당_대분류
2016.8.5 2:00,야간,금,1,0,1,차대차,기타,기타,단일로,기타단일로,화물차,승용차
2016.8.5 2:00,야간,금,1,0,0,차량단독,전도전복,전도전복,단일로,기타단일로,이륜차,
2016.8.3 8:00,주간,수,1,0,0,차대사람,횡단중,횡단중,단일로,기타단일로,승용차,보행자
2016.8.9 18:00,야간,화,1,0,0,차대차,정면충돌,정면충돌,교차로,교차로내,승용차,이륜차
2016.8.9 16:00,주간,화,1,6,2,차대차,기타,기타,교차로,교차로내,승용차,화물차
2016.8.8 13:00,주간,월,1,1,0,차량단독,전도전복,전도전복,단일로,기타단일로,화물차,
2016.8.13 14:00,주간,토,1,3,2,차대차,측면직각충돌,측면직각충돌,교차로,교차로내,화물차,승용차
2016.11.3 22:00,야간,목,1,0,0,차대사람,횡단중,횡단중,단일로,기타단일로,화물차,보행자
2016.10.31 18:00,야간,월,1,0,0,차대사람,횡단중,횡단중,단일로,기타단일로,승용차,보행자
2016.11.4 7:00,주간,금,1,0,0,차대사람,횡단중,횡단중,단일로,기타단일로,화물차,보행자
2016.11.2 8:00,주간,수,1,0,0,차대차,측면직각충돌,측면직각충돌,단일로,기타단일로,승용차,원동기장치자전거
2016.11.3 23:00,야간,목,1,0,0,차대사람,횡단중,횡단중,교차로,교차로내,화물차,보행자
2016.12.10 20:00,야간,토,1,0,0,차대사람,기타,기타,단일로,기타단일로,승용차,보행자
2016.12.8 17:00,주간,목,1,0,0,차대차,추돌,진행중 추돌,단일로,기타단일로,화물차,특수차
2016.12.10 21:00,야간,토,1,0,0,차대차,추돌,진행중 추돌,교차로,교차로부근,이륜차,화물차
2016.12.9 4:00,야간,금,1,0,0,차대사람,횡단중,횡단중,단일로,횡단보도부근,승용차,보행자
2016.12.9 16:00,주간,금,1,0,0,차대차,추돌,진행중 추돌,단일로,기타단일로,화물차,화물차
2016.12.6 7:00,주간,화,1,0,0,차대사람,횡단중,횡단중,단일로,기타단일로,승용차,보행자
2016.12.5 17:00,주간,월,1,0,0,차대사람,횡단중,횡단중,단일로,횡단보도상,승용차,보행자
2016.12.5 20:00,야간,월,1,0,0,차대차,측면직각충돌,측면직각충돌,교차로,교차로내,이륜차,승합차
2016.5.27 13:00,주간,금,1,0,0,차량단독,기타,기타,단일로,기타단일로,원동기장치자전거,
2016.5.27 12:00,주간,금,1,1,1,차대사람,길가장자리구역통행중,길가장자리구역통행중,단일로,기타단일로,화물차,보행자
2016.6.2 10:00,주간,목,1,0,0,차량단독,기타,기타,단일로,기타단일로,승합차,
2016.6.2 19:00,야간,목,1,0,0,차량단독,공작물충돌,공작물충돌,단일로,기타단일로,화물차,
2016.6.3 1:00,야간,금,1,0,0,차량단독,공작물충돌,공작물충돌,교차로,교차로내,승용차,
2016.5.4 17:00,주간,수,1,0,0,차대사람,횡단중,횡단중,단일로,기타단일로,화물차,보행자
2016.5.5 0:00,야간,목,1,0,0,차대차,기타,기타,단일로,기타단일로,승용차,화물차
2016.5.7 15:00,주간,토,1,0,0,차대차,측면직각충돌,측면직각충돌,단일로,기타단일로,이륜차,승용차
2016.5.13 12:00,주간,금,1,0,0,차량단독,전도전복,전도전복,단일로,기타단일로,이륜차,
2016.5.12 19:00,야간,목,1,0,0,차량단독,전도전복,전도전복,교차로,교차로내,화물차,
2016.5.11 6:00,주간,수,1,0,0,차량단독,공작물충돌,공작물충돌,단일로,기타단일로,승용차,
2016.5.14 17:00,주간,토,1,0,0,차대사람,차도통행중,차도통행중,교차로,교차로부근,화물차,보행자
2016.5.20 9:00,주간,금,1,0,4,차대차,추돌,진행중 추돌,단일로,기타단일로,이륜차,승용차
2016.5.23 11:00,주간,월,1,0,0,차대사람,횡단중,횡단중,교차로,교차로부근,승용차,보행자
2016.5.22 11:00,주간,일,1,0,0,차량단독,전도전복,전도전복,교차로,교차로내,농기계,
2016.5.22 11:00,주간,일,1,0,0,차량단독,전도전복,전도전복,단일로,기타단일로,원동기장치자전거,
2016.5.23 3:00,야간,월,1,0,0,차대사람,횡단중,횡단중,단일로,기타단일로,승합차,보행자
2016.5.22 13:00,주간,일,1,0,0,차량단독,전도전복,전도전복,단일로,기타단일로,화물차,
2016.5.26 17:00,주간,목,1,0,0,차대사람,횡단중,횡단중,단일로,기타단일로,원동기장치자전거,보행자
2016.6.2 3:00,야간,목,1,0,0,차량단독,공작물충돌,공작물충돌,지하도로내,지하도로내,이륜차,
2016.6.2 5:00,야간,목,1,0,0,차대사람,횡단중,횡단중,단일로,기타단일로,승합차,보행자
2016.6.3 1:00,야간,금,1,0,0,차대사람,기타,기타,단일로,기타단일로,승용차,보행자
2016.6.3 20:00,야간,금,1,0,0,차대사람,길가장자리구역통행중,길가장자리구역통행중,교차로,교차로내,승용차,보행자
2016.6.2 1:00,야간,목,1,0,0,차대사람,횡단중,횡단중,교차로,교차로내,승용차,보행자
2016.5.9 12:00,주간,월,1,0,0,차량단독,전도전복,전도전복,교차로,교차로내,이륜차,
2016.5.7 12:00,주간,토,1,0,4,차대차,정면충돌,정면충돌,교차로,교차로내,승용차,승용차
2016.5.10 22:00,야간,화,1,0,0,차대사람,횡단중,횡단중,단일로,기타단일로,승용차,보행자
2016.5.20 8:00,주간,금,1,0,0,차량단독,전도전복,전도전복,단일로,기타단일로,이륜차,
2016.5.18 20:00,야간,수,1,0,0,차량단독,공작물충돌,공작물충돌,단일로,기타단일로,화물차,
2016.5.23 21:00,야간,월,1,0,0,차량단독,전도전복,전도전복,단일로,기타단일로,승용차,
2016.5.22 11:00,주간,일,1,1,0,차대차,추돌,진행중 추돌,단일로,기타단일로,이륜차,이륜차
2016.5.22 14:00,주간,일,1,0,0,차대차,추돌,진행중 추돌,단일로,기타단일로,승용차,이륜차
2016.5.22 23:00,야간,일,1,0,0,차대사람,횡단중,횡단중,단일로,기타단일로,승용차,보행자
2016.5.28 14:00,주간,토,1,0,0,차대사람,기타,기타,단일로,기타단일로,승용차,보행자
2016.5.26 22:00,야간,목,1,2,0,차대차,정면충돌,정면충돌,단일로,기타단일로,승용차,승용차
2016.5.25 9:00,주간,수,1,0,0,차대차,측면직각충돌,측면직각충돌,교차로,교차로내,자전거,승용차
2016.5.26 19:00,야간,목,1,0,1,차대차,측면직각충돌,측면직각충돌,단일로,기타단일로,농기계,승용차
2016.6.1 21:00,야간,수,1,0,0,차대사람,길가장자리구역통행중,길가장자리구역통행중,교차로,교차로부근,승용차,보행자
2016.6.3 7:00,주간,금,1,0,0,차대차,추돌,진행중 추돌,교차로,교차로부근,승용차,자전거
2016.6.3 1:00,야간,금,1,0,0,차량단독,전도전복,전도전복,단일로,기타단일로,승용차,
2016.5.6 4:00,야간,금,1,1,0,차량단독,공작물충돌,공작물충돌,단일로,기타단일로,원동기장치자전거,
2016.5.10 13:00,주간,화,1,0,0,차대사람,횡단중,횡단중,단일로,횡단보도상,승용차,보행자
2016.5.7 14:00,주간,토,1,1,0,차대차,추돌,진행중 추돌,단일로,기타단일로,건설기계,농기계
2016.6.3 2:00,야간,금,1,0,1,차대차,정면충돌,정면충돌,교차로,교차로내,이륜차,화물차
2016.6.3 1:00,야간,금,1,0,0,차대사람,기타,기타,단일로,기타단일로,승용차,보행자
2016.6.3 10:00,주간,금,1,0,0,차대차,정면충돌,정면충돌,단일로,기타단일로,화물차,이륜차
2016.6.3 13:00,주간,금,1,0,0,차량단독,전도전복,전도전복,단일로,기타단일로,원동기장치자전거,
2016.6.3 19:00,야간,금,1,0,0,차대차,기타,기타,단일로,기타단일로,원동기장치자전거,승용차
2016.5.9 13:00,주간,월,1,0,0,차대차,측면직각충돌,측면직각충돌,교차로,교차로내,화물차,이륜차
2016.5.9 15:00,주간,월,1,0,0,차대차,측면직각충돌,측면직각충돌,단일로,기타단일로,화물차,이륜차
2016.5.12 7:00,주간,목,1,0,0,차대사람,횡단중,횡단중,단일로,기타단일로,승합차,보행자
2016.5.11 12:00,주간,수,1,0,0,차대차,정면충돌,정면충돌,교차로,교차로내,건설기계,자전거
2016.5.12 8:00,주간,목,1,1,0,차대차,정면충돌,정면충돌,단일로,기타단일로,특수차,승용차
2016.5.15 22:00,야간,일,1,0,0,차량단독,기타,기타,단일로,기타단일로,승용차,
2016.5.20 11:00,주간,금,1,0,0,차대차,추돌,진행중 추돌,단일로,기타단일로,승용차,이륜차
2016.5.19 15:00,주간,목,1,1,0,차대차,추돌,진행중 추돌,단일로,기타단일로,화물차,화물차
2016.5.19 22:00,야간,목,1,0,0,차대사람,횡단중,횡단중,단일로,기타단일로,승용차,보행자
2016.5.23 20:00,야간,월,1,0,0,차대사람,횡단중,횡단중,단일로,횡단보도상,승용차,보행자
2016.6.5 14:00,주간,일,1,0,0,차량단독,전도전복,전도전복,단일로,기타단일로,승용차,
2016.6.3 3:00,야간,금,1,0,0,차대사람,기타,기타,단일로,기타단일로,화물차,보행자
2016.6.1 23:00,야간,수,1,0,0,차대사람,횡단중,횡단중,교차로,교차로내,승용차,보행자
2016.6.3 8:00,주간,금,1,1,0,차대차,측면직각충돌,측면직각충돌,단일로,기타단일로,승용차,원동기장치자전거
2016.6.3 5:00,야간,금,1,0,0,차대차,측면직각충돌,측면직각충돌,교차로,교차로내,화물차,이륜차
2016.6.3 8:00,주간,금,1,0,0,차대차,측면직각충돌,측면직각충돌,단일로,기타단일로,농기계,특수차
2016.5.4 11:00,주간,수,1,1,0,차대사람,횡단중,횡단중,교차로,교차로내,이륜차,보행자
2016.5.4 17:00,주간,수,1,0,0,차량단독,전도전복,전도전복,단일로,기타단일로,원동기장치자전거,
2016.5.10 0:00,야간,화,1,0,0,차대사람,횡단중,횡단중,단일로,기타단일로,승용차,보행자
2016.5.12 20:00,야간,목,1,0,0,차대사람,횡단중,횡단중,교차로,교차로부근,화물차,보행자
2016.5.11 17:00,주간,수,1,0,0,차대차,측면직각충돌,측면직각충돌,단일로,기타단일로,승합차,자전거
2016.6.25 21:00,야간,토,1,0,0,차대사람,횡단중,횡단중,단일로,기타단일로,승용차,보행자
2016.6.26 13:00,주간,일,1,0,0,차대차,정면충돌,정면충돌,교차로,교차로내,승용차,이륜차
2016.6.30 7:00,주간,목,1,0,1,차대차,측면직각충돌,측면직각충돌,교차로,교차로내,승용차,건설기계
2016.6.30 22:00,야간,목,1,0,0,차대사람,기타,기타,교차로,교차로내,승용차,보행자
2016.6.30 15:00,주간,목,1,0,0,차대차,추돌,진행중 추돌,교차로,교차로부근,자전거,화물차
2016.6.29 4:00,야간,수,1,0,0,차대사람,횡단중,횡단중,단일로,기타단일로,승용차,보행자
2016.7.4 23:00,야간,월,1,0,0,차대사람,기타,기타,단일로,기타단일로,승용차,보행자
2016.7.4 9:00,주간,월,1,0,0,차대차,측면직각충돌,측면직각충돌,단일로,기타단일로,화물차,자전거
2016.7.3 14:00,주간,일,2,2,0,차대차,정면충돌,정면충돌,단일로,기타단일로,승용차,승용차
2016.7.3 12:00,주간,일,1,0,0,차대차,측면직각충돌,측면직각충돌,교차로,교차로부근,자전거,승용차
2016.7.8 20:00,야간,금,1,0,0,차대차,추돌,진행중 추돌,단일로,기타단일로,승합차,농기계
2016.7.9 1:00,야간,토,1,0,0,차대차,추돌,진행중 추돌,교차로,교차로부근,원동기장치자전거,승용차
2016.7.9 3:00,야간,토,1,0,0,차대차,측면직각충돌,측면직각충돌,교차로,교차로내,화물차,이륜차
2016.7.9 11:00,주간,토,1,0,0,차대차,측면직각충돌,측면직각충돌,단일로,기타단일로,승용차,자전거
2016.7.8 11:00,주간,금,1,0,0,차대차,기타,기타,교차로,교차로부근,원동기장치자전거,화물차
2016.7.6 23:00,야간,수,1,0,0,차대사람,기타,기타,단일로,기타단일로,승용차,보행자
2016.7.7 18:00,야간,목,1,0,0,차량단독,전도전복,전도전복,단일로,기타단일로,농기계,
2016.8.22 20:00,야간,월,1,0,0,차대사람,횡단중,횡단중,교차로,교차로부근,승합차,보행자
2016.8.22 18:00,야간,월,1,0,1,차대차,측면직각충돌,측면직각충돌,교차로,교차로내,원동기장치자전거,화물차
2016.8.21 23:00,야간,일,1,0,0,차대사람,기타,기타,기타/불명,기타/불명,승용차,보행자
2016.8.27 10:00,주간,토,1,0,0,차대차,기타,기타,단일로,기타단일로,원동기장치자전거,승용차
2016.9.12 12:00,주간,월,2,1,0,차대차,기타,기타,교차로,교차로부근,승용차,화물차
2016.9.9 5:00,야간,금,1,0,0,차대차,측면직각충돌,측면직각충돌,교차로,교차로부근,승용차,자전거
2016.9.14 12:00,주간,수,1,0,0,차량단독,공작물충돌,공작물충돌,단일로,기타단일로,이륜차,
2016.7.18 0:00,야간,월,1,0,0,차대차,측면직각충돌,측면직각충돌,교차로,교차로내,원동기장치자전거,승용차
2016.7.19 7:00,주간,화,1,0,0,차량단독,전도전복,전도전복,단일로,기타단일로,농기계,
2016.7.24 3:00,야간,일,1,0,0,차량단독,공작물충돌,공작물충돌,교차로,교차로부근,승용차,
2016.7.24 5:00,야간,일,1,1,0,차량단독,전도전복,전도전복,교차로,교차로부근,이륜차,
2016.7.24 21:00,야간,일,1,0,0,차대사람,기타,기타,단일로,기타단일로,승용차,보행자
2016.7.23 1:00,야간,토,1,0,0,차대사람,기타,기타,교차로,교차로부근,승용차,보행자
2016.7.22 20:00,야간,금,1,0,0,차대사람,횡단중,횡단중,단일로,횡단보도상,승용차,보행자
2016.7.27 11:00,주간,수,1,1,0,차대차,추돌,진행중 추돌,교차로,교차로부근,화물차,화물차
2016.7.26 11:00,주간,화,1,1,1,차대차,측면직각충돌,측면직각충돌,교차로,교차로내,승용차,건설기계
2016.7.27 7:00,주간,수,1,0,0,차대사람,기타,기타,단일로,횡단보도상,승용차,보행자
2016.7.31 20:00,야간,일,1,0,0,차대차,측면직각충돌,측면직각충돌,교차로,교차로부근,이륜차,승용차
2016.8.1 15:00,주간,월,1,0,0,차량단독,공작물충돌,공작물충돌,단일로,기타단일로,화물차,
2016.7.31 6:00,주간,일,1,0,0,차대사람,기타,기타,단일로,기타단일로,화물차,보행자
2016.7.31 0:00,야간,일,1,1,0,차량단독,공작물충돌,공작물충돌,기타/불명,기타/불명,승용차,
2016.8.4 12:00,주간,목,1,0,0,차량단독,전도전복,전도전복,단일로,기타단일로,자전거,
2016.8.9 16:00,주간,화,1,0,0,차대차,측면직각충돌,측면직각충돌,교차로,교차로내,승용차,이륜차
2016.8.14 14:00,주간,일,1,8,18,차대차,정면충돌,정면충돌,단일로,터널안,화물차,승용차
2016.8.16 22:00,야간,화,1,1,0,차대차,측면직각충돌,측면직각충돌,교차로,교차로내,승용차,이륜차
2016.8.21 1:00,야간,일,1,1,0,차량단독,전도전복,전도전복,단일로,기타단일로,승용차,
2016.8.19 7:00,주간,금,1,0,0,차대차,정면충돌,정면충돌,단일로,교량위,승용차,건설기계
2016.8.28 22:00,야간,일,1,0,0,차량단독,공작물충돌,공작물충돌,단일로,기타단일로,승합차,
2016.8.26 3:00,야간,금,1,0,0,차대사람,횡단중,횡단중,단일로,횡단보도상,승용차,보행자
2016.8.26 16:00,주간,금,1,0,0,차대차,기타,기타,교차로,교차로부근,승용차,원동기장치자전거
2016.9.15 12:00,주간,목,1,1,0,차량단독,공작물충돌,공작물충돌,단일로,기타단일로,승용차,
2016.9.17 6:00,주간,토,1,0,0,차대차,측면직각충돌,측면직각충돌,단일로,기타단일로,승용차,화물차
2016.9.17 23:00,야간,토,1,0,0,차대사람,기타,기타,단일로,기타단일로,승용차,보행자
2016.7.28 4:00,야간,목,1,0,0,차량단독,전도전복,전도전복,단일로,기타단일로,농기계,
2016.8.4 12:00,주간,목,1,0,0,차대차,측면직각충돌,측면직각충돌,단일로,기타단일로,원동기장치자전거,승용차
2016.8.4 11:00,주간,목,1,4,1,차대사람,기타,기타,단일로,기타단일로,승합차,보행자
2016.8.2 10:00,주간,화,1,0,0,차량단독,전도전복,전도전복,기타/불명,기타/불명,농기계,
2016.8.9 8:00,주간,화,1,0,0,차대차,측면직각충돌,측면직각충돌,교차로,교차로내,화물차,원동기장치자전거
2016.8.9 15:00,주간,화,1,0,0,차대차,측면직각충돌,측면직각충돌,교차로,교차로부근,원동기장치자전거,건설기계
2016.8.8 21:00,야간,월,1,0,0,차대사람,횡단중,횡단중,단일로,기타단일로,승용차,보행자
2016.8.7 3:00,야간,일,1,0,0,차량단독,기타,기타,단일로,기타단일로,화물차,
2016.8.6 14:00,주간,토,1,0,0,차대차,추돌,진행중 추돌,단일로,기타단일로,승용차,이륜차
2016.11.21 17:00,주간,월,1,0,0,차대차,추돌,진행중 추돌,단일로,기타단일로,화물차,건설기계
2016.11.23 10:00,주간,수,1,1,0,차대차,추돌,진행중 추돌,단일로,기타단일로,화물차,화물차
2016.11.23 22:00,야간,수,1,0,1,차대차,추돌,진행중 추돌,단일로,기타단일로,승용차,화물차
2016.11.24 13:00,주간,목,1,0,0,차대차,측면직각충돌,측면직각충돌,교차로,교차로부근,건설기계,자전거
2016.11.2 13:00,주간,수,1,0,1,차대차,추돌,진행중 추돌,교차로,교차로부근,화물차,승합차
2016.10.30 20:00,야간,일,1,0,0,차대사람,횡단중,횡단중,단일로,기타단일로,승용차,보행자
2016.11.4 18:00,야간,금,1,0,0,차대사람,횡단중,횡단중,단일로,횡단보도부근,승용차,보행자
2016.11.2 3:00,야간,수,1,0,0,차량단독,공작물충돌,공작물충돌,단일로,기타단일로,이륜차,
2016.12.7 20:00,야간,수,1,0,1,차대차,측면직각충돌,측면직각충돌,교차로,교차로내,화물차,승용차
2016.12.10 21:00,야간,토,1,0,0,차대사람,횡단중,횡단중,단일로,기타단일로,승용차,보행자
2016.12.10 3:00,야간,토,1,0,0,차대사람,횡단중,횡단중,단일로,기타단일로,승용차,보행자
2016.12.7 21:00,야간,수,1,0,0,차대사람,횡단중,횡단중,단일로,기타단일로,승용차,보행자
2016.12.27 18:00,야간,화,1,0,0,차대사람,횡단중,횡단중,교차로,교차로내,승용차,보행자
2016.12.21 16:00,주간,수,1,0,0,차량단독,공작물충돌,공작물충돌,단일로,기타단일로,승용차,
2016.12.21 15:00,주간,수,1,0,0,차대사람,길가장자리구역통행중,길가장자리구역통행중,단일로,기타단일로,승용차,보행자
2016.12.23 11:00,주간,금,1,0,0,차대사람,차도통행중,차도통행중,단일로,기타단일로,화물차,보행자
2016.10.2 19:00,야간,일,1,0,0,차대사람,기타,기타,단일로,기타단일로,승용차,보행자
2016.11.6 19:00,야간,일,1,0,2,차대사람,횡단중,횡단중,단일로,기타단일로,승용차,보행자
2016.11.11 0:00,야간,금,1,0,0,차량단독,공작물충돌,공작물충돌,단일로,기타단일로,승용차,
2016.11.7 18:00,야간,월,1,0,0,차대사람,횡단중,횡단중,교차로,교차로부근,화물차,보행자
2016.11.12 15:00,주간,토,1,0,0,차대사람,기타,기타,단일로,기타단일로,승용차,보행자
2016.11.12 5:00,야간,토,1,2,0,차대차,측면직각충돌,측면직각충돌,교차로,교차로내,이륜차,승용차
2016.11.12 13:00,주간,토,1,0,0,차대차,측면직각충돌,측면직각충돌,단일로,기타단일로,승용차,이륜차
2016.11.9 18:00,야간,수,1,0,0,차대사람,차도통행중,차도통행중,단일로,기타단일로,승용차,보행자
2016.11.6 6:00,주간,일,1,0,0,차대사람,기타,기타,단일로,기타단일로,승용차,보행자
2016.11.17 14:00,주간,목,1,0,0,차대차,추돌,진행중 추돌,단일로,기타단일로,화물차,자전거
2016.11.16 6:00,주간,수,1,0,0,차대차,측면직각충돌,측면직각충돌,단일로,기타단일로,승용차,화물차
2016.11.26 0:00,야간,토,1,0,0,차량단독,공작물충돌,공작물충돌,단일로,기타단일로,승용차,
2016.11.26 20:00,야간,토,1,0,0,차대사람,횡단중,횡단중,교차로,교차로내,화물차,보행자
2016.11.26 16:00,주간,토,1,0,2,차대차,정면충돌,정면충돌,교차로,교차로내,화물차,승용차
2016.11.21 20:00,야간,월,1,0,0,차대차,정면충돌,정면충돌,단일로,기타단일로,승용차,화물차
2016.11.21 18:00,야간,월,2,1,0,차대차,추돌,진행중 추돌,단일로,기타단일로,화물차,건설기계
2016.11.27 6:00,주간,일,2,0,0,차대사람,기타,기타,단일로,기타단일로,화물차,보행자
2016.11.1 10:00,주간,화,1,0,0,차대사람,횡단중,횡단중,단일로,기타단일로,승용차,보행자
2016.10.29 18:00,야간,토,1,0,1,차대차,측면직각충돌,측면직각충돌,교차로,교차로내,승용차,원동기장치자전거
2016.10.31 6:00,주간,월,1,0,0,차대사람,횡단중,횡단중,기타/불명,기타/불명,화물차,보행자
2016.11.2 12:00,주간,수,1,0,0,차대차,측면직각충돌,측면직각충돌,단일로,기타단일로,승합차,자전거
2016.11.2 14:00,주간,수,1,0,0,차대차,기타,기타,단일로,기타단일로,농기계,승합차
2016.11.2 10:00,주간,수,1,1,0,차대사람,차도통행중,차도통행중,단일로,기타단일로,화물차,보행자
2016.11.3 5:00,야간,목,1,0,0,차대차,기타,기타,교차로,교차로부근,자전거,승합차
2016.10.30 21:00,야간,일,1,0,0,차대차,측면직각충돌,측면직각충돌,단일로,기타단일로,승용차,승용차
2016.10.30 12:00,주간,일,1,0,1,차대차,추돌,진행중 추돌,단일로,기타단일로,승용차,승용차
2016.6.7 23:00,야간,화,1,1,0,차대차,정면충돌,정면충돌,고가도로위,고가도로위,승용차,승용차
2016.6.6 21:00,야간,월,1,0,0,차대사람,횡단중,횡단중,단일로,기타단일로,승용차,보행자
2016.6.7 11:00,주간,화,1,2,3,차대차,정면충돌,정면충돌,단일로,기타단일로,승용차,승합차
2016.6.12 0:00,야간,일,1,0,0,차대사람,기타,기타,교차로,교차로부근,승용차,보행자
2016.6.11 18:00,야간,토,1,0,0,차대차,기타,기타,교차로,교차로내,승용차,원동기장치자전거
2016.6.16 22:00,야간,목,1,0,0,차대사람,차도통행중,차도통행중,단일로,기타단일로,승용차,보행자
2016.6.14 18:00,야간,화,1,0,0,차대사람,횡단중,횡단중,단일로,기타단일로,승용차,보행자
2016.6.23 16:00,주간,목,1,0,0,차량단독,전도전복,전도전복,단일로,기타단일로,화물차,
2016.6.24 16:00,주간,금,1,0,0,차대사람,횡단중,횡단중,교차로,교차로내,승용차,보행자
2016.6.22 11:00,주간,수,1,0,1,차대차,추돌,진행중 추돌,교차로,교차로부근,화물차,화물차
2016.7.1 18:00,야간,금,1,3,0,차대사람,기타,기타,교차로,교차로부근,승용차,보행자
2016.6.29 12:00,주간,수,1,0,0,차량단독,전도전복,전도전복,단일로,기타단일로,농기계,
2016.6.30 11:00,주간,목,1,0,0,차량단독,기타,기타,단일로,기타단일로,농기계,
2016.6.30 8:00,주간,목,1,0,0,차량단독,전도전복,전도전복,단일로,기타단일로,화물차,
2016.6.28 22:00,야간,화,1,0,0,차대차,측면직각충돌,측면직각충돌,단일로,기타단일로,승용차,이륜차
2016.7.6 1:00,야간,수,1,0,0,차대사람,횡단중,횡단중,교차로,교차로부근,승용차,보행자
2016.7.3 22:00,야간,일,1,0,0,차대사람,횡단중,횡단중,교차로,교차로부근,승용차,보행자
2016.7.5 7:00,주간,화,1,0,0,차량단독,기타,기타,교차로,교차로부근,승용차,
2016.7.10 11:00,주간,일,1,0,0,차대차,측면직각충돌,측면직각충돌,교차로,교차로내,화물차,이륜차
2016.7.9 9:00,주간,토,1,0,0,차대차,추돌,진행중 추돌,단일로,기타단일로,이륜차,화물차
2016.7.8 20:00,야간,금,1,1,0,차대차,측면직각충돌,측면직각충돌,교차로,교차로내,이륜차,승용차
2016.7.8 20:00,야간,금,1,0,0,차대사람,횡단중,횡단중,단일로,횡단보도상,승용차,보행자
2016.7.8 19:00,야간,금,1,0,0,차대사람,보도통행중,보도통행중,단일로,기타단일로,자전거,보행자
2016.6.7 22:00,야간,화,1,0,0,차대사람,횡단중,횡단중,단일로,기타단일로,승용차,보행자
2016.7.7 23:00,야간,목,1,0,0,차대사람,횡단중,횡단중,단일로,기타단일로,승용차,보행자
2016.7.7 22:00,야간,목,1,0,0,차대사람,차도통행중,차도통행중,단일로,기타단일로,승용차,보행자
2016.6.9 10:00,주간,목,1,0,0,차대차,측면직각충돌,측면직각충돌,교차로,교차로내,화물차,이륜차
2016.6.5 20:00,야간,일,1,0,0,차대사람,횡단중,횡단중,교차로,교차로내,승합차,보행자
2016.6.6 15:00,주간,월,1,0,0,차대차,기타,기타,단일로,기타단일로,이륜차,특수차
2016.6.12 15:00,주간,일,1,2,2,차대차,측면직각충돌,측면직각충돌,단일로,기타단일로,승용차,승용차
2016.6.13 14:00,주간,월,1,0,1,차대차,추돌,진행중 추돌,지하도로내,지하도로내,승합차,승용차
2016.6.12 12:00,주간,일,1,1,0,차량단독,공작물충돌,공작물충돌,단일로,기타단일로,승용차,
2016.6.13 12:00,주간,월,1,1,0,차대사람,횡단중,횡단중,단일로,기타단일로,승용차,보행자
2016.6.15 20:00,야간,수,1,0,0,차대사람,횡단중,횡단중,교차로,교차로부근,자전거,보행자
2016.6.16 5:00,야간,목,1,0,0,차대사람,차도통행중,차도통행중,단일로,기타단일로,승용차,보행자
2016.6.14 19:00,야간,화,1,0,0,차대사람,기타,기타,단일로,기타단일로,화물차,보행자
2016.6.13 23:00,야간,월,1,0,0,차대사람,횡단중,횡단중,교차로,교차로부근,승용차,보행자
2016.6.18 21:00,야간,토,1,0,0,차대사람,횡단중,횡단중,단일로,기타단일로,승용차,보행자
2016.6.20 12:00,주간,월,1,0,0,차량단독,공작물충돌,공작물충돌,단일로,기타단일로,승용차,
2016.6.17 11:00,주간,금,1,0,0,차대사람,횡단중,횡단중,교차로,교차로내,화물차,보행자
2016.6.24 4:00,야간,금,1,0,0,차량단독,전도전복,전도전복,교차로,교차로내,화물차,
2016.6.24 8:00,주간,금,1,4,1,차대차,기타,기타,교차로,교차로부근,특수차,화물차
2016.8.13 22:00,야간,토,1,0,0,차대사람,횡단중,횡단중,교차로,교차로부근,승용차,보행자
2016.8.12 17:00,주간,금,1,0,0,차량단독,도로이탈,도로이탈 추락,교차로,교차로부근,이륜차,
2016.8.12 19:00,야간,금,1,1,0,차대차,추돌,진행중 추돌,단일로,기타단일로,승용차,농기계
2016.8.14 22:00,야간,일,1,0,0,차대사람,차도통행중,차도통행중,단일로,기타단일로,승용차,보행자
2016.8.20 18:00,야간,토,1,0,0,차량단독,전도전복,전도전복,단일로,기타단일로,이륜차,
2016.8.22 17:00,주간,월,1,0,0,차대사람,횡단중,횡단중,단일로,횡단보도부근,승용차,보행자
2016.8.23 1:00,야간,화,1,1,1,차대차,정면충돌,정면충돌,교차로,교차로내,승용차,승용차
2016.8.26 13:00,주간,금,2,0,0,차량단독,전도전복,전도전복,교차로,교차로내,승용차,
2016.8.27 4:00,야간,토,1,0,0,차대차,추돌,진행중 추돌,교차로,교차로부근,원동기장치자전거,화물차
2016.8.27 8:00,주간,토,1,0,0,차대사람,횡단중,횡단중,단일로,기타단일로,승용차,보행자
2016.9.8 1:00,야간,목,1,1,0,차대사람,차도통행중,차도통행중,단일로,기타단일로,승용차,보행자
2016.7.22 14:00,주간,금,1,0,0,차대차,정면충돌,정면충돌,단일로,기타단일로,승용차,화물차
2016.7.22 8:00,주간,금,1,0,0,차대사람,횡단중,횡단중,교차로,교차로내,승용차,보행자
2016.7.22 20:00,야간,금,1,0,0,차대차,측면직각충돌,측면직각충돌,단일로,기타단일로,화물차,자전거
2016.7.22 21:00,야간,금,1,0,1,차대사람,횡단중,횡단중,교차로,교차로내,승용차,보행자
2016.7.29 7:00,주간,금,1,0,0,차대차,기타,기타,단일로,기타단일로,화물차,원동기장치자전거
2016.7.27 16:00,주간,수,1,0,0,차대차,측면직각충돌,측면직각충돌,단일로,기타단일로,화물차,원동기장치자전거
2016.7.26 15:00,주간,화,1,0,1,차대차,정면충돌,정면충돌,단일로,기타단일로,승용차,화물차