발생년월일시,주야,요일,사망자수,중상자수,경상자수,사고유형_대분류,사고유형_중분류,사고유형,도로형태_대분류,도로형태,당사자종별_1당_대분류,당사자종별_2당_대분류
2016.2.16 18:00,야간,화,1,0,0,차대사람,횡단중,횡단중,단일로,기타단일로,승용차,보행자
2016.2.23 19:00,야간,화,1,0,0,차대사람,횡단중,횡단중,단일로,교량위,승용차,보행자
2016.2.22 20:00,야간,월,1,0,0,차대사람,차도통행중,차도통행중,단일로,기타단일로,승합차,보행자
2016.2.25 7:00,주간,목,1,0,0,차대차,측면직각충돌,측면직각충돌,교차로,교차로내,화물차,승합차
2016.2.26 18:00,야간,금,1,9,7,차대차,측면직각충돌,측면직각충돌,교차로,교차로내,화물차,승합차
2016.3.4 19:00,야간,금,1,0,1,차대차,측면직각충돌,측면직각충돌,단일로,기타단일로,승용차,승용차
2016.3.5 19:00,야간,토,1,0,0,차대사람,차도통행중,차도통행중,단일로,기타단일로,승용차,보행자
2016.3.5 11:00,주간,토,1,0,0,차대사람,횡단중,횡단중,단일로,기타단일로,화물차,보행자
2016.2.8 11:00,주간,월,1,4,2,차대차,기타,기타,단일로,기타단일로,화물차,승용차
2016.2.17 21:00,야간,수,1,0,0,차대차,정면충돌,정면충돌,단일로,기타단일로,승용차,승용차
2016.2.22 16:00,주간,월,1,0,0,차대차,정면충돌,정면충돌,단일로,기타단일로,화물차,자전거
2016.2.22 22:00,야간,월,1,0,0,차량단독,공작물충돌,공작물충돌,단일로,기타단일로,승용차,
2016.2.29 4:00,야간,월,1,0,1,차대차,측면직각충돌,측면직각충돌,교차로,교차로내,승용차,승합차
2016.2.27 4:00,야간,토,1,0,0,차대사람,횡단중,횡단중,단일로,횡단보도상,화물차,보행자
2016.2.27 0:00,야간,토,1,0,0,차대차,추돌,진행중 추돌,지하도로내,지하도로내,승용차,화물차
2016.2.25 23:00,야간,목,1,0,0,차대사람,기타,기타,단일로,기타단일로,승용차,보행자
2016.3.10 23:00,야간,목,1,0,0,차량단독,전도전복,전도전복,단일로,기타단일로,승용차,
2016.3.11 11:00,주간,금,1,6,0,차대차,측면직각충돌,측면직각충돌,교차로,교차로내,승합차,특수차
2016.3.10 17:00,주간,목,1,0,0,차대사람,길가장자리구역통행중,길가장자리구역통행중,교차로,교차로부근,승합차,보행자
2016.2.17 18:00,야간,수,1,0,0,차대사람,횡단중,횡단중,단일로,기타단일로,승용차,보행자
2016.2.23 20:00,야간,화,1,0,1,차대차,정면충돌,정면충돌,단일로,교량위,화물차,승용차
2016.2.6 19:00,야간,토,1,0,0,차대사람,횡단중,횡단중,교차로,교차로내,승용차,보행자
2016.2.16 4:00,야간,화,1,0,0,차대사람,횡단중,횡단중,단일로,기타단일로,승용차,보행자
2016.2.17 6:00,주간,수,1,0,0,차대사람,횡단중,횡단중,단일로,기타단일로,화물차,보행자
2016.2.25 7:00,주간,목,1,0,0,차대사람,횡단중,횡단중,단일로,기타단일로,건설기계,보행자
2016.2.24 6:00,주간,수,1,0,0,차대사람,횡단중,횡단중,단일로,기타단일로,승용차,보행자
2016.2.20 23:00,야간,토,1,2,0,차량단독,공작물충돌,공작물충돌,단일로,기타단일로,승용차,
2016.2.21 11:00,주간,일,1,0,0,차량단독,전도전복,전도전복,단일로,기타단일로,농기계,
2016.2.27 9:00,주간,토,1,0,0,차대사람,기타,기타,단일로,기타단일로,화물차,보행자
2016.2.26 22:00,야간,금,1,0,0,차대사람,기타,기타,단일로,기타단일로,승용차,보행자
2016.3.4 5:00,야간,금,1,1,1,차대사람,기타,기타,단일로,기타단일로,원동기장치자전거,보행자
2016.3.2 15:00,주간,수,1,0,1,차대차,측면직각충돌,측면직각충돌,교차로,교차로내,원동기장치자전거,승합차
2016.3.3 3:00,야간,목,1,0,0,차량단독,전도전복,전도전복,교차로,교차로부근,승용차,
2016.3.3 15:00,주간,목,1,0,0,차량단독,공작물충돌,공작물충돌,단일로,기타단일로,화물차,
2016.3.3 14:00,주간,목,1,0,0,차량단독,전도전복,전도전복,단일로,기타단일로,이륜차,
2016.3.2 11:00,주간,수,1,1,3,차대차,측면직각충돌,측면직각충돌,교차로,교차로내,승용차,승용차
2016.3.1 1:00,야간,화,1,0,0,차대사람,횡단중,횡단중,교차로,교차로부근,승합차,보행자
2016.3.1 9:00,주간,화,1,0,0,차량단독,전도전복,전도전복,단일로,기타단일로,이륜차,
2016.2.16 3:00,야간,화,1,0,0,차대사람,횡단중,횡단중,단일로,횡단보도상,화물차,보행자
2016.2.16 9:00,주간,화,1,0,0,차량단독,전도전복,전도전복,단일로,기타단일로,승용차,
2016.2.8 18:00,야간,월,1,0,0,차대사람,횡단중,횡단중,교차로,교차로내,승용차,보행자
2016.2.15 15:00,주간,월,1,0,0,차대사람,횡단중,횡단중,단일로,횡단보도상,건설기계,보행자
2016.2.23 18:00,야간,화,1,0,0,차대사람,횡단중,횡단중,교차로,교차로부근,승용차,보행자
2016.3.3 19:00,야간,목,1,0,0,차대사람,횡단중,횡단중,단일로,기타단일로,승용차,보행자
2016.3.3 21:00,야간,목,1,1,0,차대사람,횡단중,횡단중,단일로,횡단보도상,화물차,보행자
2016.3.2 9:00,주간,수,1,1,1,차대차,측면직각충돌,측면직각충돌,교차로,교차로내,승용차,이륜차
2016.3.1 23:00,야간,화,1,0,2,차대차,추돌,진행중 추돌,단일로,기타단일로,승용차,화물차
2016.3.2 6:00,주간,수,1,0,0,차량단독,기타,기타,단일로,기타단일로,원동기장치자전거,
2016.3.1 18:00,야간,화,1,1,0,차대차,정면충돌,정면충돌,단일로,기타단일로,승용차,화물차
2016.3.2 5:00,야간,수,1,0,0,차대사람,횡단중,횡단중,단일로,기타단일로,승용차,보행자
2016.3.1 1:00,야간,화,1,0,0,차대차,추돌,진행중 추돌,교차로,교차로내,승합차,이륜차
2016.2.13 17:00,주간,토,1,0,0,차대사람,횡단중,횡단중,단일로,기타단일로,승용차,보행자
2016.2.13 2:00,야간,토,1,0,0,차량단독,공작물충돌,공작물충돌,단일로,기타단일로,승용차,
2016.2.6 23:00,야간,토,1,0,0,차대사람,횡단중,횡단중,교차로,교차로부근,승용차,보행자
2016.3.2 16:00,주간,수,1,0,0,차대사람,횡단중,횡단중,교차로,교차로내,특수차,보행자
2016.3.1 7:00,주간,화,1,0,0,차대사람,횡단중,횡단중,단일로,횡단보도상,승용차,보행자
2016.3.1 20:00,야간,화,1,0,0,차대사람,횡단중,횡단중,교차로,교차로부근,화물차,보행자
2016.3.2 6:00,주간,수,1,0,0,차대사람,횡단중,횡단중,교차로,교차로내,승용차,보행자
2016.3.8 13:00,주간,화,1,0,1,차대차,추돌,진행중 추돌,단일로,기타단일로,승용차,승용차
2016.2.15 8:00,주간,월,1,0,2,차대차,정면충돌,정면충돌,교차로,교차로내,건설기계,승용차
2016.2.15 12:00,주간,월,1,0,0,차대차,측면직각충돌,측면직각충돌,교차로,교차로내,이륜차,화물차
2016.2.12 21:00,야간,금,1,0,3,차대차,측면직각충돌,측면직각충돌,교차로,교차로내,승용차,승용차
2016.2.14 19:00,야간,일,1,0,0,차량단독,전도전복,전도전복,단일로,기타단일로,이륜차,
2016.12.7 9:00,주간,수,1,0,0,차대사람,기타,기타,단일로,기타단일로,화물차,보행자
2016.4.25 2:00,야간,월,1,1,0,차대차,추돌,진행중 추돌,단일로,기타단일로,승용차,승용차
2016.12.1 12:00,주간,목,1,0,1,차대차,추돌,진행중 추돌,단일로,기타단일로,화물차,화물차
2016.9.25 1:00,야간,일,1,0,0,차대사람,기타,기타,단일로,기타단일로,화물차,보행자
2016.10.12 3:00,야간,수,1,0,1,차대차,추돌,진행중 추돌,단일로,기타단일로,화물차,화물차
2016.1.23 18:00,야간,토,1,0,0,차대사람,횡단중,횡단중,단일로,기타단일로,화물차,보행자
2016.1.29 8:00,주간,금,2,0,0,차대차,추돌,진행중 추돌,단일로,기타단일로,화물차,화물차
2016.1.29 19:00,야간,금,1,0,0,차대차,정면충돌,정면충돌,단일로,기타단일로,이륜차,화물차
2016.1.29 19:00,야간,금,1,0,0,차대사람,차도통행중,차도통행중,단일로,기타단일로,승용차,보행자
2016.1.27 15:00,주간,수,1,0,2,차대차,측면직각충돌,측면직각충돌,교차로,교차로내,이륜차,승용차
2016.1.28 19:00,야간,목,1,0,0,차대차,기타,기타,단일로,기타단일로,화물차,승용차
2016.1.27 14:00,주간,수,1,0,0,차량단독,공작물충돌,공작물충돌,교차로,교차로부근,승용차,
2016.2.3 10:00,주간,수,1,0,0,차대사람,기타,기타,단일로,기타단일로,화물차,보행자
2016.2.10 10:00,주간,수,1,0,0,차대사람,횡단중,횡단중,단일로,기타단일로,화물차,보행자
2016.2.10 5:00,야간,수,1,3,0,차대차,측면직각충돌,측면직각충돌,교차로,교차로내,승용차,승용차
2016.2.11 16:00,주간,목,1,0,0,차량단독,전도전복,전도전복,교차로,교차로내,농기계,
2016.2.9 20:00,야간,화,1,0,0,차대사람,횡단중,횡단중,단일로,기타단일로,승용차,보행자
2016.2.10 19:00,야간,수,1,0,0,차대사람,횡단중,횡단중,교차로,교차로내,승용차,보행자
2016.2.9 19:00,야간,화,1,0,0,차대차,추돌,진행중 추돌,단일로,기타단일로,승용차,자전거
2016.1.4 23:00,야간,월,3,0,0,차량단독,공작물충돌,공작물충돌,단일로,기타단일로,승용차,
2016.2.4 11:00,주간,목,1,0,0,차대차,추돌,진행중 추돌,단일로,기타단일로,승용차,화물차
2016.5.8 15:00,주간,일,1,1,1,차대차,추돌,진행중 추돌,단일로,기타단일로,승용차,승합차
2016.6.28 6:00,주간,화,1,0,0,차대차,추돌,진행중 추돌,기타/불명,기타/불명,화물차,화물차
2016.6.2 21:00,야간,목,1,0,0,차대차,추돌,진행중 추돌,단일로,기타단일로,승용차,화물차
2016.5.24 21:00,야간,화,1,0,0,차대사람,기타,기타,단일로,기타단일로,승합차,보행자
2016.7.1 16:00,주간,금,1,0,0,차대차,기타,기타,단일로,기타단일로,화물차,화물차
2016.12.2 13:00,주간,금,1,0,1,차대차,추돌,진행중 추돌,단일로,기타단일로,화물차,화물차
2016.11.10 1:00,야간,목,1,0,1,차대차,추돌,진행중 추돌,단일로,기타단일로,승용차,화물차
2016.11.29 6:00,주간,화,1,0,0,차대차,추돌,진행중 추돌,단일로,기타단일로,화물차,승용차
2016.8.22 16:00,주간,월,1,0,0,차량단독,공작물충돌,공작물충돌,단일로,기타단일로,승용차,
2016.9.8 0:00,야간,목,2,0,0,차대차,추돌,진행중 추돌,단일로,기타단일로,특수차,승용차
2016.8.18 23:00,야간,목,1,0,1,차대차,추돌,진행중 추돌,단일로,기타단일로,화물차,화물차
2016.5.13 0:00,야간,금,1,0,1,차대차,기타,기타,단일로,기타단일로,화물차,화물차
2016.6.30 3:00,야간,목,1,0,0,차대차,추돌,진행중 추돌,단일로,기타단일로,화물차,화물차
2016.6.28 23:00,야간,화,3,2,1,차대차,기타,기타,단일로,기타단일로,승용차,건설기계
2016.6.7 3:00,야간,화,1,0,1,차대차,추돌,진행중 추돌,단일로,기타단일로,화물차,화물차
2016.1.18 11:00,주간,월,1,0,0,차대사람,횡단중,횡단중,단일로,기타단일로,승용차,보행자
2016.1.19 5:00,야간,화,1,0,0,차대사람,횡단중,횡단중,단일로,횡단보도부근,승합차,보행자
2016.1.23 22:00,야간,토,1,0,0,차대사람,횡단중,횡단중,교차로,교차로내,승합차,보행자
2016.1.22 19:00,야간,금,1,0,0,차대차,측면직각충돌,측면직각충돌,교차로,교차로내,화물차,원동기장치자전거
2016.1.22 18:00,야간,금,1,0,0,차대사람,횡단중,횡단중,교차로,교차로부근,승합차,보행자
2016.1.27 18:00,야간,수,1,0,0,차대사람,횡단중,횡단중,단일로,기타단일로,승용차,보행자
2016.1.27 19:00,야간,수,1,0,0,차대사람,횡단중,횡단중,단일로,기타단일로,화물차,보행자
2016.1.27 18:00,야간,수,1,0,0,차대차,추돌,진행중 추돌,단일로,기타단일로,화물차,농기계
2016.2.2 18:00,야간,화,1,0,0,차대사람,횡단중,횡단중,교차로,교차로내,승용차,보행자
2016.2.3 7:00,주간,수,1,0,0,차량단독,전도전복,전도전복,단일로,기타단일로,농기계,
2016.2.3 10:00,주간,수,1,2,2,차대차,측면직각충돌,측면직각충돌,교차로,교차로내,승합차,승용차
2016.1.31 14:00,주간,일,1,0,0,차량단독,도로이탈,도로이탈 추락,단일로,기타단일로,건설기계,
2016.1.31 15:00,주간,일,1,0,0,차대사람,기타,기타,단일로,기타단일로,건설기계,보행자
2016.1.30 23:00,야간,토,1,0,0,차대사람,기타,기타,교차로,교차로내,승용차,보행자
2016.1.30 22:00,야간,토,1,0,0,차대사람,횡단중,횡단중,교차로,교차로내,화물차,보행자
2016.1.30 20:00,야간,토,1,0,0,차대사람,횡단중,횡단중,단일로,횡단보도부근,승용차,보행자
2016.1.30 7:00,주간,토,1,0,0,차대사람,횡단중,횡단중,교차로,교차로내,승합차,보행자
2016.11.12 21:00,야간,토,1,0,2,차대차,정면충돌,정면충돌,단일로,기타단일로,승용차,화물차
2016.1.2 18:00,야간,토,1,0,0,차대사람,횡단중,횡단중,단일로,기타단일로,승용차,보행자
2016.1.9 23:00,야간,토,2,0,0,차대차,기타,기타,교차로,교차로부근,승용차,승용차
2016.1.8 10:00,주간,금,1,0,0,차대차,측면직각충돌,측면직각충돌,단일로,기타단일로,화물차,자전거
2016.1.6 13:00,주간,수,1,0,0,차량단독,전도전복,전도전복,단일로,교량위,원동기장치자전거,
2016.1.16 15:00,주간,토,1,0,1,차대차,기타,기타,단일로,기타단일로,승용차,승용차
2016.1.22 1:00,야간,금,1,0,0,차량단독,기타,기타,단일로,기타단일로,이륜차,
2016.1.18 17:00,주간,월,1,1,1,차량단독,공작물충돌,공작물충돌,단일로,기타단일로,화물차,
2016.1.25 16:00,주간,월,1,0,0,차대사람,횡단중,횡단중,단일로,기타단일로,화물차,보행자
2016.1.30 3:00,야간,토,1,0,0,차대사람,횡단중,횡단중,단일로,기타단일로,승용차,보행자
2016.1.28 22:00,야간,목,1,0,0,차대차,추돌,진행중 추돌,단일로,기타단일로,화물차,화물차
2016.1.30 0:00,야간,토,1,0,0,차대사람,횡단중,횡단중,단일로,횡단보도부근,승용차,보행자
2016.1.27 15:00,주간,수,1,0,0,차대사람,횡단중,횡단중,교차로,교차로내,화물차,보행자
2016.1.28 10:00,주간,목,1,0,0,차대차,측면직각충돌,측면직각충돌,교차로,교차로내,화물차,화물차
2016.2.3 12:00,주간,수,1,0,0,차대차,측면직각충돌,측면직각충돌,교차로,교차로내,화물차,이륜차
2016.2.2 5:00,야간,화,1,0,0,차대사람,횡단중,횡단중,단일로,기타단일로,승용차,보행자
2016.2.1 21:00,야간,월,1,0,0,차대사람,횡단중,횡단중,단일로,기타단일로,승용차,보행자
2016.2.3 7:00,주간,수,1,0,0,차대차,측면직각충돌,측면직각충돌,교차로,교차로부근,이륜차,승용차
2016.2.10 16:00,주간,수,1,0,3,차대차,측면직각충돌,측면직각충돌,교차로,교차로내,승용차,승용차
2016.2.6 5:00,야간,토,1,0,1,차대차,추돌,진행중 추돌,교차로,교차로부근,승용차,화물차
2016.2.6 2:00,야간,토,1,1,0,차대사람,횡단중,횡단중,교차로,교차로내,승용차,보행자
2016.2.5 6:00,주간,금,1,0,0,차대사람,횡단중,횡단중,단일로,횡단보도상,승용차,보행자
2016.6.22 21:00,야간,수,1,0,1,차대차,추돌,진행중 추돌,단일로,기타단일로,화물차,화물차
2016.6.22 13:00,주간,수,2,2,2,차대차,추돌,진행중 추돌,단일로,기타단일로,특수차,화물차
2016.9.21 22:00,야간,수,1,2,0,차량단독,공작물충돌,공작물충돌,단일로,기타단일로,승용차,
2016.10.1 16:00,주간,토,1,3,4,차대차,추돌,진행중 추돌,단일로,기타단일로,건설기계,화물차
2016.11.2 10:00,주간,수,1,1,1,차대차,추돌,진행중 추돌,단일로,기타단일로,승용차,화물차
2016.3.3 6:00,주간,목,1,0,0,차대차,추돌,진행중 추돌,단일로,기타단일로,승용차,건설기계
2016.1.15 2:00,야간,금,1,0,0,차대차,측면직각충돌,측면직각충돌,단일로,기타단일로,승합차,승용차
2016.2.27 6:00,주간,토,1,1,4,차대차,측면직각충돌,측면직각충돌,단일로,기타단일로,승용차,승합차
2016.2.7 4:00,야간,일,1,0,7,차대차,추돌,진행중 추돌,단일로,교량위,승용차,승용차
2016.4.4 10:00,주간,월,1,0,0,차대차,추돌,진행중 추돌,단일로,기타단일로,화물차,화물차
2016.3.21 17:00,주간,월,1,0,0,차량단독,전도전복,전도전복,교차로,교차로내,농기계,
2016.10.14 1:00,야간,금,1,0,0,차량단독,공작물충돌,공작물충돌,단일로,기타단일로,승용차,
2016.2.24 6:00,주간,수,1,0,1,차대차,추돌,진행중 추돌,단일로,기타단일로,화물차,화물차
2016.1.11 14:00,주간,월,1,0,6,차대차,추돌,진행중 추돌,단일로,터널안,승합차,승용차
2016.5.4 9:00,주간,수,1,0,0,차대차,추돌,진행중 추돌,단일로,기타단일로,화물차,화물차
2016.11.12 4:00,야간,토,2,2,1,차대차,기타,기타,기타/불명,기타/불명,화물차,화물차
2016.10.5 3:00,야간,수,1,1,3,차대차,기타,기타,단일로,기타단일로,화물차,승용차
2016.7.19 20:00,야간,화,1,0,0,차대차,추돌,진행중 추돌,단일로,기타단일로,화물차,화물차
2016.5.7 11:00,주간,토,1,3,7,차대차,추돌,진행중 추돌,기타/불명,기타/불명,승용차,승용차
2016.3.11 14:00,주간,금,1,4,5,차대차,추돌,진행중 추돌,단일로,터널안,승용차,승용차
2016.6.3 13:00,주간,금,1,1,2,차대차,추돌,진행중 추돌,단일로,기타단일로,화물차,화물차
2016.9.12 0:00,야간,월,1,1,1,차대차,정면충돌,정면충돌,단일로,기타단일로,화물차,승용차
2016.9.4 15:00,주간,일,1,1,1,차량단독,공작물충돌,공작물충돌,단일로,기타단일로,화물차,
2016.7.22 4:00,야간,금,1,0,0,차대차,추돌,진행중 추돌,단일로,기타단일로,화물차,화물차
2016.8.30 2:00,야간,화,1,0,1,차대차,추돌,진행중 추돌,단일로,기타단일로,화물차,화물차
2016.5.28 0:00,야간,토,1,0,0,차대차,기타,기타,단일로,기타단일로,승용차,화물차
2016.6.30 2:00,야간,목,2,1,1,차대차,기타,기타,단일로,기타단일로,화물차,화물차
2016.6.15 1:00,야간,수,1,0,1,차대차,추돌,진행중 추돌,단일로,기타단일로,승용차,화물차
2016.6.2 6:00,주간,목,1,0,4,차대차,추돌,진행중 추돌,기타/불명,기타/불명,화물차,화물차
2016.5.12 0:00,야간,목,1,0,4,차대차,정면충돌,정면충돌,단일로,터널안,화물차,화물차
2016.5.16 9:00,주간,월,4,2,0,차대차,추돌,진행중 추돌,단일로,터널안,승합차,승합차
2016.10.8 3:00,야간,토,1,0,0,차대차,추돌,진행중 추돌,단일로,기타단일로,화물차,화물차
2016.9.9 14:00,주간,금,1,1,0,차대차,추돌,진행중 추돌,단일로,기타단일로,화물차,승용차
2016.6.20 13:00,주간,월,1,0,0,차대차,기타,기타,단일로,기타단일로,화물차,화물차
2016.5.16 4:00,야간,월,1,0,0,차량단독,공작물충돌,공작물충돌,단일로,기타단일로,승용차,
2016.5.18 23:00,야간,수,1,0,0,차량단독,공작물충돌,공작물충돌,단일로,기타단일로,화물차,
2016.1.2 17:00,주간,토,1,2,0,차량단독,공작물충돌,공작물충돌,단일로,기타단일로,승용차,
2016.1.9 11:00,주간,토,2,0,0,차대차,측면직각충돌,측면직각충돌,교차로,교차로내,승용차,화물차
2016.1.8 0:00,야간,금,1,0,0,차량단독,공작물충돌,공작물충돌,단일로,기타단일로,이륜차,
2016.1.6 21:00,야간,수,1,0,2,차대차,측면직각충돌,측면직각충돌,단일로,기타단일로,승용차,승합차
2016.1.7 4:00,야간,목,1,0,0,차대사람,횡단중,횡단중,교차로,교차로부근,승용차,보행자
2016.1.12 5:00,야간,화,1,0,0,차대사람,횡단중,횡단중,교차로,교차로내,승용차,보행자
2016.1.17 21:00,야간,일,1,2,0,차대차,기타,기타,단일로,기타단일로,승용차,화물차
2016.1.18 5:00,야간,월,1,0,0,차대차,측면직각충돌,측면직각충돌,단일로,기타단일로,원동기장치자전거,화물차
2016.1.16 2:00,야간,토,1,0,0,차량단독,공작물충돌,공작물충돌,단일로,기타단일로,승용차,
2016.1.15 23:00,야간,금,1,0,0,차량단독,전도전복,전도전복,단일로,기타단일로,승용차,
2016.1.21 18:00,야간,목,1,0,2,차대차,정면충돌,정면충돌,단일로,기타단일로,승용차,승용차
2016.1.21 18:00,야간,목,1,0,0,차대사람,횡단중,횡단중,단일로,기타단일로,승용차,보행자
2016.5.28 10:00,주간,토,1,0,0,차대차,추돌,진행중 추돌,단일로,기타단일로,화물차,건설기계
2016.5.22 17:00,주간,일,1,3,1,차대사람,차도통행중,차도통행중,단일로,기타단일로,승합차,보행자
2016.11.15 6:00,주간,화,1,0,1,차대차,기타,기타,단일로,기타단일로,화물차,화물차
2016.1.4 22:00,야간,월,1,0,0,차대사람,횡단중,횡단중,단일로,기타단일로,특수차,보행자
2016.1.4 10:00,주간,월,1,0,0,차대차,측면직각충돌,측면직각충돌,단일로,기타단일로,자전거,화물차
2016.1.1 11:00,주간,금,1,0,0,차대차,측면직각충돌,측면직각충돌,교차로,교차로내,원동기장치자전거,승용차
2016.1.1 14:00,주간,금,1,0,1,차대차,정면충돌,정면충돌,단일로,기타단일로,이륜차,승용차
2016.1.7 8:00,주간,목,1,2,0,차대차,측면직각충돌,측면직각충돌,단일로,교량위,승용차,화물차
2016.1.12 7:00,주간,화,1,0,0,차대차,추돌,진행중 추돌,단일로,기타단일로,승용차,자전거
2016.1.21 6:00,주간,목,1,0,0,차대사람,횡단중,횡단중,교차로,교차로부근,화물차,보행자
2016.1.18 12:00,주간,월,1,0,0,차대차,측면직각충돌,측면직각충돌,교차로,교차로부근,승용차,자전거
2016.1.24 21:00,야간,일,1,0,0,차대사람,횡단중,횡단중,교차로,교차로내,승용차,보행자
2016.1.24 12:00,주간,일,1,0,0,차대차,추돌,진행중 추돌,교차로,교차로부근,승용차,원동기장치자전거
2016.1.25 4:00,야간,월,1,0,0,차대사람,횡단중,횡단중,교차로,교차로내,승용차,보행자
2016.2.1 19:00,야간,월,1,0,0,차대사람,기타,기타,기타/불명,기타/불명,승합차,보행자
2016.1.30 11:00,주간,토,1,2,1,차대차,정면충돌,정면충돌,단일로,기타단일로,승용차,화물차
2016.1.31 0:00,야간,일,1,2,0,차량단독,도로이탈,도로이탈 추락,단일로,기타단일로,승용차,
2016.1.31 6:00,주간,일,1,2,2,차량단독,전도전복,전도전복,단일로,기타단일로,승용차,
2016.1.31 18:00,야간,일,1,0,0,차대차,추돌,진행중 추돌,단일로,기타단일로,승용차,화물차
2016.2.5 13:00,주간,금,1,0,0,차대사람,기타,기타,단일로,기타단일로,승용차,보행자
2016.2.6 1:00,야간,토,1,0,0,차대사람,횡단중,횡단중,단일로,기타단일로,승합차,보행자
2016.2.6 14:00,주간,토,1,0,0,차대차,추돌,진행중 추돌,지하도로내,지하도로내,화물차,승용차
2016.2.5 23:00,야간,금,1,0,0,차대사람,차도통행중,차도통행중,단일로,기타단일로,승용차,보행자
2016.2.5 21:00,야간,금,1,0,0,차대사람,기타,기타,단일로,기타단일로,화물차,보행자
2016.2.6 1:00,야간,토,1,0,0,차대사람,횡단중,횡단중,단일로,기타단일로,승용차,보행자
2016.2.5 7:00,주간,금,1,0,0,차대사람,횡단중,횡단중,단일로,횡단보도부근,화물차,보행자
2016.2.5 8:00,주간,금,1,0,0,차대차,기타,기타,교차로,교차로내,건설기계,자전거
2016.2.7 8:00,주간,일,1,2,0,차량단독,공작물충돌,공작물충돌,교차로,교차로부근,승용차,
2016.2.6 19:00,야간,토,1,0,0,차대사람,기타,기타,단일로,기타단일로,승용차,보행자
2016.2.4 0:00,야간,목,1,0,0,차대사람,횡단중,횡단중,단일로,기타단일로,승용차,보행자
2016.5.20 15:00,주간,금,1,1,2,차대차,추돌,진행중 추돌,단일로,기타단일로,화물차,승용차
2016.1.2 2:00,야간,토,1,0,0,차대사람,기타,기타,단일로,기타단일로,화물차,보행자
2016.1.19 7:00,주간,화,1,0,0,차량단독,전도전복,전도전복,단일로,기타단일로,승용차,
2016.1.19 0:00,야간,화,1,0,2,차대차,정면충돌,정면충돌,단일로,기타단일로,승용차,승용차
2016.1.25 17:00,주간,월,1,0,0,차대사람,횡단중,횡단중,교차로,교차로내,화물차,보행자
2016.1.24 21:00,야간,일,1,0,0,차대사람,길가장자리구역통행중,길가장자리구역통행중,단일로,기타단일로,승합차,보행자
2016.1.23 20:00,야간,토,1,0,0,차대사람,차도통행중,차도통행중,단일로,기타단일로,승용차,보행자
2016.1.29 7:00,주간,금,1,0,0,차대사람,횡단중,횡단중,교차로,교차로내,화물차,보행자
2016.2.2 15:00,주간,화,1,1,0,차대차,추돌,진행중 추돌,단일로,기타단일로,화물차,농기계
2016.2.3 21:00,야간,수,1,0,0,차대사람,횡단중,횡단중,단일로,기타단일로,승용차,보행자
2016.2.3 16:00,주간,수,1,0,0,차대사람,횡단중,횡단중,단일로,기타단일로,화물차,보행자
2016.2.4 5:00,야간,목,1,1,0,차량단독,전도전복,전도전복,단일로,기타단일로,승용차,
2016.1.31 20:00,야간,일,1,0,0,차대차,기타,기타,교차로,교차로내,승합차,자전거
2016.2.1 1:00,야간,월,1,1,0,차대차,정면충돌,정면충돌,단일로,기타단일로,승용차,승용차
2016.1.30 8:00,주간,토,1,0,0,차량단독,전도전복,전도전복,교차로,교차로부근,이륜차,
2016.1.18 6:00,주간,월,1,1,5,차대차,측면직각충돌,측면직각충돌,단일로,교량위,화물차,승용차
2016.2.22 4:00,야간,월,1,3,0,차대차,추돌,진행중 추돌,단일로,기타단일로,승용차,승용차
2016.12.9 5:00,야간,금,1,2,5,차대차,측면직각충돌,측면직각충돌,단일로,교량위,화물차,화물차
2016.12.20 2:00,야간,화,1,0,0,차대사람,기타,기타,단일로,기타단일로,승용차,보행자
2016.9.12 5:00,야간,월,2,2,0,차대차,기타,기타,단일로,기타단일로,승용차,승용차
2016.1.11 12:00,주간,월,1,0,0,차대차,추돌,진행중 추돌,단일로,기타단일로,특수차,승용차
2016.2.1 7:00,주간,월,1,0,1,차대차,추돌,진행중 추돌,단일로,기타단일로,화물차,화물차
2016.4.20 3:00,야간,수,1,2,0,차량단독,기타,기타,단일로,기타단일로,승용차,
2016.1.4 12:00,주간,월,1,0,0,차량단독,공작물충돌,공작물충돌,단일로,기타단일로,자전거,
2016.1.2 21:00,야간,토,1,0,0,차대사람,기타,기타,단일로,기타단일로,승용차,보행자
2016.1.3 20:00,야간,일,1,0,0,차대사람,보도통행중,보도통행중,단일로,기타단일로,승용차,보행자
2016.1.5 12:00,주간,화,1,0,0,차대사람,횡단중,횡단중,단일로,기타단일로,화물차,보행자
2016.1.9 15:00,주간,토,1,1,0,차량단독,전도전복,전도전복,기타/불명,기타/불명,화물차,
2016.1.7 2:00,야간,목,1,0,1,차대차,정면충돌,정면충돌,단일로,기타단일로,원동기장치자전거,승용차
2016.1.5 21:00,야간,화,1,3,0,차대차,측면직각충돌,측면직각충돌,단일로,기타단일로,승용차,승용차
2016.1.14 6:00,주간,목,1,0,0,차대사람,횡단중,횡단중,단일로,기타단일로,승용차,보행자
2016.1.18 7:00,주간,월,1,0,0,차대사람,횡단중,횡단중,단일로,기타단일로,승합차,보행자
2016.1.16 18:00,야간,토,1,0,0,차대차,추돌,진행중 추돌,단일로,기타단일로,이륜차,화물차
2016.1.16 10:00,주간,토,1,0,0,차대차,정면충돌,정면충돌,교차로,교차로부근,승용차,자전거
2016.1.19 12:00,주간,화,1,0,0,차대사람,횡단중,횡단중,교차로,교차로내,화물차,보행자
2016.1.19 22:00,야간,화,1,2,0,차대차,정면충돌,정면충돌,단일로,기타단일로,화물차,승용차
2016.9.8 12:00,주간,목,1,0,3,차대차,추돌,진행중 추돌,단일로,기타단일로,화물차,화물차