발생년월일시,주야,요일,사망자수,중상자수,경상자수,사고유형_대분류,사고유형_중분류,사고유형,도로형태_대분류,도로형태,당사자종별_1당_대분류,당사자종별_2당_대분류
2016.1.2 19:00,야간,토,1,0,0,차대사람,횡단중,횡단중,단일로,기타단일로,승용차,보행자
2016.1.5 15:00,주간,화,1,0,0,차대사람,기타,기타,단일로,기타단일로,화물차,보행자
2016.1.8 2:00,야간,금,1,1,0,차대차,기타,기타,단일로,기타단일로,승용차,승용차
2016.1.7 18:00,야간,목,1,0,0,차대사람,횡단중,횡단중,단일로,기타단일로,화물차,보행자
2016.1.13 6:00,주간,수,1,0,0,차대차,추돌,진행중 추돌,단일로,기타단일로,화물차,화물차
2016.1.17 21:00,야간,일,1,0,0,차대사람,횡단중,횡단중,단일로,기타단일로,승합차,보행자
2016.10.24 12:00,주간,월,1,1,12,차대차,측면직각충돌,측면직각충돌,단일로,기타단일로,승합차,승합차
2016.5.13 1:00,야간,금,1,0,2,차대차,추돌,진행중 추돌,단일로,기타단일로,화물차,화물차
2016.1.31 9:00,주간,일,1,2,0,차대차,기타,기타,단일로,기타단일로,승합차,승용차
2016.1.31 2:00,야간,일,1,1,0,차대차,정면충돌,정면충돌,단일로,기타단일로,승용차,화물차
2016.1.31 18:00,야간,일,1,0,0,차대차,정면충돌,정면충돌,교차로,교차로내,화물차,이륜차
2016.1.31 1:00,야간,일,1,1,0,차량단독,전도전복,전도전복,단일로,기타단일로,원동기장치자전거,
2016.2.6 4:00,야간,토,1,1,0,차대차,추돌,진행중 추돌,단일로,기타단일로,화물차,화물차
2016.2.5 11:00,주간,금,1,1,0,차대차,추돌,진행중 추돌,교차로,교차로부근,화물차,건설기계
2016.2.4 6:00,주간,목,1,0,0,차량단독,도로이탈,도로이탈 추락,단일로,기타단일로,승용차,
2016.2.4 21:00,야간,목,1,0,0,차대사람,횡단중,횡단중,단일로,기타단일로,승용차,보행자
2016.2.4 23:00,야간,목,1,0,0,차량단독,기타,기타,교차로,교차로부근,원동기장치자전거,
2016.2.26 22:00,야간,금,1,1,5,차대차,측면직각충돌,측면직각충돌,단일로,기타단일로,승용차,화물차
2016.1.23 0:00,야간,토,1,0,0,차량단독,공작물충돌,공작물충돌,단일로,기타단일로,승용차,
2016.1.2 19:00,야간,토,1,0,0,차대사람,횡단중,횡단중,단일로,기타단일로,승용차,보행자
2016.1.8 20:00,야간,금,1,0,0,차대사람,기타,기타,단일로,기타단일로,승용차,보행자
2016.1.9 0:00,야간,토,1,0,0,차량단독,전도전복,전도전복,단일로,기타단일로,이륜차,
2016.1.6 22:00,야간,수,1,1,1,차대차,측면직각충돌,측면직각충돌,교차로,교차로내,승용차,승용차
2016.1.13 14:00,주간,수,1,0,0,차대차,측면직각충돌,측면직각충돌,교차로,교차로내,이륜차,승용차
2016.1.12 10:00,주간,화,1,0,0,차대차,기타,기타,단일로,기타단일로,화물차,이륜차
2016.1.10 19:00,야간,일,1,0,0,차대차,측면직각충돌,측면직각충돌,단일로,기타단일로,승용차,승용차
2016.1.15 19:00,야간,금,1,0,0,차대사람,횡단중,횡단중,단일로,기타단일로,화물차,보행자
2016.7.14 2:00,야간,목,1,0,0,차량단독,전도전복,전도전복,단일로,기타단일로,승용차,
2016.6.19 0:00,야간,일,1,1,1,차대차,추돌,진행중 추돌,단일로,기타단일로,승용차,화물차
2016.7.4 6:00,주간,월,1,0,0,차량단독,전도전복,전도전복,단일로,기타단일로,승용차,
2016.7.1 16:00,주간,금,1,0,0,차량단독,공작물충돌,공작물충돌,단일로,기타단일로,승용차,
2016.2.2 6:00,주간,화,1,0,1,차대차,추돌,진행중 추돌,단일로,기타단일로,화물차,건설기계
2016.5.7 11:00,주간,토,1,2,1,차대차,기타,기타,단일로,기타단일로,화물차,승용차
2016.3.23 20:00,야간,수,1,1,0,차대차,추돌,진행중 추돌,단일로,기타단일로,화물차,화물차
2016.12.3 6:00,주간,토,1,0,0,차량단독,전도전복,전도전복,단일로,기타단일로,승용차,
2016.12.27 9:00,주간,화,1,0,0,차량단독,공작물충돌,공작물충돌,단일로,기타단일로,화물차,
2016.11.26 0:00,야간,토,1,0,0,차량단독,전도전복,전도전복,단일로,교량위,특수차,
2016.1.15 20:00,야간,금,1,0,0,차대사람,차도통행중,차도통행중,단일로,기타단일로,화물차,보행자
2016.1.19 16:00,주간,화,1,0,0,차량단독,전도전복,전도전복,단일로,기타단일로,승용차,
2016.1.19 16:00,주간,화,1,0,0,차량단독,전도전복,전도전복,단일로,기타단일로,승용차,
2016.1.23 18:00,야간,토,1,0,1,차대차,정면충돌,정면충돌,단일로,기타단일로,승용차,화물차
2016.1.29 22:00,야간,금,1,0,0,차량단독,전도전복,전도전복,단일로,기타단일로,승용차,
2016.1.30 3:00,야간,토,1,5,0,차대차,측면직각충돌,측면직각충돌,단일로,기타단일로,승용차,화물차
2016.1.28 9:00,주간,목,1,0,0,차대차,추돌,진행중 추돌,교차로,교차로내,화물차,원동기장치자전거
2016.2.3 4:00,야간,수,1,0,1,차량단독,전도전복,전도전복,단일로,기타단일로,승용차,
2016.2.7 10:00,주간,일,2,4,7,차대차,측면직각충돌,측면직각충돌,교차로,교차로내,승합차,화물차
2016.2.5 15:00,주간,금,1,0,0,차대사람,기타,기타,교차로,교차로부근,화물차,보행자
2016.2.5 5:00,야간,금,1,0,0,차대사람,기타,기타,교차로,교차로내,승합차,보행자
2016.1.31 12:00,주간,일,1,0,0,차대사람,횡단중,횡단중,단일로,횡단보도상,승용차,보행자
2016.1.31 3:00,야간,일,1,0,0,차량단독,공작물충돌,공작물충돌,단일로,기타단일로,화물차,
2016.3.2 0:00,야간,수,1,0,0,차대사람,기타,기타,단일로,기타단일로,화물차,보행자
2016.1.21 23:00,야간,목,1,1,0,차대차,추돌,진행중 추돌,단일로,기타단일로,화물차,화물차
2016.12.15 0:00,야간,목,1,0,0,차대차,추돌,진행중 추돌,단일로,기타단일로,화물차,건설기계
2016.12.26 4:00,야간,월,1,0,1,차대차,기타,기타,단일로,기타단일로,승용차,화물차
2016.12.9 6:00,주간,금,2,2,0,차대차,추돌,진행중 추돌,단일로,기타단일로,승용차,화물차
2016.10.27 18:00,야간,목,2,0,1,차대차,기타,기타,단일로,기타단일로,화물차,화물차
2016.3.30 8:00,주간,수,1,0,0,차대차,추돌,진행중 추돌,단일로,터널안,화물차,특수차
2016.1.16 4:00,야간,토,2,0,0,차량단독,전도전복,전도전복,교차로,교차로부근,원동기장치자전거,
2016.1.22 17:00,주간,금,1,3,0,차대차,정면충돌,정면충돌,단일로,기타단일로,승용차,승용차
2016.1.19 13:00,주간,화,1,2,13,차대차,추돌,진행중 추돌,지하도로내,지하도로내,승용차,화물차
2016.1.20 0:00,야간,수,1,0,0,차대사람,횡단중,횡단중,단일로,기타단일로,승용차,보행자
2016.1.26 8:00,주간,화,1,0,0,차대사람,보도통행중,보도통행중,단일로,기타단일로,승용차,보행자
2016.1.22 13:00,주간,금,1,0,0,차량단독,전도전복,전도전복,단일로,기타단일로,원동기장치자전거,
2016.1.22 11:00,주간,금,1,0,0,차대사람,횡단중,횡단중,교차로,교차로내,화물차,보행자
2016.1.27 10:00,주간,수,1,0,0,차대사람,횡단중,횡단중,단일로,횡단보도상,승용차,보행자
2016.1.27 9:00,주간,수,1,0,0,차량단독,전도전복,전도전복,단일로,기타단일로,승용차,
2016.2.2 18:00,야간,화,1,0,0,차대사람,횡단중,횡단중,단일로,횡단보도부근,승용차,보행자
2016.2.3 4:00,야간,수,1,0,0,차대사람,횡단중,횡단중,단일로,기타단일로,승용차,보행자
2016.2.6 6:00,주간,토,1,0,0,차대사람,횡단중,횡단중,교차로,교차로부근,승용차,보행자
2016.2.3 21:00,야간,수,1,0,0,차대차,추돌,진행중 추돌,단일로,기타단일로,화물차,화물차
2016.1.30 8:00,주간,토,1,2,1,차대차,추돌,진행중 추돌,단일로,기타단일로,화물차,승용차
2016.2.23 0:00,야간,화,3,0,0,차대차,측면직각충돌,측면직각충돌,단일로,기타단일로,화물차,승용차
2016.5.26 21:00,야간,목,1,0,1,차대차,추돌,진행중 추돌,단일로,기타단일로,화물차,화물차
2016.5.12 10:00,주간,목,1,1,1,차대차,추돌,진행중 추돌,단일로,터널안,화물차,승용차
2016.1.30 10:00,주간,토,2,0,1,차대차,추돌,진행중 추돌,기타/불명,기타/불명,화물차,화물차
2016.2.21 4:00,야간,일,1,0,0,차대차,기타,기타,단일로,기타단일로,승용차,승용차
2016.4.20 2:00,야간,수,1,0,0,차량단독,공작물충돌,공작물충돌,단일로,교량위,승용차,
2016.4.25 10:00,주간,월,1,1,0,차량단독,전도전복,전도전복,단일로,기타단일로,승용차,
2016.8.16 5:00,야간,화,1,0,1,차대차,기타,기타,단일로,기타단일로,화물차,화물차
2016.1.1 18:00,야간,금,1,0,0,차대사람,기타,기타,단일로,기타단일로,승용차,화물차
2016.1.2 23:00,야간,토,1,1,0,차량단독,공작물충돌,공작물충돌,단일로,기타단일로,승용차,
2016.1.7 20:00,야간,목,1,0,0,차대차,추돌,진행중 추돌,단일로,기타단일로,승용차,원동기장치자전거
2016.1.6 15:00,주간,수,1,0,0,차량단독,전도전복,전도전복,단일로,기타단일로,이륜차,
2016.1.12 19:00,야간,화,1,2,3,차대차,추돌,진행중 추돌,단일로,기타단일로,승용차,이륜차
2016.1.12 4:00,야간,화,1,3,0,차대차,추돌,진행중 추돌,단일로,기타단일로,원동기장치자전거,승합차
2016.1.10 22:00,야간,일,1,0,0,차량단독,전도전복,전도전복,단일로,기타단일로,원동기장치자전거,
2016.1.17 22:00,야간,일,2,0,0,차대차,추돌,진행중 추돌,단일로,기타단일로,승용차,원동기장치자전거
2016.1.17 21:00,야간,일,1,0,1,차대차,기타,기타,단일로,기타단일로,승용차,자전거
2016.1.17 21:00,야간,일,1,0,0,차대사람,길가장자리구역통행중,길가장자리구역통행중,단일로,기타단일로,승용차,보행자
2016.1.22 8:00,주간,금,1,0,0,차량단독,전도전복,전도전복,단일로,기타단일로,승용차,
2016.7.18 2:00,야간,월,1,1,0,차대차,측면직각충돌,측면직각충돌,단일로,기타단일로,승용차,건설기계
2016.1.9 14:00,주간,토,1,0,0,차대사람,횡단중,횡단중,교차로,교차로내,화물차,보행자
2016.1.5 15:00,주간,화,1,0,0,차량단독,도로이탈,도로이탈 추락,단일로,기타단일로,승용차,
2016.1.7 6:00,주간,목,1,0,0,차대사람,횡단중,횡단중,교차로,교차로내,화물차,보행자
2016.1.7 19:00,야간,목,1,0,0,차대사람,횡단중,횡단중,단일로,기타단일로,승용차,보행자
2016.1.13 1:00,야간,수,1,0,0,차량단독,공작물충돌,공작물충돌,단일로,기타단일로,원동기장치자전거,
2016.1.16 20:00,야간,토,1,0,0,차대차,측면직각충돌,측면직각충돌,교차로,교차로내,화물차,화물차
2016.1.16 19:00,야간,토,1,0,0,차대사람,횡단중,횡단중,단일로,기타단일로,승용차,보행자
2016.1.15 3:00,야간,금,2,1,0,차대차,기타,기타,단일로,기타단일로,승용차,승용차
2016.1.15 21:00,야간,금,1,0,0,차량단독,공작물충돌,공작물충돌,단일로,기타단일로,승용차,
2016.1.16 6:00,주간,토,1,0,0,차대사람,횡단중,횡단중,교차로,교차로부근,승용차,보행자
2016.1.13 23:00,야간,수,1,0,1,차대차,정면충돌,정면충돌,단일로,기타단일로,승용차,화물차
2016.1.20 9:00,주간,수,1,0,4,차대차,추돌,진행중 추돌,교차로,교차로부근,화물차,화물차
2016.1.20 4:00,야간,수,2,0,1,차대차,추돌,진행중 추돌,단일로,기타단일로,승용차,화물차
2016.1.26 12:00,주간,화,1,0,0,차대사람,횡단중,횡단중,단일로,기타단일로,건설기계,보행자
2016.1.26 16:00,주간,화,1,0,0,차대차,측면직각충돌,측면직각충돌,교차로,교차로내,승용차,원동기장치자전거
2016.1.25 23:00,야간,월,1,0,0,차대차,측면직각충돌,측면직각충돌,교차로,교차로내,화물차,승용차
2016.1.26 2:00,야간,화,1,0,0,차대차,추돌,진행중 추돌,교차로,교차로부근,이륜차,특수차
2016.1.26 12:00,주간,화,1,0,0,차대사람,횡단중,횡단중,단일로,횡단보도상,승합차,보행자
2016.1.29 2:00,야간,금,1,0,0,차대차,기타,기타,단일로,기타단일로,승용차,화물차
2016.2.1 14:00,주간,월,1,1,0,차대사람,횡단중,횡단중,단일로,기타단일로,화물차,보행자
2016.2.11 9:00,주간,목,1,0,0,차량단독,기타,기타,단일로,기타단일로,원동기장치자전거,
2016.2.10 20:00,야간,수,1,0,0,차대사람,길가장자리구역통행중,길가장자리구역통행중,단일로,기타단일로,승용차,보행자
2016.6.20 1:00,야간,월,1,2,0,차대차,추돌,진행중 추돌,단일로,기타단일로,화물차,화물차
2016.5.17 21:00,야간,화,1,0,0,차대차,추돌,진행중 추돌,단일로,기타단일로,화물차,화물차
2016.5.18 11:00,주간,수,1,0,0,차대차,기타,기타,단일로,기타단일로,화물차,화물차
2016.10.24 6:00,주간,월,1,0,0,차대차,추돌,진행중 추돌,단일로,기타단일로,화물차,화물차
2016.10.15 20:00,야간,토,1,0,0,차량단독,공작물충돌,공작물충돌,단일로,기타단일로,이륜차,
2016.7.17 17:00,주간,일,4,13,26,차대차,추돌,진행중 추돌,단일로,터널안,승합차,승용차
2016.1.7 15:00,주간,목,2,2,3,차대차,추돌,진행중 추돌,단일로,기타단일로,승합차,승용차
2016.4.15 17:00,주간,금,1,1,4,차대차,측면직각충돌,측면직각충돌,단일로,기타단일로,화물차,승용차
2016.1.25 18:00,야간,월,1,0,0,차량단독,공작물충돌,공작물충돌,단일로,기타단일로,화물차,
2016.10.15 15:00,주간,토,1,2,0,차량단독,전도전복,전도전복,단일로,기타단일로,승용차,
2016.11.11 20:00,야간,금,1,0,0,차대차,기타,기타,단일로,기타단일로,원동기장치자전거,승용차
2016.1.3 3:00,야간,일,1,0,0,차대사람,횡단중,횡단중,단일로,횡단보도상,승용차,보행자
2016.1.3 0:00,야간,일,1,0,0,차대사람,횡단중,횡단중,단일로,기타단일로,승용차,보행자
2016.1.10 0:00,야간,일,1,0,0,차대차,측면직각충돌,측면직각충돌,교차로,교차로내,승용차,자전거
2016.1.9 2:00,야간,토,1,0,0,차대사람,횡단중,횡단중,단일로,기타단일로,승용차,보행자
2016.1.8 17:00,주간,금,1,0,1,차대차,정면충돌,정면충돌,단일로,기타단일로,승용차,화물차
2016.1.6 4:00,야간,수,1,0,0,차대차,추돌,진행중 추돌,단일로,기타단일로,화물차,화물차
2016.1.7 2:00,야간,목,1,1,2,차대차,측면직각충돌,측면직각충돌,교차로,교차로내,승용차,승용차
2016.1.6 20:00,야간,수,1,0,0,차대사람,보도통행중,보도통행중,교차로,교차로내,승용차,보행자
2016.1.11 14:00,주간,월,1,0,0,차대사람,기타,기타,단일로,기타단일로,화물차,보행자
2016.1.10 7:00,주간,일,1,0,0,차량단독,공작물충돌,공작물충돌,교차로,교차로부근,승용차,
2016.1.10 8:00,주간,일,1,0,0,차대차,측면직각충돌,측면직각충돌,단일로,기타단일로,원동기장치자전거,승용차
2016.1.17 17:00,주간,일,1,0,0,차대사람,기타,기타,단일로,기타단일로,승합차,보행자
2016.1.17 18:00,야간,일,1,4,0,차대차,정면충돌,정면충돌,교차로,교차로부근,승합차,승용차
2016.1.16 19:00,야간,토,1,0,0,차대사람,횡단중,횡단중,단일로,기타단일로,화물차,보행자
2016.1.14 22:00,야간,목,1,0,0,차량단독,공작물충돌,공작물충돌,단일로,기타단일로,승용차,
2016.1.20 21:00,야간,수,1,0,0,차대차,정면충돌,정면충돌,교차로,교차로부근,승용차,원동기장치자전거
2016.1.21 1:00,야간,목,1,0,0,차량단독,공작물충돌,공작물충돌,단일로,기타단일로,승용차,
2016.1.24 19:00,야간,일,1,0,0,차대사람,횡단중,횡단중,단일로,횡단보도상,승용차,보행자
2016.10.7 5:00,야간,금,2,0,1,차대사람,기타,기타,교차로,교차로내,승용차,보행자
2016.10.3 17:00,주간,월,1,1,0,차대차,추돌,진행중 추돌,단일로,기타단일로,화물차,원동기장치자전거
2016.10.4 19:00,야간,화,1,0,0,차대사람,기타,기타,단일로,기타단일로,화물차,보행자
2016.11.5 23:00,야간,토,1,0,0,차대차,정면충돌,정면충돌,교차로,교차로내,승용차,이륜차
2016.11.8 18:00,야간,화,1,0,0,차대차,정면충돌,정면충돌,단일로,기타단일로,원동기장치자전거,승용차
2016.11.7 12:00,주간,월,1,0,0,차대사람,기타,기타,단일로,횡단보도상,승용차,보행자
2016.11.7 11:00,주간,월,1,0,0,차량단독,도로이탈,도로이탈 추락,단일로,기타단일로,화물차,
2016.11.11 6:00,주간,금,1,0,0,차대사람,길가장자리구역통행중,길가장자리구역통행중,단일로,기타단일로,화물차,보행자
2016.11.17 1:00,야간,목,2,0,0,차대차,측면직각충돌,측면직각충돌,교차로,교차로내,이륜차,승용차
2016.11.13 2:00,야간,일,1,0,0,차대차,측면직각충돌,측면직각충돌,교차로,교차로내,이륜차,승용차
2016.11.17 21:00,야간,목,1,0,0,차대사람,횡단중,횡단중,단일로,기타단일로,승용차,보행자
2016.11.17 18:00,야간,목,1,0,0,차대사람,횡단중,횡단중,단일로,횡단보도상,화물차,보행자
2016.11.15 12:00,주간,화,1,0,0,차대차,정면충돌,정면충돌,단일로,기타단일로,화물차,이륜차
2016.11.22 18:00,야간,화,1,0,0,차대사람,횡단중,횡단중,교차로,교차로내,승용차,보행자
2016.11.26 0:00,야간,토,1,0,0,차량단독,전도전복,전도전복,단일로,기타단일로,승용차,
2016.11.23 1:00,야간,수,1,0,0,차량단독,전도전복,전도전복,교차로,교차로내,승용차,
2016.11.1 11:00,주간,화,1,0,0,차량단독,기타,기타,단일로,기타단일로,원동기장치자전거,
2016.10.29 11:00,주간,토,1,0,0,차량단독,전도전복,전도전복,단일로,기타단일로,농기계,
2016.11.3 18:00,야간,목,1,0,1,차대차,기타,기타,교차로,교차로내,이륜차,승합차
2016.11.4 20:00,야간,금,1,0,0,차대사람,횡단중,횡단중,교차로,교차로내,승용차,보행자
2016.11.5 10:00,주간,토,1,0,0,차대사람,횡단중,횡단중,교차로,교차로부근,화물차,보행자
2016.11.2 12:00,주간,수,3,6,5,차대차,정면충돌,정면충돌,교차로,교차로내,승용차,승합차
2016.12.9 15:00,주간,금,1,2,0,차대차,추돌,진행중 추돌,교차로,교차로부근,화물차,건설기계
2016.12.7 23:00,야간,수,1,0,0,차량단독,공작물충돌,공작물충돌,교차로,교차로부근,이륜차,
2016.12.6 16:00,주간,화,1,1,1,차대차,정면충돌,정면충돌,단일로,기타단일로,승용차,화물차
2016.12.20 18:00,야간,화,1,0,0,차대사람,횡단중,횡단중,단일로,기타단일로,승용차,보행자
2016.12.17 18:00,야간,토,1,0,0,차대차,기타,기타,단일로,기타단일로,승용차,원동기장치자전거
2016.12.13 13:00,주간,화,1,0,0,차대사람,횡단중,횡단중,교차로,교차로부근,건설기계,보행자
2016.12.15 11:00,주간,목,1,0,0,차대차,추돌,진행중 추돌,단일로,기타단일로,이륜차,승용차
2016.12.16 20:00,야간,금,1,0,0,차대차,기타,기타,단일로,기타단일로,승합차,승용차
2016.12.13 17:00,주간,화,1,0,0,차대사람,횡단중,횡단중,교차로,교차로내,승용차,보행자
2016.12.13 0:00,야간,화,1,0,0,차량단독,공작물충돌,공작물충돌,기타/불명,기타/불명,승합차,
2016.12.16 6:00,주간,금,1,0,0,차대차,기타,기타,단일로,기타단일로,승용차,자전거
2016.12.16 0:00,야간,금,1,0,0,차대사람,횡단중,횡단중,단일로,횡단보도상,승용차,보행자
2016.11.7 21:00,야간,월,1,0,0,차대사람,길가장자리구역통행중,길가장자리구역통행중,단일로,기타단일로,승용차,보행자
2016.11.11 18:00,야간,금,1,0,1,차대차,추돌,진행중 추돌,단일로,기타단일로,승용차,건설기계
2016.11.5 12:00,주간,토,1,0,0,차대사람,횡단중,횡단중,교차로,교차로부근,승합차,보행자
2016.11.5 19:00,야간,토,1,0,0,차대사람,횡단중,횡단중,단일로,횡단보도부근,승용차,보행자
2016.11.7 15:00,주간,월,1,0,0,차대사람,횡단중,횡단중,단일로,횡단보도상,승용차,보행자
2016.11.19 2:00,야간,토,1,1,1,차대차,측면직각충돌,측면직각충돌,교차로,교차로내,승용차,승용차
2016.11.17 7:00,주간,목,1,0,1,차대차,측면직각충돌,측면직각충돌,교차로,교차로내,승용차,이륜차
2016.11.15 6:00,주간,화,1,0,0,차대사람,횡단중,횡단중,단일로,기타단일로,승용차,보행자
2016.11.24 20:00,야간,목,1,1,1,차대사람,횡단중,횡단중,단일로,기타단일로,이륜차,보행자
2016.12.17 13:00,주간,토,1,0,0,차대차,기타,기타,교차로,교차로내,자전거,승용차
2016.12.15 18:00,야간,목,1,0,0,차대사람,기타,기타,단일로,기타단일로,승용차,보행자
2016.12.17 18:00,야간,토,1,0,0,차대사람,차도통행중,차도통행중,단일로,기타단일로,승용차,보행자
2016.12.20 12:00,주간,화,1,0,0,차량단독,기타,기타,단일로,기타단일로,이륜차,
2016.12.14 18:00,야간,수,1,0,0,차대사람,횡단중,횡단중,교차로,교차로내,승용차,보행자
2016.12.14 23:00,야간,수,1,0,0,차대사람,기타,기타,교차로,교차로부근,승용차,보행자
2016.12.14 18:00,야간,수,1,0,1,차대차,기타,기타,단일로,기타단일로,화물차,승용차
2016.12.17 11:00,주간,토,1,0,0,차대사람,횡단중,횡단중,단일로,횡단보도상,건설기계,보행자
2016.12.13 12:00,주간,화,1,0,0,차대차,기타,기타,단일로,기타단일로,원동기장치자전거,화물차
2016.10.2 15:00,주간,일,1,1,0,차량단독,전도전복,전도전복,단일로,기타단일로,승용차,
2016.10.6 23:00,야간,목,1,0,0,차량단독,전도전복,전도전복,기타/불명,기타/불명,승용차,
2016.10.6 21:00,야간,목,1,0,0,차대사람,횡단중,횡단중,단일로,횡단보도상,승용차,보행자
2016.11.7 18:00,야간,월,1,0,0,차대사람,횡단중,횡단중,단일로,기타단일로,승용차,보행자
2016.11.9 1:00,야간,수,1,0,1,차대사람,기타,기타,단일로,기타단일로,승용차,보행자
2016.11.7 4:00,야간,월,1,0,0,차대사람,기타,기타,교차로,교차로부근,승용차,보행자
2016.11.17 2:00,야간,목,1,0,0,차량단독,전도전복,전도전복,단일로,기타단일로,이륜차,
2016.11.15 23:00,야간,화,1,0,0,차대사람,차도통행중,차도통행중,단일로,기타단일로,승용차,보행자
2016.11.18 4:00,야간,금,1,1,1,차대차,추돌,진행중 추돌,교차로,교차로내,승용차,승용차
2016.11.24 16:00,주간,목,1,0,0,차대사람,횡단중,횡단중,교차로,교차로부근,건설기계,보행자
2016.11.23 10:00,주간,수,1,0,0,차대차,측면직각충돌,측면직각충돌,교차로,교차로내,자전거,승용차
2016.11.20 11:00,주간,일,1,0,0,차대차,측면직각충돌,측면직각충돌,단일로,기타단일로,승용차,이륜차
2016.11.20 10:00,주간,일,1,0,2,차량단독,전도전복,전도전복,단일로,기타단일로,승용차,
2016.11.24 8:00,주간,목,1,0,0,차대사람,횡단중,횡단중,교차로,교차로내,승용차,보행자
2016.11.22 6:00,주간,화,1,0,0,차대사람,횡단중,횡단중,교차로,교차로내,건설기계,보행자
2016.10.30 18:00,야간,일,1,0,0,차대사람,횡단중,횡단중,단일로,기타단일로,승용차,보행자
2016.11.2 8:00,주간,수,1,0,0,차대사람,차도통행중,차도통행중,단일로,횡단보도부근,승용차,보행자
2016.12.5 7:00,주간,월,1,0,0,차량단독,전도전복,전도전복,교차로,교차로내,이륜차,
2016.12.5 19:00,야간,월,1,0,0,차량단독,전도전복,전도전복,교차로,교차로부근,승용차,
2016.12.10 10:00,주간,토,1,0,1,차대차,정면충돌,정면충돌,단일로,교량위,화물차,건설기계
2016.12.15 6:00,주간,목,1,0,3,차대차,추돌,진행중 추돌,단일로,기타단일로,승용차,화물차
2016.12.16 8:00,주간,금,1,0,0,차대차,측면직각충돌,측면직각충돌,교차로,교차로부근,건설기계,자전거
2016.12.18 7:00,주간,일,1,0,0,차대사람,기타,기타,단일로,기타단일로,화물차,보행자
2016.12.13 10:00,주간,화,1,0,0,차량단독,전도전복,전도전복,단일로,기타단일로,이륜차,
2016.10.2 19:00,야간,일,1,0,0,차대사람,횡단중,횡단중,단일로,횡단보도상,화물차,보행자
2016.9.30 11:00,주간,금,1,0,0,차대사람,횡단중,횡단중,교차로,교차로내,승용차,보행자
2016.11.10 14:00,주간,목,1,0,0,차량단독,전도전복,전도전복,단일로,기타단일로,건설기계,
2016.11.7 6:00,주간,월,1,0,0,차대사람,횡단중,횡단중,단일로,기타단일로,승용차,보행자
2016.11.7 21:00,야간,월,1,0,1,차대차,측면직각충돌,측면직각충돌,교차로,교차로내,승합차,원동기장치자전거
2016.11.8 5:00,야간,화,1,0,0,차대사람,기타,기타,단일로,기타단일로,승용차,보행자
2016.11.8 18:00,야간,화,1,0,0,차대사람,기타,기타,단일로,기타단일로,승용차,보행자
2016.11.5 6:00,주간,토,1,1,0,차대차,측면직각충돌,측면직각충돌,단일로,기타단일로,승용차,승용차
2016.11.5 15:00,주간,토,1,0,0,차량단독,전도전복,전도전복,단일로,기타단일로,이륜차,
2016.10.24 19:00,야간,월,1,0,0,차대사람,차도통행중,차도통행중,교차로,교차로내,승용차,보행자
2016.10.25 3:00,야간,화,1,0,0,차량단독,기타,기타,단일로,기타단일로,화물차,
2016.10.24 20:00,야간,월,1,0,0,차대차,기타,기타,교차로,교차로내,승합차,자전거
2016.10.28 11:00,주간,금,1,0,0,차대사람,횡단중,횡단중,교차로,교차로내,승용차,보행자
2016.10.5 10:00,주간,수,2,3,2,차대사람,보도통행중,보도통행중,단일로,기타단일로,화물차,보행자
2016.10.6 5:00,야간,목,1,0,1,차대차,정면충돌,정면충돌,단일로,기타단일로,이륜차,승용차
2016.10.2 1:00,야간,일,1,1,0,차량단독,공작물충돌,공작물충돌,단일로,기타단일로,승용차,
2016.9.18 0:00,야간,일,2,2,0,차대사람,횡단중,횡단중,교차로,교차로내,승용차,보행자
2016.9.18 16:00,주간,일,1,2,0,차대차,측면직각충돌,측면직각충돌,교차로,교차로부근,승용차,승용차
2016.9.15 2:00,야간,목,1,0,0,차량단독,공작물충돌,공작물충돌,단일로,기타단일로,승용차,
2016.9.14 21:00,야간,수,1,0,0,차대사람,횡단중,횡단중,단일로,횡단보도상,승용차,보행자
2016.9.20 3:00,야간,화,2,0,0,차대차,추돌,진행중 추돌,교차로,교차로내,승용차,화물차
2016.9.29 21:00,야간,목,1,0,0,차대차,추돌,진행중 추돌,단일로,기타단일로,승용차,자전거
2016.9.25 16:00,주간,일,1,0,0,차량단독,전도전복,전도전복,단일로,기타단일로,이륜차,
2016.9.23 3:00,야간,금,1,0,0,차량단독,공작물충돌,공작물충돌,단일로,기타단일로,이륜차,
2016.9.25 0:00,야간,일,1,0,0,차량단독,전도전복,전도전복,단일로,기타단일로,승용차,
2016.9.4 4:00,야간,일,1,0,0,차대사람,기타,기타,단일로,기타단일로,승용차,보행자
2016.8.30 4:00,야간,화,1,0,0,차량단독,공작물충돌,공작물충돌,단일로,기타단일로,이륜차,
2016.9.3 0:00,야간,토,1,0,0,차량단독,공작물충돌,공작물충돌,교차로,교차로부근,화물차,
2016.9.5 14:00,주간,월,1,0,0,차량단독,전도전복,전도전복,단일로,기타단일로,이륜차,
2016.8.30 10:00,주간,화,1,0,0,차대차,측면직각충돌,측면직각충돌,단일로,기타단일로,이륜차,화물차
2016.9.1 3:00,야간,목,1,0,0,차대사람,횡단중,횡단중,단일로,기타단일로,화물차,보행자
2016.10.10 17:00,주간,월,1,0,0,차대사람,차도통행중,차도통행중,단일로,기타단일로,승합차,보행자
2016.10.14 1:00,야간,금,1,1,0,차량단독,전도전복,전도전복,단일로,기타단일로,화물차,