발생년월일시,주야,요일,사망자수,중상자수,경상자수,사고유형_대분류,사고유형_중분류,사고유형,도로형태_대분류,도로형태,당사자종별_1당_대분류,당사자종별_2당_대분류
2016.12.30 23:00,야간,금,1,0,0,차대사람,횡단중,횡단중,단일로,기타단일로,승용차,보행자
2016.12.31 5:00,야간,토,1,0,0,차대사람,횡단중,횡단중,단일로,횡단보도상,승용차,보행자
2016.12.31 7:00,주간,토,1,0,0,차대차,측면직각충돌,측면직각충돌,단일로,횡단보도상,승용차,자전거
2016.12.29 17:00,주간,목,2,2,1,차대차,측면직각충돌,측면직각충돌,교차로,교차로내,승용차,화물차
2016.12.29 11:00,주간,목,1,0,0,차대사람,기타,기타,단일로,기타단일로,화물차,보행자
2016.12.29 15:00,주간,목,1,1,2,차대차,측면직각충돌,측면직각충돌,단일로,기타단일로,승용차,승용차
2016.12.31 15:00,주간,토,1,0,0,차대차,측면직각충돌,측면직각충돌,교차로,교차로내,승용차,이륜차
2016.12.27 8:00,주간,화,1,0,0,차대사람,횡단중,횡단중,단일로,기타단일로,승용차,보행자
2016.12.23 12:00,주간,금,1,0,0,차대사람,기타,기타,단일로,기타단일로,승용차,보행자
2016.12.27 9:00,주간,화,1,0,0,차대차,측면직각충돌,측면직각충돌,단일로,횡단보도상,자전거,승용차
2016.12.24 14:00,주간,토,1,0,0,차량단독,전도전복,전도전복,단일로,교량위,승용차,
2016.11.28 6:00,주간,월,1,0,0,차대사람,횡단중,횡단중,단일로,횡단보도상,승용차,보행자
2016.11.28 20:00,야간,월,1,0,0,차대사람,횡단중,횡단중,단일로,기타단일로,이륜차,보행자
2016.12.2 14:00,주간,금,1,0,0,차대차,추돌,진행중 추돌,단일로,기타단일로,이륜차,불명
2016.12.2 7:00,주간,금,1,0,0,차량단독,전도전복,전도전복,교차로,교차로부근,화물차,
2016.4.24 7:00,주간,일,1,1,0,차대차,측면직각충돌,측면직각충돌,교차로,교차로내,화물차,원동기장치자전거
2016.8.22 20:00,야간,월,1,0,0,차대사람,기타,기타,단일로,기타단일로,승용차,보행자
2016.7.3 18:00,야간,일,1,1,0,차량단독,전도전복,전도전복,교차로,교차로부근,승합차,
2016.8.28 0:00,야간,일,1,0,0,차대차,기타,기타,단일로,교량위,승용차,이륜차
2016.7.19 0:00,야간,화,1,1,0,차대차,기타,기타,단일로,기타단일로,승용차,승용차
2016.11.21 10:00,주간,월,1,0,0,차대사람,보도통행중,보도통행중,단일로,기타단일로,화물차,보행자
2016.12.9 20:00,야간,금,1,0,0,차대차,기타,기타,단일로,기타단일로,이륜차,승합차
2016.11.8 18:00,야간,화,1,0,0,차대사람,횡단중,횡단중,교차로,교차로내,승용차,보행자
2016.10.19 0:00,야간,수,1,0,0,차량단독,전도전복,전도전복,단일로,기타단일로,이륜차,
2016.10.18 4:00,야간,화,1,0,0,차대사람,횡단중,횡단중,교차로,교차로내,화물차,보행자
2016.9.23 3:00,야간,금,1,2,0,차대차,정면충돌,정면충돌,단일로,교량위,승용차,승용차
2016.10.4 7:00,주간,화,1,2,1,차대차,측면직각충돌,측면직각충돌,단일로,기타단일로,승용차,승용차
2016.10.7 7:00,주간,금,1,0,0,차량단독,전도전복,전도전복,단일로,기타단일로,이륜차,
2016.10.2 0:00,야간,일,1,0,0,차대사람,횡단중,횡단중,단일로,기타단일로,승용차,보행자
2016.11.18 16:00,주간,금,1,0,1,차대사람,횡단중,횡단중,단일로,횡단보도상,이륜차,보행자
2016.1.15 0:00,야간,금,1,0,0,차대차,정면충돌,정면충돌,단일로,기타단일로,화물차,화물차
2016.10.30 13:00,주간,일,1,0,0,차대차,측면직각충돌,측면직각충돌,교차로,교차로내,화물차,이륜차
2016.6.3 22:00,야간,금,2,1,0,차대사람,기타,기타,단일로,기타단일로,승용차,보행자
2016.7.11 19:00,야간,월,1,0,0,차대사람,횡단중,횡단중,교차로,교차로부근,승합차,보행자
2016.7.26 22:00,야간,화,1,0,1,차대차,정면충돌,정면충돌,교차로,교차로부근,원동기장치자전거,승용차
2016.8.1 20:00,야간,월,1,1,2,차대차,측면직각충돌,측면직각충돌,단일로,기타단일로,승용차,승합차
2016.8.4 22:00,야간,목,1,1,1,차대차,정면충돌,정면충돌,단일로,기타단일로,화물차,승용차
2016.10.3 9:00,주간,월,1,0,0,차대사람,횡단중,횡단중,교차로,교차로부근,승용차,보행자
2016.9.5 6:00,주간,월,1,3,0,차대차,정면충돌,정면충돌,교차로,교차로내,건설기계,승용차
2016.10.24 17:00,주간,월,1,0,0,차량단독,전도전복,전도전복,단일로,기타단일로,이륜차,
2016.12.16 23:00,야간,금,1,0,0,차량단독,전도전복,전도전복,단일로,기타단일로,이륜차,
2016.2.10 19:00,야간,수,1,0,0,차대사람,횡단중,횡단중,교차로,교차로내,승용차,보행자
2016.1.8 8:00,주간,금,1,0,0,차량단독,전도전복,전도전복,교차로,교차로내,승용차,
2016.1.12 11:00,주간,화,1,0,0,차량단독,전도전복,전도전복,단일로,기타단일로,원동기장치자전거,
2016.1.11 22:00,야간,월,1,0,0,차대사람,차도통행중,차도통행중,교차로,교차로부근,승용차,보행자
2016.1.11 14:00,주간,월,1,4,2,차대차,정면충돌,정면충돌,단일로,기타단일로,화물차,승합차
2016.1.18 7:00,주간,월,1,2,0,차대차,기타,기타,기타/불명,기타/불명,승용차,화물차
2016.1.18 10:00,주간,월,1,0,0,차량단독,도로이탈,도로이탈 추락,단일로,기타단일로,승용차,
2016.1.18 5:00,야간,월,1,0,0,차량단독,기타,기타,단일로,기타단일로,승용차,
2016.1.14 18:00,야간,목,1,0,0,차대차,추돌,진행중 추돌,단일로,기타단일로,승용차,이륜차
2016.1.15 10:00,주간,금,1,0,0,차량단독,전도전복,전도전복,단일로,기타단일로,이륜차,
2016.1.21 17:00,주간,목,1,0,0,차대사람,횡단중,횡단중,교차로,교차로내,승합차,보행자
2016.1.21 6:00,주간,목,1,0,0,차량단독,도로이탈,도로이탈 기타,단일로,기타단일로,화물차,
2016.1.22 21:00,야간,금,1,0,0,차대차,추돌,진행중 추돌,단일로,기타단일로,승용차,승용차
2016.1.24 7:00,주간,일,1,0,0,차량단독,공작물충돌,공작물충돌,단일로,기타단일로,승용차,
2016.1.29 19:00,야간,금,1,0,0,차대차,추돌,진행중 추돌,단일로,기타단일로,승용차,건설기계
2016.1.29 16:00,주간,금,1,0,1,차대차,정면충돌,정면충돌,기타/불명,기타/불명,화물차,승합차
2016.1.29 10:00,주간,금,1,0,0,차대사람,횡단중,횡단중,단일로,기타단일로,화물차,보행자
2016.1.27 11:00,주간,수,1,0,0,차량단독,전도전복,전도전복,단일로,기타단일로,승용차,
2016.2.3 0:00,야간,수,1,0,0,차대사람,기타,기타,단일로,기타단일로,승용차,보행자
2016.2.2 21:00,야간,화,1,0,0,차대차,기타,기타,단일로,기타단일로,화물차,화물차
2016.2.11 22:00,야간,목,1,0,0,차대사람,횡단중,횡단중,단일로,기타단일로,승합차,보행자
2016.2.12 2:00,야간,금,1,0,0,차대사람,기타,기타,단일로,기타단일로,승용차,보행자
2016.2.11 21:00,야간,목,1,0,0,차대사람,횡단중,횡단중,교차로,교차로내,승용차,보행자
2016.2.11 23:00,야간,목,1,0,0,차대사람,횡단중,횡단중,단일로,기타단일로,화물차,보행자
2016.1.1 9:00,주간,금,1,4,62,차대차,추돌,진행중 추돌,단일로,기타단일로,승합차,승합차
2016.12.28 22:00,야간,수,1,0,0,차대사람,기타,기타,단일로,기타단일로,승용차,보행자
2016.12.28 15:00,주간,수,1,0,0,차대사람,횡단중,횡단중,단일로,기타단일로,건설기계,보행자
2016.12.28 18:00,야간,수,1,0,0,차대사람,횡단중,횡단중,단일로,횡단보도상,승용차,보행자
2016.12.23 7:00,주간,금,1,0,0,차대사람,횡단중,횡단중,단일로,기타단일로,승용차,보행자
2016.12.27 22:00,야간,화,1,0,0,차대사람,횡단중,횡단중,교차로,교차로내,승용차,보행자
2016.12.24 1:00,야간,토,1,0,0,차대사람,횡단중,횡단중,단일로,기타단일로,승합차,보행자
2016.12.24 7:00,주간,토,1,0,0,차대사람,횡단중,횡단중,단일로,기타단일로,화물차,보행자
2016.12.28 11:00,주간,수,1,0,0,차대사람,기타,기타,교차로,교차로내,승용차,보행자
2016.12.27 18:00,야간,화,1,0,0,차대차,기타,기타,단일로,기타단일로,승합차,원동기장치자전거
2016.11.28 23:00,야간,월,1,0,0,차량단독,기타,기타,단일로,기타단일로,이륜차,
2016.11.28 19:00,야간,월,1,0,0,차대사람,횡단중,횡단중,교차로,교차로부근,승용차,보행자
2016.12.2 5:00,야간,금,1,0,0,차대사람,기타,기타,단일로,기타단일로,화물차,보행자
2016.11.28 9:00,주간,월,1,0,0,차대차,정면충돌,정면충돌,단일로,기타단일로,승용차,자전거
2016.11.29 5:00,야간,화,1,0,0,차대차,기타,기타,교차로,교차로내,승합차,자전거
2016.12.2 18:00,야간,금,1,0,0,차대사람,횡단중,횡단중,기타/불명,기타/불명,승용차,보행자
2016.12.3 16:00,주간,토,1,0,0,차량단독,전도전복,전도전복,단일로,기타단일로,이륜차,
2016.12.1 16:00,주간,목,1,0,0,차대사람,기타,기타,단일로,기타단일로,승용차,보행자
2016.12.2 9:00,주간,금,1,0,0,차대차,측면직각충돌,측면직각충돌,교차로,교차로내,이륜차,건설기계
2016.12.4 5:00,야간,일,1,0,0,차량단독,전도전복,전도전복,단일로,기타단일로,승용차,
2016.12.4 1:00,야간,일,1,0,0,차량단독,전도전복,전도전복,단일로,기타단일로,승용차,
2016.12.3 22:00,야간,토,1,0,0,차대사람,기타,기타,단일로,기타단일로,승용차,보행자
2016.12.30 13:00,주간,금,1,0,0,차대사람,기타,기타,기타/불명,기타/불명,승합차,보행자
2016.12.29 16:00,주간,목,1,0,0,차량단독,전도전복,전도전복,단일로,기타단일로,농기계,
2016.12.30 21:00,야간,금,1,0,0,차대사람,횡단중,횡단중,교차로,교차로부근,승용차,보행자
2016.12.30 6:00,주간,금,1,1,0,차대차,측면직각충돌,측면직각충돌,교차로,교차로내,승용차,승용차
2016.12.24 0:00,야간,토,1,0,0,차대사람,기타,기타,교차로,교차로부근,승용차,보행자
2016.12.23 22:00,야간,금,1,0,0,차대차,정면충돌,정면충돌,단일로,기타단일로,승용차,승합차
2016.12.28 7:00,주간,수,1,0,0,차대사람,횡단중,횡단중,교차로,교차로내,화물차,보행자
2016.12.28 5:00,야간,수,1,0,0,차대차,정면충돌,정면충돌,교차로,교차로내,원동기장치자전거,승용차
2016.12.21 11:00,주간,수,1,0,0,차대차,정면충돌,정면충돌,단일로,기타단일로,승용차,화물차
2016.12.25 0:00,야간,일,1,1,0,차량단독,공작물충돌,공작물충돌,단일로,기타단일로,승용차,
2016.12.27 23:00,야간,화,1,1,0,차대차,정면충돌,정면충돌,단일로,기타단일로,승용차,승용차
2016.12.20 23:00,야간,화,1,0,0,차량단독,공작물충돌,공작물충돌,단일로,기타단일로,이륜차,
2016.12.27 22:00,야간,화,1,0,0,차대사람,횡단중,횡단중,단일로,기타단일로,승용차,보행자
2016.11.28 12:00,주간,월,1,0,0,차대차,측면직각충돌,측면직각충돌,교차로,교차로부근,이륜차,농기계
2016.12.2 18:00,야간,금,1,1,0,차대사람,횡단중,횡단중,단일로,횡단보도상,화물차,보행자
2016.12.3 10:00,주간,토,1,1,0,차대사람,보도통행중,보도통행중,단일로,기타단일로,승용차,보행자
2016.12.3 1:00,야간,토,1,0,0,차대사람,횡단중,횡단중,교차로,교차로부근,승용차,보행자
2016.11.30 17:00,주간,수,1,0,1,차대차,측면직각충돌,측면직각충돌,단일로,기타단일로,승용차,건설기계
2016.11.29 6:00,주간,화,1,0,0,차대사람,길가장자리구역통행중,길가장자리구역통행중,단일로,기타단일로,화물차,보행자
2016.12.4 18:00,야간,일,1,1,0,차대차,추돌,진행중 추돌,단일로,기타단일로,화물차,자전거
2016.12.4 2:00,야간,일,1,2,0,차대차,기타,기타,교차로,교차로내,원동기장치자전거,승용차
2016.12.18 18:00,야간,일,1,0,0,차대차,추돌,진행중 추돌,단일로,기타단일로,승용차,자전거
2016.3.28 15:00,주간,월,1,0,0,차대차,측면직각충돌,측면직각충돌,교차로,교차로내,이륜차,건설기계
2016.4.2 22:00,야간,토,1,0,0,차대사람,횡단중,횡단중,단일로,기타단일로,승용차,보행자
2016.4.29 1:00,야간,금,1,0,0,차대사람,횡단중,횡단중,단일로,기타단일로,승용차,보행자
2016.4.15 9:00,주간,금,1,0,0,차대차,기타,기타,단일로,기타단일로,화물차,이륜차
2016.6.14 18:00,야간,화,1,0,0,차대차,추돌,진행중 추돌,단일로,기타단일로,승용차,화물차
2016.12.5 12:00,주간,월,1,0,0,차대차,측면직각충돌,측면직각충돌,교차로,교차로내,승용차,자전거
2016.9.27 16:00,주간,화,1,0,0,차량단독,공작물충돌,공작물충돌,단일로,기타단일로,이륜차,
2016.1.3 22:00,야간,일,1,2,0,차대차,추돌,진행중 추돌,교차로,교차로부근,승용차,승합차
2016.11.1 6:00,주간,화,1,0,0,차대사람,횡단중,횡단중,교차로,교차로부근,승합차,보행자
2016.3.10 9:00,주간,목,1,0,0,차량단독,전도전복,전도전복,교차로,교차로부근,승용차,
2016.6.25 21:00,야간,토,1,0,0,차대사람,횡단중,횡단중,단일로,횡단보도부근,승용차,보행자
2016.6.30 23:00,야간,목,1,0,0,차량단독,공작물충돌,공작물충돌,단일로,기타단일로,승용차,
2016.11.4 18:00,야간,금,1,0,0,차대차,측면직각충돌,측면직각충돌,단일로,기타단일로,승용차,원동기장치자전거
2016.10.17 3:00,야간,월,1,0,0,차대사람,횡단중,횡단중,단일로,횡단보도상,승용차,보행자
2016.10.15 9:00,주간,토,1,1,0,차대차,기타,기타,단일로,기타단일로,화물차,특수차
2016.1.3 8:00,주간,일,1,1,2,차대사람,기타,기타,단일로,기타단일로,승용차,보행자
2016.4.2 3:00,야간,토,1,2,0,차량단독,전도전복,전도전복,단일로,교량위,승용차,
2016.3.20 5:00,야간,일,1,0,0,차대차,기타,기타,단일로,기타단일로,화물차,승용차
2016.4.11 14:00,주간,월,1,0,0,차량단독,공작물충돌,공작물충돌,단일로,기타단일로,승용차,
2016.5.11 20:00,야간,수,1,0,1,차대차,추돌,진행중 추돌,단일로,기타단일로,화물차,화물차
2016.12.29 22:00,야간,목,1,0,0,차대사람,횡단중,횡단중,단일로,기타단일로,승용차,보행자
2016.12.29 13:00,주간,목,1,1,0,차대차,측면직각충돌,측면직각충돌,교차로,교차로내,이륜차,자전거
2016.12.21 18:00,야간,수,1,1,0,차대차,정면충돌,정면충돌,교차로,교차로부근,승용차,승용차
2016.12.21 18:00,야간,수,1,0,8,차대사람,기타,기타,교차로,교차로내,승합차,보행자
2016.12.22 19:00,야간,목,1,0,0,차대사람,횡단중,횡단중,단일로,기타단일로,승용차,보행자
2016.12.2 17:00,주간,금,1,0,0,차대차,추돌,진행중 추돌,단일로,기타단일로,승용차,건설기계
2016.12.2 16:00,주간,금,1,0,0,차대차,정면충돌,정면충돌,단일로,기타단일로,자전거,승용차
2016.11.30 13:00,주간,수,1,0,0,차대사람,차도통행중,차도통행중,단일로,기타단일로,화물차,보행자
2016.11.30 7:00,주간,수,1,0,0,차대사람,횡단중,횡단중,단일로,기타단일로,승용차,보행자
2016.11.30 6:00,주간,수,1,0,0,차대사람,횡단중,횡단중,교차로,교차로부근,승용차,보행자
2016.11.29 21:00,야간,화,1,0,0,차대사람,횡단중,횡단중,단일로,기타단일로,승용차,보행자
2016.11.30 17:00,주간,수,1,0,0,차대사람,횡단중,횡단중,교차로,교차로내,승용차,보행자
2016.12.3 12:00,주간,토,1,0,1,차대차,측면직각충돌,측면직각충돌,교차로,교차로부근,승용차,화물차
2016.11.27 10:00,주간,일,1,0,0,차량단독,전도전복,전도전복,단일로,기타단일로,이륜차,
2016.11.28 3:00,야간,월,1,0,0,차대차,기타,기타,단일로,기타단일로,승용차,자전거
2016.11.28 17:00,주간,월,1,0,0,차대사람,차도통행중,차도통행중,교차로,교차로내,화물차,보행자
2016.12.29 16:00,주간,목,1,0,0,차대차,기타,기타,단일로,기타단일로,화물차,원동기장치자전거
2016.12.29 22:00,야간,목,1,0,0,차량단독,전도전복,전도전복,단일로,기타단일로,승용차,
2016.11.30 22:00,야간,수,1,0,0,차대사람,기타,기타,단일로,기타단일로,승합차,보행자
2016.11.30 20:00,야간,수,1,4,0,차대차,정면충돌,정면충돌,단일로,기타단일로,승합차,건설기계
2016.11.27 20:00,야간,일,1,0,0,차대차,기타,기타,교차로,교차로내,화물차,이륜차
2016.12.1 12:00,주간,목,1,0,0,차량단독,전도전복,전도전복,단일로,기타단일로,화물차,
2016.11.28 17:00,주간,월,1,0,0,차대차,추돌,진행중 추돌,교차로,교차로내,자전거,승용차
2016.12.29 11:00,주간,목,1,0,0,차대차,측면직각충돌,측면직각충돌,교차로,교차로내,승용차,이륜차
2016.12.22 21:00,야간,목,1,1,0,차대사람,횡단중,횡단중,단일로,기타단일로,승합차,보행자
2016.12.24 0:00,야간,토,1,0,0,차대사람,기타,기타,교차로,교차로부근,화물차,보행자
2016.12.27 7:00,주간,화,1,0,0,차대사람,횡단중,횡단중,단일로,기타단일로,승용차,보행자
2016.12.1 18:00,야간,목,1,0,0,차대사람,횡단중,횡단중,교차로,교차로부근,이륜차,보행자
2016.11.27 17:00,주간,일,1,0,0,차대차,측면직각충돌,측면직각충돌,단일로,기타단일로,자전거,승용차
2016.12.1 23:00,야간,목,1,0,0,차대차,측면직각충돌,측면직각충돌,단일로,기타단일로,이륜차,승용차
2016.11.29 8:00,주간,화,1,0,1,차대사람,기타,기타,단일로,횡단보도상,화물차,보행자
2016.12.28 16:00,주간,수,1,0,0,차대차,기타,기타,단일로,기타단일로,승용차,자전거
2016.12.29 1:00,야간,목,1,0,0,차대사람,횡단중,횡단중,단일로,기타단일로,승용차,보행자
2016.12.31 20:00,야간,토,1,0,0,차대차,추돌,진행중 추돌,단일로,기타단일로,원동기장치자전거,화물차
2016.12.31 18:00,야간,토,1,0,1,차대사람,기타,기타,단일로,기타단일로,승용차,보행자
2016.12.31 18:00,야간,토,1,0,0,차대차,추돌,진행중 추돌,단일로,기타단일로,이륜차,승용차
2016.12.31 23:00,야간,토,1,1,0,차량단독,전도전복,전도전복,단일로,기타단일로,승용차,
2016.12.31 2:00,야간,토,1,0,0,차대사람,기타,기타,단일로,기타단일로,승용차,보행자
2016.12.31 4:00,야간,토,1,2,0,차량단독,공작물충돌,공작물충돌,단일로,횡단보도부근,승용차,
2016.12.27 18:00,야간,화,1,0,0,차대사람,횡단중,횡단중,교차로,교차로내,승용차,보행자
2016.12.24 15:00,주간,토,1,2,1,차대차,정면충돌,정면충돌,단일로,기타단일로,승용차,승용차
2016.12.21 18:00,야간,수,1,0,0,차량단독,전도전복,전도전복,단일로,기타단일로,승용차,
2016.11.28 18:00,야간,월,1,0,0,차대사람,횡단중,횡단중,단일로,기타단일로,승용차,보행자
2016.9.2 13:00,주간,금,1,0,0,차대사람,횡단중,횡단중,단일로,기타단일로,화물차,보행자
2016.1.5 12:00,주간,화,1,0,3,차대차,추돌,진행중 추돌,교차로,교차로부근,승용차,화물차
2016.2.22 22:00,야간,월,1,0,0,차대차,추돌,진행중 추돌,교차로,교차로부근,이륜차,승용차
2016.9.29 1:00,야간,목,1,1,0,차량단독,공작물충돌,공작물충돌,지하도로내,지하도로내,이륜차,
2016.2.15 7:00,주간,월,1,0,0,차대차,기타,기타,교차로,교차로부근,건설기계,승용차
2016.2.17 13:00,주간,수,1,0,0,차대사람,횡단중,횡단중,단일로,기타단일로,화물차,보행자
2016.3.8 14:00,주간,화,1,0,0,차대차,정면충돌,정면충돌,교차로,교차로내,자전거,화물차
2016.3.4 23:00,야간,금,1,0,0,차대사람,횡단중,횡단중,단일로,기타단일로,승용차,보행자
2016.2.23 23:00,야간,화,1,0,0,차량단독,공작물충돌,공작물충돌,교차로,교차로부근,승용차,
2016.1.16 17:00,주간,토,1,0,0,차대차,정면충돌,정면충돌,교차로,교차로부근,이륜차,화물차
2016.1.16 18:00,야간,토,1,0,0,차대사람,횡단중,횡단중,교차로,교차로내,승용차,보행자
2016.1.15 18:00,야간,금,1,0,0,차대사람,횡단중,횡단중,단일로,기타단일로,승합차,보행자
2016.1.15 14:00,주간,금,1,0,0,차량단독,전도전복,전도전복,단일로,기타단일로,승용차,
2016.1.22 0:00,야간,금,1,0,0,차량단독,공작물충돌,공작물충돌,단일로,기타단일로,승용차,
2016.1.18 18:00,야간,월,1,0,0,차대사람,횡단중,횡단중,단일로,기타단일로,승용차,보행자
2016.1.18 20:00,야간,월,1,0,0,차대사람,횡단중,횡단중,교차로,교차로부근,승합차,보행자
2016.1.25 19:00,야간,월,1,0,0,차대사람,횡단중,횡단중,단일로,기타단일로,승용차,보행자
2016.1.23 1:00,야간,토,1,0,0,차대차,추돌,진행중 추돌,고가도로위,고가도로위,화물차,화물차
2016.1.23 8:00,주간,토,1,0,0,차대사람,차도통행중,차도통행중,단일로,기타단일로,승용차,보행자
2016.1.27 18:00,야간,수,1,0,0,차대사람,횡단중,횡단중,단일로,횡단보도상,승용차,보행자
2016.1.29 19:00,야간,금,1,0,0,차대사람,차도통행중,차도통행중,단일로,기타단일로,승합차,보행자
2016.1.28 6:00,주간,목,1,0,0,차대사람,횡단중,횡단중,단일로,횡단보도부근,승용차,보행자
2016.2.1 22:00,야간,월,1,0,0,차대사람,횡단중,횡단중,단일로,기타단일로,승용차,보행자
2016.2.2 5:00,야간,화,1,0,0,차대사람,횡단중,횡단중,단일로,기타단일로,승합차,보행자
2016.2.3 4:00,야간,수,1,0,0,차대사람,차도통행중,차도통행중,단일로,횡단보도상,승용차,보행자
2016.2.1 14:00,주간,월,1,0,0,차대사람,횡단중,횡단중,단일로,기타단일로,화물차,보행자
2016.2.1 7:00,주간,월,1,0,0,차대사람,횡단중,횡단중,단일로,횡단보도상,승합차,보행자
2016.6.6 0:00,야간,월,1,0,1,차대차,추돌,진행중 추돌,단일로,기타단일로,화물차,승용차
2016.5.25 3:00,야간,수,2,1,5,차대차,측면직각충돌,측면직각충돌,단일로,기타단일로,화물차,특수차
2016.12.7 10:00,주간,수,1,0,0,차대사람,기타,기타,단일로,기타단일로,화물차,보행자
2016.12.31 5:00,야간,토,1,1,0,차대차,추돌,진행중 추돌,단일로,기타단일로,화물차,화물차
2016.12.1 18:00,야간,목,1,0,0,차대사람,횡단중,횡단중,교차로,교차로부근,승용차,보행자
2016.12.2 18:00,야간,금,1,0,0,차대사람,횡단중,횡단중,교차로,교차로부근,승용차,보행자
2016.11.29 2:00,야간,화,1,0,0,차대사람,기타,기타,단일로,기타단일로,승용차,보행자
2016.11.28 6:00,주간,월,1,0,0,차대사람,횡단중,횡단중,단일로,횡단보도상,승용차,보행자
2016.11.29 12:00,주간,화,1,0,0,차대차,정면충돌,정면충돌,단일로,기타단일로,화물차,원동기장치자전거
2016.11.29 6:00,주간,화,1,0,0,차량단독,공작물충돌,공작물충돌,단일로,기타단일로,화물차,
2016.12.29 3:00,야간,목,2,0,2,차대차,기타,기타,단일로,기타단일로,승용차,승용차
2016.12.29 6:00,주간,목,1,0,0,차대차,측면직각충돌,측면직각충돌,교차로,교차로부근,자전거,승합차
2016.12.30 17:00,주간,금,1,0,1,차대차,측면직각충돌,측면직각충돌,단일로,기타단일로,승용차,승용차
2016.12.27 5:00,야간,화,1,0,0,차대사람,횡단중,횡단중,단일로,기타단일로,화물차,보행자
2016.12.27 20:00,야간,화,1,0,0,차대사람,횡단중,횡단중,단일로,횡단보도상,화물차,보행자
2016.12.27 21:00,야간,화,1,0,2,차대차,측면직각충돌,측면직각충돌,단일로,기타단일로,화물차,승합차
2016.12.25 15:00,주간,일,1,0,0,차량단독,전도전복,전도전복,기타/불명,기타/불명,승용차,
2016.12.28 10:00,주간,수,1,0,0,차대사람,횡단중,횡단중,교차로,교차로내,승용차,보행자
2016.12.24 10:00,주간,토,1,0,0,차대차,측면직각충돌,측면직각충돌,단일로,횡단보도상,자전거,승용차
2016.12.24 18:00,야간,토,1,0,0,차대사람,차도통행중,차도통행중,단일로,기타단일로,화물차,보행자
2016.12.21 12:00,주간,수,1,0,0,차대차,측면직각충돌,측면직각충돌,교차로,교차로부근,화물차,건설기계
2016.12.2 10:00,주간,금,1,3,1,차대차,측면직각충돌,측면직각충돌,단일로,기타단일로,승용차,화물차
2016.11.28 23:00,야간,월,1,0,0,차대차,추돌,진행중 추돌,교차로,교차로부근,승용차,화물차
2016.11.29 10:00,주간,화,1,0,0,차대사람,횡단중,횡단중,단일로,횡단보도부근,건설기계,보행자
2016.12.3 10:00,주간,토,1,0,0,차량단독,전도전복,전도전복,단일로,기타단일로,불명,
2016.11.29 13:00,주간,화,1,0,0,차대사람,횡단중,횡단중,단일로,기타단일로,승용차,보행자
2016.11.29 8:00,주간,화,1,0,0,차량단독,전도전복,전도전복,단일로,기타단일로,화물차,
2016.12.1 12:00,주간,목,1,1,0,차량단독,전도전복,전도전복,단일로,기타단일로,원동기장치자전거,
2016.12.30 8:00,주간,금,1,0,1,차대차,정면충돌,정면충돌,교차로,교차로내,화물차,승합차
2016.12.30 5:00,야간,금,1,0,0,차대차,정면충돌,정면충돌,단일로,기타단일로,원동기장치자전거,승용차
2016.12.28 19:00,야간,수,1,0,0,차대사람,횡단중,횡단중,교차로,교차로내,승용차,보행자
2016.12.23 13:00,주간,금,1,0,0,차대사람,보도통행중,보도통행중,단일로,기타단일로,건설기계,보행자
2016.12.23 17:00,주간,금,1,0,0,차대사람,길가장자리구역통행중,길가장자리구역통행중,교차로,교차로내,승용차,보행자
2016.12.23 0:00,야간,금,1,0,0,차대사람,횡단중,횡단중,교차로,교차로부근,승용차,보행자
2016.12.3 7:00,주간,토,1,0,0,차대사람,횡단중,횡단중,교차로,교차로부근,화물차,보행자
2016.12.4 9:00,주간,일,1,0,0,차량단독,기타,기타,단일로,기타단일로,자전거,
2016.11.30 5:00,야간,수,1,0,0,차대사람,횡단중,횡단중,단일로,기타단일로,이륜차,보행자
2016.11.30 12:00,주간,수,1,0,0,차대차,측면직각충돌,측면직각충돌,교차로,교차로내,화물차,원동기장치자전거
2016.11.30 6:00,주간,수,1,0,0,차대사람,횡단중,횡단중,교차로,교차로내,화물차,보행자
2016.11.30 6:00,주간,수,1,0,1,차대차,측면직각충돌,측면직각충돌,교차로,교차로부근,승용차,자전거
2016.11.30 15:00,주간,수,1,0,0,차대차,측면직각충돌,측면직각충돌,교차로,교차로내,자전거,승용차
2016.12.30 11:00,주간,금,1,0,0,차대사람,횡단중,횡단중,교차로,교차로내,승합차,보행자
2016.12.30 12:00,주간,금,1,0,0,차대사람,보도통행중,보도통행중,단일로,교량위,화물차,보행자
2016.12.29 23:00,야간,목,1,0,0,차량단독,전도전복,전도전복,단일로,기타단일로,승용차,
2016.12.29 18:00,야간,목,1,0,0,차대사람,횡단중,횡단중,단일로,기타단일로,승용차,보행자
2016.12.29 18:00,야간,목,1,0,0,차대사람,횡단중,횡단중,기타/불명,기타/불명,승용차,보행자
2016.10.7 4:00,야간,금,1,1,0,차대차,기타,기타,단일로,기타단일로,승용차,승용차
2016.12.5 23:00,야간,월,1,1,0,차대차,정면충돌,정면충돌,단일로,기타단일로,승용차,승용차
2016.1.25 2:00,야간,월,1,0,2,차대차,추돌,진행중 추돌,단일로,기타단일로,화물차,승합차
2016.12.29 10:00,주간,목,1,0,0,차량단독,전도전복,전도전복,단일로,기타단일로,원동기장치자전거,
2016.12.28 23:00,야간,수,1,0,0,차량단독,전도전복,전도전복,단일로,기타단일로,이륜차,