발생년월일시,주야,요일,사망자수,중상자수,경상자수,사고유형_대분류,사고유형_중분류,사고유형,도로형태_대분류,도로형태,당사자종별_1당_대분류,당사자종별_2당_대분류
2016.12.26 19:00,야간,월,1,0,0,차대사람,기타,기타,단일로,기타단일로,승용차,보행자
2016.12.21 13:00,주간,수,1,0,0,차대사람,횡단중,횡단중,단일로,기타단일로,화물차,보행자
2016.12.26 7:00,주간,월,1,0,0,차대사람,기타,기타,교차로,교차로내,화물차,보행자
2016.12.25 22:00,야간,일,1,0,0,차대사람,횡단중,횡단중,단일로,기타단일로,승용차,보행자
2016.12.25 21:00,야간,일,1,0,0,차대차,추돌,진행중 추돌,단일로,기타단일로,원동기장치자전거,화물차
2016.12.22 19:00,야간,목,1,0,0,차량단독,전도전복,전도전복,단일로,기타단일로,승용차,
2016.12.4 11:00,주간,일,1,0,0,차대차,측면직각충돌,측면직각충돌,단일로,횡단보도상,승용차,자전거
2016.12.3 23:00,야간,토,1,1,2,차대차,추돌,진행중 추돌,교차로,교차로내,승용차,승용차
2016.11.29 14:00,주간,화,1,0,0,차량단독,전도전복,전도전복,단일로,기타단일로,승용차,
2016.11.30 22:00,야간,수,1,0,0,차대사람,횡단중,횡단중,단일로,횡단보도부근,승용차,보행자
2016.11.26 17:00,주간,토,1,0,0,차대사람,횡단중,횡단중,교차로,교차로부근,승용차,보행자
2016.12.3 11:00,주간,토,1,1,2,차대차,추돌,진행중 추돌,단일로,기타단일로,특수차,승용차
2016.12.3 18:00,야간,토,1,0,0,차대사람,횡단중,횡단중,단일로,기타단일로,화물차,보행자
2016.11.29 9:00,주간,화,1,0,0,차량단독,전도전복,전도전복,단일로,기타단일로,이륜차,
2016.12.29 7:00,주간,목,1,0,1,차대차,측면직각충돌,측면직각충돌,단일로,기타단일로,이륜차,승용차
2016.12.29 2:00,야간,목,1,0,0,차대사람,횡단중,횡단중,교차로,교차로부근,승용차,보행자
2016.12.30 18:00,야간,금,1,0,0,차대사람,횡단중,횡단중,단일로,기타단일로,승용차,보행자
2016.12.30 22:00,야간,금,1,0,0,차대사람,기타,기타,교차로,교차로부근,승용차,승용차
2016.12.30 0:00,야간,금,1,0,0,차대사람,횡단중,횡단중,단일로,기타단일로,승용차,보행자
2016.12.29 7:00,주간,목,1,0,0,차대차,측면직각충돌,측면직각충돌,교차로,교차로내,승용차,자전거
2016.12.22 12:00,주간,목,1,0,0,차대사람,횡단중,횡단중,단일로,횡단보도상,승용차,보행자
2016.12.22 17:00,주간,목,1,2,2,차대차,측면직각충돌,측면직각충돌,교차로,교차로내,승용차,승용차
2016.12.27 0:00,야간,화,1,0,0,차대사람,길가장자리구역통행중,길가장자리구역통행중,단일로,기타단일로,화물차,보행자
2016.11.27 18:00,야간,일,1,0,1,차대사람,횡단중,횡단중,단일로,기타단일로,승용차,보행자
2016.11.27 20:00,야간,일,1,0,0,차대사람,횡단중,횡단중,단일로,횡단보도상,승합차,보행자
2016.12.2 5:00,야간,금,1,0,0,차량단독,기타,기타,기타/불명,기타/불명,이륜차,
2016.12.31 18:00,야간,토,1,0,0,차대사람,차도통행중,차도통행중,단일로,기타단일로,화물차,보행자
2016.12.1 9:00,주간,목,1,0,0,차대사람,기타,기타,단일로,터널안,화물차,보행자
2016.12.2 9:00,주간,금,1,0,0,차대사람,횡단중,횡단중,단일로,기타단일로,승합차,보행자
2016.12.4 10:00,주간,일,1,0,0,차량단독,공작물충돌,공작물충돌,단일로,기타단일로,승용차,
2016.12.2 0:00,야간,금,1,0,0,차대차,정면충돌,정면충돌,교차로,교차로부근,승용차,승용차
2016.12.1 23:00,야간,목,1,0,1,차대차,추돌,진행중 추돌,단일로,기타단일로,승용차,승합차
2016.12.2 20:00,야간,금,1,0,0,차대사람,차도통행중,차도통행중,단일로,기타단일로,승용차,보행자
2016.12.2 10:00,주간,금,1,0,0,차대사람,횡단중,횡단중,단일로,기타단일로,화물차,보행자
2016.11.30 15:00,주간,수,1,0,0,차대차,측면직각충돌,측면직각충돌,교차로,교차로내,자전거,화물차
2016.12.30 21:00,야간,금,1,0,0,차량단독,전도전복,전도전복,기타/불명,기타/불명,원동기장치자전거,
2016.12.22 20:00,야간,목,1,0,0,차대사람,횡단중,횡단중,단일로,기타단일로,승용차,보행자
2016.12.23 4:00,야간,금,1,0,0,차대사람,횡단중,횡단중,교차로,교차로내,승용차,보행자
2016.12.23 6:00,주간,금,1,0,0,차대차,측면직각충돌,측면직각충돌,단일로,기타단일로,특수차,승용차
2016.11.27 20:00,야간,일,1,0,0,차대사람,차도통행중,차도통행중,단일로,기타단일로,승용차,보행자
2016.1.25 13:00,주간,월,1,0,3,차량단독,공작물충돌,공작물충돌,단일로,기타단일로,승용차,
2016.2.11 14:00,주간,목,2,0,0,차량단독,전도전복,전도전복,단일로,기타단일로,화물차,
2016.4.15 0:00,야간,금,1,0,0,차대차,추돌,진행중 추돌,단일로,기타단일로,화물차,화물차
2016.12.21 18:00,야간,수,1,0,0,차량단독,전도전복,전도전복,단일로,기타단일로,화물차,
2016.11.6 23:00,야간,일,1,3,4,차대차,기타,기타,단일로,기타단일로,승용차,승용차
2016.9.25 2:00,야간,일,1,1,0,차대차,기타,기타,단일로,기타단일로,승용차,화물차
2016.9.24 22:00,야간,토,1,0,1,차량단독,공작물충돌,공작물충돌,단일로,기타단일로,승용차,
2016.11.11 22:00,야간,금,1,0,0,차량단독,공작물충돌,공작물충돌,단일로,터널안,화물차,
2016.12.2 12:00,주간,금,1,0,0,차량단독,공작물충돌,공작물충돌,단일로,기타단일로,화물차,
2016.12.3 17:00,주간,토,1,0,0,차대사람,기타,기타,단일로,기타단일로,승용차,보행자
2016.12.29 20:00,야간,목,1,0,0,차대사람,횡단중,횡단중,단일로,기타단일로,승용차,보행자
2016.12.4 0:00,야간,일,1,0,0,차량단독,전도전복,전도전복,단일로,기타단일로,승용차,
2016.12.4 18:00,야간,일,1,0,0,차대사람,차도통행중,차도통행중,단일로,기타단일로,승용차,보행자
2016.12.23 21:00,야간,금,2,1,1,차대차,정면충돌,정면충돌,단일로,기타단일로,이륜차,원동기장치자전거
2016.12.3 5:00,야간,토,1,0,0,차대사람,기타,기타,단일로,기타단일로,승용차,보행자
2016.11.29 20:00,야간,화,1,0,0,차대사람,기타,기타,단일로,기타단일로,승용차,보행자
2016.11.30 7:00,주간,수,1,0,0,차대차,추돌,진행중 추돌,지하도로내,지하도로내,승용차,건설기계
2016.12.3 12:00,주간,토,1,1,0,차대차,측면직각충돌,측면직각충돌,교차로,교차로내,화물차,원동기장치자전거
2016.12.1 21:00,야간,목,1,0,0,차량단독,전도전복,전도전복,지하도로내,지하도로내,승용차,
2016.12.1 17:00,주간,목,1,0,1,차대사람,횡단중,횡단중,단일로,기타단일로,이륜차,보행자
2016.12.30 18:00,야간,금,1,0,0,차대사람,횡단중,횡단중,단일로,기타단일로,승용차,보행자
2016.12.31 0:00,야간,토,1,0,0,차대사람,기타,기타,단일로,기타단일로,승용차,보행자
2016.12.30 0:00,야간,금,1,0,0,차대사람,횡단중,횡단중,교차로,교차로내,승용차,보행자
2016.12.30 23:00,야간,금,1,0,0,차대사람,길가장자리구역통행중,길가장자리구역통행중,단일로,기타단일로,승용차,보행자
2016.12.29 20:00,야간,목,1,0,1,차대차,추돌,진행중 추돌,교차로,교차로내,승합차,이륜차
2016.4.27 20:00,야간,수,2,0,1,차대사람,횡단중,횡단중,교차로,교차로부근,승용차,보행자
2016.5.17 21:00,야간,화,1,0,0,차대차,추돌,진행중 추돌,단일로,기타단일로,승용차,승용차
2016.5.18 9:00,주간,수,1,0,0,차대사람,횡단중,횡단중,교차로,교차로내,화물차,보행자
2016.6.11 0:00,야간,토,1,0,0,차대사람,횡단중,횡단중,교차로,교차로내,승용차,보행자
2016.8.14 19:00,야간,일,2,2,0,차대차,정면충돌,정면충돌,단일로,기타단일로,승용차,승용차
2016.8.25 10:00,주간,목,1,0,0,차대사람,횡단중,횡단중,교차로,교차로부근,승합차,보행자
2016.11.4 12:00,주간,금,1,2,0,차대차,측면직각충돌,측면직각충돌,교차로,교차로내,화물차,농기계
2016.12.5 2:00,야간,월,1,0,0,차대사람,횡단중,횡단중,교차로,교차로부근,승용차,보행자
2016.12.13 18:00,야간,화,1,0,0,차대사람,횡단중,횡단중,교차로,교차로부근,승용차,보행자
2016.12.16 18:00,야간,금,1,0,0,차대사람,횡단중,횡단중,단일로,기타단일로,승용차,보행자
2016.10.4 13:00,주간,화,1,0,4,차대차,추돌,진행중 추돌,단일로,기타단일로,화물차,화물차
2016.8.29 14:00,주간,월,1,1,0,차대차,추돌,진행중 추돌,단일로,기타단일로,화물차,화물차
2016.1.14 8:00,주간,목,1,0,0,차량단독,기타,기타,단일로,기타단일로,특수차,
2016.1.21 7:00,주간,목,1,0,0,차대사람,횡단중,횡단중,단일로,기타단일로,승용차,보행자
2016.10.25 18:00,야간,화,1,0,0,차대사람,횡단중,횡단중,기타/불명,기타/불명,승용차,보행자
2016.6.24 16:00,주간,금,2,0,0,차량단독,공작물충돌,공작물충돌,단일로,기타단일로,승용차,
2016.7.19 14:00,주간,화,1,0,0,차량단독,전도전복,전도전복,단일로,기타단일로,농기계,
2016.5.23 5:00,야간,월,1,0,1,차대차,추돌,진행중 추돌,단일로,기타단일로,승용차,화물차
2016.7.28 23:00,야간,목,1,0,0,차대차,추돌,진행중 추돌,단일로,기타단일로,화물차,화물차
2016.9.6 2:00,야간,화,1,0,0,차량단독,전도전복,전도전복,단일로,기타단일로,화물차,
2016.8.9 4:00,야간,화,1,1,0,차대차,기타,기타,단일로,기타단일로,승용차,화물차
2016.12.27 11:00,주간,화,1,5,3,차대차,추돌,진행중 추돌,단일로,기타단일로,승용차,승용차
2016.10.17 8:00,주간,월,1,0,0,차량단독,공작물충돌,공작물충돌,단일로,기타단일로,승용차,
2016.12.27 21:00,야간,화,1,0,0,차대사람,횡단중,횡단중,단일로,기타단일로,승용차,보행자
2016.11.11 15:00,주간,금,1,0,0,차대차,측면직각충돌,측면직각충돌,교차로,교차로내,건설기계,화물차
2016.9.25 4:00,야간,일,1,0,0,차대사람,횡단중,횡단중,단일로,횡단보도상,승합차,보행자
2016.9.2 22:00,야간,금,1,0,0,차대사람,횡단중,횡단중,교차로,교차로내,승용차,보행자
2016.1.27 18:00,야간,수,1,0,0,차대차,추돌,진행중 추돌,교차로,교차로부근,이륜차,승용차
2016.2.3 23:00,야간,수,1,0,0,차대사람,횡단중,횡단중,교차로,교차로부근,승용차,보행자
2016.3.27 15:00,주간,일,1,0,0,차량단독,공작물충돌,공작물충돌,단일로,기타단일로,승용차,
2016.4.6 21:00,야간,수,1,0,0,차대사람,횡단중,횡단중,단일로,기타단일로,승용차,보행자
2016.5.4 1:00,야간,수,1,0,0,차대사람,횡단중,횡단중,단일로,횡단보도상,승용차,보행자
2016.7.4 13:00,주간,월,1,0,0,차대차,정면충돌,정면충돌,교차로,교차로내,승용차,이륜차
2016.7.7 20:00,야간,목,1,0,0,차대차,정면충돌,정면충돌,단일로,기타단일로,자전거,승용차
2016.6.29 3:00,야간,수,1,1,0,차량단독,전도전복,전도전복,단일로,기타단일로,화물차,
2016.8.23 21:00,야간,화,1,0,1,차대차,정면충돌,정면충돌,교차로,교차로내,원동기장치자전거,화물차
2016.12.25 17:00,주간,일,1,0,0,차대차,기타,기타,단일로,기타단일로,승합차,자전거
2016.11.11 21:00,야간,금,1,1,0,차대사람,보도통행중,보도통행중,단일로,횡단보도상,승용차,보행자
2016.11.21 6:00,주간,월,1,0,0,차대차,측면직각충돌,측면직각충돌,교차로,교차로내,자전거,승용차
2016.9.21 20:00,야간,수,1,0,0,차대사람,횡단중,횡단중,단일로,기타단일로,승합차,보행자
2016.1.27 10:00,주간,수,1,0,0,차대사람,횡단중,횡단중,단일로,기타단일로,승용차,보행자
2016.1.31 8:00,주간,일,1,1,0,차대사람,길가장자리구역통행중,길가장자리구역통행중,단일로,기타단일로,승용차,보행자
2016.11.20 4:00,야간,일,1,0,0,차량단독,전도전복,전도전복,단일로,기타단일로,승용차,
2016.11.26 18:00,야간,토,1,0,2,차대사람,기타,기타,단일로,기타단일로,화물차,보행자
2016.1.6 10:00,주간,수,1,0,0,차대사람,횡단중,횡단중,단일로,기타단일로,승용차,보행자
2016.1.2 10:00,주간,토,1,0,0,차량단독,전도전복,전도전복,교차로,교차로부근,이륜차,
2016.1.2 7:00,주간,토,1,0,0,차대사람,횡단중,횡단중,교차로,교차로내,승용차,보행자
2016.1.2 18:00,야간,토,1,1,0,차대차,기타,기타,교차로,교차로부근,승용차,화물차
2016.1.3 4:00,야간,일,1,0,0,차대사람,횡단중,횡단중,교차로,교차로부근,승용차,보행자
2016.1.9 13:00,주간,토,1,0,0,차대사람,횡단중,횡단중,단일로,횡단보도상,승용차,보행자
2016.1.8 13:00,주간,금,1,1,1,차대차,정면충돌,정면충돌,단일로,기타단일로,화물차,건설기계
2016.1.9 2:00,야간,토,1,2,0,차대차,정면충돌,정면충돌,단일로,기타단일로,승용차,승용차
2016.1.6 18:00,야간,수,1,0,0,차대사람,횡단중,횡단중,교차로,교차로내,승용차,보행자
2016.1.14 2:00,야간,목,1,0,0,차대사람,길가장자리구역통행중,길가장자리구역통행중,단일로,기타단일로,승용차,보행자
2016.1.11 0:00,야간,월,1,3,0,차대차,정면충돌,정면충돌,단일로,기타단일로,승용차,승용차
2016.1.12 10:00,주간,화,1,0,0,차대차,기타,기타,기타/불명,기타/불명,승용차,원동기장치자전거
2016.1.16 6:00,주간,토,1,0,0,차대사람,횡단중,횡단중,단일로,기타단일로,승합차,보행자
2016.1.16 6:00,주간,토,1,0,0,차대사람,횡단중,횡단중,단일로,횡단보도상,승용차,보행자
2016.1.15 10:00,주간,금,1,0,0,차량단독,전도전복,전도전복,단일로,기타단일로,승용차,
2016.1.22 1:00,야간,금,1,1,0,차대차,측면직각충돌,측면직각충돌,교차로,교차로내,승용차,승용차
2016.1.22 7:00,주간,금,1,0,0,차대사람,횡단중,횡단중,단일로,횡단보도상,승용차,보행자
2016.1.27 5:00,야간,수,1,0,1,차대차,추돌,진행중 추돌,교차로,교차로부근,승용차,승합차
2016.1.27 21:00,야간,수,1,0,0,차대사람,횡단중,횡단중,단일로,기타단일로,승합차,보행자
2016.1.28 7:00,주간,목,1,0,0,차대사람,횡단중,횡단중,교차로,교차로부근,승용차,보행자
2016.1.28 10:00,주간,목,1,0,0,차량단독,전도전복,전도전복,교차로,교차로내,이륜차,
2016.1.30 20:00,야간,토,1,0,0,차량단독,전도전복,전도전복,단일로,기타단일로,승용차,
2016.2.11 16:00,주간,목,1,0,0,차대차,측면직각충돌,측면직각충돌,단일로,기타단일로,화물차,화물차
2016.3.7 14:00,주간,월,4,0,1,차대차,추돌,진행중 추돌,단일로,기타단일로,화물차,화물차
2016.4.26 0:00,야간,화,1,0,0,차대차,추돌,진행중 추돌,단일로,기타단일로,화물차,화물차
2016.4.8 1:00,야간,금,1,0,0,차량단독,공작물충돌,공작물충돌,단일로,기타단일로,승합차,
2016.9.11 19:00,야간,일,1,0,0,차대사람,기타,기타,단일로,기타단일로,승합차,보행자
2016.12.13 19:00,야간,화,1,0,0,차대사람,횡단중,횡단중,교차로,교차로내,승용차,보행자
2016.4.22 17:00,주간,금,1,0,0,차량단독,전도전복,전도전복,단일로,기타단일로,이륜차,
2016.4.23 20:00,야간,토,1,0,0,차대차,측면직각충돌,측면직각충돌,단일로,기타단일로,이륜차,승용차
2016.8.3 23:00,야간,수,1,0,0,차대차,측면직각충돌,측면직각충돌,단일로,교량위,승용차,이륜차
2016.11.7 16:00,주간,월,1,0,0,차대차,측면직각충돌,측면직각충돌,교차로,교차로내,자전거,승용차
2016.11.5 21:00,야간,토,1,0,1,차대차,정면충돌,정면충돌,교차로,교차로내,승용차,승용차
2016.9.26 16:00,주간,월,1,0,0,차량단독,전도전복,전도전복,단일로,기타단일로,농기계,
2016.9.28 3:00,야간,수,1,0,0,차대차,추돌,진행중 추돌,단일로,기타단일로,화물차,화물차
2016.10.9 10:00,주간,일,1,0,3,차대차,기타,기타,단일로,기타단일로,승용차,승용차
2016.2.28 3:00,야간,일,1,0,0,차량단독,전도전복,전도전복,단일로,기타단일로,승용차,
2016.1.3 15:00,주간,일,1,0,0,차량단독,전도전복,전도전복,단일로,기타단일로,이륜차,
2016.1.7 4:00,야간,목,1,0,0,차량단독,공작물충돌,공작물충돌,단일로,기타단일로,이륜차,
2016.3.25 10:00,주간,금,1,0,0,차량단독,전도전복,전도전복,기타/불명,기타/불명,이륜차,
2016.4.9 14:00,주간,토,1,1,0,차량단독,전도전복,전도전복,단일로,기타단일로,승용차,
2016.5.3 16:00,주간,화,1,0,0,차대사람,횡단중,횡단중,단일로,기타단일로,화물차,보행자
2016.7.3 5:00,야간,일,1,0,0,차대사람,횡단중,횡단중,단일로,기타단일로,승용차,보행자
2016.6.25 21:00,야간,토,1,0,0,차대차,기타,기타,단일로,기타단일로,자전거,승용차
2016.7.15 20:00,야간,금,1,0,0,차대사람,횡단중,횡단중,단일로,기타단일로,승용차,보행자
2016.8.10 15:00,주간,수,1,2,0,차대차,정면충돌,정면충돌,단일로,기타단일로,승용차,화물차
2016.8.22 16:00,주간,월,1,0,0,차대차,정면충돌,정면충돌,단일로,기타단일로,이륜차,특수차
2016.8.19 5:00,야간,금,1,0,0,차대사람,횡단중,횡단중,교차로,교차로부근,승용차,보행자
2016.11.1 15:00,주간,화,1,0,0,차대사람,횡단중,횡단중,단일로,기타단일로,승합차,보행자
2016.12.19 16:00,주간,월,1,0,0,차대사람,기타,기타,교차로,교차로부근,특수차,보행자
2016.5.20 15:00,주간,금,1,0,3,차대차,추돌,진행중 추돌,단일로,기타단일로,승용차,승용차
2016.4.28 8:00,주간,목,1,0,0,차대차,기타,기타,교차로,교차로부근,화물차,자전거
2016.6.10 1:00,야간,금,1,0,0,차량단독,전도전복,전도전복,고가도로위,고가도로위,이륜차,
2016.9.9 10:00,주간,금,1,0,0,차대차,측면직각충돌,측면직각충돌,교차로,교차로내,승합차,자전거
2016.9.6 16:00,주간,화,1,0,0,차대차,측면직각충돌,측면직각충돌,교차로,교차로내,원동기장치자전거,승용차
2016.10.29 3:00,야간,토,1,0,0,차대사람,횡단중,횡단중,단일로,횡단보도상,승용차,보행자
2016.12.18 17:00,주간,일,1,1,0,차량단독,전도전복,전도전복,단일로,기타단일로,승용차,
2016.10.21 13:00,주간,금,1,0,0,차대차,기타,기타,단일로,기타단일로,승용차,화물차
2016.11.29 23:00,야간,화,1,0,0,차대사람,차도통행중,차도통행중,단일로,기타단일로,승용차,보행자
2016.12.1 6:00,주간,목,1,0,0,차대차,추돌,진행중 추돌,단일로,기타단일로,화물차,화물차
2016.11.6 9:00,주간,일,4,22,17,차대차,기타,기타,단일로,기타단일로,승용차,승합차
2016.10.11 12:00,주간,화,2,0,1,차대차,추돌,진행중 추돌,단일로,기타단일로,화물차,화물차
2016.11.9 10:00,주간,수,3,0,1,차대차,기타,기타,단일로,기타단일로,승용차,화물차
2016.2.11 10:00,주간,목,1,0,0,차대차,측면직각충돌,측면직각충돌,교차로,교차로내,특수차,이륜차
2016.4.28 4:00,야간,목,1,2,0,차대차,측면직각충돌,측면직각충돌,단일로,기타단일로,화물차,화물차
2016.4.3 1:00,야간,일,1,0,0,차량단독,전도전복,전도전복,단일로,교량위,승합차,
2016.3.12 20:00,야간,토,1,0,1,차대차,정면충돌,정면충돌,단일로,기타단일로,이륜차,승용차
2016.4.12 23:00,야간,화,1,0,0,차대사람,횡단중,횡단중,교차로,교차로부근,승용차,보행자
2016.6.11 9:00,주간,토,1,0,1,차대차,측면직각충돌,측면직각충돌,교차로,교차로내,이륜차,건설기계
2016.6.10 10:00,주간,금,1,0,0,차대차,측면직각충돌,측면직각충돌,교차로,교차로내,화물차,이륜차
2016.6.10 12:00,주간,금,1,0,0,차대사람,횡단중,횡단중,기타/불명,기타/불명,승용차,보행자
2016.7.29 2:00,야간,금,1,1,1,차대차,측면직각충돌,측면직각충돌,교차로,교차로내,이륜차,화물차
2016.11.4 23:00,야간,금,1,0,0,차대사람,횡단중,횡단중,단일로,기타단일로,승용차,보행자
2016.9.22 9:00,주간,목,1,0,0,차대사람,기타,기타,단일로,기타단일로,승용차,보행자
2016.9.3 7:00,주간,토,1,0,0,차대차,기타,기타,단일로,기타단일로,화물차,자전거
2016.3.24 15:00,주간,목,1,0,1,차대차,정면충돌,정면충돌,단일로,기타단일로,이륜차,승용차
2016.6.26 10:00,주간,일,1,0,0,차대차,기타,기타,단일로,기타단일로,화물차,건설기계
2016.7.12 21:00,야간,화,1,0,0,차대사람,기타,기타,단일로,기타단일로,승용차,보행자
2016.9.19 14:00,주간,월,1,0,1,차량단독,공작물충돌,공작물충돌,단일로,기타단일로,승용차,
2016.8.1 19:00,야간,월,1,0,0,차량단독,전도전복,전도전복,단일로,기타단일로,이륜차,
2016.8.8 8:00,주간,월,1,0,0,차대차,측면직각충돌,측면직각충돌,교차로,교차로내,자전거,승용차
2016.10.1 13:00,주간,토,1,0,0,차량단독,전도전복,전도전복,단일로,기타단일로,화물차,
2016.11.21 0:00,야간,월,1,1,0,차대차,측면직각충돌,측면직각충돌,단일로,기타단일로,원동기장치자전거,승용차
2016.4.1 9:00,주간,금,1,0,0,차대차,기타,기타,단일로,기타단일로,화물차,자전거
2016.3.19 6:00,주간,토,1,0,0,차대차,추돌,진행중 추돌,단일로,기타단일로,화물차,화물차
2016.4.5 3:00,야간,화,1,0,1,차대차,추돌,진행중 추돌,단일로,교량위,화물차,화물차
2016.10.24 18:00,야간,월,1,0,0,차대차,추돌,진행중 추돌,단일로,기타단일로,화물차,화물차
2016.8.13 23:00,야간,토,1,2,1,차대차,추돌,진행중 추돌,단일로,터널안,승용차,승용차
2016.8.31 22:00,야간,수,1,1,2,차대차,추돌,진행중 추돌,단일로,기타단일로,특수차,화물차
2016.1.5 5:00,야간,화,1,1,0,차대차,측면직각충돌,측면직각충돌,교차로,교차로내,승용차,화물차
2016.1.2 6:00,주간,토,1,0,0,차대사람,횡단중,횡단중,단일로,기타단일로,승용차,보행자
2016.1.1 4:00,야간,금,1,0,0,차대차,추돌,진행중 추돌,단일로,기타단일로,승용차,화물차
2016.1.9 17:00,주간,토,1,0,0,차대사람,횡단중,횡단중,단일로,기타단일로,승용차,보행자
2016.1.6 18:00,야간,수,1,0,0,차대차,측면직각충돌,측면직각충돌,단일로,기타단일로,승용차,화물차
2016.12.12 16:00,주간,월,1,0,0,차량단독,전도전복,전도전복,교차로,교차로내,원동기장치자전거,
2016.12.12 0:00,야간,월,1,0,0,차대차,추돌,진행중 추돌,교차로,교차로부근,승용차,화물차
2016.12.10 22:00,야간,토,1,0,0,차대사람,횡단중,횡단중,교차로,교차로내,승용차,보행자
2016.12.10 1:00,야간,토,1,0,0,차대사람,횡단중,횡단중,교차로,교차로부근,승용차,보행자
2016.12.10 18:00,야간,토,1,0,0,차대차,추돌,진행중 추돌,단일로,기타단일로,화물차,자전거
2016.12.10 9:00,주간,토,1,0,0,차량단독,전도전복,전도전복,교차로,교차로내,건설기계,
2016.12.7 1:00,야간,수,1,0,0,차량단독,공작물충돌,공작물충돌,교차로,교차로내,승용차,
2016.12.16 13:00,주간,금,1,0,0,차대사람,기타,기타,단일로,기타단일로,화물차,보행자
2016.12.16 19:00,야간,금,1,0,2,차대사람,횡단중,횡단중,단일로,기타단일로,승용차,보행자
2016.12.14 1:00,야간,수,1,1,1,차대차,측면직각충돌,측면직각충돌,교차로,교차로내,이륜차,승용차
2016.12.18 21:00,야간,일,1,1,7,차대차,측면직각충돌,측면직각충돌,단일로,기타단일로,화물차,승합차
2016.11.11 5:00,야간,금,1,0,0,차대사람,횡단중,횡단중,단일로,횡단보도상,원동기장치자전거,보행자
2016.11.9 4:00,야간,수,1,1,1,차대차,측면직각충돌,측면직각충돌,교차로,교차로내,승용차,승용차
2016.11.10 6:00,주간,목,1,0,0,차대사람,횡단중,횡단중,단일로,횡단보도상,화물차,보행자
2016.11.10 4:00,야간,목,1,0,0,차대사람,횡단중,횡단중,교차로,교차로내,승용차,보행자
2016.11.7 17:00,주간,월,1,0,0,차대차,측면직각충돌,측면직각충돌,단일로,기타단일로,승용차,승합차
2016.11.11 20:00,야간,금,1,2,2,차대차,측면직각충돌,측면직각충돌,교차로,교차로내,승용차,승용차
2016.11.12 19:00,야간,토,1,0,0,차대사람,차도통행중,차도통행중,단일로,기타단일로,승용차,보행자
2016.11.9 10:00,주간,수,1,0,0,차대사람,횡단중,횡단중,단일로,횡단보도상,승용차,보행자
2016.11.6 18:00,야간,일,1,0,0,차량단독,공작물충돌,공작물충돌,단일로,기타단일로,승용차,
2016.11.9 19:00,야간,수,1,0,0,차대사람,횡단중,횡단중,교차로,교차로부근,화물차,보행자
2016.11.18 19:00,야간,금,1,0,0,차대차,기타,기타,단일로,기타단일로,화물차,자전거
2016.11.16 6:00,주간,수,1,0,0,차대사람,횡단중,횡단중,단일로,기타단일로,승용차,보행자
2016.11.16 19:00,야간,수,1,0,0,차대차,측면직각충돌,측면직각충돌,단일로,기타단일로,승용차,이륜차
2016.11.17 19:00,야간,목,1,0,1,차대차,기타,기타,교차로,교차로부근,이륜차,승용차
2016.11.17 18:00,야간,목,1,0,0,차대사람,횡단중,횡단중,교차로,교차로내,승용차,보행자
2016.11.13 18:00,야간,일,1,0,0,차대사람,횡단중,횡단중,교차로,교차로부근,승용차,보행자
2016.11.16 23:00,야간,수,1,0,0,차대사람,횡단중,횡단중,단일로,기타단일로,승용차,보행자
2016.11.17 6:00,주간,목,1,0,0,차대사람,횡단중,횡단중,교차로,교차로내,승용차,보행자
2016.11.15 7:00,주간,화,1,4,6,차대차,추돌,진행중 추돌,단일로,기타단일로,승용차,승용차
2016.11.24 23:00,야간,목,1,0,0,차량단독,전도전복,전도전복,단일로,기타단일로,화물차,
2016.11.26 19:00,야간,토,1,0,0,차량단독,전도전복,전도전복,단일로,기타단일로,화물차,
2016.11.21 16:00,주간,월,1,0,0,차량단독,전도전복,전도전복,단일로,기타단일로,농기계,
2016.11.26 18:00,야간,토,1,0,0,차대사람,횡단중,횡단중,교차로,교차로내,승용차,보행자
2016.11.1 10:00,주간,화,1,0,0,차대사람,횡단중,횡단중,단일로,기타단일로,승용차,보행자
2016.10.28 15:00,주간,금,1,0,0,차대차,측면직각충돌,측면직각충돌,교차로,교차로내,이륜차,승합차
2016.11.3 5:00,야간,목,1,0,0,차대사람,횡단중,횡단중,교차로,교차로부근,승용차,보행자
2016.10.29 20:00,야간,토,1,0,0,차대사람,기타,기타,교차로,교차로내,승용차,보행자
2016.11.4 16:00,주간,금,1,0,0,차대차,측면직각충돌,측면직각충돌,교차로,교차로내,화물차,이륜차
2016.11.1 11:00,주간,화,1,0,0,차대사람,횡단중,횡단중,단일로,기타단일로,승용차,보행자
2016.12.10 20:00,야간,토,1,0,0,차대사람,기타,기타,단일로,기타단일로,승합차,보행자
2016.11.22 23:00,야간,화,1,0,0,차대사람,횡단중,횡단중,단일로,횡단보도상,승용차,보행자
2016.11.23 9:00,주간,수,1,0,0,차대사람,횡단중,횡단중,단일로,횡단보도상,화물차,보행자
2016.11.22 18:00,야간,화,1,0,0,차대사람,기타,기타,단일로,기타단일로,승용차,보행자
2016.10.30 21:00,야간,일,1,0,0,차량단독,도로이탈,도로이탈 기타,단일로,기타단일로,이륜차,
2016.11.4 13:00,주간,금,1,1,0,차대차,정면충돌,정면충돌,단일로,기타단일로,화물차,건설기계
2016.11.1 14:00,주간,화,1,0,0,차량단독,공작물충돌,공작물충돌,단일로,기타단일로,이륜차,