발생년월일시,주야,요일,사망자수,중상자수,경상자수,사고유형_대분류,사고유형_중분류,사고유형,도로형태_대분류,도로형태,당사자종별_1당_대분류,당사자종별_2당_대분류
2016.10.31 6:00,주간,월,1,0,0,차대사람,횡단중,횡단중,교차로,교차로부근,승용차,보행자
2016.11.1 18:00,야간,화,1,0,0,차대사람,횡단중,횡단중,단일로,기타단일로,승용차,보행자
2016.12.10 14:00,주간,토,1,0,0,차대사람,길가장자리구역통행중,길가장자리구역통행중,단일로,기타단일로,승용차,보행자
2016.12.11 17:00,주간,일,1,0,0,차량단독,공작물충돌,공작물충돌,단일로,기타단일로,승용차,
2016.12.8 8:00,주간,목,1,0,0,차대차,기타,기타,단일로,기타단일로,화물차,건설기계
2016.12.9 7:00,주간,금,1,0,0,차량단독,공작물충돌,공작물충돌,단일로,기타단일로,특수차,
2016.12.8 22:00,야간,목,1,0,0,차대사람,횡단중,횡단중,교차로,교차로내,승용차,보행자
2016.12.16 4:00,야간,금,1,0,0,차량단독,전도전복,전도전복,단일로,기타단일로,이륜차,
2016.12.18 18:00,야간,일,1,0,0,차대사람,차도통행중,차도통행중,기타/불명,기타/불명,승용차,보행자
2016.12.12 22:00,야간,월,1,0,0,차대사람,횡단중,횡단중,단일로,기타단일로,승용차,보행자
2016.12.14 19:00,야간,수,1,0,0,차량단독,전도전복,전도전복,단일로,기타단일로,이륜차,
2016.12.15 18:00,야간,목,1,1,3,차대차,추돌,진행중 추돌,단일로,기타단일로,승용차,승용차
2016.12.16 4:00,야간,금,1,2,0,차대차,추돌,진행중 추돌,단일로,교량위,승용차,화물차
2016.12.20 11:00,주간,화,1,0,0,차대차,기타,기타,단일로,기타단일로,자전거,승합차
2016.12.13 6:00,주간,화,1,0,0,차대사람,횡단중,횡단중,교차로,교차로부근,승용차,보행자
2016.12.15 2:00,야간,목,1,2,2,차대차,정면충돌,정면충돌,단일로,기타단일로,승용차,승용차
2016.10.1 3:00,야간,토,3,2,4,차대차,측면직각충돌,측면직각충돌,교차로,교차로내,승용차,승용차
2016.11.10 20:00,야간,목,1,0,0,차대사람,횡단중,횡단중,교차로,교차로내,승용차,보행자
2016.11.12 14:00,주간,토,1,0,0,차대차,측면직각충돌,측면직각충돌,단일로,기타단일로,자전거,화물차
2016.11.18 2:00,야간,금,2,1,0,차대차,정면충돌,정면충돌,교차로,교차로내,화물차,승용차
2016.11.12 17:00,주간,토,1,0,0,차대사람,기타,기타,단일로,기타단일로,승용차,보행자
2016.11.18 12:00,주간,금,1,1,0,차대차,추돌,진행중 추돌,교차로,교차로부근,승합차,승용차
2016.11.19 17:00,주간,토,1,0,0,차대차,추돌,진행중 추돌,단일로,기타단일로,승용차,농기계
2016.11.13 2:00,야간,일,1,0,0,차대사람,횡단중,횡단중,단일로,횡단보도상,승용차,보행자
2016.11.15 18:00,야간,화,1,1,2,차대차,측면직각충돌,측면직각충돌,교차로,교차로내,승용차,승용차
2016.11.27 6:00,주간,일,1,2,0,차대차,기타,기타,고가도로위,고가도로위,승용차,화물차
2016.11.26 15:00,주간,토,1,0,0,차량단독,전도전복,전도전복,단일로,기타단일로,이륜차,
2016.11.20 3:00,야간,일,1,0,0,차대사람,횡단중,횡단중,단일로,기타단일로,승용차,보행자
2016.11.20 12:00,주간,일,1,1,2,차대차,측면직각충돌,측면직각충돌,교차로,교차로내,특수차,승용차
2016.11.24 4:00,야간,목,1,1,0,차대차,측면직각충돌,측면직각충돌,교차로,교차로내,이륜차,승용차
2016.10.31 6:00,주간,월,1,3,1,차대차,정면충돌,정면충돌,교차로,교차로내,승용차,승용차
2016.11.4 8:00,주간,금,1,0,0,차대차,측면직각충돌,측면직각충돌,교차로,교차로내,화물차,이륜차
2016.10.31 18:00,야간,월,1,0,0,차대사람,기타,기타,교차로,교차로내,화물차,보행자
2016.10.30 2:00,야간,일,1,1,0,차대사람,횡단중,횡단중,단일로,기타단일로,승용차,보행자
2016.10.29 22:00,야간,토,1,0,0,차량단독,전도전복,전도전복,단일로,기타단일로,이륜차,
2016.12.11 10:00,주간,일,1,0,0,차대차,기타,기타,교차로,교차로내,승용차,승용차
2016.11.13 17:00,주간,일,1,1,0,차대차,추돌,진행중 추돌,단일로,기타단일로,화물차,농기계
2016.11.22 10:00,주간,화,1,0,0,차대사람,횡단중,횡단중,교차로,교차로내,승용차,보행자
2016.11.26 10:00,주간,토,1,1,1,차대차,측면직각충돌,측면직각충돌,단일로,기타단일로,승용차,화물차
2016.11.26 8:00,주간,토,2,1,2,차대차,측면직각충돌,측면직각충돌,교차로,교차로내,화물차,승용차
2016.11.19 17:00,주간,토,1,0,0,차대사람,횡단중,횡단중,단일로,횡단보도상,승용차,보행자
2016.11.19 11:00,주간,토,1,2,0,차대차,정면충돌,정면충돌,단일로,기타단일로,화물차,화물차
2016.11.20 11:00,주간,일,1,0,0,차대사람,기타,기타,단일로,기타단일로,승용차,보행자
2016.11.4 6:00,주간,금,1,0,0,차대사람,횡단중,횡단중,교차로,교차로내,승용차,보행자
2016.10.29 19:00,야간,토,1,0,0,차대사람,길가장자리구역통행중,길가장자리구역통행중,단일로,기타단일로,승용차,보행자
2016.11.3 6:00,주간,목,1,0,0,차대차,추돌,진행중 추돌,단일로,기타단일로,승용차,건설기계
2016.11.5 4:00,야간,토,1,0,0,차량단독,전도전복,전도전복,단일로,기타단일로,이륜차,
2016.12.16 20:00,야간,금,1,0,0,차대사람,횡단중,횡단중,단일로,횡단보도상,승용차,보행자
2016.12.19 16:00,주간,월,1,0,1,차대차,정면충돌,정면충돌,교차로,교차로부근,화물차,화물차
2016.12.19 11:00,주간,월,1,0,0,차량단독,공작물충돌,공작물충돌,단일로,기타단일로,화물차,
2016.12.19 5:00,야간,월,1,0,1,차량단독,전도전복,전도전복,단일로,기타단일로,승용차,
2016.12.25 1:00,야간,일,1,0,0,차량단독,주/정차차량 충돌,주/정차차량 충돌,교차로,교차로부근,승용차,승합차
2016.12.25 21:00,야간,일,1,0,0,차대사람,횡단중,횡단중,단일로,기타단일로,승용차,보행자
2016.12.21 18:00,야간,수,1,0,0,차대사람,기타,기타,기타/불명,기타/불명,승합차,보행자
2016.12.28 20:00,야간,수,1,0,0,차대사람,기타,기타,교차로,교차로부근,승용차,보행자
2016.12.24 5:00,야간,토,1,0,0,차대사람,횡단중,횡단중,교차로,교차로부근,승용차,보행자
2016.10.3 19:00,야간,월,1,0,0,차대차,측면직각충돌,측면직각충돌,교차로,교차로내,자전거,승용차
2016.11.9 18:00,야간,수,1,0,0,차대사람,기타,기타,교차로,교차로부근,화물차,보행자
2016.11.9 13:00,주간,수,1,0,0,차대사람,횡단중,횡단중,단일로,기타단일로,승용차,보행자
2016.11.5 19:00,야간,토,1,0,0,차대차,정면충돌,정면충돌,교차로,교차로내,이륜차,승용차
2016.11.10 10:00,주간,목,1,0,0,차량단독,전도전복,전도전복,단일로,기타단일로,특수차,
2016.11.16 10:00,주간,수,1,1,0,차대사람,기타,기타,단일로,기타단일로,화물차,보행자
2016.11.12 22:00,야간,토,1,0,0,차대사람,횡단중,횡단중,단일로,기타단일로,승용차,보행자
2016.11.16 20:00,야간,수,1,0,0,차대사람,차도통행중,차도통행중,단일로,기타단일로,화물차,보행자
2016.11.17 11:00,주간,목,1,0,0,차대사람,길가장자리구역통행중,길가장자리구역통행중,교차로,교차로내,화물차,보행자
2016.11.14 8:00,주간,월,1,0,0,차대사람,횡단중,횡단중,단일로,기타단일로,화물차,보행자
2016.11.26 14:00,주간,토,1,0,0,차대차,추돌,진행중 추돌,교차로,교차로부근,이륜차,승용차
2016.11.26 21:00,야간,토,3,0,0,차량단독,전도전복,전도전복,단일로,횡단보도상,승용차,
2016.10.8 0:00,야간,토,2,0,0,차대차,측면직각충돌,측면직각충돌,교차로,교차로내,승용차,승합차
2016.10.14 21:00,야간,금,1,0,0,차대사람,횡단중,횡단중,교차로,교차로부근,승용차,보행자
2016.10.13 15:00,주간,목,1,0,0,차대차,기타,기타,단일로,기타단일로,승합차,자전거
2016.10.13 16:00,주간,목,1,0,0,차대사람,길가장자리구역통행중,길가장자리구역통행중,단일로,기타단일로,화물차,보행자
2016.10.10 19:00,야간,월,1,1,2,차대차,추돌,진행중 추돌,단일로,기타단일로,승용차,농기계
2016.10.20 6:00,주간,목,1,0,0,차대사람,기타,기타,교차로,교차로부근,화물차,보행자
2016.10.18 8:00,주간,화,1,0,0,차대사람,횡단중,횡단중,단일로,횡단보도상,승합차,보행자
2016.10.20 0:00,야간,목,1,0,1,차대차,측면직각충돌,측면직각충돌,교차로,교차로내,원동기장치자전거,승용차
2016.10.16 18:00,야간,일,1,0,0,차대사람,횡단중,횡단중,단일로,기타단일로,승용차,보행자
2016.10.15 21:00,야간,토,1,0,0,차대차,기타,기타,교차로,교차로내,화물차,화물차
2016.9.15 20:00,야간,목,1,0,0,차대사람,횡단중,횡단중,단일로,기타단일로,화물차,보행자
2016.9.15 19:00,야간,목,1,2,9,차대차,정면충돌,정면충돌,단일로,기타단일로,농기계,승용차
2016.9.21 15:00,주간,수,1,0,0,차량단독,전도전복,전도전복,단일로,기타단일로,원동기장치자전거,
2016.9.26 11:00,주간,월,1,0,0,차대사람,차도통행중,차도통행중,교차로,교차로내,승용차,보행자
2016.9.26 17:00,주간,월,1,4,1,차대차,추돌,진행중 추돌,단일로,기타단일로,화물차,승합차
2016.9.25 0:00,야간,일,1,0,0,차대사람,횡단중,횡단중,단일로,기타단일로,승용차,보행자
2016.9.25 22:00,야간,일,1,0,1,차대차,측면직각충돌,측면직각충돌,교차로,교차로내,승용차,승용차
2016.9.27 7:00,주간,화,1,0,0,차대차,정면충돌,정면충돌,교차로,교차로내,원동기장치자전거,화물차
2016.9.25 5:00,야간,일,1,0,1,차대사람,횡단중,횡단중,단일로,기타단일로,원동기장치자전거,보행자
2016.9.5 12:00,주간,월,1,0,0,차량단독,도로이탈,도로이탈 기타,단일로,기타단일로,자전거,
2016.9.1 22:00,야간,목,1,0,0,차대사람,횡단중,횡단중,단일로,기타단일로,화물차,보행자
2016.9.5 11:00,주간,월,1,0,1,차대차,기타,기타,교차로,교차로내,이륜차,화물차
2016.9.5 6:00,주간,월,1,0,2,차대차,추돌,진행중 추돌,교차로,교차로부근,화물차,승합차
2016.9.5 16:00,주간,월,1,0,0,차대사람,횡단중,횡단중,단일로,기타단일로,승용차,보행자
2016.9.2 21:00,야간,금,1,0,0,차대사람,기타,기타,단일로,기타단일로,승용차,승용차
2016.10.12 10:00,주간,수,1,0,0,차대차,측면직각충돌,측면직각충돌,교차로,교차로부근,자전거,승용차
2016.10.10 5:00,야간,월,1,0,0,차대사람,횡단중,횡단중,교차로,교차로내,승용차,보행자
2016.10.10 18:00,야간,월,1,0,0,차대사람,차도통행중,차도통행중,단일로,기타단일로,화물차,보행자
2016.10.18 14:00,주간,화,1,0,0,차대차,측면직각충돌,측면직각충돌,단일로,기타단일로,이륜차,화물차
2016.10.16 16:00,주간,일,1,0,0,차량단독,전도전복,전도전복,단일로,기타단일로,농기계,
2016.10.14 14:00,주간,금,1,0,1,차량단독,공작물충돌,공작물충돌,단일로,기타단일로,원동기장치자전거,
2016.10.14 18:00,야간,금,1,0,0,차대차,측면직각충돌,측면직각충돌,교차로,교차로내,특수차,원동기장치자전거
2016.10.15 12:00,주간,토,1,0,0,차대사람,횡단중,횡단중,단일로,기타단일로,승용차,보행자
2016.10.19 9:00,주간,수,1,0,0,차대차,측면직각충돌,측면직각충돌,교차로,교차로내,화물차,이륜차
2016.10.24 16:00,주간,월,1,0,0,차량단독,전도전복,전도전복,단일로,기타단일로,이륜차,
2016.10.25 15:00,주간,화,1,0,0,차대사람,기타,기타,단일로,기타단일로,승용차,보행자
2016.10.22 19:00,야간,토,1,0,0,차대사람,횡단중,횡단중,교차로,교차로내,승용차,보행자
2016.10.7 0:00,야간,금,1,0,0,차대사람,횡단중,횡단중,교차로,교차로내,승용차,보행자
2016.9.30 8:00,주간,금,1,0,0,차대사람,횡단중,횡단중,단일로,기타단일로,승합차,보행자
2016.10.3 0:00,야간,월,1,0,0,차대차,기타,기타,단일로,기타단일로,승용차,원동기장치자전거
2016.9.18 19:00,야간,일,1,0,0,차대사람,횡단중,횡단중,교차로,교차로내,승용차,보행자
2016.9.17 23:00,야간,토,1,0,0,차대사람,횡단중,횡단중,단일로,기타단일로,승용차,보행자
2016.9.17 16:00,주간,토,1,1,4,차대차,정면충돌,정면충돌,단일로,기타단일로,승용차,승합차
2016.9.19 9:00,주간,월,1,0,0,차대사람,횡단중,횡단중,단일로,횡단보도부근,승합차,보행자
2016.9.28 15:00,주간,수,1,0,0,차량단독,공작물충돌,공작물충돌,단일로,기타단일로,원동기장치자전거,
2016.9.23 14:00,주간,금,1,0,0,차대차,기타,기타,교차로,교차로부근,자전거,특수차
2016.9.28 11:00,주간,수,1,0,0,차량단독,공작물충돌,공작물충돌,단일로,기타단일로,승용차,
2016.9.24 16:00,주간,토,1,0,0,차대차,측면직각충돌,측면직각충돌,교차로,교차로내,건설기계,원동기장치자전거
2016.9.26 6:00,주간,월,1,0,0,차량단독,공작물충돌,공작물충돌,단일로,기타단일로,승용차,
2016.9.25 23:00,야간,일,1,0,0,차대사람,횡단중,횡단중,단일로,기타단일로,승용차,보행자
2016.9.26 13:00,주간,월,1,1,0,차대차,추돌,진행중 추돌,단일로,기타단일로,화물차,농기계
2016.9.28 5:00,야간,수,1,0,0,차대차,추돌,진행중 추돌,단일로,기타단일로,승용차,화물차
2016.12.9 3:00,야간,금,1,0,0,차대사람,횡단중,횡단중,단일로,기타단일로,건설기계,보행자
2016.12.17 15:00,주간,토,1,0,0,차대사람,횡단중,횡단중,교차로,교차로내,화물차,보행자
2016.12.14 17:00,주간,수,1,0,0,차대사람,횡단중,횡단중,단일로,횡단보도상,승용차,보행자
2016.12.17 17:00,주간,토,1,0,0,차대차,정면충돌,정면충돌,교차로,교차로부근,승용차,승용차
2016.12.19 22:00,야간,월,1,0,0,차대사람,횡단중,횡단중,단일로,횡단보도상,승용차,보행자
2016.12.19 7:00,주간,월,1,0,0,차대차,측면직각충돌,측면직각충돌,교차로,교차로내,승용차,자전거
2016.12.13 19:00,야간,화,1,0,0,차대사람,횡단중,횡단중,단일로,횡단보도부근,승용차,보행자
2016.12.19 15:00,주간,월,1,0,0,차량단독,공작물충돌,공작물충돌,단일로,기타단일로,승합차,
2016.12.14 6:00,주간,수,1,0,0,차대차,측면직각충돌,측면직각충돌,단일로,기타단일로,화물차,승용차
2016.12.16 2:00,야간,금,1,0,0,차량단독,전도전복,전도전복,교차로,교차로내,화물차,
2016.12.17 19:00,야간,토,1,1,0,차대차,정면충돌,정면충돌,기타/불명,기타/불명,승용차,이륜차
2016.10.5 18:00,야간,수,1,0,0,차대사람,횡단중,횡단중,교차로,교차로부근,승용차,보행자
2016.11.8 14:00,주간,화,1,0,0,차대차,추돌,진행중 추돌,단일로,기타단일로,승용차,승용차
2016.11.8 15:00,주간,화,1,0,1,차대차,측면직각충돌,측면직각충돌,단일로,기타단일로,승용차,승용차
2016.11.6 0:00,야간,일,1,0,0,차대사람,횡단중,횡단중,단일로,기타단일로,승용차,보행자
2016.11.10 17:00,주간,목,1,1,1,차대차,정면충돌,정면충돌,단일로,기타단일로,이륜차,승용차
2016.11.12 12:00,주간,토,1,0,0,차량단독,전도전복,전도전복,교차로,교차로내,원동기장치자전거,
2016.11.14 18:00,야간,월,1,0,0,차대사람,횡단중,횡단중,교차로,교차로내,승용차,보행자
2016.11.17 8:00,주간,목,1,0,0,차대사람,횡단중,횡단중,단일로,기타단일로,화물차,보행자
2016.11.21 19:00,야간,월,1,0,0,차대차,정면충돌,정면충돌,교차로,교차로내,승용차,이륜차
2016.11.4 15:00,주간,금,1,0,0,차대사람,횡단중,횡단중,교차로,교차로내,승용차,보행자
2016.11.1 2:00,야간,화,1,0,0,차대사람,횡단중,횡단중,단일로,기타단일로,승용차,보행자
2016.11.3 12:00,주간,목,1,0,0,차대차,추돌,진행중 추돌,단일로,기타단일로,승용차,화물차
2016.10.31 20:00,야간,월,1,0,0,차대사람,횡단중,횡단중,교차로,교차로내,승합차,보행자
2016.11.3 9:00,주간,목,2,0,0,차대차,기타,기타,단일로,기타단일로,화물차,화물차
2016.11.2 18:00,야간,수,1,0,0,차대차,기타,기타,단일로,기타단일로,승용차,승용차
2016.11.3 4:00,야간,목,1,0,1,차대사람,횡단중,횡단중,단일로,기타단일로,원동기장치자전거,보행자
2016.11.2 20:00,야간,수,1,0,0,차대사람,횡단중,횡단중,단일로,횡단보도상,승용차,보행자
2016.10.30 9:00,주간,일,2,0,0,차대차,정면충돌,정면충돌,단일로,기타단일로,승용차,화물차
2016.10.31 4:00,야간,월,1,1,0,차대차,추돌,진행중 추돌,교차로,교차로부근,승용차,화물차
2016.12.10 12:00,주간,토,1,2,0,차대사람,횡단중,횡단중,단일로,횡단보도상,승합차,보행자
2016.12.12 19:00,야간,월,1,0,1,차대차,추돌,진행중 추돌,단일로,기타단일로,승용차,승합차
2016.12.12 18:00,야간,월,1,0,0,차량단독,전도전복,전도전복,단일로,기타단일로,승용차,
2016.12.12 6:00,주간,월,1,0,0,차량단독,전도전복,전도전복,기타/불명,기타/불명,승용차,
2016.12.5 18:00,야간,월,1,1,0,차대사람,길가장자리구역통행중,길가장자리구역통행중,단일로,기타단일로,승용차,보행자
2016.12.9 19:00,야간,금,1,1,0,차대차,측면직각충돌,측면직각충돌,교차로,교차로부근,승용차,화물차
2016.12.16 6:00,주간,금,1,0,0,차대사람,기타,기타,단일로,기타단일로,승용차,보행자
2016.12.16 20:00,야간,금,1,0,0,차대사람,길가장자리구역통행중,길가장자리구역통행중,교차로,교차로부근,화물차,보행자
2016.12.16 13:00,주간,금,1,0,0,차대차,추돌,진행중 추돌,단일로,기타단일로,화물차,원동기장치자전거
2016.12.17 17:00,주간,토,1,0,0,차대사람,횡단중,횡단중,단일로,기타단일로,승용차,보행자
2016.12.18 6:00,주간,일,1,0,0,차대차,추돌,진행중 추돌,단일로,기타단일로,승용차,건설기계
2016.12.20 6:00,주간,화,1,0,0,차대사람,기타,기타,단일로,기타단일로,승용차,보행자
2016.12.5 14:00,주간,월,1,0,0,차대차,기타,기타,단일로,기타단일로,특수차,자전거
2016.12.5 6:00,주간,월,1,0,0,차대사람,횡단중,횡단중,단일로,기타단일로,화물차,보행자
2016.12.19 11:00,주간,월,1,0,0,차대사람,길가장자리구역통행중,길가장자리구역통행중,교차로,교차로내,화물차,보행자
2016.12.13 13:00,주간,화,1,0,0,차량단독,공작물충돌,공작물충돌,단일로,기타단일로,화물차,
2016.12.16 19:00,야간,금,1,0,0,차대사람,기타,기타,단일로,기타단일로,화물차,보행자
2016.12.16 16:00,주간,금,1,1,0,차대차,추돌,진행중 추돌,단일로,기타단일로,승용차,승용차
2016.10.6 18:00,야간,목,1,0,0,차대사람,횡단중,횡단중,단일로,기타단일로,승용차,보행자
2016.11.8 23:00,야간,화,1,0,0,차대차,정면충돌,정면충돌,교차로,교차로내,이륜차,승용차
2016.11.5 14:00,주간,토,1,0,2,차대차,추돌,진행중 추돌,기타/불명,기타/불명,이륜차,승용차
2016.11.6 21:00,야간,일,1,0,0,차대사람,횡단중,횡단중,교차로,교차로내,승용차,보행자
2016.11.9 9:00,주간,수,1,0,0,차대사람,횡단중,횡단중,교차로,교차로내,승용차,보행자
2016.11.13 21:00,야간,일,1,0,0,차대차,기타,기타,교차로,교차로내,화물차,이륜차
2016.11.14 10:00,주간,월,1,0,0,차대사람,횡단중,횡단중,단일로,기타단일로,화물차,보행자
2016.11.19 19:00,야간,토,1,0,1,차대차,정면충돌,정면충돌,교차로,교차로내,승용차,이륜차
2016.11.13 2:00,야간,일,1,0,0,차대사람,횡단중,횡단중,교차로,교차로부근,화물차,보행자
2016.11.17 13:00,주간,목,1,0,0,차대차,측면직각충돌,측면직각충돌,교차로,교차로내,건설기계,자전거
2016.11.13 21:00,야간,일,1,0,0,차대사람,횡단중,횡단중,단일로,기타단일로,승용차,보행자
2016.11.18 23:00,야간,금,1,0,0,차량단독,전도전복,전도전복,단일로,기타단일로,승용차,
2016.11.22 19:00,야간,화,1,0,0,차대사람,횡단중,횡단중,단일로,기타단일로,승용차,보행자
2016.11.25 11:00,주간,금,1,0,0,차량단독,전도전복,전도전복,단일로,기타단일로,이륜차,
2016.11.22 5:00,야간,화,1,0,0,차대사람,차도통행중,차도통행중,단일로,기타단일로,화물차,보행자
2016.11.23 19:00,야간,수,1,0,0,차대사람,차도통행중,차도통행중,교차로,교차로내,승용차,보행자
2016.11.23 15:00,주간,수,1,0,0,차량단독,전도전복,전도전복,단일로,기타단일로,건설기계,
2016.11.21 13:00,주간,월,1,0,0,차대차,측면직각충돌,측면직각충돌,기타/불명,기타/불명,승용차,승용차
2016.11.21 10:00,주간,월,1,0,0,차대차,측면직각충돌,측면직각충돌,단일로,기타단일로,이륜차,화물차
2016.11.20 23:00,야간,일,1,0,0,차량단독,공작물충돌,공작물충돌,단일로,기타단일로,승용차,
2016.11.20 18:00,야간,일,1,0,0,차대사람,횡단중,횡단중,단일로,횡단보도상,화물차,보행자
2016.11.3 19:00,야간,목,1,0,0,차대사람,길가장자리구역통행중,길가장자리구역통행중,단일로,기타단일로,화물차,보행자
2016.11.1 0:00,야간,화,1,0,0,차대사람,횡단중,횡단중,단일로,기타단일로,승용차,보행자
2016.10.30 3:00,야간,일,1,1,0,차대차,정면충돌,정면충돌,단일로,기타단일로,승용차,건설기계
2016.11.1 19:00,야간,화,1,2,0,차대차,추돌,진행중 추돌,단일로,기타단일로,승용차,화물차
2016.10.30 3:00,야간,일,1,0,0,차대차,기타,기타,단일로,기타단일로,승용차,건설기계
2016.12.12 0:00,야간,월,2,2,0,차대차,추돌,진행중 추돌,단일로,기타단일로,화물차,승용차
2016.12.9 16:00,주간,금,1,0,0,차대차,측면직각충돌,측면직각충돌,단일로,기타단일로,원동기장치자전거,승용차
2016.12.9 15:00,주간,금,1,0,3,차대차,추돌,진행중 추돌,단일로,기타단일로,화물차,화물차
2016.12.6 21:00,야간,화,1,0,0,차대사람,횡단중,횡단중,교차로,교차로부근,승합차,보행자
2016.12.6 17:00,주간,화,1,0,2,차량단독,공작물충돌,공작물충돌,단일로,기타단일로,화물차,
2016.12.13 21:00,야간,화,1,0,0,차대사람,횡단중,횡단중,단일로,기타단일로,승용차,보행자
2016.12.15 14:00,주간,목,1,0,0,차대차,추돌,진행중 추돌,단일로,기타단일로,화물차,승합차
2016.12.18 7:00,주간,일,1,0,0,차대사람,횡단중,횡단중,단일로,기타단일로,승용차,보행자
2016.12.13 4:00,야간,화,1,0,0,차대사람,횡단중,횡단중,기타/불명,기타/불명,승용차,보행자
2016.12.13 9:00,주간,화,1,0,0,차대사람,차도통행중,차도통행중,단일로,기타단일로,화물차,보행자
2016.10.20 18:00,야간,목,1,0,2,차대차,추돌,진행중 추돌,단일로,터널안,승용차,승용차
2016.10.22 23:00,야간,토,1,0,0,차량단독,전도전복,전도전복,단일로,기타단일로,원동기장치자전거,
2016.10.23 16:00,주간,일,1,0,0,차대차,추돌,진행중 추돌,단일로,기타단일로,승용차,원동기장치자전거
2016.10.24 5:00,야간,월,2,0,0,차대사람,횡단중,횡단중,단일로,횡단보도부근,승용차,보행자
2016.10.25 18:00,야간,화,1,0,0,차대사람,기타,기타,단일로,기타단일로,승용차,보행자
2016.10.21 16:00,주간,금,1,0,0,차대차,추돌,진행중 추돌,단일로,기타단일로,화물차,건설기계
2016.9.16 3:00,야간,금,1,0,0,차대사람,기타,기타,단일로,기타단일로,승용차,보행자
2016.9.15 21:00,야간,목,1,0,1,차량단독,전도전복,전도전복,교차로,교차로부근,승용차,
2016.9.21 21:00,야간,수,1,0,0,차대사람,횡단중,횡단중,단일로,기타단일로,승용차,보행자
2016.9.22 5:00,야간,목,1,0,0,차대사람,횡단중,횡단중,단일로,기타단일로,승용차,보행자
2016.9.26 13:00,주간,월,1,0,0,차량단독,도로이탈,도로이탈 기타,단일로,기타단일로,이륜차,
2016.9.23 4:00,야간,금,1,0,0,차대사람,횡단중,횡단중,단일로,기타단일로,승용차,보행자
2016.9.23 10:00,주간,금,1,0,0,차대차,추돌,진행중 추돌,단일로,기타단일로,건설기계,자전거
2016.9.28 6:00,주간,수,1,0,0,차대사람,횡단중,횡단중,단일로,횡단보도상,승용차,보행자
2016.9.24 19:00,야간,토,1,1,0,차대차,기타,기타,교차로,교차로내,승용차,이륜차
2016.9.26 19:00,야간,월,1,0,0,차대사람,횡단중,횡단중,교차로,교차로내,승용차,보행자
2016.9.22 20:00,야간,목,1,0,0,차대사람,횡단중,횡단중,단일로,기타단일로,승용차,보행자
2016.9.23 21:00,야간,금,1,0,0,차대사람,횡단중,횡단중,단일로,기타단일로,승용차,보행자
2016.9.3 1:00,야간,토,1,0,0,차대사람,횡단중,횡단중,단일로,기타단일로,승합차,보행자
2016.9.1 23:00,야간,목,1,0,0,차대차,추돌,진행중 추돌,단일로,기타단일로,승용차,화물차
2016.9.1 9:00,주간,목,1,0,0,차량단독,기타,기타,단일로,기타단일로,화물차,
2016.10.13 10:00,주간,목,1,0,0,차대사람,횡단중,횡단중,단일로,기타단일로,승용차,보행자
2016.10.12 21:00,야간,수,1,0,0,차대사람,차도통행중,차도통행중,단일로,기타단일로,승용차,보행자
2016.10.9 16:00,주간,일,1,0,0,차량단독,전도전복,전도전복,단일로,기타단일로,승용차,
2016.10.10 5:00,야간,월,1,0,0,차대차,기타,기타,교차로,교차로내,승용차,승합차
2016.10.14 6:00,주간,금,1,0,2,차대차,측면직각충돌,측면직각충돌,단일로,교량위,승용차,승용차
2016.10.7 19:00,야간,금,1,0,0,차대사람,기타,기타,단일로,횡단보도부근,승용차,보행자
2016.10.11 19:00,야간,화,1,0,0,차대사람,횡단중,횡단중,교차로,교차로내,승용차,보행자
2016.10.17 4:00,야간,월,1,0,0,차대사람,길가장자리구역통행중,길가장자리구역통행중,교차로,교차로부근,승용차,보행자
2016.10.14 20:00,야간,금,1,0,0,차대사람,차도통행중,차도통행중,단일로,기타단일로,승용차,보행자
2016.10.14 10:00,주간,금,1,0,0,차대사람,횡단중,횡단중,단일로,횡단보도상,화물차,보행자
2016.10.14 18:00,야간,금,1,0,0,차대사람,횡단중,횡단중,단일로,기타단일로,승용차,보행자
2016.10.19 17:00,주간,수,1,1,3,차대사람,기타,기타,단일로,기타단일로,승용차,보행자
2016.10.19 6:00,주간,수,1,0,0,차대차,측면직각충돌,측면직각충돌,단일로,기타단일로,화물차,자전거
2016.10.15 20:00,야간,토,1,0,0,차대차,기타,기타,단일로,기타단일로,승용차,승용차
2016.10.16 14:00,주간,일,1,0,0,차대사람,횡단중,횡단중,단일로,기타단일로,승용차,보행자
2016.10.18 6:00,주간,화,1,0,0,차대차,측면직각충돌,측면직각충돌,교차로,교차로부근,화물차,자전거
2016.10.18 16:00,주간,화,1,0,0,차대차,측면직각충돌,측면직각충돌,교차로,교차로내,원동기장치자전거,화물차
2016.10.18 9:00,주간,화,1,0,0,차대차,정면충돌,정면충돌,교차로,교차로부근,자전거,화물차
2016.10.20 9:00,주간,목,1,0,0,차량단독,공작물충돌,공작물충돌,단일로,기타단일로,승용차,
2016.10.20 20:00,야간,목,1,0,0,차량단독,전도전복,전도전복,단일로,기타단일로,화물차,
2016.9.28 19:00,야간,수,1,0,0,차대사람,횡단중,횡단중,단일로,횡단보도상,승용차,보행자
2016.9.4 16:00,주간,일,1,0,0,차량단독,도로이탈,도로이탈 추락,단일로,기타단일로,이륜차,