발생년월일시,주야,요일,사망자수,중상자수,경상자수,사고유형_대분류,사고유형_중분류,사고유형,도로형태_대분류,도로형태,당사자종별_1당_대분류,당사자종별_2당_대분류
2016.8.31 22:00,야간,수,1,0,0,차대차,기타,기타,단일로,기타단일로,이륜차,불명
2016.8.31 20:00,야간,수,1,0,0,차대사람,횡단중,횡단중,단일로,기타단일로,원동기장치자전거,보행자
2016.9.6 5:00,야간,화,1,0,0,차대차,측면직각충돌,측면직각충돌,교차로,교차로내,승용차,자전거
2016.9.3 17:00,주간,토,1,0,0,차대차,기타,기타,단일로,횡단보도상,건설기계,자전거
2016.9.3 15:00,주간,토,1,2,0,차량단독,공작물충돌,공작물충돌,교차로,교차로내,화물차,
2016.10.11 15:00,주간,화,2,0,0,차대차,기타,기타,단일로,기타단일로,화물차,화물차
2016.10.19 3:00,야간,수,1,0,0,차대사람,횡단중,횡단중,단일로,기타단일로,승용차,보행자
2016.10.15 11:00,주간,토,1,0,0,차대사람,횡단중,횡단중,단일로,횡단보도상,이륜차,보행자
2016.10.19 19:00,야간,수,1,0,0,차량단독,기타,기타,단일로,기타단일로,이륜차,
2016.10.16 1:00,야간,일,1,0,0,차대사람,횡단중,횡단중,단일로,횡단보도상,승용차,보행자
2016.10.27 21:00,야간,목,1,0,0,차대사람,횡단중,횡단중,교차로,교차로내,화물차,보행자
2016.10.28 19:00,야간,금,1,1,0,차대차,추돌,진행중 추돌,교차로,교차로부근,화물차,화물차
2016.10.23 6:00,주간,일,1,0,0,차대차,측면직각충돌,측면직각충돌,교차로,교차로내,승용차,이륜차
2016.10.27 9:00,주간,목,1,0,0,차량단독,전도전복,전도전복,단일로,기타단일로,농기계,
2016.10.23 19:00,야간,일,1,1,2,차량단독,전도전복,전도전복,단일로,기타단일로,승용차,
2016.10.7 4:00,야간,금,1,0,0,차대사람,횡단중,횡단중,단일로,횡단보도상,승용차,보행자
2016.9.30 16:00,주간,금,1,0,0,차대사람,횡단중,횡단중,교차로,교차로부근,승합차,보행자
2016.10.1 15:00,주간,토,1,0,0,차대차,기타,기타,교차로,교차로부근,승합차,자전거
2016.10.1 18:00,야간,토,1,0,0,차대차,추돌,진행중 추돌,교차로,교차로부근,화물차,농기계
2016.10.4 22:00,야간,화,1,0,0,차대사람,횡단중,횡단중,단일로,기타단일로,승용차,보행자
2016.9.29 21:00,야간,목,1,0,0,차대사람,차도통행중,차도통행중,단일로,기타단일로,화물차,보행자
2016.9.28 19:00,야간,수,1,0,0,차대사람,횡단중,횡단중,교차로,교차로부근,승용차,보행자
2016.9.25 14:00,주간,일,1,0,0,차대사람,기타,기타,교차로,교차로부근,승용차,보행자
2016.9.22 19:00,야간,목,1,0,0,차대사람,차도통행중,차도통행중,단일로,기타단일로,승용차,보행자
2016.9.28 9:00,주간,수,1,1,0,차대차,정면충돌,정면충돌,교차로,교차로내,이륜차,화물차
2016.9.24 14:00,주간,토,1,0,0,차량단독,기타,기타,단일로,기타단일로,자전거,
2016.9.1 8:00,주간,목,1,0,0,차대사람,횡단중,횡단중,단일로,횡단보도상,승용차,보행자
2016.8.31 0:00,야간,수,1,0,0,차대사람,횡단중,횡단중,교차로,교차로내,화물차,보행자
2016.8.30 13:00,주간,화,1,0,0,차대사람,횡단중,횡단중,교차로,교차로내,승용차,보행자
2016.10.13 6:00,주간,목,2,0,0,차대차,추돌,진행중 추돌,단일로,기타단일로,화물차,농기계
2016.10.9 6:00,주간,일,1,0,0,차대사람,횡단중,횡단중,단일로,횡단보도상,승용차,보행자
2016.10.7 13:00,주간,금,1,0,0,차대차,기타,기타,교차로,교차로부근,화물차,원동기장치자전거
2016.10.7 21:00,야간,금,1,2,1,차대차,정면충돌,정면충돌,기타/불명,기타/불명,승용차,승용차
2016.10.8 0:00,야간,토,1,0,0,차대사람,횡단중,횡단중,단일로,기타단일로,승합차,보행자
2016.10.8 13:00,주간,토,1,0,0,차대사람,기타,기타,단일로,기타단일로,승합차,보행자
2016.10.12 14:00,주간,수,1,0,0,차대사람,횡단중,횡단중,교차로,교차로내,특수차,보행자
2016.10.13 8:00,주간,목,2,0,2,차대차,기타,기타,교차로,교차로내,승용차,화물차
2016.10.10 9:00,주간,월,1,0,0,차대차,기타,기타,단일로,기타단일로,화물차,원동기장치자전거
2016.10.14 0:00,야간,금,1,0,0,차량단독,공작물충돌,공작물충돌,단일로,기타단일로,승용차,
2016.10.7 18:00,야간,금,1,0,1,차대차,추돌,진행중 추돌,교차로,교차로내,승용차,화물차
2016.12.14 22:00,야간,수,1,0,0,차량단독,전도전복,전도전복,단일로,기타단일로,승용차,
2016.12.20 0:00,야간,화,1,0,0,차대사람,횡단중,횡단중,단일로,기타단일로,승용차,보행자
2016.12.14 16:00,주간,수,1,0,0,차대사람,횡단중,횡단중,기타/불명,기타/불명,승합차,보행자
2016.10.6 6:00,주간,목,2,1,0,차대차,정면충돌,정면충돌,단일로,기타단일로,승용차,승용차
2016.10.4 1:00,야간,화,1,1,1,차대차,측면직각충돌,측면직각충돌,교차로,교차로내,이륜차,승합차
2016.11.11 18:00,야간,금,1,0,1,차대차,추돌,진행중 추돌,교차로,교차로부근,화물차,화물차
2016.11.9 5:00,야간,수,1,0,0,차량단독,전도전복,전도전복,단일로,기타단일로,원동기장치자전거,
2016.11.10 16:00,주간,목,1,1,0,차량단독,공작물충돌,공작물충돌,단일로,기타단일로,승합차,
2016.11.13 9:00,주간,일,1,0,0,차대차,측면직각충돌,측면직각충돌,교차로,교차로내,승합차,이륜차
2016.11.13 6:00,주간,일,1,1,0,차대차,정면충돌,정면충돌,교차로,교차로내,이륜차,승합차
2016.11.12 23:00,야간,토,1,0,0,차대사람,횡단중,횡단중,단일로,기타단일로,승용차,보행자
2016.11.19 17:00,주간,토,1,0,0,차대사람,기타,기타,단일로,기타단일로,건설기계,보행자
2016.11.13 20:00,야간,일,1,0,0,차대차,측면직각충돌,측면직각충돌,교차로,교차로내,이륜차,승용차
2016.11.17 12:00,주간,목,1,0,0,차대차,정면충돌,정면충돌,단일로,기타단일로,이륜차,승용차
2016.11.14 5:00,야간,월,1,0,1,차대차,기타,기타,단일로,기타단일로,화물차,승용차
2016.11.19 0:00,야간,토,1,0,0,차대사람,기타,기타,단일로,기타단일로,승용차,보행자
2016.11.18 20:00,야간,금,1,0,0,차량단독,공작물충돌,공작물충돌,단일로,기타단일로,승용차,
2016.11.18 17:00,주간,금,1,0,0,차대사람,기타,기타,단일로,기타단일로,승용차,보행자
2016.11.27 0:00,야간,일,1,0,0,차대사람,길가장자리구역통행중,길가장자리구역통행중,단일로,기타단일로,승용차,보행자
2016.11.24 16:00,주간,목,1,1,0,차대차,측면직각충돌,측면직각충돌,교차로,교차로부근,승용차,승합차
2016.11.25 15:00,주간,금,1,0,0,차대차,기타,기타,교차로,교차로내,건설기계,자전거
2016.11.24 0:00,야간,목,1,0,0,차량단독,전도전복,전도전복,단일로,기타단일로,승용차,
2016.11.25 14:00,주간,금,1,0,0,차대차,측면직각충돌,측면직각충돌,교차로,교차로내,자전거,화물차
2016.11.5 10:00,주간,토,1,0,0,차대차,측면직각충돌,측면직각충돌,단일로,교량위,건설기계,원동기장치자전거
2016.11.4 5:00,야간,금,1,0,0,차대사람,횡단중,횡단중,교차로,교차로내,승용차,보행자
2016.11.1 14:00,주간,화,1,2,0,차대차,측면직각충돌,측면직각충돌,단일로,기타단일로,승합차,화물차
2016.10.29 12:00,주간,토,1,0,0,차대차,정면충돌,정면충돌,교차로,교차로내,승용차,원동기장치자전거
2016.10.29 16:00,주간,토,1,1,0,차대차,기타,기타,단일로,기타단일로,승용차,이륜차
2016.10.30 1:00,야간,일,1,0,0,차대사람,차도통행중,차도통행중,단일로,기타단일로,승용차,보행자
2016.11.3 3:00,야간,목,1,0,0,차대차,추돌,진행중 추돌,단일로,기타단일로,승용차,승용차
2016.10.31 21:00,야간,월,1,0,0,차대사람,횡단중,횡단중,단일로,기타단일로,승합차,보행자
2016.12.9 18:00,야간,금,1,1,0,차대차,측면직각충돌,측면직각충돌,교차로,교차로내,승용차,화물차
2016.12.11 1:00,야간,일,1,2,0,차량단독,전도전복,전도전복,단일로,기타단일로,승용차,
2016.12.4 15:00,주간,일,1,0,0,차대사람,횡단중,횡단중,단일로,기타단일로,건설기계,보행자
2016.12.19 6:00,주간,월,1,0,0,차대사람,횡단중,횡단중,단일로,기타단일로,승용차,보행자
2016.12.20 6:00,주간,화,1,0,0,차대사람,횡단중,횡단중,단일로,기타단일로,화물차,보행자
2016.12.12 23:00,야간,월,1,0,0,차대사람,기타,기타,단일로,기타단일로,승용차,보행자
2016.12.13 6:00,주간,화,1,0,0,차대사람,횡단중,횡단중,교차로,교차로부근,화물차,보행자
2016.12.16 3:00,야간,금,1,0,0,차대차,추돌,진행중 추돌,교차로,교차로부근,승용차,자전거
2016.12.16 16:00,주간,금,1,0,0,차대사람,횡단중,횡단중,교차로,교차로부근,승용차,보행자
2016.12.19 6:00,주간,월,1,0,0,차대사람,횡단중,횡단중,단일로,횡단보도상,승용차,보행자
2016.12.18 21:00,야간,일,2,0,1,차대차,측면직각충돌,측면직각충돌,교차로,교차로내,승용차,승용차
2016.1.3 2:00,야간,일,1,0,0,차량단독,전도전복,전도전복,단일로,기타단일로,화물차,
2016.1.8 14:00,주간,금,1,0,0,차대차,측면직각충돌,측면직각충돌,단일로,기타단일로,원동기장치자전거,화물차
2016.1.6 13:00,주간,수,2,0,0,차대차,측면직각충돌,측면직각충돌,교차로,교차로내,화물차,원동기장치자전거
2016.1.14 16:00,주간,목,1,2,1,차대차,정면충돌,정면충돌,단일로,기타단일로,승용차,화물차
2016.1.14 20:00,야간,목,1,0,0,차대사람,횡단중,횡단중,단일로,기타단일로,승용차,보행자
2016.1.13 19:00,야간,수,1,0,0,차량단독,공작물충돌,공작물충돌,단일로,기타단일로,화물차,
2016.1.22 10:00,주간,금,1,1,0,차대차,추돌,진행중 추돌,단일로,기타단일로,건설기계,이륜차
2016.1.19 18:00,야간,화,1,0,0,차대사람,횡단중,횡단중,단일로,기타단일로,승합차,보행자
2016.1.23 4:00,야간,토,1,5,3,차대차,추돌,진행중 추돌,교차로,교차로부근,승용차,화물차
2016.2.2 16:00,주간,화,1,0,0,차대차,추돌,진행중 추돌,단일로,기타단일로,원동기장치자전거,화물차
2016.2.6 5:00,야간,토,1,0,0,차대차,추돌,진행중 추돌,교차로,교차로부근,이륜차,화물차
2016.2.6 1:00,야간,토,1,0,0,차대사람,기타,기타,단일로,기타단일로,승용차,보행자
2016.2.5 22:00,야간,금,1,0,0,차대차,측면직각충돌,측면직각충돌,교차로,교차로내,승용차,승합차
2016.2.7 1:00,야간,일,1,0,0,차대사람,횡단중,횡단중,단일로,기타단일로,승합차,보행자
2016.2.5 0:00,야간,금,1,0,1,차대사람,횡단중,횡단중,교차로,교차로부근,승용차,보행자
2016.2.5 11:00,주간,금,1,0,0,차대차,추돌,진행중 추돌,교차로,교차로부근,자전거,화물차
2016.2.6 11:00,주간,토,1,0,0,차대차,기타,기타,단일로,기타단일로,화물차,자전거
2016.2.5 10:00,주간,금,1,0,0,차대사람,횡단중,횡단중,단일로,기타단일로,승용차,보행자
2016.2.3 18:00,야간,수,1,0,0,차대사람,차도통행중,차도통행중,단일로,기타단일로,승용차,보행자
2016.2.3 15:00,주간,수,1,0,0,차대차,정면충돌,정면충돌,교차로,교차로내,원동기장치자전거,건설기계
2016.2.4 14:00,주간,목,1,0,0,차대사람,보도통행중,보도통행중,교차로,교차로부근,화물차,보행자
2016.3.22 23:00,야간,화,1,0,0,차대차,정면충돌,정면충돌,단일로,기타단일로,승용차,승용차
2016.5.30 21:00,야간,월,1,1,0,차대사람,기타,기타,단일로,기타단일로,화물차,보행자
2016.5.19 3:00,야간,목,1,0,0,차량단독,공작물충돌,공작물충돌,단일로,기타단일로,승용차,
2016.11.23 23:00,야간,수,2,1,1,차대차,추돌,진행중 추돌,단일로,기타단일로,화물차,화물차
2016.11.25 0:00,야간,금,1,0,1,차대차,기타,기타,단일로,기타단일로,화물차,화물차
2016.12.13 23:00,야간,화,1,1,0,차대차,정면충돌,정면충돌,단일로,기타단일로,승용차,특수차
2016.8.6 13:00,주간,토,1,1,7,차대차,기타,기타,단일로,기타단일로,승용차,화물차
2016.8.1 10:00,주간,월,1,0,0,차량단독,공작물충돌,공작물충돌,단일로,기타단일로,승용차,
2016.4.26 23:00,야간,화,2,0,0,차대차,추돌,진행중 추돌,단일로,기타단일로,승용차,화물차
2016.4.7 19:00,야간,목,1,0,0,차대사람,차도통행중,차도통행중,단일로,기타단일로,승용차,보행자
2016.11.2 7:00,주간,수,1,0,0,차대사람,기타,기타,단일로,기타단일로,화물차,보행자
2016.10.6 1:00,야간,목,1,0,0,차대차,추돌,진행중 추돌,단일로,기타단일로,화물차,화물차
2016.1.6 8:00,주간,수,1,0,2,차대차,측면직각충돌,측면직각충돌,단일로,기타단일로,승용차,승용차
2016.1.5 18:00,야간,화,1,0,0,차대차,추돌,진행중 추돌,단일로,기타단일로,승용차,원동기장치자전거
2016.1.13 6:00,주간,수,1,0,0,차대사람,횡단중,횡단중,기타/불명,기타/불명,화물차,보행자
2016.1.10 14:00,주간,일,1,0,0,차량단독,전도전복,전도전복,단일로,기타단일로,이륜차,
2016.1.10 19:00,야간,일,1,0,0,차대사람,기타,기타,단일로,기타단일로,승용차,보행자
2016.1.15 13:00,주간,금,1,0,0,차대차,측면직각충돌,측면직각충돌,교차로,교차로내,이륜차,승합차
2016.1.16 6:00,주간,토,1,0,0,차대사람,횡단중,횡단중,교차로,교차로부근,승용차,보행자
2016.1.15 19:00,야간,금,1,0,0,차대차,추돌,진행중 추돌,단일로,기타단일로,화물차,화물차
2016.1.25 22:00,야간,월,1,0,0,차대사람,기타,기타,단일로,기타단일로,원동기장치자전거,보행자
2016.1.25 15:00,주간,월,1,0,1,차대차,측면직각충돌,측면직각충돌,교차로,교차로내,승용차,승용차
2016.1.23 2:00,야간,토,1,0,0,차량단독,전도전복,전도전복,교차로,교차로부근,승용차,
2016.1.22 6:00,주간,금,1,0,0,차대차,기타,기타,교차로,교차로내,화물차,승용차
2016.1.23 0:00,야간,토,1,0,0,차대사람,횡단중,횡단중,단일로,횡단보도상,승용차,보행자
2016.2.3 6:00,주간,수,1,0,0,차대사람,횡단중,횡단중,교차로,교차로내,화물차,보행자
2016.2.3 18:00,야간,수,1,0,0,차대사람,횡단중,횡단중,단일로,기타단일로,화물차,보행자
2016.2.4 19:00,야간,목,1,0,0,차대사람,차도통행중,차도통행중,단일로,기타단일로,승용차,보행자
2016.2.4 10:00,주간,목,1,0,0,차대사람,기타,기타,단일로,기타단일로,화물차,보행자
2016.2.11 8:00,주간,목,1,0,1,차대차,측면직각충돌,측면직각충돌,교차로,교차로내,원동기장치자전거,승용차
2016.2.12 6:00,주간,금,1,0,0,차대사람,횡단중,횡단중,교차로,교차로부근,승용차,보행자
2016.2.12 14:00,주간,금,1,0,0,차대차,기타,기타,교차로,교차로내,승합차,이륜차
2016.2.12 1:00,야간,금,1,0,0,차대차,정면충돌,정면충돌,교차로,교차로내,승용차,승용차
2016.2.11 16:00,주간,목,1,0,0,차대차,측면직각충돌,측면직각충돌,단일로,기타단일로,특수차,이륜차
2016.2.9 19:00,야간,화,1,0,0,차대차,측면직각충돌,측면직각충돌,교차로,교차로부근,이륜차,승용차
2016.4.12 5:00,야간,화,1,2,1,차대사람,기타,기타,단일로,기타단일로,화물차,보행자
2016.4.29 13:00,주간,금,1,1,0,차대사람,기타,기타,기타/불명,기타/불명,승용차,보행자
2016.7.28 5:00,야간,목,1,1,1,차대차,추돌,진행중 추돌,단일로,기타단일로,화물차,화물차
2016.12.18 1:00,야간,일,1,4,0,차대차,추돌,진행중 추돌,단일로,기타단일로,승용차,승용차
2016.12.2 7:00,주간,금,1,1,0,차대차,추돌,진행중 추돌,고가도로위,고가도로위,승합차,승용차
2016.12.3 14:00,주간,토,1,0,0,차대사람,기타,기타,기타/불명,기타/불명,화물차,보행자
2016.8.16 20:00,야간,화,1,2,7,차대차,추돌,진행중 추돌,단일로,기타단일로,승용차,승용차
2016.9.2 5:00,야간,금,1,0,1,차대차,추돌,진행중 추돌,단일로,기타단일로,화물차,화물차
2016.7.29 4:00,야간,금,1,0,0,차대차,추돌,진행중 추돌,단일로,기타단일로,화물차,화물차
2016.9.26 2:00,야간,월,1,1,0,차대차,추돌,진행중 추돌,단일로,기타단일로,승용차,화물차
2016.9.12 23:00,야간,월,1,0,0,차대사람,보도통행중,보도통행중,단일로,기타단일로,승용차,보행자
2016.7.10 4:00,야간,일,1,1,2,차대차,추돌,진행중 추돌,단일로,기타단일로,승용차,승용차
2016.6.28 10:00,주간,화,1,0,0,차대차,추돌,진행중 추돌,단일로,기타단일로,화물차,승용차
2016.6.6 11:00,주간,월,1,1,5,차대차,추돌,진행중 추돌,단일로,기타단일로,승용차,승합차
2016.1.3 17:00,주간,일,1,0,0,차대차,추돌,진행중 추돌,단일로,기타단일로,이륜차,농기계
2016.1.4 15:00,주간,월,1,0,0,차대차,측면직각충돌,측면직각충돌,단일로,기타단일로,이륜차,화물차
2016.1.3 20:00,야간,일,1,1,0,차대차,정면충돌,정면충돌,단일로,기타단일로,화물차,승합차
2016.1.1 4:00,야간,금,1,0,0,차량단독,공작물충돌,공작물충돌,단일로,기타단일로,승용차,
2016.1.10 5:00,야간,일,1,2,0,차량단독,공작물충돌,공작물충돌,단일로,기타단일로,승용차,
2016.1.9 16:00,주간,토,1,1,1,차대차,정면충돌,정면충돌,단일로,기타단일로,화물차,승합차
2016.1.8 13:00,주간,금,1,0,0,차대차,기타,기타,교차로,교차로부근,원동기장치자전거,화물차
2016.1.7 7:00,주간,목,1,0,0,차대사람,길가장자리구역통행중,길가장자리구역통행중,단일로,기타단일로,승용차,보행자
2016.1.7 4:00,야간,목,1,0,0,차대차,추돌,진행중 추돌,단일로,기타단일로,이륜차,승용차
2016.1.14 9:00,주간,목,1,0,0,차대차,추돌,진행중 추돌,단일로,기타단일로,화물차,화물차
2016.1.12 4:00,야간,화,1,0,0,차대사람,횡단중,횡단중,교차로,교차로부근,승용차,보행자
2016.1.12 2:00,야간,화,1,0,0,차대사람,기타,기타,지하도로내,지하도로내,승용차,보행자
2016.1.12 9:00,주간,화,1,1,0,차대차,정면충돌,정면충돌,단일로,기타단일로,화물차,화물차
2016.1.16 16:00,주간,토,1,0,0,차량단독,전도전복,전도전복,단일로,기타단일로,이륜차,
2016.1.16 16:00,주간,토,1,0,0,차대차,기타,기타,단일로,기타단일로,승용차,이륜차
2016.10.24 19:00,야간,월,1,1,1,차대차,정면충돌,정면충돌,단일로,기타단일로,화물차,화물차
2016.11.16 11:00,주간,수,1,0,0,차대사람,기타,기타,단일로,기타단일로,화물차,보행자
2016.3.14 19:00,야간,월,1,0,2,차대차,추돌,진행중 추돌,단일로,기타단일로,화물차,승용차
2016.3.29 9:00,주간,화,4,11,4,차대차,추돌,진행중 추돌,단일로,기타단일로,화물차,승합차
2016.12.1 11:00,주간,목,1,0,2,차대차,추돌,진행중 추돌,단일로,기타단일로,화물차,화물차
2016.12.2 8:00,주간,금,1,2,1,차대차,추돌,진행중 추돌,단일로,기타단일로,화물차,승용차
2016.12.23 4:00,야간,금,1,0,0,차대사람,기타,기타,단일로,기타단일로,화물차,보행자
2016.11.21 14:00,주간,월,1,0,0,차량단독,공작물충돌,공작물충돌,단일로,기타단일로,화물차,
2016.12.24 6:00,주간,토,1,0,0,차대차,추돌,진행중 추돌,단일로,기타단일로,승용차,화물차
2016.1.4 19:00,야간,월,1,0,0,차대사람,횡단중,횡단중,단일로,기타단일로,승용차,보행자
2016.1.1 3:00,야간,금,1,0,0,차량단독,공작물충돌,공작물충돌,교차로,교차로부근,이륜차,
2016.1.9 18:00,야간,토,1,0,0,차대사람,기타,기타,교차로,교차로부근,승합차,보행자
2016.1.8 1:00,야간,금,1,0,0,차대사람,횡단중,횡단중,단일로,기타단일로,승용차,보행자
2016.1.6 17:00,주간,수,1,0,0,차대차,기타,기타,단일로,기타단일로,원동기장치자전거,화물차
2016.1.12 14:00,주간,화,1,0,0,차대차,측면직각충돌,측면직각충돌,교차로,교차로내,화물차,이륜차
2016.1.16 1:00,야간,토,1,0,0,차대사람,횡단중,횡단중,단일로,기타단일로,승용차,보행자
2016.1.14 10:00,주간,목,1,0,0,차대사람,횡단중,횡단중,단일로,횡단보도상,승용차,보행자
2016.1.15 11:00,주간,금,1,0,0,차대사람,횡단중,횡단중,교차로,교차로부근,승용차,보행자
2016.1.21 23:00,야간,목,1,0,0,차대사람,차도통행중,차도통행중,단일로,기타단일로,승용차,보행자
2016.1.18 16:00,주간,월,1,0,0,차대차,추돌,진행중 추돌,기타/불명,기타/불명,승용차,농기계
2016.1.18 16:00,주간,월,1,0,0,차대차,측면직각충돌,측면직각충돌,단일로,횡단보도상,승합차,자전거
2016.1.18 15:00,주간,월,1,0,0,차량단독,전도전복,전도전복,단일로,기타단일로,원동기장치자전거,
2016.2.4 8:00,주간,목,1,4,0,차대차,측면직각충돌,측면직각충돌,단일로,기타단일로,승용차,승용차
2016.2.4 23:00,야간,목,1,0,0,차대차,정면충돌,정면충돌,단일로,기타단일로,화물차,화물차
2016.1.8 4:00,야간,금,1,0,1,차대차,추돌,진행중 추돌,단일로,기타단일로,승용차,화물차
2016.9.6 1:00,야간,화,1,0,0,차대차,추돌,진행중 추돌,단일로,기타단일로,화물차,특수차
2016.7.21 3:00,야간,목,2,0,0,차대사람,기타,기타,단일로,기타단일로,화물차,보행자
2016.10.13 21:00,야간,목,1,0,0,차대차,추돌,진행중 추돌,단일로,기타단일로,승용차,화물차
2016.7.8 3:00,야간,금,1,0,0,차대사람,차도통행중,차도통행중,단일로,기타단일로,승용차,보행자
2016.10.19 15:00,주간,수,1,0,2,차대차,추돌,진행중 추돌,단일로,기타단일로,화물차,화물차
2016.2.19 15:00,주간,금,1,0,0,차대차,추돌,진행중 추돌,단일로,기타단일로,화물차,화물차
2016.3.31 13:00,주간,목,1,0,0,차대차,추돌,진행중 추돌,단일로,기타단일로,화물차,화물차
2016.2.25 23:00,야간,목,1,1,0,차대차,추돌,진행중 추돌,단일로,기타단일로,화물차,화물차
2016.4.18 11:00,주간,월,1,1,0,차대차,추돌,진행중 추돌,단일로,기타단일로,화물차,화물차
2016.10.13 22:00,야간,목,10,8,1,차량단독,기타,기타,단일로,기타단일로,승합차,
2016.10.30 22:00,야간,일,1,0,0,차대차,기타,기타,단일로,기타단일로,화물차,승용차
2016.9.6 17:00,주간,화,1,3,2,차량단독,공작물충돌,공작물충돌,단일로,기타단일로,승합차,
2016.8.9 10:00,주간,화,1,7,5,차대차,추돌,진행중 추돌,단일로,기타단일로,화물차,승용차
2016.9.14 2:00,야간,수,1,0,1,차대사람,기타,기타,단일로,기타단일로,승용차,보행자
2016.7.13 1:00,야간,수,1,1,0,차대차,추돌,진행중 추돌,기타/불명,기타/불명,화물차,화물차
2018.2.14 6:35,주,수,1,0,0,차대사람,횡단중,횡단중,단일로,기타단일로,승용차,보행자
2018.9.2 5:23,야,일,1,0,0,차대사람,횡단중,횡단중,교차로,교차로횡단보도내,승용차,보행자
2018.12.15 22:35,야,토,1,0,0,차량단독,공작물충돌,공작물충돌,단일로,기타단일로,이륜차,없음
2018.8.23 11:30,주,목,1,0,0,차량단독,기타,기타,단일로,기타단일로,승합차,없음
2018.7.16 0:50,야,월,1,0,0,차대사람,기타,기타,교차로,교차로횡단보도내,화물차,보행자
2018.12.30 4:19,야,일,1,0,0,차대사람,횡단중,횡단중,단일로,기타단일로,승용차,보행자
2018.1.29 7:17,주,월,1,0,0,차대사람,횡단중,횡단중,단일로,기타단일로,화물차,보행자
2018.5.11 4:47,야,금,1,0,0,차대사람,횡단중,횡단중,단일로,기타단일로,승용차,보행자
2018.4.24 23:50,야,화,1,0,0,차대사람,횡단중,횡단중,단일로,기타단일로,승용차,보행자
2018.2.4 7:07,주,일,1,0,0,차대사람,횡단중,횡단중,교차로,교차로내,승합차,보행자
2018.11.29 4:18,야,목,1,0,0,차대사람,기타,기타,단일로,기타단일로,승용차,보행자
2018.6.17 11:05,주,일,1,0,0,차대차,기타,기타,교차로,교차로부근,자전거,자전거
2018.1.4 14:20,주,목,1,0,0,차대사람,기타,기타,기타,기타,화물차,보행자
2018.2.6 12:00,주,화,1,0,0,차대사람,횡단중,횡단중,교차로,교차로횡단보도내,승용차,보행자
2018.8.4 21:30,야,토,1,0,0,차대사람,보도통행중,보도통행중,단일로,기타단일로,자전거,보행자
2018.8.9 10:55,주,목,1,0,0,차대사람,차도통행중,차도통행중,교차로,교차로내,화물차,보행자
2018.3.17 8:00,주,토,1,3,0,차대차,추돌,추돌,단일로,기타단일로,승용차,특수차
2018.7.19 3:20,야,목,1,0,0,차대차,추돌,추돌,단일로,기타단일로,승용차,건설기계
2018.9.18 19:30,야,화,1,0,0,차대사람,횡단중,횡단중,교차로,교차로내,승합차,보행자
2018.1.19 7:18,주,금,1,0,0,차대사람,횡단중,횡단중,단일로,기타단일로,승용차,보행자
2018.4.15 2:12,야,일,1,0,3,차대사람,기타,기타,단일로,기타단일로,승용차,보행자
2018.8.22 3:50,야,수,1,0,0,차량단독,공작물충돌,공작물충돌,단일로,기타단일로,이륜차,없음
2018.12.18 22:10,야,화,1,0,0,차대사람,보도통행중,보도통행중,교차로,교차로횡단보도내,승합차,보행자
2018.5.3 5:31,야,목,1,0,3,차대차,추돌,추돌,단일로,기타단일로,화물차,화물차
2018.5.17 1:37,야,목,1,0,0,차대차,측면충돌,측면충돌,교차로,교차로내,승용차,이륜차
2018.6.19 19:20,야,화,1,0,0,차대사람,횡단중,횡단중,단일로,기타단일로,승합차,보행자
2018.9.10 12:10,주,월,1,0,0,차대사람,기타,기타,단일로,기타단일로,화물차,보행자
2018.1.1 19:17,야,월,1,0,0,차대사람,길가장자리구역통행중,길가장자리구역통행중,단일로,기타단일로,승합차,보행자
2018.9.20 23:50,야,목,1,0,0,차대사람,기타,기타,단일로,기타단일로,승합차,보행자
2018.1.8 13:08,주,월,1,0,0,차대사람,기타,기타,단일로,기타단일로,승용차,보행자
2018.8.10 0:30,야,금,1,0,0,차대사람,기타,기타,단일로,기타단일로,승용차,보행자
2018.8.22 19:41,야,수,1,0,0,차대사람,횡단중,횡단중,교차로,교차로횡단보도내,승용차,보행자
2018.10.6 2:48,야,토,1,0,0,차대사람,차도통행중,차도통행중,단일로,기타단일로,승용차,보행자
2018.10.10 6:20,주,수,1,1,0,차량단독,공작물충돌,공작물충돌,교차로,교차로부근,이륜차,없음
2018.4.17 2:15,야,화,1,0,1,차량단독,공작물충돌,공작물충돌,단일로,기타단일로,승용차,없음
2018.2.20 6:50,주,화,1,0,0,차대사람,보도통행중,보도통행중,단일로,기타단일로,승용차,보행자
2018.2.8 23:33,야,목,1,0,0,차대사람,기타,기타,단일로,기타단일로,승용차,보행자
2018.3.12 20:45,야,월,1,0,0,차대사람,횡단중,횡단중,단일로,기타단일로,승합차,보행자
2018.5.2 17:35,주,수,1,0,0,차대사람,기타,기타,교차로,교차로부근,승용차,보행자
2018.10.6 2:11,야,토,1,0,0,차대사람,횡단중,횡단중,단일로,기타단일로,승용차,보행자
2018.10.19 7:30,주,금,1,0,0,차대사람,기타,기타,단일로,기타단일로,승용차,보행자
2018.2.15 5:30,야,목,1,0,1,차대차,정면충돌,정면충돌,단일로,기타단일로,승용차,화물차
2018.12.20 18:25,야,목,1,0,0,차대사람,횡단중,횡단중,교차로,교차로횡단보도내,승용차,보행자
2018.9.22 10:52,주,토,1,0,0,차대차,측면충돌,측면충돌,교차로,교차로내,승합차,이륜차
2018.9.18 14:17,주,화,1,0,0,차대사람,차도통행중,차도통행중,단일로,기타단일로,승용차,보행자