발생년월일시,주야,요일,사망자수,중상자수,경상자수,사고유형_대분류,사고유형_중분류,사고유형,도로형태_대분류,도로형태,당사자종별_1당_대분류,당사자종별_2당_대분류
2018.10.27 6:22,주,토,1,0,0,차대사람,횡단중,횡단중,교차로,교차로횡단보도내,승용차,보행자
2018.5.22 11:01,주,화,1,0,0,차대차,측면충돌,측면충돌,단일로,기타단일로,건설기계,건설기계
2018.3.25 5:50,야,일,1,0,1,차대차,기타,기타,교차로,교차로내,이륜차,승용차
2018.7.18 23:40,야,수,1,0,0,차량단독,기타,기타,단일로,기타단일로,이륜차,없음
2018.12.23 4:50,야,일,1,0,0,차대차,기타,기타,단일로,기타단일로,화물차,자전거
2018.11.23 10:40,주,금,1,1,3,차대사람,기타,기타,기타,기타,승합차,보행자
2018.4.19 21:35,야,목,1,1,1,차대차,정면충돌,정면충돌,교차로,교차로내,승용차,승합차
2018.6.4 15:30,주,월,1,0,0,차량단독,도로이탈,도로이탈 추락,단일로,기타단일로,농기계,없음
2018.1.20 6:45,주,토,1,0,0,차대차,추돌,추돌,교차로,교차로부근,화물차,화물차
2018.6.9 23:30,야,토,1,1,0,차량단독,공작물충돌,공작물충돌,단일로,지하차도(도로)내,원동기장치자전거,없음
2018.4.9 0:37,야,월,1,2,0,차대차,측면충돌,측면충돌,단일로,기타단일로,승용차,승용차
2018.1.8 19:08,야,월,1,0,0,차대사람,횡단중,횡단중,단일로,기타단일로,화물차,보행자
2018.2.6 16:40,주,화,1,0,1,차대차,기타,기타,단일로,기타단일로,승용차,승용차
2018.2.24 0:40,야,토,1,0,0,차대차,측면충돌,측면충돌,교차로,교차로내,특수차,이륜차
2018.12.4 17:40,주,화,1,0,0,차대차,기타,기타,교차로,교차로내,화물차,화물차
2018.8.8 5:55,야,수,1,0,0,차대차,측면충돌,측면충돌,단일로,기타단일로,승용차,승용차
2018.1.19 2:14,야,금,1,0,0,차량단독,공작물충돌,공작물충돌,단일로,기타단일로,이륜차,없음
2018.8.29 23:58,야,수,1,0,0,차대차,추돌,추돌,교차로,교차로부근,승용차,이륜차
2018.7.4 9:13,주,수,1,0,0,차대사람,기타,기타,단일로,기타단일로,화물차,보행자
2018.11.5 23:05,야,월,1,0,0,차대차,측면충돌,측면충돌,교차로,교차로부근,자전거,승합차
2018.7.3 21:10,야,화,1,0,1,차대차,추돌,추돌,교차로,교차로부근,승용차,승합차
2018.1.6 2:00,야,토,1,0,0,차대차,측면충돌,측면충돌,단일로,교량위,승용차,이륜차
2018.3.20 5:52,야,화,1,0,0,차대차,기타,기타,단일로,기타단일로,승용차,화물차
2018.12.21 17:30,주,금,1,0,0,차대사람,횡단중,횡단중,단일로,기타단일로,승합차,보행자
2018.1.14 0:01,야,일,1,1,3,차대차,추돌,추돌,단일로,교량위,승용차,승용차
2018.6.8 17:15,주,금,1,0,0,차대사람,기타,기타,단일로,교량위,화물차,보행자
2018.9.1 19:35,야,토,1,0,3,차대차,추돌,추돌,단일로,고가도로위,승용차,승용차
2018.8.7 15:40,주,화,1,0,1,차량단독,공작물충돌,공작물충돌,단일로,기타단일로,화물차,없음
2018.10.6 3:28,야,토,1,0,0,차대차,기타,기타,단일로,교량위,화물차,승용차
2018.10.5 20:30,야,금,1,0,0,차대사람,횡단중,횡단중,단일로,기타단일로,승용차,보행자
2018.1.22 5:50,야,월,1,0,0,차대차,측면충돌,측면충돌,교차로,교차로부근,승용차,자전거
2018.10.10 17:30,주,수,1,0,0,차대사람,횡단중,횡단중,단일로,기타단일로,건설기계,보행자
2018.5.30 20:30,야,수,1,0,0,차대사람,횡단중,횡단중,단일로,기타단일로,승용차,보행자
2018.3.31 12:00,주,토,1,0,0,차대차,측면충돌,측면충돌,단일로,기타단일로,승용차,이륜차
2018.11.15 18:23,야,목,1,0,0,차대사람,횡단중,횡단중,교차로,교차로부근,승용차,보행자
2018.5.12 20:33,야,토,1,0,0,차대차,측면충돌,측면충돌,교차로,교차로내,승용차,이륜차
2018.3.31 13:50,주,토,1,0,0,차대차,측면충돌,측면충돌,단일로,기타단일로,화물차,자전거
2018.1.2 5:50,야,화,1,0,0,차대차,추돌,추돌,단일로,기타단일로,승용차,자전거
2018.9.5 7:35,주,수,1,0,0,차량단독,공작물충돌,공작물충돌,단일로,기타단일로,승용차,없음
2018.10.14 22:15,야,일,1,0,0,차대사람,횡단중,횡단중,단일로,기타단일로,승용차,보행자
2018.5.30 13:40,주,수,1,0,0,차대사람,횡단중,횡단중,단일로,고가도로위,화물차,보행자
2018.9.3 21:15,야,월,1,0,0,차대사람,횡단중,횡단중,단일로,기타단일로,승용차,보행자
2018.2.20 11:03,주,화,1,0,0,차대사람,길가장자리구역통행중,길가장자리구역통행중,단일로,기타단일로,화물차,보행자
2018.4.11 23:30,야,수,1,0,0,차대차,기타,기타,단일로,기타단일로,승용차,이륜차
2018.4.7 17:17,주,토,1,0,0,차대사람,횡단중,횡단중,교차로,교차로횡단보도내,승용차,보행자
2018.9.7 4:00,야,금,1,0,1,차대차,추돌,추돌,단일로,기타단일로,승용차,화물차
2018.5.27 12:25,주,일,1,1,0,차대차,추돌,추돌,단일로,기타단일로,승용차,원동기장치자전거
2018.4.29 3:16,야,일,1,0,0,차량단독,공작물충돌,공작물충돌,교차로,교차로내,이륜차,없음
2018.8.5 6:51,주,일,1,0,0,차대차,추돌,추돌,단일로,기타단일로,승용차,자전거
2018.7.8 1:50,야,일,1,0,0,차대사람,횡단중,횡단중,교차로,교차로횡단보도내,화물차,보행자
2018.4.1 19:53,야,일,1,0,0,차대사람,횡단중,횡단중,기타,기타,승용차,보행자
2018.3.22 11:30,주,목,1,0,0,차대차,기타,기타,단일로,기타단일로,승용차,자전거
2018.11.30 3:00,야,금,1,0,0,차대사람,기타,기타,단일로,기타단일로,승용차,보행자
2018.3.22 23:35,야,목,1,0,0,차량단독,기타,기타,단일로,기타단일로,이륜차,없음
2018.7.2 9:00,주,월,1,1,0,차대차,기타,기타,단일로,기타단일로,승용차,화물차
2018.6.27 18:00,야,수,1,0,0,차대사람,횡단중,횡단중,교차로,교차로내,승용차,보행자
2018.3.23 20:30,야,금,1,0,0,차대차,추돌,추돌,교차로,교차로부근,승용차,화물차
2018.9.19 8:35,주,수,1,0,0,차대차,측면충돌,측면충돌,교차로,교차로부근,자전거,화물차
2018.11.30 4:35,야,금,1,0,0,차대차,추돌,추돌,단일로,기타단일로,승용차,이륜차
2018.6.30 11:20,주,토,1,0,0,차량단독,기타,기타,단일로,기타단일로,자전거,없음
2018.12.15 2:12,야,토,1,0,0,차량단독,공작물충돌,공작물충돌,단일로,기타단일로,승용차,없음
2018.10.10 10:50,주,수,1,0,0,차대사람,차도통행중,차도통행중,단일로,기타단일로,승합차,보행자
2018.1.10 20:42,야,수,1,0,1,차대차,기타,기타,교차로,교차로부근,승용차,화물차
2018.8.2 18:15,야,목,1,0,0,차량단독,공작물충돌,공작물충돌,교차로,교차로내,승용차,없음
2018.12.7 17:00,주,금,1,0,0,차량단독,기타,기타,기타,기타,원동기장치자전거,없음
2018.1.9 17:15,주,화,1,2,0,차대차,정면충돌,정면충돌,교차로,교차로내,화물차,화물차
2018.4.9 6:22,주,월,1,6,0,차량단독,공작물충돌,공작물충돌,교차로,교차로부근,화물차,없음
2018.10.22 9:20,주,월,1,0,0,차대사람,횡단중,횡단중,단일로,기타단일로,승합차,보행자
2018.6.22 23:15,야,금,1,0,0,차량단독,기타,기타,단일로,교량위,화물차,없음
2018.10.18 18:40,야,목,1,0,0,차대사람,횡단중,횡단중,교차로,교차로내,승용차,보행자
2018.5.19 7:15,주,토,1,0,0,차량단독,기타,기타,단일로,기타단일로,자전거,없음
2018.3.23 18:00,야,금,1,0,0,차대차,측면충돌,측면충돌,교차로,교차로내,승용차,이륜차
2018.6.3 12:16,주,일,1,0,0,차대차,측면충돌,측면충돌,교차로,교차로내,화물차,승용차
2018.5.13 22:44,야,일,1,0,0,차대사람,차도통행중,차도통행중,단일로,기타단일로,승합차,보행자
2018.4.28 1:50,야,토,1,0,0,차대사람,기타,기타,교차로,교차로부근,승용차,보행자
2018.1.6 5:14,야,토,1,0,0,차대사람,횡단중,횡단중,단일로,기타단일로,승용차,보행자
2018.8.11 21:42,야,토,1,1,0,차대사람,보도통행중,보도통행중,단일로,기타단일로,이륜차,보행자
2018.8.1 23:10,야,수,1,0,1,차대사람,횡단중,횡단중,단일로,기타단일로,승용차,보행자
2018.2.25 4:00,야,일,1,2,1,차대차,측면충돌,측면충돌,교차로,교차로내,승용차,승용차
2018.7.9 1:13,야,월,1,0,0,차대사람,횡단중,횡단중,교차로,교차로내,승합차,보행자
2018.6.19 5:40,야,화,1,0,0,차량단독,기타,기타,단일로,기타단일로,자전거,없음
2018.10.28 6:45,주,일,1,0,0,차대사람,횡단중,횡단중,교차로,교차로횡단보도내,승용차,보행자
2018.5.15 20:50,야,화,1,0,0,차대차,측면충돌,측면충돌,단일로,기타단일로,자전거,승용차
2018.4.10 11:17,주,화,1,0,0,차대사람,기타,기타,단일로,기타단일로,승합차,보행자
2018.10.3 9:15,주,수,1,0,1,차대차,기타,기타,교차로,교차로부근,자전거,승용차
2018.8.9 23:50,야,목,1,0,0,차대차,측면충돌,측면충돌,교차로,교차로부근,자전거,승용차
2018.5.17 1:41,야,목,1,0,0,차량단독,공작물충돌,공작물충돌,교차로,교차로내,승용차,없음
2018.2.19 14:35,주,월,1,0,0,차대사람,횡단중,횡단중,단일로,기타단일로,승용차,보행자
2018.7.13 7:36,주,금,1,0,0,차대차,기타,기타,단일로,기타단일로,화물차,화물차
2018.1.18 17:34,주,목,1,0,0,차대사람,횡단중,횡단중,단일로,기타단일로,승용차,보행자
2018.4.13 14:55,주,금,1,0,0,차대사람,횡단중,횡단중,단일로,기타단일로,승용차,보행자
2018.11.29 11:25,주,목,1,1,2,차대차,정면충돌,정면충돌,불명,불명,승용차,승용차
2018.3.10 1:40,야,토,1,0,0,차대사람,보도통행중,보도통행중,교차로,교차로횡단보도내,이륜차,보행자
2018.1.5 0:22,야,금,1,2,0,차대차,정면충돌,정면충돌,교차로,교차로부근,승용차,승용차
2018.8.13 18:35,야,월,1,0,0,차대사람,횡단중,횡단중,교차로,교차로부근,화물차,보행자
2018.6.30 2:06,야,토,1,0,0,차대사람,기타,기타,단일로,기타단일로,승용차,보행자
2018.3.4 22:20,야,일,1,0,2,차대차,정면충돌,정면충돌,단일로,지하차도(도로)내,원동기장치자전거,승합차
2018.2.21 22:30,야,수,1,0,4,차대차,추돌,추돌,교차로,교차로부근,화물차,승용차
2018.4.16 17:20,주,월,1,0,0,차대사람,길가장자리구역통행중,길가장자리구역통행중,교차로,교차로내,승용차,보행자
2018.11.4 17:15,주,일,1,0,0,차대사람,횡단중,횡단중,단일로,기타단일로,승용차,보행자
2018.2.17 12:04,주,토,1,0,0,차대차,측면충돌,측면충돌,교차로,교차로횡단보도내,화물차,자전거
2018.11.11 7:14,주,일,2,4,4,차대차,기타,기타,단일로,기타단일로,승용차,승합차
2018.12.13 13:10,주,목,1,1,0,차량단독,공작물충돌,공작물충돌,단일로,기타단일로,승용차,없음
2018.12.24 5:41,야,월,1,0,0,차대차,기타,기타,단일로,기타단일로,승용차,승용차
2018.11.29 23:25,야,목,1,1,3,차대차,측면충돌,측면충돌,교차로,교차로내,승용차,승합차
2018.11.21 4:28,야,수,1,0,0,차대사람,횡단중,횡단중,교차로,교차로횡단보도내,승용차,보행자
2018.10.9 22:35,야,화,1,0,0,차량단독,전도,전도,단일로,교량위,이륜차,없음
2018.10.15 12:41,주,월,1,0,0,차대사람,보도통행중,보도통행중,단일로,기타단일로,승용차,보행자
2018.6.25 8:06,주,월,1,0,0,차대사람,차도통행중,차도통행중,단일로,기타단일로,승용차,보행자
2018.2.7 18:40,야,수,1,0,0,차대사람,기타,기타,교차로,교차로부근,승용차,보행자
2018.9.9 2:18,야,일,1,0,0,차량단독,공작물충돌,공작물충돌,단일로,기타단일로,원동기장치자전거,없음
2018.2.6 11:30,주,화,1,0,0,차대사람,횡단중,횡단중,교차로,교차로내,승용차,보행자
2018.8.12 5:13,야,일,1,0,0,차량단독,기타,기타,단일로,지하차도(도로)내,승용차,없음
2018.8.12 21:44,야,일,1,0,0,차대사람,횡단중,횡단중,단일로,기타단일로,승용차,보행자
2018.7.12 13:32,주,목,1,0,0,차대차,기타,기타,교차로,교차로내,승용차,자전거
2018.7.18 18:35,야,수,1,5,14,차대사람,횡단중,횡단중,단일로,기타단일로,승합차,보행자
2018.2.12 13:10,주,월,1,0,0,차대차,측면충돌,측면충돌,교차로,교차로내,자전거,건설기계
2018.4.28 8:40,주,토,1,0,0,차대차,측면충돌,측면충돌,단일로,기타단일로,이륜차,화물차
2018.4.25 17:32,주,수,1,0,0,차대사람,횡단중,횡단중,단일로,기타단일로,특수차,보행자
2018.2.25 6:45,주,일,1,0,0,차대사람,횡단중,횡단중,기타,기타,화물차,보행자
2018.7.28 4:07,야,토,1,0,0,차량단독,기타,기타,단일로,기타단일로,이륜차,없음
2018.5.18 22:50,야,금,1,0,0,차대사람,기타,기타,단일로,기타단일로,이륜차,보행자
2018.10.11 0:15,야,목,1,0,0,차대사람,기타,기타,단일로,기타단일로,승용차,보행자
2018.4.9 17:43,주,월,1,0,0,차대차,측면충돌,측면충돌,단일로,기타단일로,이륜차,승합차
2018.12.21 6:24,주,금,1,0,0,차대사람,길가장자리구역통행중,길가장자리구역통행중,단일로,기타단일로,승합차,보행자
2018.6.28 5:05,야,목,1,0,0,차대사람,횡단중,횡단중,단일로,기타단일로,승용차,보행자
2018.2.23 20:20,야,금,1,0,0,차대사람,횡단중,횡단중,단일로,기타단일로,승용차,보행자
2018.3.9 7:34,주,금,1,0,0,차대사람,횡단중,횡단중,단일로,기타단일로,승용차,보행자
2018.5.19 22:25,야,토,1,0,0,차대사람,기타,기타,단일로,기타단일로,승용차,보행자
2018.3.31 9:16,주,토,1,0,0,차대사람,기타,기타,교차로,교차로부근,승용차,보행자
2018.1.16 21:19,야,화,1,0,0,차대사람,횡단중,횡단중,교차로,교차로횡단보도내,화물차,보행자
2018.7.28 19:29,야,토,1,0,0,차량단독,기타,기타,단일로,기타단일로,화물차,없음
2018.2.22 11:16,주,목,1,0,1,차대차,정면충돌,정면충돌,단일로,기타단일로,화물차,건설기계
2018.8.12 21:10,야,일,1,0,0,차대사람,차도통행중,차도통행중,단일로,기타단일로,승용차,보행자
2018.8.2 23:00,야,목,1,0,0,차량단독,전도,전도,단일로,기타단일로,개인형이동수단(PM),없음
2018.8.18 9:25,주,토,3,0,0,차대차,측면충돌,측면충돌,교차로,교차로내,이륜차,승용차
2018.3.10 16:45,주,토,1,0,0,차대차,측면충돌,측면충돌,교차로,교차로내,승용차,승용차
2018.6.1 23:10,야,금,1,0,0,차량단독,기타,기타,단일로,기타단일로,승용차,없음
2018.9.28 15:05,주,금,1,0,0,차대사람,길가장자리구역통행중,길가장자리구역통행중,단일로,기타단일로,건설기계,보행자
2018.8.30 10:00,주,목,1,0,0,차대차,측면충돌,측면충돌,교차로,교차로부근,이륜차,승용차
2018.9.12 13:40,주,수,1,0,0,차량단독,전도,전도,교차로,교차로내,사륜오토바이(ATV),없음
2018.2.11 10:05,주,일,1,1,1,차대차,측면충돌,측면충돌,교차로,교차로내,화물차,화물차
2018.12.20 7:05,주,목,1,0,0,차대차,정면충돌,정면충돌,단일로,기타단일로,승용차,이륜차
2018.11.29 23:00,야,목,1,0,0,차량단독,도로이탈,도로이탈 추락,교차로,교차로부근,승용차,없음
2018.3.17 1:45,야,토,1,0,0,차대차,기타,기타,단일로,기타단일로,승용차,승용차
2018.8.14 12:00,주,화,1,0,0,차대차,측면충돌,측면충돌,교차로,교차로내,승용차,이륜차
2018.3.23 21:10,야,금,1,0,0,차대사람,횡단중,횡단중,단일로,기타단일로,승용차,보행자
2018.9.22 23:24,야,토,1,0,0,차대사람,기타,기타,교차로,교차로부근,승합차,보행자
2018.2.1 18:25,야,목,1,0,0,차대차,측면충돌,측면충돌,교차로,교차로내,화물차,이륜차
2018.7.28 12:35,주,토,1,2,4,차대차,정면충돌,정면충돌,교차로,교차로부근,승용차,승용차
2018.6.5 13:07,주,화,1,0,0,차량단독,공작물충돌,공작물충돌,단일로,기타단일로,건설기계,없음
2018.5.5 23:00,야,토,1,0,0,차량단독,공작물충돌,공작물충돌,교차로,교차로부근,이륜차,없음
2018.4.28 9:03,주,토,1,0,0,차대차,측면충돌,측면충돌,교차로,교차로내,건설기계,승용차
2018.12.14 12:35,주,금,1,1,0,차대차,기타,기타,교차로,교차로내,이륜차,건설기계
2018.7.8 16:00,주,일,2,1,0,차량단독,도로이탈,도로이탈 추락,단일로,기타단일로,승용차,없음
2018.3.14 14:10,주,수,1,0,0,차량단독,공작물충돌,공작물충돌,단일로,기타단일로,이륜차,없음
2018.12.29 19:20,야,토,1,0,1,차대차,측면충돌,측면충돌,교차로,교차로내,승합차,승합차
2018.11.2 1:02,야,금,1,0,0,차대사람,횡단중,횡단중,단일로,기타단일로,승용차,보행자
2018.4.10 21:12,야,화,1,0,0,차량단독,기타,기타,기타,기타,자전거,없음
2018.12.21 16:00,주,금,1,0,0,차대사람,보도통행중,보도통행중,교차로,교차로횡단보도내,승용차,보행자
2018.10.30 22:00,야,화,1,0,0,차대차,추돌,추돌,단일로,기타단일로,승용차,건설기계
2018.2.21 5:52,야,수,1,0,0,차대사람,횡단중,횡단중,단일로,기타단일로,승용차,보행자
2018.12.8 7:06,주,토,1,0,0,차대차,추돌,추돌,단일로,기타단일로,승용차,건설기계
2018.9.18 20:43,야,화,1,0,0,차대차,측면충돌,측면충돌,교차로,교차로횡단보도내,승합차,자전거
2018.12.28 6:25,주,금,1,0,0,차대사람,횡단중,횡단중,교차로,교차로부근,승용차,보행자
2018.2.4 5:30,야,일,1,0,0,차대사람,횡단중,횡단중,단일로,기타단일로,승용차,보행자
2018.7.6 1:58,야,금,1,0,0,차량단독,기타,기타,단일로,기타단일로,이륜차,없음
2018.1.10 20:50,야,수,1,0,0,차대차,기타,기타,교차로,교차로내,이륜차,승합차
2018.4.10 20:35,야,화,1,0,0,차대사람,보도통행중,보도통행중,교차로,교차로횡단보도내,승합차,보행자
2018.1.7 17:30,주,일,1,2,2,차대차,추돌,추돌,단일로,기타단일로,화물차,승용차
2018.5.27 13:00,주,일,1,2,5,차대차,추돌,추돌,단일로,기타단일로,화물차,승용차
2018.4.22 19:23,야,일,1,0,0,차대사람,횡단중,횡단중,교차로,교차로부근,승합차,보행자
2018.6.9 1:47,야,토,1,0,0,차대사람,기타,기타,단일로,기타단일로,승용차,보행자
2018.10.12 19:55,야,금,1,0,0,차대사람,횡단중,횡단중,교차로,교차로횡단보도내,승합차,보행자
2018.1.4 22:30,야,목,1,0,1,차대사람,횡단중,횡단중,단일로,기타단일로,승용차,보행자
2018.7.15 7:30,주,일,1,0,0,차량단독,기타,기타,단일로,기타단일로,이륜차,없음
2018.10.3 21:12,야,수,1,0,0,차대사람,차도통행중,차도통행중,단일로,기타단일로,화물차,보행자
2018.1.8 13:20,주,월,1,1,0,차대차,기타,기타,단일로,기타단일로,승용차,승용차
2018.5.13 10:30,주,일,2,2,0,차량단독,공작물충돌,공작물충돌,단일로,기타단일로,승용차,없음
2018.5.30 0:36,야,수,1,1,1,차대차,정면충돌,정면충돌,단일로,터널안,승용차,승용차
2018.3.24 21:00,야,토,1,0,3,차대차,추돌,추돌,단일로,기타단일로,승용차,화물차
2018.7.2 20:36,야,월,2,0,2,차대차,기타,기타,단일로,기타단일로,승용차,승용차
2018.11.15 8:56,주,목,1,0,0,차량단독,공작물충돌,공작물충돌,단일로,기타단일로,이륜차,없음
2018.5.29 14:45,주,화,1,0,1,차대차,정면충돌,정면충돌,단일로,기타단일로,화물차,건설기계
2018.5.25 1:20,야,금,1,0,0,차량단독,공작물충돌,공작물충돌,단일로,기타단일로,이륜차,없음
2018.4.2 7:00,주,월,1,2,19,차대차,추돌,추돌,교차로,교차로부근,건설기계,승용차
2018.1.21 14:06,주,일,1,0,0,차량단독,기타,기타,단일로,기타단일로,건설기계,없음
2018.9.7 19:55,야,금,1,0,0,차대차,기타,기타,교차로,교차로내,승용차,원동기장치자전거
2018.7.2 15:45,주,월,1,0,0,차대사람,기타,기타,교차로,교차로횡단보도내,화물차,보행자
2018.3.12 8:39,주,월,1,0,0,차대차,측면충돌,측면충돌,단일로,기타단일로,이륜차,승용차
2018.7.15 15:44,주,일,1,0,0,차대사람,차도통행중,차도통행중,교차로,교차로횡단보도내,승용차,보행자
2018.11.2 21:55,야,금,1,0,0,차대차,기타,기타,교차로,교차로내,승용차,이륜차
2018.7.18 12:35,주,수,1,0,0,차대차,측면충돌,측면충돌,단일로,기타단일로,승용차,자전거
2018.4.23 23:10,야,월,1,0,0,차량단독,공작물충돌,공작물충돌,교차로,교차로부근,승용차,없음
2018.3.4 18:20,야,일,1,0,0,차대사람,횡단중,횡단중,단일로,기타단일로,승용차,보행자
2018.9.29 19:05,야,토,1,0,0,차대사람,횡단중,횡단중,단일로,기타단일로,승용차,보행자
2018.12.30 0:52,야,일,1,0,0,차량단독,공작물충돌,공작물충돌,단일로,기타단일로,화물차,없음
2018.11.8 21:20,야,목,1,0,2,차대차,추돌,추돌,교차로,교차로부근,화물차,승합차
2018.1.29 10:05,주,월,1,0,0,차대차,측면충돌,측면충돌,교차로,교차로내,승용차,자전거
2018.7.25 3:36,야,수,1,0,0,차량단독,도로이탈,도로이탈 추락,단일로,지하차도(도로)내,이륜차,없음
2018.4.11 15:25,주,수,1,0,0,차량단독,전도,전도,단일로,기타단일로,사륜오토바이(ATV),없음
2018.11.1 18:00,야,목,1,1,0,차대사람,기타,기타,단일로,기타단일로,승용차,보행자
2018.10.11 16:45,주,목,1,0,0,차대사람,보도통행중,보도통행중,단일로,기타단일로,화물차,보행자
2018.3.4 17:50,주,일,1,0,0,차대차,정면충돌,정면충돌,단일로,기타단일로,이륜차,승용차
2018.1.15 10:10,주,월,1,1,1,차량단독,공작물충돌,공작물충돌,단일로,교량위,승용차,없음
2018.9.14 13:35,주,금,1,0,0,차량단독,공작물충돌,공작물충돌,교차로,교차로부근,화물차,없음
2018.11.9 15:31,주,금,1,0,0,차량단독,전도,전도,단일로,터널안,승용차,없음
2018.1.1 8:55,주,월,1,0,0,차량단독,도로이탈,도로이탈 추락,단일로,기타단일로,화물차,없음
2018.4.11 8:40,주,수,1,0,0,차대차,측면충돌,측면충돌,교차로,교차로내,농기계,원동기장치자전거
2018.4.22 10:52,주,일,1,0,0,차량단독,공작물충돌,공작물충돌,단일로,기타단일로,원동기장치자전거,없음
2018.8.26 6:12,주,일,1,0,0,차대차,정면충돌,정면충돌,교차로,교차로부근,승용차,이륜차
2018.7.14 0:10,야,토,1,0,0,차대사람,차도통행중,차도통행중,단일로,기타단일로,화물차,보행자
2018.10.30 7:40,주,화,1,0,0,차대차,측면충돌,측면충돌,교차로,교차로내,자전거,승용차
2018.5.23 19:53,야,수,1,0,0,차대사람,차도통행중,차도통행중,단일로,기타단일로,승용차,보행자
2018.7.4 21:02,야,수,1,0,0,차대사람,횡단중,횡단중,교차로,교차로부근,승합차,보행자
2018.6.29 11:15,주,금,1,0,0,차량단독,도로이탈,도로이탈 추락,단일로,기타단일로,건설기계,없음
2018.5.13 15:58,주,일,1,0,0,차대사람,기타,기타,기타,기타,승용차,보행자
2018.2.6 14:25,주,화,1,0,0,차대차,기타,기타,교차로,교차로횡단보도내,화물차,자전거
2018.1.28 22:07,야,일,1,0,2,차대사람,횡단중,횡단중,교차로,교차로내,승용차,보행자
2018.6.21 2:40,야,목,1,0,0,차대차,정면충돌,정면충돌,단일로,기타단일로,자전거,화물차
2018.10.25 1:25,야,목,2,2,0,차대차,정면충돌,정면충돌,기타,기타,승용차,승용차
2018.4.30 20:10,야,월,1,0,0,차량단독,전도,전도,기타,기타,이륜차,없음
2018.9.9 15:40,주,일,1,0,0,차량단독,전복,전복,단일로,기타단일로,농기계,없음
2018.11.3 12:05,주,토,1,0,0,차량단독,도로이탈,도로이탈 추락,단일로,지하차도(도로)내,화물차,없음
2018.9.11 20:13,야,화,1,0,0,차량단독,도로이탈,도로이탈 추락,교차로,교차로부근,이륜차,없음
2018.8.19 6:00,주,일,1,0,1,차대차,추돌,추돌,단일로,기타단일로,승용차,농기계
2018.7.24 6:32,주,화,1,0,0,차대차,기타,기타,교차로,교차로내,화물차,화물차
2018.6.14 12:45,주,목,1,0,0,차량단독,도로이탈,도로이탈 추락,단일로,기타단일로,승용차,없음
2018.5.18 21:50,야,금,1,0,0,차량단독,기타,기타,단일로,기타단일로,이륜차,없음
2018.11.1 23:30,야,목,1,0,0,차대사람,길가장자리구역통행중,길가장자리구역통행중,단일로,기타단일로,승용차,보행자
2018.10.27 14:20,주,토,1,0,0,차대차,기타,기타,교차로,교차로내,화물차,이륜차
2018.4.29 13:15,주,일,1,0,0,차대차,정면충돌,정면충돌,교차로,교차로부근,농기계,이륜차
2018.2.4 19:05,야,일,1,2,3,차대차,기타,기타,단일로,기타단일로,승합차,승용차
2018.2.16 22:30,야,금,1,2,3,차대차,기타,기타,교차로,교차로내,승용차,승용차
2018.5.24 14:57,주,목,1,0,0,차량단독,공작물충돌,공작물충돌,단일로,기타단일로,승용차,없음
2018.8.13 13:03,주,월,1,0,2,차대차,측면충돌,측면충돌,교차로,교차로내,이륜차,화물차
2018.9.16 13:18,주,일,1,0,0,차대차,기타,기타,단일로,기타단일로,특수차,이륜차
2018.2.3 0:00,야,토,1,1,4,차대차,추돌,추돌,단일로,기타단일로,특수차,화물차
2018.6.4 3:34,야,월,1,0,0,차량단독,도로이탈,도로이탈 추락,단일로,기타단일로,특수차,없음
2018.7.4 15:40,주,수,1,0,8,차대차,추돌,추돌,단일로,기타단일로,승용차,승용차
2018.12.6 3:55,야,목,1,13,6,차대차,추돌,추돌,단일로,터널안,승합차,건설기계
2018.8.30 3:05,야,목,1,0,0,차량단독,공작물충돌,공작물충돌,단일로,교량위,승용차,없음
2018.4.4 5:19,야,수,1,0,2,차대차,추돌,추돌,단일로,기타단일로,화물차,화물차
2018.11.13 18:00,야,화,1,1,1,차대사람,기타,기타,단일로,기타단일로,화물차,보행자
2018.11.20 18:00,야,화,1,0,4,차대차,추돌,추돌,단일로,기타단일로,승용차,승용차
2018.2.11 18:10,야,일,1,1,1,차대차,정면충돌,정면충돌,단일로,기타단일로,화물차,승용차
2018.3.1 21:45,야,목,1,0,1,차대사람,차도통행중,차도통행중,교차로,교차로내,승합차,보행자
2018.10.17 22:59,야,수,1,0,0,차량단독,기타,기타,단일로,기타단일로,이륜차,없음
2018.4.10 22:25,야,화,1,0,0,차대차,측면충돌,측면충돌,교차로,교차로내,승용차,이륜차
2018.3.25 7:20,주,일,1,0,0,차대사람,기타,기타,단일로,기타단일로,화물차,보행자
2018.1.29 7:00,주,월,1,0,0,차대차,추돌,추돌,단일로,기타단일로,승용차,건설기계
2018.6.7 16:00,주,목,1,0,0,차량단독,기타,기타,단일로,기타단일로,이륜차,없음
2018.6.22 21:15,야,금,1,0,0,차대사람,차도통행중,차도통행중,단일로,기타단일로,승용차,보행자
2018.1.10 18:50,야,수,1,0,0,차대사람,차도통행중,차도통행중,단일로,기타단일로,승합차,보행자
2018.11.20 1:07,야,화,3,2,0,차량단독,공작물충돌,공작물충돌,교차로,교차로부근,승용차,없음
2018.9.3 11:00,주,월,1,0,0,차대차,추돌,추돌,단일로,기타단일로,승용차,이륜차
2018.7.10 10:00,주,화,1,0,3,차대차,측면충돌,측면충돌,교차로,교차로부근,농기계,승용차
2018.7.15 21:00,야,일,1,0,0,차대사람,길가장자리구역통행중,길가장자리구역통행중,단일로,기타단일로,화물차,보행자