발생년월일시,주야,요일,사망자수,중상자수,경상자수,사고유형_대분류,사고유형_중분류,사고유형,도로형태_대분류,도로형태,당사자종별_1당_대분류,당사자종별_2당_대분류
2018.8.25 15:32,주,토,1,1,0,차대사람,보도통행중,보도통행중,교차로,교차로부근,승용차,보행자
2018.11.13 10:50,주,화,1,0,0,차대사람,차도통행중,차도통행중,단일로,교량위,화물차,보행자
2018.5.20 16:12,주,일,1,0,0,차량단독,전도,전도,단일로,고가도로위,이륜차,없음
2018.8.24 22:20,야,금,1,0,0,차대차,측면충돌,측면충돌,교차로,교차로내,승용차,이륜차
2018.12.12 11:13,주,수,1,0,0,차대사람,기타,기타,교차로,교차로내,승용차,보행자
2018.6.25 14:13,주,월,1,3,0,차대차,추돌,추돌,교차로,교차로부근,승합차,승용차
2018.4.21 1:05,야,토,1,0,0,차대차,추돌,추돌,단일로,기타단일로,승용차,화물차
2018.7.17 23:00,야,화,1,0,0,차대사람,횡단중,횡단중,단일로,기타단일로,승용차,보행자
2018.1.10 23:30,야,수,1,0,0,차대사람,횡단중,횡단중,단일로,기타단일로,승용차,보행자
2018.4.24 4:30,야,화,1,0,0,차대사람,차도통행중,차도통행중,단일로,기타단일로,승용차,보행자
2018.3.22 10:00,주,목,1,0,0,차대사람,기타,기타,단일로,기타단일로,승합차,보행자
2018.4.9 16:05,주,월,1,0,0,차대사람,횡단중,횡단중,교차로,교차로내,승용차,보행자
2018.5.12 7:55,주,토,1,0,1,차대차,정면충돌,정면충돌,단일로,기타단일로,승용차,승용차
2018.3.7 11:55,주,수,1,0,1,차대차,측면충돌,측면충돌,교차로,교차로내,자전거,승용차
2018.8.29 1:22,야,수,1,0,0,차대사람,횡단중,횡단중,단일로,기타단일로,승용차,보행자
2018.6.2 16:49,주,토,1,0,0,차대차,측면충돌,측면충돌,교차로,교차로내,승용차,이륜차
2018.9.21 10:55,주,금,1,0,1,차대차,정면충돌,정면충돌,단일로,기타단일로,화물차,화물차
2018.12.14 17:20,주,금,1,0,2,차대차,추돌,추돌,단일로,기타단일로,승용차,승용차
2018.10.9 20:30,야,화,2,0,0,차대차,기타,기타,단일로,기타단일로,이륜차,승용차
2018.3.22 6:25,주,목,1,0,0,차량단독,공작물충돌,공작물충돌,단일로,기타단일로,화물차,없음
2018.10.21 13:15,주,일,1,1,0,차량단독,공작물충돌,공작물충돌,단일로,기타단일로,승용차,없음
2018.8.12 13:50,주,일,1,0,0,차대차,측면충돌,측면충돌,교차로,교차로내,승용차,이륜차
2018.1.9 12:48,주,화,1,0,0,차대사람,횡단중,횡단중,단일로,기타단일로,화물차,보행자
2018.8.3 20:00,야,금,1,0,0,차대사람,차도통행중,차도통행중,교차로,교차로부근,승용차,보행자
2018.4.25 13:30,주,수,1,0,0,차대사람,횡단중,횡단중,단일로,기타단일로,승용차,보행자
2018.5.24 8:56,주,목,1,0,0,차대사람,기타,기타,교차로,교차로부근,승용차,보행자
2018.3.18 18:55,야,일,1,0,0,차대사람,횡단중,횡단중,단일로,기타단일로,승합차,보행자
2018.8.12 23:22,야,일,1,0,0,차량단독,전도,전도,단일로,지하차도(도로)내,자전거,없음
2018.4.22 16:39,주,일,1,0,0,차대사람,차도통행중,차도통행중,교차로,교차로내,화물차,보행자
2018.12.9 13:15,주,일,1,0,0,차대차,기타,기타,단일로,기타단일로,자전거,승용차
2018.11.26 6:45,주,월,1,0,0,차대차,추돌,추돌,단일로,기타단일로,승용차,농기계
2018.12.12 7:41,주,수,1,0,0,차량단독,공작물충돌,공작물충돌,단일로,기타단일로,승용차,없음
2018.3.28 13:20,주,수,1,1,0,차대차,측면충돌,측면충돌,교차로,교차로내,화물차,이륜차
2018.5.15 15:45,주,화,2,0,0,차량단독,도로이탈,도로이탈 추락,단일로,기타단일로,화물차,없음
2018.9.1 15:05,주,토,1,0,0,차대사람,기타,기타,단일로,기타단일로,승용차,보행자
2018.9.30 10:23,주,일,1,0,0,차대차,정면충돌,정면충돌,단일로,기타단일로,자전거,화물차
2018.12.22 11:15,주,토,2,4,2,차대차,정면충돌,정면충돌,단일로,기타단일로,승용차,승용차
2018.9.12 12:15,주,수,1,0,0,차량단독,공작물충돌,공작물충돌,단일로,터널안,이륜차,없음
2018.3.13 5:00,야,화,2,0,0,차량단독,도로이탈,도로이탈 추락,단일로,기타단일로,승용차,없음
2018.1.19 17:49,주,금,1,0,0,차량단독,전도,전도,단일로,기타단일로,사륜오토바이(ATV),없음
2018.4.8 20:26,야,일,1,0,0,차량단독,공작물충돌,공작물충돌,단일로,기타단일로,화물차,없음
2018.9.8 18:24,야,토,1,0,0,차량단독,기타,기타,단일로,교량위,이륜차,없음
2018.12.11 19:52,야,화,1,0,0,차대사람,횡단중,횡단중,교차로,교차로내,승용차,보행자
2018.7.28 14:27,주,토,1,0,0,차량단독,도로이탈,도로이탈 추락,단일로,기타단일로,이륜차,없음
2018.8.20 23:40,야,월,2,2,1,차대차,정면충돌,정면충돌,단일로,기타단일로,승용차,승용차
2018.2.10 10:40,주,토,1,1,0,차대차,추돌,추돌,단일로,기타단일로,승용차,특수차
2018.8.7 20:35,야,화,1,4,2,차대차,추돌,추돌,단일로,기타단일로,특수차,승용차
2018.1.9 0:55,야,화,1,0,0,차량단독,공작물충돌,공작물충돌,단일로,기타단일로,화물차,없음
2018.1.29 13:38,주,월,1,0,0,차대사람,기타,기타,교차로,교차로내,화물차,보행자
2018.9.25 3:40,야,화,1,0,0,차량단독,기타,기타,단일로,기타단일로,이륜차,없음
2018.6.8 21:14,야,금,1,0,0,차대사람,기타,기타,교차로,교차로부근,승용차,보행자
2018.11.23 13:15,주,금,1,0,0,차대차,기타,기타,교차로,교차로내,승합차,이륜차
2018.7.8 12:50,주,일,1,0,0,차량단독,공작물충돌,공작물충돌,단일로,기타단일로,이륜차,없음
2018.7.27 5:10,야,금,1,0,0,차량단독,기타,기타,기타,기타,자전거,없음
2018.6.22 8:43,주,금,1,0,0,차대차,측면충돌,측면충돌,교차로,교차로횡단보도내,승용차,자전거
2018.6.5 17:55,주,화,1,0,0,차대차,정면충돌,정면충돌,교차로,교차로내,원동기장치자전거,화물차
2018.12.4 19:28,야,화,1,0,7,차대차,측면충돌,측면충돌,단일로,기타단일로,승용차,승합차
2018.3.19 0:30,야,월,1,0,0,차대차,추돌,추돌,교차로,교차로부근,화물차,화물차
2018.8.2 6:40,주,목,1,1,0,차대차,추돌,추돌,단일로,기타단일로,화물차,농기계
2018.8.10 18:55,야,금,1,2,0,차대차,정면충돌,정면충돌,교차로,교차로부근,승용차,화물차
2018.7.4 18:00,야,수,1,0,0,차대차,측면충돌,측면충돌,교차로,교차로내,이륜차,승용차
2018.7.24 8:40,주,화,1,0,0,차대차,측면충돌,측면충돌,단일로,기타단일로,화물차,이륜차
2018.12.12 12:40,주,수,1,0,0,차량단독,기타,기타,단일로,기타단일로,화물차,없음
2018.5.14 10:40,주,월,1,0,0,차량단독,도로이탈,도로이탈 추락,교차로,교차로부근,원동기장치자전거,없음
2018.5.17 19:00,야,목,1,0,0,차량단독,도로이탈,도로이탈 추락,단일로,지하차도(도로)내,이륜차,없음
2018.1.31 18:46,야,수,1,0,0,차대차,추돌,추돌,단일로,기타단일로,화물차,승합차
2018.10.31 13:40,주,수,1,0,0,차대차,측면충돌,측면충돌,교차로,교차로내,이륜차,승용차
2018.11.26 7:00,주,월,1,0,0,차대사람,길가장자리구역통행중,길가장자리구역통행중,단일로,기타단일로,승용차,보행자
2018.7.1 21:15,야,일,1,0,0,차대사람,횡단중,횡단중,교차로,교차로부근,승용차,보행자
2018.10.10 18:37,야,수,1,0,0,차대사람,횡단중,횡단중,단일로,기타단일로,승용차,보행자
2018.2.9 8:40,주,금,1,1,0,차대차,기타,기타,단일로,기타단일로,화물차,승용차
2018.2.6 23:10,야,화,1,0,0,차량단독,공작물충돌,공작물충돌,단일로,기타단일로,승용차,없음
2018.9.8 1:30,야,토,1,0,0,차대사람,기타,기타,단일로,기타단일로,화물차,보행자
2018.1.23 10:45,주,화,1,0,2,차대차,기타,기타,교차로,교차로부근,화물차,화물차
2018.10.19 15:45,주,금,1,0,0,차대차,측면충돌,측면충돌,교차로,교차로내,승용차,화물차
2018.11.28 13:30,주,수,1,0,0,차대차,측면충돌,측면충돌,단일로,기타단일로,자전거,승용차
2018.4.1 17:55,주,일,1,0,0,차량단독,전도,전도,단일로,기타단일로,화물차,없음
2018.12.20 6:34,주,목,1,0,1,차대사람,횡단중,횡단중,교차로,교차로횡단보도내,승용차,보행자
2018.6.10 8:24,주,일,1,0,0,차대사람,횡단중,횡단중,교차로,교차로내,건설기계,보행자
2018.5.8 7:20,주,화,1,0,0,차대사람,기타,기타,교차로,교차로횡단보도내,화물차,보행자
2018.1.8 7:25,주,월,1,0,0,차대사람,횡단중,횡단중,교차로,교차로부근,승용차,보행자
2018.8.17 11:45,주,금,1,0,2,차대차,추돌,추돌,단일로,기타단일로,승용차,승용차
2018.8.31 0:15,야,금,1,0,0,차대차,추돌,추돌,단일로,기타단일로,화물차,화물차
2018.10.29 9:40,주,월,1,4,13,차대차,추돌,추돌,단일로,기타단일로,승합차,승용차
2018.9.23 18:42,야,일,1,1,0,차대차,기타,기타,단일로,기타단일로,불명,승용차
2018.10.20 23:59,야,토,1,2,0,차대차,추돌,추돌,단일로,기타단일로,승용차,화물차
2018.8.7 16:30,주,화,1,0,0,차대사람,기타,기타,단일로,기타단일로,건설기계,보행자
2018.4.19 16:50,주,목,1,0,0,차대차,측면충돌,측면충돌,교차로,교차로내,자전거,화물차
2018.9.17 19:10,야,월,1,0,0,차대사람,횡단중,횡단중,단일로,기타단일로,화물차,보행자
2018.9.1 16:35,주,토,1,0,0,차대차,측면충돌,측면충돌,교차로,교차로내,화물차,이륜차
2018.9.10 4:35,야,월,1,0,0,차대사람,횡단중,횡단중,단일로,기타단일로,승용차,보행자
2018.2.13 18:40,야,화,1,0,0,차대차,추돌,추돌,단일로,교량위,승용차,자전거
2018.5.5 0:15,야,토,1,0,0,차량단독,공작물충돌,공작물충돌,교차로,교차로부근,승용차,없음
2018.7.17 12:00,주,화,1,0,0,차량단독,전도,전도,단일로,기타단일로,원동기장치자전거,없음
2018.9.4 10:00,주,화,1,0,0,차량단독,공작물충돌,공작물충돌,단일로,기타단일로,이륜차,없음
2018.9.6 17:30,주,목,1,0,1,차량단독,공작물충돌,공작물충돌,단일로,기타단일로,화물차,없음
2018.4.30 12:15,주,월,1,1,0,차대사람,기타,기타,단일로,기타단일로,승용차,보행자
2018.4.1 13:13,주,일,1,1,0,차량단독,공작물충돌,공작물충돌,단일로,기타단일로,화물차,없음
2018.9.1 6:40,주,토,1,0,0,차대차,측면충돌,측면충돌,교차로,교차로내,승용차,이륜차
2018.6.8 12:46,주,금,1,0,0,차대차,측면충돌,측면충돌,교차로,교차로내,화물차,이륜차
2018.9.10 23:10,야,월,1,0,0,차대사람,횡단중,횡단중,기타,기타,승용차,보행자
2018.9.29 2:24,야,토,1,0,0,차대차,기타,기타,단일로,기타단일로,화물차,이륜차
2018.2.1 8:00,주,목,1,0,0,차량단독,기타,기타,단일로,기타단일로,이륜차,없음
2018.3.18 20:35,야,일,1,0,0,차량단독,공작물충돌,공작물충돌,단일로,기타단일로,승용차,없음
2018.6.29 8:12,주,금,1,0,0,차대사람,횡단중,횡단중,교차로,교차로부근,승합차,보행자
2018.3.16 2:15,야,금,1,0,0,차대사람,길가장자리구역통행중,길가장자리구역통행중,단일로,기타단일로,승용차,보행자
2018.12.6 18:20,야,목,1,0,0,차대사람,횡단중,횡단중,단일로,기타단일로,승용차,보행자
2018.9.7 14:30,주,금,1,0,1,차대차,추돌,추돌,교차로,교차로부근,승합차,이륜차
2018.5.23 11:24,주,수,1,0,0,차량단독,기타,기타,단일로,기타단일로,승용차,없음
2018.6.4 0:30,야,월,1,0,0,차대차,측면충돌,측면충돌,교차로,교차로내,승용차,이륜차
2018.1.6 16:27,주,토,1,0,0,차대차,측면충돌,측면충돌,교차로,교차로부근,화물차,이륜차
2018.1.25 12:00,주,목,1,0,0,차대사람,횡단중,횡단중,단일로,기타단일로,승용차,보행자
2018.1.13 23:40,야,토,1,0,0,차대사람,기타,기타,단일로,기타단일로,화물차,보행자
2018.9.6 4:43,야,목,1,1,0,차량단독,공작물충돌,공작물충돌,교차로,교차로내,승용차,없음
2018.4.14 13:07,주,토,3,0,2,차대차,측면충돌,측면충돌,교차로,교차로부근,승용차,승용차
2018.11.4 19:20,야,일,1,0,1,차대차,정면충돌,정면충돌,기타,기타,이륜차,승용차
2018.3.23 12:33,주,금,1,0,2,차대차,측면충돌,측면충돌,교차로,교차로내,이륜차,승합차
2018.9.2 19:15,야,일,1,0,0,차대사람,횡단중,횡단중,단일로,기타단일로,화물차,보행자
2018.4.28 21:08,야,토,1,0,0,차대사람,기타,기타,단일로,기타단일로,승용차,보행자
2018.8.26 20:30,야,일,1,0,0,차대사람,길가장자리구역통행중,길가장자리구역통행중,교차로,교차로부근,승용차,보행자
2018.10.6 8:17,주,토,1,0,0,차대사람,기타,기타,교차로,교차로내,화물차,보행자
2018.7.8 14:10,주,일,1,2,0,차량단독,공작물충돌,공작물충돌,단일로,기타단일로,승용차,없음
2018.3.10 13:43,주,토,1,0,1,차량단독,도로이탈,도로이탈 추락,교차로,교차로부근,사륜오토바이(ATV),없음
2018.11.28 5:45,야,수,1,0,0,차대사람,횡단중,횡단중,단일로,기타단일로,승용차,보행자
2018.11.14 3:55,야,수,1,0,0,차대차,측면충돌,측면충돌,교차로,교차로내,승합차,이륜차
2018.1.2 7:50,주,화,1,0,0,차대차,측면충돌,측면충돌,단일로,기타단일로,화물차,특수차
2018.7.11 18:20,야,수,1,1,0,차대차,측면충돌,측면충돌,교차로,교차로부근,이륜차,화물차
2018.10.19 16:04,주,금,1,0,0,차대사람,횡단중,횡단중,기타,기타,승용차,보행자
2018.5.17 15:21,주,목,1,0,0,차대차,추돌,추돌,기타,기타,화물차,건설기계
2018.4.16 5:55,야,월,1,0,0,차량단독,기타,기타,기타,기타,특수차,없음
2018.2.7 7:32,주,수,1,0,0,차대차,기타,기타,단일로,기타단일로,승용차,화물차
2018.10.30 11:20,주,화,1,0,0,차대차,측면충돌,측면충돌,교차로,교차로내,화물차,이륜차
2018.9.22 0:58,야,토,1,0,0,차대사람,차도통행중,차도통행중,단일로,기타단일로,승용차,보행자
2018.2.24 20:03,야,토,1,0,0,차대차,기타,기타,단일로,기타단일로,이륜차,특수차
2018.4.25 17:40,주,수,1,0,0,차대사람,횡단중,횡단중,교차로,교차로횡단보도내,승합차,보행자
2018.8.3 15:30,주,금,1,0,0,차대사람,횡단중,횡단중,단일로,기타단일로,승용차,보행자
2018.12.3 16:45,주,월,1,0,0,차대차,측면충돌,측면충돌,교차로,교차로내,원동기장치자전거,승용차
2018.11.15 6:05,주,목,1,0,0,차대사람,횡단중,횡단중,단일로,기타단일로,화물차,보행자
2018.10.1 5:10,야,월,1,0,0,차대사람,횡단중,횡단중,교차로,교차로내,승용차,보행자
2018.9.21 6:00,주,금,1,0,0,차대사람,횡단중,횡단중,교차로,교차로부근,승합차,보행자
2018.7.19 14:25,주,목,1,0,0,차대차,추돌,추돌,단일로,기타단일로,승용차,농기계
2018.10.29 5:15,야,월,1,0,0,차량단독,공작물충돌,공작물충돌,단일로,기타단일로,승용차,없음
2018.5.15 21:40,야,화,1,1,0,차대차,정면충돌,정면충돌,단일로,기타단일로,원동기장치자전거,승용차
2018.2.3 0:40,야,토,1,0,0,차량단독,공작물충돌,공작물충돌,기타,기타,승용차,없음
2018.12.21 18:15,야,금,1,0,0,차대사람,길가장자리구역통행중,길가장자리구역통행중,단일로,기타단일로,승합차,보행자
2018.6.23 21:05,야,토,1,0,0,차대차,기타,기타,교차로,교차로내,승용차,이륜차
2018.5.30 9:30,주,수,1,0,0,차대차,측면충돌,측면충돌,단일로,기타단일로,자전거,승용차
2018.11.7 17:56,주,수,1,0,0,차대사람,횡단중,횡단중,교차로,교차로내,화물차,보행자
2018.2.15 19:20,야,목,1,0,0,차대사람,횡단중,횡단중,단일로,기타단일로,이륜차,보행자
2018.8.21 8:45,주,화,1,0,0,차대차,측면충돌,측면충돌,교차로,교차로내,승용차,화물차
2018.9.27 7:05,주,목,1,0,0,차량단독,공작물충돌,공작물충돌,단일로,기타단일로,화물차,없음
2018.2.7 9:45,주,수,1,0,6,차대차,추돌,추돌,단일로,기타단일로,승용차,승용차
2018.5.12 12:30,주,토,2,3,0,차대차,정면충돌,정면충돌,단일로,기타단일로,승용차,화물차
2018.9.8 12:07,주,토,1,0,0,차대사람,기타,기타,단일로,기타단일로,승용차,보행자
2018.7.26 12:00,주,목,1,0,2,차대차,측면충돌,측면충돌,단일로,기타단일로,화물차,승용차
2018.5.14 17:15,주,월,1,0,0,차대차,기타,기타,단일로,기타단일로,화물차,이륜차
2018.4.9 7:10,주,월,1,0,0,차대차,측면충돌,측면충돌,교차로,교차로내,이륜차,농기계
2018.2.9 15:40,주,금,1,0,0,차대차,기타,기타,단일로,기타단일로,사륜오토바이(ATV),화물차
2018.5.20 8:40,주,일,1,0,0,차량단독,공작물충돌,공작물충돌,교차로,교차로내,농기계,없음
2018.3.15 12:00,주,목,1,0,0,차량단독,기타,기타,단일로,교량위,원동기장치자전거,없음
2018.9.19 5:35,야,수,1,0,0,차대사람,횡단중,횡단중,교차로,교차로횡단보도내,화물차,보행자
2018.7.24 12:45,주,화,1,1,0,차량단독,공작물충돌,공작물충돌,교차로,교차로내,화물차,없음
2018.12.18 16:20,주,화,1,0,1,차대차,측면충돌,측면충돌,교차로,교차로내,이륜차,승용차
2018.10.26 5:50,야,금,1,0,0,차량단독,공작물충돌,공작물충돌,단일로,기타단일로,화물차,없음
2018.6.29 21:20,야,금,1,0,0,차대차,기타,기타,단일로,기타단일로,승용차,승용차
2018.2.25 11:20,주,일,1,0,0,차량단독,전도,전도,단일로,기타단일로,화물차,없음
2018.11.14 16:37,주,수,1,1,0,차대차,정면충돌,정면충돌,단일로,기타단일로,승용차,화물차
2018.5.11 2:58,야,금,1,1,3,차대차,기타,기타,교차로,교차로내,원동기장치자전거,승용차
2018.7.17 8:00,주,화,1,0,0,차대차,측면충돌,측면충돌,단일로,기타단일로,사륜오토바이(ATV),화물차
2018.11.12 8:30,주,월,1,0,0,차량단독,공작물충돌,공작물충돌,교차로,교차로부근,이륜차,없음
2018.7.8 19:30,야,일,1,0,0,차량단독,기타,기타,교차로,교차로부근,승합차,없음
2018.5.4 8:02,주,금,1,0,0,차대사람,차도통행중,차도통행중,단일로,기타단일로,승합차,보행자
2018.11.3 4:58,야,토,1,0,0,차대사람,횡단중,횡단중,단일로,기타단일로,화물차,보행자
2018.5.28 19:50,야,월,1,0,0,차대사람,횡단중,횡단중,교차로,교차로횡단보도내,화물차,보행자
2018.3.23 23:50,야,금,2,0,0,차대차,측면충돌,측면충돌,교차로,교차로내,이륜차,승용차
2018.1.12 8:50,주,금,1,0,1,차량단독,공작물충돌,공작물충돌,단일로,교량위,건설기계,없음
2018.2.24 16:44,주,토,1,0,0,차량단독,공작물충돌,공작물충돌,단일로,기타단일로,승용차,없음
2018.3.27 14:30,주,화,1,0,0,차대사람,차도통행중,차도통행중,단일로,기타단일로,승용차,보행자
2018.6.8 23:10,야,금,1,0,0,차대사람,횡단중,횡단중,교차로,교차로내,승용차,보행자
2018.3.26 16:10,주,월,1,0,0,차량단독,기타,기타,단일로,기타단일로,원동기장치자전거,없음
2018.10.2 12:00,주,화,1,0,1,차대차,측면충돌,측면충돌,교차로,교차로부근,이륜차,화물차
2018.11.20 9:08,주,화,1,0,0,차대차,기타,기타,단일로,기타단일로,자전거,승용차
2018.8.20 11:10,주,월,1,2,1,차대차,정면충돌,정면충돌,단일로,기타단일로,승용차,화물차
2018.5.8 17:00,주,화,1,0,0,차량단독,도로이탈,도로이탈 추락,단일로,기타단일로,농기계,없음
2018.4.12 10:44,주,목,1,0,0,차량단독,전도,전도,단일로,기타단일로,이륜차,없음
2018.3.12 19:25,야,월,1,0,1,차대차,측면충돌,측면충돌,단일로,기타단일로,농기계,승용차
2018.1.31 6:00,주,수,1,2,0,차대차,정면충돌,정면충돌,단일로,기타단일로,사륜오토바이(ATV),승용차
2018.3.31 12:20,주,토,1,1,4,차대차,정면충돌,정면충돌,교차로,교차로내,승용차,승용차
2018.3.29 8:00,주,목,1,0,0,차대사람,횡단중,횡단중,단일로,기타단일로,승용차,보행자
2018.8.17 0:56,야,금,1,0,0,차량단독,도로이탈,도로이탈 기타,단일로,기타단일로,이륜차,없음
2018.10.7 14:30,주,일,1,0,0,차량단독,기타,기타,단일로,기타단일로,이륜차,없음
2018.5.24 19:14,야,목,1,0,0,차량단독,기타,기타,단일로,기타단일로,화물차,없음
2018.3.9 0:06,야,금,1,0,0,차대사람,기타,기타,단일로,기타단일로,승용차,보행자
2018.11.21 8:55,주,수,1,0,0,차대사람,횡단중,횡단중,교차로,교차로내,화물차,보행자
2018.11.24 10:00,주,토,1,0,0,차대차,측면충돌,측면충돌,교차로,교차로내,이륜차,승용차
2018.9.24 2:00,야,월,1,0,0,차량단독,공작물충돌,공작물충돌,단일로,기타단일로,승용차,없음
2018.8.13 22:30,야,월,1,0,0,차량단독,전도,전도,단일로,기타단일로,이륜차,없음
2018.1.30 18:00,야,화,1,1,0,차량단독,도로이탈,도로이탈 추락,단일로,기타단일로,화물차,없음
2018.6.17 6:00,주,일,1,0,0,차량단독,공작물충돌,공작물충돌,기타,기타,승용차,없음
2018.5.1 17:20,주,화,8,7,4,차대차,측면충돌,측면충돌,단일로,기타단일로,승합차,승용차
2018.2.7 17:27,주,수,1,0,0,차량단독,공작물충돌,공작물충돌,교차로,교차로내,승용차,없음
2018.10.24 6:10,주,수,1,0,0,차대사람,횡단중,횡단중,교차로,교차로내,승용차,보행자
2018.8.21 2:34,야,화,1,0,0,차량단독,도로이탈,도로이탈 기타,단일로,기타단일로,이륜차,없음
2018.5.11 17:08,주,금,2,2,0,차대차,정면충돌,정면충돌,단일로,기타단일로,승용차,승합차
2018.8.23 15:20,주,목,2,1,0,차대차,정면충돌,정면충돌,교차로,교차로부근,화물차,화물차
2018.8.5 16:00,주,일,1,0,0,차량단독,도로이탈,도로이탈 추락,교차로,교차로부근,이륜차,없음
2018.1.16 23:50,야,화,1,1,0,차량단독,전복,전복,교차로,교차로부근,승용차,없음
2018.3.30 13:00,주,금,1,0,0,차량단독,전도,전도,교차로,교차로부근,농기계,없음
2018.9.14 11:50,주,금,1,0,1,차대차,측면충돌,측면충돌,교차로,교차로부근,화물차,승용차
2018.6.13 0:10,야,수,1,0,0,차량단독,공작물충돌,공작물충돌,단일로,기타단일로,승용차,없음
2018.2.12 1:52,야,월,1,0,0,차대차,측면충돌,측면충돌,교차로,교차로내,승용차,승용차
2018.5.28 13:50,주,월,1,0,0,차량단독,도로이탈,도로이탈 추락,단일로,기타단일로,승용차,없음
2018.12.13 23:38,야,목,1,0,0,차량단독,공작물충돌,공작물충돌,단일로,기타단일로,승용차,없음
2018.7.30 0:01,야,월,1,0,0,차량단독,공작물충돌,공작물충돌,단일로,기타단일로,승용차,없음
2018.4.24 0:30,야,화,1,0,0,차량단독,공작물충돌,공작물충돌,단일로,기타단일로,승용차,없음
2018.11.3 22:38,야,토,1,0,0,차대사람,차도통행중,차도통행중,교차로,교차로내,승용차,보행자
2018.5.9 22:45,야,수,2,0,0,차량단독,공작물충돌,공작물충돌,단일로,기타단일로,승용차,없음
2018.1.11 9:45,주,목,1,0,0,차량단독,도로이탈,도로이탈 추락,교차로,교차로부근,승용차,없음
2018.9.30 11:00,주,일,1,1,2,차대차,추돌,추돌,단일로,기타단일로,이륜차,승용차
2018.9.21 14:10,주,금,2,1,0,차대차,측면충돌,측면충돌,교차로,교차로내,승용차,화물차
2018.4.5 16:50,주,목,1,0,0,차대사람,길가장자리구역통행중,길가장자리구역통행중,교차로,교차로부근,승합차,보행자
2018.12.14 12:40,주,금,2,0,0,차량단독,공작물충돌,공작물충돌,교차로,교차로부근,화물차,없음
2018.10.24 22:45,야,수,1,0,0,차량단독,공작물충돌,공작물충돌,단일로,기타단일로,승용차,없음
2018.3.25 18:45,야,일,2,1,0,차량단독,공작물충돌,공작물충돌,단일로,교량위,승용차,없음
2018.1.11 1:40,야,목,1,0,1,차대사람,횡단중,횡단중,교차로,교차로횡단보도내,승용차,보행자
2018.5.15 9:20,주,화,1,0,0,차대차,측면충돌,측면충돌,교차로,교차로내,이륜차,화물차
2018.9.21 19:50,야,금,1,1,0,차대사람,차도통행중,차도통행중,단일로,기타단일로,승용차,보행자
2018.5.5 4:22,야,토,1,0,0,차대사람,횡단중,횡단중,단일로,기타단일로,승용차,보행자
2018.6.2 19:30,야,토,1,0,0,차량단독,도로이탈,도로이탈 추락,단일로,기타단일로,농기계,없음
2018.8.17 20:00,야,금,1,0,0,차대차,추돌,추돌,단일로,기타단일로,승용차,농기계
2018.6.30 9:10,주,토,1,0,0,차대사람,차도통행중,차도통행중,단일로,기타단일로,승용차,보행자
2018.10.27 15:30,주,토,1,0,0,차량단독,도로이탈,도로이탈 추락,단일로,기타단일로,농기계,없음
2018.8.21 13:28,주,화,1,0,1,차대차,정면충돌,정면충돌,단일로,기타단일로,화물차,화물차
2018.1.21 15:15,주,일,1,0,0,차대차,측면충돌,측면충돌,단일로,기타단일로,화물차,이륜차
2018.7.31 15:50,주,화,1,0,1,차대차,측면충돌,측면충돌,단일로,기타단일로,화물차,건설기계
2018.11.5 13:35,주,월,1,0,0,차대사람,횡단중,횡단중,단일로,기타단일로,화물차,보행자
2018.11.5 13:25,주,월,1,0,0,차대사람,길가장자리구역통행중,길가장자리구역통행중,단일로,기타단일로,화물차,보행자
2018.7.21 10:21,주,토,1,0,0,차량단독,전도,전도,단일로,기타단일로,사륜오토바이(ATV),없음
2018.11.9 20:19,야,금,1,1,0,차대차,측면충돌,측면충돌,단일로,기타단일로,화물차,화물차
2018.4.5 0:35,야,목,1,0,0,차량단독,기타,기타,단일로,기타단일로,승용차,없음
2018.7.19 4:30,야,목,1,0,0,차량단독,도로이탈,도로이탈 추락,단일로,기타단일로,화물차,없음
2018.9.14 19:00,야,금,1,0,0,차대사람,기타,기타,단일로,기타단일로,승용차,보행자
2018.1.30 8:10,주,화,1,0,1,차대차,추돌,추돌,단일로,기타단일로,승용차,건설기계
2018.1.20 14:50,주,토,1,0,0,차량단독,공작물충돌,공작물충돌,단일로,기타단일로,승용차,없음
2018.8.24 11:44,주,금,1,0,0,차대사람,길가장자리구역통행중,길가장자리구역통행중,교차로,교차로부근,화물차,보행자
2018.9.17 5:20,야,월,1,0,1,차대차,추돌,추돌,단일로,기타단일로,화물차,원동기장치자전거
2018.2.12 18:50,야,월,1,0,0,차대사람,차도통행중,차도통행중,단일로,기타단일로,승용차,보행자
2018.9.19 9:00,주,수,1,0,1,차대차,측면충돌,측면충돌,교차로,교차로내,화물차,이륜차
2018.12.23 12:05,주,일,1,1,1,차대차,추돌,추돌,단일로,기타단일로,화물차,화물차
2018.8.29 20:45,야,수,1,0,0,차대사람,차도통행중,차도통행중,단일로,기타단일로,승용차,보행자
2018.6.20 16:40,주,수,1,0,0,차대차,측면충돌,측면충돌,단일로,기타단일로,승용차,자전거
2018.9.9 20:23,야,일,1,0,0,차대차,측면충돌,측면충돌,교차로,교차로내,이륜차,화물차
2018.10.20 14:10,주,토,1,0,0,차대사람,기타,기타,단일로,기타단일로,이륜차,보행자
2018.11.14 9:45,주,수,1,0,0,차량단독,기타,기타,교차로,교차로부근,사륜오토바이(ATV),없음
2018.8.25 16:26,주,토,1,0,0,차대차,측면충돌,측면충돌,단일로,기타단일로,승합차,건설기계
2018.4.25 17:50,주,수,1,0,0,차대차,추돌,추돌,단일로,기타단일로,화물차,이륜차
2018.4.18 17:00,주,수,1,0,0,차대차,추돌,추돌,교차로,교차로부근,이륜차,화물차