발생년월일시,주야,요일,사망자수,중상자수,경상자수,사고유형_대분류,사고유형_중분류,사고유형,도로형태_대분류,도로형태,당사자종별_1당_대분류,당사자종별_2당_대분류
2018.6.16 14:50,주,토,1,0,1,차량단독,공작물충돌,공작물충돌,단일로,기타단일로,화물차,없음
2018.6.28 6:40,주,목,1,0,0,차량단독,공작물충돌,공작물충돌,단일로,기타단일로,화물차,없음
2018.4.21 12:00,주,토,1,0,0,차대차,측면충돌,측면충돌,단일로,기타단일로,승용차,자전거
2018.1.5 21:29,야,금,1,0,0,차대사람,길가장자리구역통행중,길가장자리구역통행중,교차로,교차로부근,화물차,보행자
2018.6.30 22:15,야,토,1,0,0,차대사람,기타,기타,단일로,기타단일로,승용차,보행자
2018.8.4 5:13,야,토,1,0,0,차대사람,횡단중,횡단중,단일로,기타단일로,화물차,보행자
2018.12.21 17:45,주,금,1,0,0,차대사람,횡단중,횡단중,단일로,기타단일로,승용차,보행자
2018.9.13 23:13,야,목,1,1,1,차대차,기타,기타,단일로,기타단일로,화물차,화물차
2018.8.21 21:48,야,화,1,0,4,차대차,추돌,추돌,단일로,기타단일로,화물차,화물차
2018.12.10 15:50,주,월,1,0,0,차량단독,공작물충돌,공작물충돌,단일로,기타단일로,승용차,없음
2018.10.4 0:30,야,목,1,0,0,차대차,기타,기타,단일로,기타단일로,화물차,특수차
2018.5.22 21:26,야,화,1,0,2,차대차,기타,기타,단일로,기타단일로,승용차,화물차
2018.2.10 11:36,주,토,1,0,0,차량단독,전도,전도,단일로,기타단일로,농기계,없음
2018.7.16 21:30,야,월,1,0,0,차대차,측면충돌,측면충돌,단일로,기타단일로,승용차,자전거
2018.2.25 20:23,야,일,1,0,0,차대사람,기타,기타,교차로,교차로내,승용차,보행자
2018.1.13 5:22,야,토,1,0,0,차대사람,차도통행중,차도통행중,교차로,교차로내,승용차,보행자
2018.5.30 5:30,야,수,1,0,0,차량단독,전복,전복,교차로,교차로부근,이륜차,없음
2018.6.26 14:18,주,화,1,0,0,차대차,추돌,추돌,단일로,기타단일로,화물차,화물차
2018.7.3 13:55,주,화,1,0,0,차대차,측면충돌,측면충돌,교차로,교차로부근,화물차,원동기장치자전거
2018.1.2 16:03,주,화,1,0,0,차대사람,횡단중,횡단중,단일로,기타단일로,화물차,보행자
2018.3.20 8:25,주,화,1,0,0,차대차,기타,기타,단일로,기타단일로,원동기장치자전거,승용차
2018.7.17 21:18,야,화,1,0,0,차대사람,횡단중,횡단중,교차로,교차로부근,승용차,보행자
2018.4.20 20:09,야,금,1,0,1,차대차,측면충돌,측면충돌,단일로,기타단일로,이륜차,이륜차
2018.8.30 11:50,주,목,1,0,0,차대차,추돌,추돌,교차로,교차로내,화물차,이륜차
2018.9.29 19:50,야,토,2,0,0,차대차,추돌,추돌,단일로,기타단일로,승용차,화물차
2018.3.4 20:32,야,일,1,1,0,차대사람,기타,기타,교차로,교차로부근,승용차,보행자
2018.7.6 12:00,주,금,1,0,0,차대사람,횡단중,횡단중,교차로,교차로횡단보도내,화물차,보행자
2018.8.5 16:37,주,일,1,0,0,차대사람,횡단중,횡단중,교차로,교차로부근,승용차,보행자
2018.12.19 3:34,야,수,1,0,0,차량단독,공작물충돌,공작물충돌,단일로,기타단일로,승용차,없음
2018.8.28 6:50,주,화,1,0,0,차대사람,차도통행중,차도통행중,단일로,기타단일로,승용차,보행자
2018.8.6 7:20,주,월,1,0,0,차대사람,기타,기타,교차로,교차로내,화물차,보행자
2018.10.5 11:22,주,금,1,0,0,차량단독,공작물충돌,공작물충돌,단일로,고가도로위,승용차,없음
2018.10.24 18:25,야,수,1,0,0,차대사람,횡단중,횡단중,불명,불명,승용차,보행자
2018.6.3 16:17,주,일,1,0,0,차량단독,도로이탈,도로이탈 기타,단일로,지하차도(도로)내,승용차,없음
2018.4.28 22:20,야,토,1,0,0,차량단독,공작물충돌,공작물충돌,교차로,교차로내,원동기장치자전거,없음
2018.12.15 23:20,야,토,1,0,0,차대사람,횡단중,횡단중,교차로,교차로내,승용차,보행자
2018.12.10 11:15,주,월,1,0,0,차대차,기타,기타,단일로,기타단일로,이륜차,승용차
2018.4.20 7:40,주,금,1,0,0,차량단독,기타,기타,단일로,기타단일로,원동기장치자전거,없음
2018.12.13 18:09,야,목,1,0,0,차대사람,기타,기타,단일로,기타단일로,화물차,보행자
2018.7.5 16:25,주,목,1,1,0,차대차,기타,기타,교차로,교차로내,승용차,농기계
2018.1.2 22:55,야,화,1,0,0,차대사람,횡단중,횡단중,교차로,교차로횡단보도내,승합차,보행자
2018.5.12 19:42,야,토,1,0,0,차대사람,기타,기타,교차로,교차로부근,승용차,보행자
2018.7.13 4:38,야,금,2,1,0,차량단독,기타,기타,교차로,교차로부근,승용차,없음
2018.10.27 10:10,주,토,1,0,0,차대차,측면충돌,측면충돌,교차로,교차로내,승용차,이륜차
2018.5.5 0:25,야,토,1,0,0,차대사람,횡단중,횡단중,교차로,교차로내,승용차,보행자
2018.12.5 17:40,주,수,1,0,0,차대차,측면충돌,측면충돌,교차로,교차로내,이륜차,승용차
2018.2.19 19:15,야,월,1,0,0,차대사람,길가장자리구역통행중,길가장자리구역통행중,단일로,기타단일로,승용차,보행자
2018.3.7 16:33,주,수,1,0,0,차대차,기타,기타,교차로,교차로내,화물차,이륜차
2018.4.9 20:05,야,월,1,0,0,차량단독,전도,전도,교차로,교차로내,원동기장치자전거,없음
2018.12.14 14:45,주,금,1,0,2,차대차,추돌,추돌,단일로,고가도로위,화물차,화물차
2018.4.13 15:55,주,금,1,0,0,차대사람,횡단중,횡단중,단일로,기타단일로,승용차,보행자
2018.12.4 21:49,야,화,1,0,0,차량단독,도로이탈,도로이탈 추락,단일로,교량위,승용차,없음
2018.9.9 15:23,주,일,1,0,0,차대사람,횡단중,횡단중,단일로,기타단일로,승용차,보행자
2018.4.22 21:09,야,일,1,0,0,차대사람,기타,기타,단일로,기타단일로,승용차,보행자
2018.9.27 19:21,야,목,1,0,0,차대차,기타,기타,교차로,교차로내,자전거,승용차
2018.10.19 16:30,주,금,1,1,0,차대차,기타,기타,단일로,기타단일로,승용차,승용차
2018.3.24 19:50,야,토,1,0,0,차대차,측면충돌,측면충돌,교차로,교차로부근,승용차,이륜차
2018.2.5 14:57,주,월,1,0,0,차대사람,횡단중,횡단중,단일로,기타단일로,승용차,보행자
2018.6.23 3:24,야,토,1,0,0,차량단독,기타,기타,단일로,교량위,승용차,없음
2018.9.15 15:10,주,토,1,0,0,차대사람,차도통행중,차도통행중,단일로,기타단일로,승용차,보행자
2018.1.22 13:30,주,월,1,0,0,차대사람,기타,기타,단일로,기타단일로,승합차,보행자
2018.8.19 6:33,주,일,1,0,0,차대사람,횡단중,횡단중,단일로,기타단일로,화물차,보행자
2018.11.3 13:15,주,토,1,0,0,차대사람,횡단중,횡단중,교차로,교차로내,승용차,보행자
2018.9.15 3:45,야,토,1,0,0,차대사람,횡단중,횡단중,단일로,기타단일로,승용차,보행자
2018.11.24 17:40,주,토,1,0,0,차대사람,기타,기타,교차로,교차로내,승용차,보행자
2018.3.12 17:25,주,월,1,0,0,차대사람,횡단중,횡단중,교차로,교차로횡단보도내,승용차,보행자
2018.7.16 15:00,주,월,1,0,0,차량단독,전복,전복,단일로,기타단일로,불명,없음
2018.11.16 18:51,야,금,1,0,0,차대차,기타,기타,교차로,교차로내,이륜차,화물차
2018.9.21 19:22,야,금,1,0,0,차대사람,차도통행중,차도통행중,단일로,기타단일로,승용차,보행자
2018.3.15 22:55,야,목,1,0,0,차대사람,횡단중,횡단중,교차로,교차로부근,화물차,보행자
2018.2.1 10:00,주,목,1,0,0,차대사람,횡단중,횡단중,교차로,교차로내,화물차,보행자
2018.4.18 21:30,야,수,1,0,0,차대사람,횡단중,횡단중,교차로,교차로내,승합차,보행자
2018.6.14 6:10,주,목,1,0,0,차대차,추돌,추돌,단일로,기타단일로,승용차,화물차
2018.1.19 3:30,야,금,1,0,1,차대사람,차도통행중,차도통행중,단일로,기타단일로,승용차,보행자
2018.7.31 21:10,야,화,1,0,0,차대차,기타,기타,단일로,기타단일로,승용차,승용차
2018.7.25 13:59,주,수,1,0,0,차대사람,횡단중,횡단중,단일로,기타단일로,특수차,보행자
2018.3.13 6:40,주,화,1,0,1,차대차,추돌,추돌,단일로,기타단일로,화물차,화물차
2018.9.19 9:40,주,수,1,0,0,차대차,측면충돌,측면충돌,교차로,교차로내,승용차,자전거
2018.10.25 15:00,주,목,1,0,0,차대사람,횡단중,횡단중,교차로,교차로내,화물차,보행자
2018.11.20 8:35,주,화,1,0,0,차대사람,기타,기타,단일로,기타단일로,승합차,보행자
2018.11.10 23:38,야,토,1,0,0,차대사람,기타,기타,단일로,기타단일로,승용차,보행자
2018.8.21 22:35,야,화,1,0,0,차대사람,횡단중,횡단중,단일로,기타단일로,승용차,보행자
2018.1.16 6:55,주,화,1,0,0,차대사람,횡단중,횡단중,단일로,기타단일로,승용차,보행자
2018.11.9 3:59,야,금,1,0,0,차대사람,차도통행중,차도통행중,단일로,지하차도(도로)내,승용차,보행자
2018.8.23 15:52,주,목,1,0,0,차대사람,횡단중,횡단중,교차로,교차로부근,화물차,보행자
2018.4.14 22:35,야,토,1,0,0,차대차,측면충돌,측면충돌,단일로,기타단일로,승용차,이륜차
2018.10.21 19:25,야,일,1,0,0,차대사람,차도통행중,차도통행중,단일로,기타단일로,승용차,보행자
2018.3.27 10:20,주,화,1,0,0,차대차,기타,기타,교차로,교차로내,승용차,이륜차
2018.10.30 5:43,야,화,1,0,0,차대사람,차도통행중,차도통행중,단일로,기타단일로,승용차,보행자
2018.2.3 3:11,야,토,1,0,0,차대사람,횡단중,횡단중,단일로,기타단일로,승용차,보행자
2018.7.1 20:45,야,일,1,0,0,차대사람,기타,기타,단일로,기타단일로,승합차,보행자
2018.7.12 0:35,야,목,1,0,0,차대사람,횡단중,횡단중,단일로,교량위,승용차,보행자
2018.6.12 14:39,주,화,1,0,0,차대사람,횡단중,횡단중,교차로,교차로내,승용차,보행자
2018.1.19 6:55,주,금,1,0,0,차대차,기타,기타,단일로,기타단일로,자전거,화물차
2018.6.25 11:54,주,월,1,0,0,차대차,측면충돌,측면충돌,교차로,교차로내,화물차,이륜차
2018.4.16 21:40,야,월,1,0,0,차대사람,기타,기타,교차로,교차로내,승용차,보행자
2018.9.7 0:18,야,금,1,0,0,차대사람,차도통행중,차도통행중,단일로,기타단일로,승용차,보행자
2018.10.3 6:45,주,수,1,0,0,차량단독,전복,전복,단일로,기타단일로,이륜차,없음
2018.6.7 13:41,주,목,1,0,3,차대차,추돌,추돌,단일로,기타단일로,화물차,건설기계
2018.8.30 0:08,야,목,1,0,0,차량단독,기타,기타,단일로,고가도로위,승용차,없음
2018.9.21 21:30,야,금,1,0,0,차대사람,보도통행중,보도통행중,교차로,교차로횡단보도내,화물차,보행자
2018.4.21 3:42,야,토,1,0,0,차대차,추돌,추돌,교차로,교차로부근,승용차,이륜차
2018.6.17 21:50,야,일,1,0,0,차대사람,횡단중,횡단중,단일로,기타단일로,승용차,보행자
2018.11.2 17:25,주,금,1,0,1,차대사람,기타,기타,단일로,기타단일로,화물차,보행자
2018.8.21 11:20,주,화,1,0,0,차량단독,전도,전도,단일로,기타단일로,특수차,없음
2018.2.8 6:54,주,목,1,0,0,차대사람,횡단중,횡단중,교차로,교차로내,화물차,보행자
2018.6.18 22:04,야,월,1,0,0,차대사람,횡단중,횡단중,단일로,기타단일로,승용차,보행자
2018.11.18 18:05,야,일,1,0,0,차대사람,차도통행중,차도통행중,단일로,기타단일로,승용차,보행자
2018.8.10 14:50,주,금,1,0,1,차대차,추돌,추돌,단일로,기타단일로,자전거,자전거
2018.10.12 12:55,주,금,1,0,0,차대차,측면충돌,측면충돌,교차로,교차로내,자전거,승용차
2018.6.23 5:35,야,토,1,3,0,차대차,정면충돌,정면충돌,단일로,기타단일로,승용차,승용차
2018.4.30 15:10,주,월,1,0,0,차량단독,공작물충돌,공작물충돌,단일로,기타단일로,원동기장치자전거,없음
2018.6.26 1:08,야,화,1,0,0,차대사람,기타,기타,교차로,교차로횡단보도내,승용차,보행자
2018.2.19 17:46,주,월,1,0,0,차대사람,횡단중,횡단중,교차로,교차로내,화물차,보행자
2018.5.5 11:35,주,토,1,0,1,차대차,정면충돌,정면충돌,교차로,교차로부근,승용차,승합차
2018.6.9 7:40,주,토,1,0,1,차대차,추돌,추돌,단일로,기타단일로,승용차,화물차
2018.12.20 4:48,야,목,1,0,0,차대사람,횡단중,횡단중,교차로,교차로내,승용차,보행자
2018.12.3 7:25,주,월,1,0,0,차대사람,횡단중,횡단중,교차로,교차로횡단보도내,승용차,보행자
2018.7.8 19:20,야,일,1,0,5,차대차,측면충돌,측면충돌,단일로,기타단일로,승용차,승용차
2018.9.27 6:40,주,목,1,0,0,차대사람,횡단중,횡단중,단일로,기타단일로,화물차,보행자
2018.12.1 2:42,야,토,1,2,0,차대차,정면충돌,정면충돌,단일로,기타단일로,승용차,승용차
2018.6.10 0:04,야,일,1,0,0,차대사람,횡단중,횡단중,단일로,기타단일로,승용차,보행자
2018.6.4 7:50,주,월,1,0,0,차량단독,기타,기타,단일로,기타단일로,기타,없음
2018.9.14 13:30,주,금,1,0,0,차대사람,횡단중,횡단중,단일로,기타단일로,승용차,보행자
2018.8.18 19:50,야,토,1,0,0,차대사람,횡단중,횡단중,단일로,기타단일로,승용차,보행자
2018.12.28 2:20,야,금,2,1,2,차대차,정면충돌,정면충돌,단일로,기타단일로,승용차,승용차
2018.3.24 19:00,야,토,1,0,0,차대차,측면충돌,측면충돌,단일로,기타단일로,사륜오토바이(ATV),승용차
2018.5.18 23:43,야,금,1,0,0,차대사람,횡단중,횡단중,단일로,기타단일로,승용차,보행자
2018.8.11 0:40,야,토,1,0,0,차대사람,횡단중,횡단중,단일로,기타단일로,승용차,보행자
2018.10.17 20:20,야,수,1,0,0,차대사람,횡단중,횡단중,교차로,교차로내,화물차,보행자
2018.7.22 20:45,야,일,1,0,0,차대사람,횡단중,횡단중,교차로,교차로내,승합차,보행자
2018.3.26 17:10,주,월,1,0,0,차대차,측면충돌,측면충돌,교차로,교차로내,화물차,자전거
2018.11.19 6:10,주,월,1,0,0,차대차,기타,기타,교차로,교차로내,화물차,자전거
2018.10.9 12:12,주,화,1,0,0,차대차,기타,기타,교차로,교차로횡단보도내,자전거,화물차
2018.12.11 17:20,주,화,1,0,0,차대사람,기타,기타,교차로,교차로부근,이륜차,보행자
2018.7.11 1:12,야,수,1,0,0,차대사람,차도통행중,차도통행중,기타,기타,승용차,보행자
2018.3.3 8:10,주,토,1,0,0,차량단독,공작물충돌,공작물충돌,단일로,교량위,승용차,없음
2018.10.26 2:35,야,금,1,0,0,차량단독,공작물충돌,공작물충돌,단일로,기타단일로,승용차,없음
2018.8.27 3:20,야,월,1,0,0,차량단독,공작물충돌,공작물충돌,단일로,기타단일로,승용차,없음
2018.5.19 0:50,야,토,1,0,0,차대차,기타,기타,단일로,교량위,승용차,원동기장치자전거
2018.1.7 21:51,야,일,1,0,0,차대사람,횡단중,횡단중,단일로,기타단일로,승용차,보행자
2018.8.27 20:28,야,월,1,0,0,차량단독,기타,기타,단일로,기타단일로,자전거,없음
2018.8.26 4:00,야,일,1,0,0,차대사람,횡단중,횡단중,교차로,교차로내,이륜차,보행자
2018.11.1 22:35,야,목,1,0,0,차대사람,횡단중,횡단중,교차로,교차로횡단보도내,승용차,보행자
2018.4.14 5:04,야,토,1,0,0,차대사람,기타,기타,단일로,기타단일로,이륜차,보행자
2018.3.3 4:50,야,토,1,0,1,차대사람,횡단중,횡단중,교차로,교차로횡단보도내,승용차,보행자
2018.11.23 12:30,주,금,1,0,1,차대차,측면충돌,측면충돌,교차로,교차로내,이륜차,승용차
2018.8.13 15:23,주,월,1,0,0,차대사람,횡단중,횡단중,단일로,기타단일로,화물차,보행자
2018.3.22 18:55,야,목,1,0,0,차대사람,횡단중,횡단중,단일로,기타단일로,특수차,보행자
2018.9.30 12:16,주,일,1,0,0,차대차,측면충돌,측면충돌,단일로,기타단일로,승합차,자전거
2018.11.14 18:07,야,수,1,0,0,차대사람,길가장자리구역통행중,길가장자리구역통행중,단일로,지하차도(도로)내,건설기계,보행자
2018.4.8 9:34,주,일,1,0,0,차대사람,길가장자리구역통행중,길가장자리구역통행중,단일로,지하차도(도로)내,승용차,보행자
2018.1.27 6:53,주,토,1,0,0,차대사람,횡단중,횡단중,단일로,기타단일로,승용차,보행자
2018.7.21 9:23,주,토,1,0,2,차대차,측면충돌,측면충돌,교차로,교차로부근,승용차,승합차
2018.11.15 20:45,야,목,1,0,3,차량단독,공작물충돌,공작물충돌,교차로,교차로부근,승용차,없음
2018.1.10 20:27,야,수,1,0,0,차대사람,횡단중,횡단중,교차로,교차로내,승합차,보행자
2018.1.26 11:05,주,금,1,1,0,차대사람,횡단중,횡단중,교차로,교차로횡단보도내,건설기계,보행자
2018.11.21 10:28,주,수,1,0,0,차대사람,기타,기타,교차로,교차로횡단보도내,건설기계,보행자
2018.7.26 5:39,야,목,1,0,0,차대차,기타,기타,단일로,기타단일로,승용차,화물차
2018.1.26 1:22,야,금,1,0,0,차대사람,횡단중,횡단중,단일로,기타단일로,승용차,보행자
2018.6.9 2:13,야,토,1,0,0,차량단독,공작물충돌,공작물충돌,단일로,기타단일로,화물차,없음
2018.6.13 1:43,야,수,1,0,0,차대사람,횡단중,횡단중,단일로,지하차도(도로)내,승용차,보행자
2018.2.27 10:30,주,화,1,0,0,차대차,측면충돌,측면충돌,단일로,지하차도(도로)내,자전거,건설기계
2018.2.26 5:15,야,월,1,0,0,차대사람,기타,기타,단일로,기타단일로,승합차,보행자
2018.3.20 12:07,주,화,1,0,0,차량단독,기타,기타,단일로,기타단일로,승합차,없음
2018.5.6 8:38,주,일,1,0,0,차량단독,공작물충돌,공작물충돌,단일로,기타단일로,승용차,없음
2018.4.21 5:17,야,토,2,0,0,차대차,정면충돌,정면충돌,단일로,기타단일로,이륜차,승용차
2018.6.24 5:30,야,일,1,1,0,차대차,기타,기타,교차로,교차로내,이륜차,승용차
2018.4.5 7:15,주,목,1,1,0,차량단독,도로이탈,도로이탈 기타,단일로,기타단일로,이륜차,없음
2018.5.11 18:05,야,금,1,0,0,차대사람,횡단중,횡단중,단일로,기타단일로,승용차,보행자
2018.6.13 3:20,야,수,1,1,2,차대차,기타,기타,교차로,교차로내,이륜차,승용차
2018.9.5 23:20,야,수,1,0,0,차대사람,횡단중,횡단중,교차로,교차로부근,승합차,보행자
2018.3.19 1:40,야,월,1,0,0,차대사람,기타,기타,단일로,기타단일로,승합차,보행자
2018.3.3 2:15,야,토,1,2,2,차대차,정면충돌,정면충돌,단일로,기타단일로,승용차,승용차
2018.4.30 9:35,주,월,1,0,0,차대사람,횡단중,횡단중,단일로,기타단일로,이륜차,보행자
2018.7.30 10:18,주,월,1,0,0,차량단독,공작물충돌,공작물충돌,교차로,교차로부근,이륜차,없음
2018.12.6 9:46,주,목,1,0,0,차대사람,횡단중,횡단중,교차로,교차로부근,화물차,보행자
2018.11.2 9:29,주,금,1,1,0,차대차,기타,기타,단일로,기타단일로,화물차,화물차
2018.5.28 20:25,야,월,1,0,0,차대차,기타,기타,단일로,기타단일로,승용차,승용차
2018.5.19 5:50,야,토,1,0,0,차대차,기타,기타,기타,기타,승용차,승용차
2018.11.17 21:25,야,토,1,0,0,차대차,추돌,추돌,단일로,기타단일로,승용차,특수차
2018.1.24 22:35,야,수,1,0,0,차대사람,횡단중,횡단중,교차로,교차로부근,승용차,보행자
2018.5.25 12:10,주,금,1,0,0,차대사람,횡단중,횡단중,단일로,기타단일로,승합차,보행자
2018.4.27 9:08,주,금,1,1,0,차대차,기타,기타,단일로,기타단일로,승용차,승용차
2018.1.1 7:25,주,월,1,0,0,차량단독,전도,전도,단일로,기타단일로,이륜차,없음
2018.4.3 20:30,야,화,1,0,0,차대사람,횡단중,횡단중,단일로,기타단일로,화물차,보행자
2018.4.18 14:50,주,수,1,0,2,차대차,추돌,추돌,단일로,기타단일로,이륜차,승용차
2018.5.19 20:25,야,토,1,0,0,차대사람,기타,기타,단일로,기타단일로,승용차,보행자
2018.1.6 11:10,주,토,1,0,0,차량단독,공작물충돌,공작물충돌,단일로,기타단일로,승용차,없음
2018.9.2 13:20,주,일,1,0,0,차량단독,공작물충돌,공작물충돌,교차로,교차로내,이륜차,없음
2018.1.2 8:18,주,화,1,0,0,차대사람,보도통행중,보도통행중,교차로,교차로횡단보도내,승용차,보행자
2018.7.1 11:55,주,일,1,0,0,차대차,정면충돌,정면충돌,교차로,교차로내,농기계,이륜차
2018.3.23 19:39,야,금,1,0,0,차대사람,차도통행중,차도통행중,단일로,기타단일로,승용차,보행자
2018.10.24 15:28,주,수,1,0,1,차대차,추돌,추돌,단일로,기타단일로,화물차,건설기계
2018.7.3 1:00,야,화,1,0,0,차대사람,횡단중,횡단중,교차로,교차로횡단보도내,승합차,보행자
2018.3.2 19:25,야,금,1,0,0,차대차,기타,기타,교차로,교차로부근,이륜차,승합차
2018.11.17 11:40,주,토,1,0,0,차량단독,공작물충돌,공작물충돌,교차로,교차로내,화물차,없음
2018.3.28 13:20,주,수,1,0,0,차량단독,공작물충돌,공작물충돌,단일로,기타단일로,승용차,없음
2018.6.17 19:27,야,일,1,0,0,차량단독,공작물충돌,공작물충돌,기타,기타,승용차,없음
2018.5.2 5:30,야,수,1,0,2,차대차,추돌,추돌,단일로,기타단일로,화물차,화물차
2018.9.16 4:00,야,일,1,0,0,차대사람,횡단중,횡단중,단일로,기타단일로,승용차,보행자
2018.9.2 17:47,주,일,1,0,0,차대차,측면충돌,측면충돌,교차로,교차로내,이륜차,승용차
2018.8.19 14:25,주,일,1,0,0,차대차,기타,기타,단일로,기타단일로,자전거,승용차
2018.3.1 7:00,주,목,1,0,0,차량단독,도로이탈,도로이탈 기타,단일로,기타단일로,화물차,없음
2018.6.28 6:20,주,목,1,1,0,차량단독,공작물충돌,공작물충돌,기타,기타,승용차,없음
2018.8.3 21:10,야,금,1,0,0,차대사람,횡단중,횡단중,교차로,교차로횡단보도내,승용차,보행자
2018.11.29 23:15,야,목,1,0,0,차량단독,기타,기타,단일로,기타단일로,승합차,없음
2018.10.18 15:30,주,목,1,0,0,차대차,기타,기타,교차로,교차로내,이륜차,이륜차
2018.1.11 18:55,야,목,1,1,9,차대차,기타,기타,단일로,기타단일로,승합차,화물차
2018.5.12 17:50,주,토,1,0,0,차량단독,도로이탈,도로이탈 추락,단일로,기타단일로,승용차,없음
2018.9.3 15:00,주,월,1,2,1,차대차,정면충돌,정면충돌,단일로,기타단일로,승용차,승용차
2018.6.29 14:50,주,금,1,0,0,차량단독,공작물충돌,공작물충돌,단일로,기타단일로,승용차,없음
2018.1.26 18:40,야,금,1,0,0,차대사람,횡단중,횡단중,단일로,기타단일로,화물차,보행자
2018.8.25 2:30,야,토,1,0,0,차대사람,횡단중,횡단중,교차로,교차로내,승용차,보행자
2018.3.24 4:55,야,토,1,0,0,차대사람,횡단중,횡단중,기타,기타,승용차,보행자
2018.12.27 0:10,야,목,1,0,0,차대사람,횡단중,횡단중,단일로,기타단일로,승용차,보행자
2018.9.10 19:20,야,월,1,0,0,차대사람,횡단중,횡단중,교차로,교차로내,승합차,보행자
2018.8.2 20:01,야,목,1,0,0,차대사람,기타,기타,교차로,교차로횡단보도내,승용차,보행자
2018.5.24 3:50,야,목,1,0,0,차량단독,공작물충돌,공작물충돌,단일로,기타단일로,이륜차,없음
2018.6.1 21:55,야,금,1,0,0,차량단독,기타,기타,단일로,지하차도(도로)내,이륜차,없음
2018.11.23 8:50,주,금,1,0,0,차대차,측면충돌,측면충돌,교차로,교차로내,승용차,이륜차
2018.11.6 5:12,야,화,1,0,0,차량단독,공작물충돌,공작물충돌,단일로,기타단일로,화물차,없음
2018.8.20 18:01,야,월,1,0,0,차대사람,횡단중,횡단중,교차로,교차로횡단보도내,특수차,보행자
2018.6.20 17:05,주,수,1,0,0,차대차,추돌,추돌,교차로,교차로내,건설기계,자전거
2018.4.24 15:45,주,화,1,0,0,차대사람,횡단중,횡단중,단일로,기타단일로,승합차,보행자
2018.11.22 4:45,야,목,1,0,0,차대사람,횡단중,횡단중,단일로,기타단일로,승용차,보행자
2018.9.21 21:55,야,금,1,0,0,차대사람,차도통행중,차도통행중,단일로,기타단일로,승용차,보행자
2018.10.15 4:40,야,월,1,0,0,차량단독,공작물충돌,공작물충돌,단일로,터널안,승용차,없음
2018.2.27 23:28,야,화,1,0,0,차대사람,차도통행중,차도통행중,교차로,교차로부근,승용차,보행자
2018.4.21 2:30,야,토,1,0,2,차대차,측면충돌,측면충돌,교차로,교차로내,이륜차,승용차
2018.5.17 15:00,주,목,1,0,0,차대차,추돌,추돌,단일로,기타단일로,승용차,화물차
2018.2.9 19:25,야,금,1,0,0,차대사람,길가장자리구역통행중,길가장자리구역통행중,교차로,교차로내,승용차,보행자
2018.6.25 21:40,야,월,1,1,1,차대사람,횡단중,횡단중,교차로,교차로내,화물차,보행자
2018.5.24 4:50,야,목,1,0,0,차대사람,기타,기타,단일로,기타단일로,승용차,보행자
2018.8.18 14:50,주,토,1,0,0,차량단독,공작물충돌,공작물충돌,단일로,기타단일로,이륜차,없음
2018.3.25 7:05,주,일,1,0,2,차량단독,공작물충돌,공작물충돌,단일로,기타단일로,승용차,없음
2018.9.26 6:30,주,수,1,0,2,차대차,기타,기타,단일로,기타단일로,화물차,화물차
2018.1.12 4:30,야,금,1,0,0,차대차,추돌,추돌,단일로,기타단일로,승용차,승용차
2018.4.15 16:15,주,일,1,0,0,차량단독,전복,전복,단일로,터널안,승용차,없음
2018.11.23 20:10,야,금,1,0,0,차대사람,기타,기타,기타,기타,승용차,보행자
2018.9.3 17:53,주,월,1,0,2,차량단독,공작물충돌,공작물충돌,단일로,기타단일로,화물차,없음
2018.2.17 21:45,야,토,1,0,0,차량단독,공작물충돌,공작물충돌,단일로,기타단일로,화물차,없음
2018.3.28 15:40,주,수,1,0,0,차대사람,기타,기타,교차로,교차로부근,건설기계,보행자
2018.10.23 20:10,야,화,1,0,0,차량단독,전복,전복,단일로,기타단일로,승용차,없음
2018.5.6 10:15,주,일,1,0,0,차량단독,공작물충돌,공작물충돌,단일로,기타단일로,화물차,없음
2018.11.28 14:13,주,수,1,0,0,차대사람,횡단중,횡단중,단일로,기타단일로,승합차,보행자
2018.11.15 6:45,주,목,1,0,0,차대차,측면충돌,측면충돌,단일로,기타단일로,화물차,자전거
2018.10.22 15:45,주,월,1,0,0,차대차,측면충돌,측면충돌,교차로,교차로내,건설기계,자전거
2018.5.5 7:10,주,토,1,0,0,차대차,정면충돌,정면충돌,교차로,교차로내,승용차,이륜차
2018.10.17 23:15,야,수,1,1,0,차량단독,도로이탈,도로이탈 기타,단일로,기타단일로,이륜차,없음
2018.12.6 23:59,야,목,1,0,0,차대사람,횡단중,횡단중,단일로,기타단일로,승합차,보행자
2018.8.8 11:10,주,수,1,0,0,차량단독,도로이탈,도로이탈 추락,교차로,교차로내,사륜오토바이(ATV),없음
2018.5.27 13:55,주,일,1,0,2,차대차,측면충돌,측면충돌,단일로,기타단일로,화물차,승합차
2018.6.7 6:03,주,목,1,0,0,차대차,정면충돌,정면충돌,단일로,기타단일로,승용차,승용차
2018.1.9 17:53,주,화,1,0,0,차대사람,횡단중,횡단중,단일로,기타단일로,승용차,보행자
2018.6.8 10:45,주,금,1,0,0,차대차,측면충돌,측면충돌,교차로,교차로내,화물차,사륜오토바이(ATV)
2018.9.17 17:00,주,월,1,0,0,차량단독,도로이탈,도로이탈 추락,단일로,지하차도(도로)내,사륜오토바이(ATV),없음
2018.5.23 16:20,주,수,1,0,0,차량단독,도로이탈,도로이탈 추락,단일로,기타단일로,사륜오토바이(ATV),없음