발생년월일시,주야,요일,사망자수,중상자수,경상자수,사고유형_대분류,사고유형_중분류,사고유형,도로형태_대분류,도로형태,당사자종별_1당_대분류,당사자종별_2당_대분류
2018.8.10 5:55,야,금,1,0,0,차대사람,횡단중,횡단중,교차로,교차로횡단보도내,승용차,보행자
2018.3.29 19:45,야,목,1,0,0,차대차,추돌,추돌,단일로,기타단일로,이륜차,화물차
2018.5.5 13:00,주,토,1,0,0,차대차,기타,기타,단일로,기타단일로,이륜차,승용차
2018.10.1 2:05,야,월,1,0,0,차대사람,횡단중,횡단중,교차로,교차로부근,승용차,보행자
2018.3.4 20:53,야,일,3,4,1,차대차,추돌,추돌,단일로,교량위,승용차,승용차
2018.12.9 21:35,야,일,1,0,1,차대차,추돌,추돌,단일로,기타단일로,화물차,화물차
2018.6.13 2:55,야,수,1,0,0,차대사람,횡단중,횡단중,단일로,기타단일로,승용차,보행자
2018.6.6 7:25,주,수,1,0,0,차대차,정면충돌,정면충돌,교차로,교차로내,화물차,승용차
2018.8.8 10:30,주,수,1,0,0,차대사람,기타,기타,단일로,기타단일로,화물차,보행자
2018.10.7 6:10,주,일,1,0,0,차대사람,횡단중,횡단중,교차로,교차로부근,화물차,보행자
2018.11.14 23:12,야,수,1,0,0,차량단독,공작물충돌,공작물충돌,교차로,교차로내,승용차,없음
2018.11.23 20:53,야,금,1,1,0,차대차,측면충돌,측면충돌,교차로,교차로내,승용차,화물차
2018.8.1 9:45,주,수,1,0,2,차대차,정면충돌,정면충돌,교차로,교차로내,승용차,승용차
2018.5.1 21:40,야,화,1,0,0,차량단독,전도,전도,교차로,교차로부근,이륜차,없음
2018.7.31 10:10,주,화,1,0,1,차량단독,도로이탈,도로이탈 기타,단일로,기타단일로,화물차,없음
2018.3.13 10:24,주,화,1,0,0,차대사람,횡단중,횡단중,교차로,교차로부근,화물차,보행자
2018.12.26 8:25,주,수,1,2,0,차대차,측면충돌,측면충돌,단일로,기타단일로,승용차,승용차
2018.7.16 6:25,주,월,1,0,1,차대차,측면충돌,측면충돌,교차로,교차로내,이륜차,승용차
2018.8.10 10:11,주,금,1,0,0,차대사람,횡단중,횡단중,교차로,교차로내,승용차,보행자
2018.6.2 21:05,야,토,1,0,0,차대사람,길가장자리구역통행중,길가장자리구역통행중,단일로,지하차도(도로)내,화물차,보행자
2018.8.28 14:50,주,화,1,0,0,차량단독,기타,기타,교차로,교차로내,이륜차,없음
2018.2.7 18:35,야,수,1,0,0,차대사람,기타,기타,교차로,교차로내,승용차,보행자
2018.8.1 12:50,주,수,1,0,0,차대차,추돌,추돌,단일로,기타단일로,화물차,화물차
2018.3.27 14:50,주,화,1,0,0,차대사람,횡단중,횡단중,단일로,기타단일로,승용차,보행자
2018.6.17 2:30,야,일,1,0,0,차대사람,기타,기타,단일로,기타단일로,승용차,보행자
2018.8.16 9:20,주,목,1,0,0,차대차,측면충돌,측면충돌,교차로,교차로내,특수차,이륜차
2018.4.12 7:20,주,목,1,1,2,차대차,기타,기타,교차로,교차로부근,승용차,승용차
2018.2.13 5:50,야,화,1,0,0,차대사람,횡단중,횡단중,교차로,교차로횡단보도내,화물차,보행자
2018.2.13 21:08,야,화,1,0,0,차대사람,횡단중,횡단중,단일로,기타단일로,승용차,보행자
2018.4.21 13:55,주,토,1,0,0,차량단독,도로이탈,도로이탈 추락,단일로,기타단일로,화물차,없음
2018.9.16 19:00,야,일,1,3,1,차대차,측면충돌,측면충돌,교차로,교차로내,승용차,승용차
2018.12.4 10:10,주,화,1,0,0,차량단독,전도,전도,단일로,기타단일로,이륜차,없음
2018.1.26 19:00,야,금,1,0,0,차대사람,횡단중,횡단중,단일로,지하차도(도로)내,승용차,보행자
2018.7.8 15:30,주,일,1,1,1,차량단독,공작물충돌,공작물충돌,단일로,지하차도(도로)내,승용차,없음
2018.4.2 14:02,주,월,1,0,0,차량단독,공작물충돌,공작물충돌,단일로,기타단일로,화물차,없음
2018.7.18 9:20,주,수,1,0,0,차대차,추돌,추돌,단일로,기타단일로,화물차,특수차
2018.4.4 13:25,주,수,1,0,1,차대차,측면충돌,측면충돌,교차로,교차로내,승합차,화물차
2018.10.22 6:30,주,월,1,0,0,차대사람,횡단중,횡단중,단일로,기타단일로,승용차,보행자
2018.6.22 21:50,야,금,1,0,0,차대차,추돌,추돌,단일로,기타단일로,화물차,이륜차
2018.9.25 7:40,주,화,1,0,0,차대차,측면충돌,측면충돌,교차로,교차로내,특수차,화물차
2018.7.28 0:05,야,토,2,1,0,차대차,정면충돌,정면충돌,단일로,기타단일로,승용차,승용차
2018.12.31 12:20,주,월,1,0,2,차대차,추돌,추돌,단일로,기타단일로,화물차,화물차
2018.2.15 2:20,야,목,1,0,1,차대차,추돌,추돌,교차로,교차로부근,이륜차,승용차
2018.12.24 17:55,주,월,1,0,0,차대사람,차도통행중,차도통행중,단일로,기타단일로,승용차,보행자
2018.10.10 18:16,야,수,1,0,0,차대사람,횡단중,횡단중,단일로,기타단일로,승용차,보행자
2018.3.2 14:35,주,금,1,0,0,차량단독,전복,전복,단일로,기타단일로,화물차,없음
2018.1.6 23:35,야,토,1,0,0,차대사람,차도통행중,차도통행중,단일로,기타단일로,승용차,보행자
2018.10.17 7:10,주,수,1,0,0,차대차,측면충돌,측면충돌,단일로,기타단일로,이륜차,화물차
2018.10.18 12:35,주,목,1,1,0,차대사람,기타,기타,교차로,교차로부근,화물차,보행자
2018.12.17 5:57,야,월,1,0,0,차대사람,횡단중,횡단중,단일로,기타단일로,승용차,보행자
2018.9.25 19:40,야,화,1,0,0,차대사람,횡단중,횡단중,단일로,기타단일로,승합차,보행자
2018.10.26 18:10,야,금,1,0,0,차대사람,횡단중,횡단중,기타,기타,승용차,보행자
2018.12.18 7:06,주,화,1,0,0,차대사람,횡단중,횡단중,교차로,교차로내,승용차,보행자
2018.12.20 20:30,야,목,1,0,0,차대사람,기타,기타,단일로,기타단일로,승용차,보행자
2018.4.5 5:50,야,목,1,0,0,차대사람,기타,기타,교차로,교차로부근,승용차,보행자
2018.3.20 14:30,주,화,1,0,0,차대차,추돌,추돌,교차로,교차로부근,화물차,자전거
2018.2.26 10:35,주,월,1,0,0,차대사람,기타,기타,교차로,교차로부근,승용차,보행자
2018.2.9 19:45,야,금,1,0,0,차대차,기타,기타,단일로,기타단일로,화물차,화물차
2018.10.24 10:35,주,수,1,0,0,차대차,측면충돌,측면충돌,교차로,교차로내,화물차,농기계
2018.3.9 6:00,주,금,1,0,0,차량단독,공작물충돌,공작물충돌,단일로,기타단일로,화물차,없음
2018.12.9 18:20,야,일,1,0,0,차대차,정면충돌,정면충돌,교차로,교차로내,화물차,이륜차
2018.11.26 14:50,주,월,1,0,0,차대사람,횡단중,횡단중,교차로,교차로내,승용차,보행자
2018.8.2 10:50,주,목,1,0,2,차대차,추돌,추돌,교차로,교차로내,화물차,승용차
2018.1.22 9:07,주,월,1,0,0,차대차,측면충돌,측면충돌,단일로,기타단일로,승합차,자전거
2018.9.4 13:55,주,화,1,0,0,차대사람,횡단중,횡단중,단일로,기타단일로,화물차,보행자
2018.3.31 2:00,야,토,2,1,0,차량단독,도로이탈,도로이탈 추락,단일로,기타단일로,승용차,없음
2018.3.17 22:53,야,토,1,0,0,차대차,기타,기타,단일로,기타단일로,승용차,승용차
2018.3.17 12:10,주,토,1,1,1,차대차,측면충돌,측면충돌,단일로,기타단일로,승용차,화물차
2018.6.6 20:15,야,수,1,0,1,차대차,추돌,추돌,교차로,교차로부근,승용차,승용차
2018.4.28 17:58,주,토,1,0,0,차대차,측면충돌,측면충돌,교차로,교차로내,화물차,이륜차
2018.1.13 18:00,야,토,1,0,0,차대차,정면충돌,정면충돌,단일로,기타단일로,승용차,화물차
2018.4.20 8:35,주,금,1,0,0,차대사람,기타,기타,단일로,기타단일로,승용차,보행자
2018.10.1 14:05,주,월,1,0,0,차대차,측면충돌,측면충돌,교차로,교차로내,승용차,승용차
2018.6.26 6:40,주,화,1,0,0,차량단독,도로이탈,도로이탈 기타,단일로,기타단일로,승용차,없음
2018.11.7 13:10,주,수,1,0,0,차대차,추돌,추돌,단일로,기타단일로,화물차,화물차
2018.11.5 11:15,주,월,1,0,0,차대차,추돌,추돌,단일로,기타단일로,승용차,화물차
2018.3.11 1:15,야,일,1,0,0,차대차,추돌,추돌,단일로,기타단일로,승용차,승용차
2018.3.21 15:10,주,수,1,1,2,차량단독,기타,기타,단일로,기타단일로,승용차,없음
2018.3.23 22:40,야,금,1,0,0,차대사람,횡단중,횡단중,교차로,교차로부근,화물차,보행자
2018.6.25 13:40,주,월,1,0,0,차대사람,기타,기타,단일로,기타단일로,화물차,보행자
2018.1.4 20:05,야,목,1,0,0,차대사람,횡단중,횡단중,교차로,교차로횡단보도내,승용차,보행자
2018.10.13 1:55,야,토,1,0,0,차량단독,기타,기타,단일로,기타단일로,이륜차,없음
2018.7.4 16:30,주,수,1,0,0,차대차,측면충돌,측면충돌,교차로,교차로내,이륜차,승용차
2018.12.9 19:40,야,일,1,0,0,차대사람,횡단중,횡단중,교차로,교차로횡단보도내,승용차,보행자
2018.1.4 7:20,주,목,1,0,0,차대사람,횡단중,횡단중,단일로,기타단일로,승용차,보행자
2018.6.1 21:12,야,금,1,0,0,차량단독,기타,기타,단일로,기타단일로,이륜차,없음
2018.12.24 7:17,주,월,1,0,0,차대차,측면충돌,측면충돌,교차로,교차로내,자전거,승용차
2018.10.29 20:06,야,월,1,0,0,차대사람,기타,기타,단일로,기타단일로,화물차,보행자
2018.5.10 18:00,야,목,1,0,0,차량단독,전도,전도,교차로,교차로내,화물차,없음
2018.6.1 20:30,야,금,1,2,1,차대차,정면충돌,정면충돌,단일로,기타단일로,승용차,승용차
2018.11.12 10:30,주,월,1,0,0,차량단독,전도,전도,단일로,기타단일로,자전거,없음
2018.1.31 20:10,야,수,1,0,0,차대사람,횡단중,횡단중,단일로,기타단일로,승합차,보행자
2018.4.27 2:10,야,금,1,0,0,차대차,추돌,추돌,단일로,기타단일로,승용차,농기계
2018.9.13 11:30,주,목,1,0,1,차대차,측면충돌,측면충돌,교차로,교차로내,이륜차,화물차
2018.11.16 6:35,주,금,1,0,0,차대차,기타,기타,단일로,기타단일로,건설기계,자전거
2018.1.22 10:20,주,월,1,0,0,차대차,추돌,추돌,단일로,기타단일로,이륜차,화물차
2018.11.21 18:05,야,수,1,0,0,차대사람,차도통행중,차도통행중,단일로,기타단일로,승용차,보행자
2018.10.27 18:15,야,토,2,0,0,차대차,추돌,추돌,단일로,기타단일로,화물차,농기계
2018.9.4 19:10,야,화,1,0,0,차대사람,기타,기타,교차로,교차로내,승합차,보행자
2018.9.25 21:20,야,화,1,0,0,차대사람,차도통행중,차도통행중,단일로,기타단일로,승용차,보행자
2018.2.23 7:45,주,금,1,1,2,차대차,측면충돌,측면충돌,단일로,기타단일로,승용차,승용차
2018.6.24 17:08,주,일,1,0,0,차대차,측면충돌,측면충돌,단일로,기타단일로,화물차,자전거
2018.1.19 20:00,야,금,1,0,0,차대사람,횡단중,횡단중,단일로,지하차도(도로)내,승용차,보행자
2018.7.11 19:32,야,수,1,1,0,차대차,추돌,추돌,교차로,교차로부근,승용차,원동기장치자전거
2018.2.2 12:10,주,금,1,0,0,차량단독,전도,전도,단일로,기타단일로,특수차,없음
2018.5.7 0:40,야,월,1,0,0,차대차,추돌,추돌,단일로,교량위,승합차,승용차
2018.7.18 0:30,야,수,1,0,0,차대차,추돌,추돌,단일로,기타단일로,화물차,화물차
2018.1.12 23:15,야,금,1,1,1,차대차,추돌,추돌,단일로,기타단일로,승용차,건설기계
2018.9.14 13:40,주,금,1,0,0,차량단독,기타,기타,단일로,기타단일로,승용차,없음
2018.12.14 20:54,야,금,1,0,0,차대사람,기타,기타,단일로,기타단일로,승용차,보행자
2018.1.7 21:08,야,일,1,0,0,차대사람,횡단중,횡단중,교차로,교차로횡단보도내,승용차,보행자
2018.10.12 4:45,야,금,1,0,0,차량단독,공작물충돌,공작물충돌,단일로,기타단일로,승합차,없음
2018.10.23 6:40,주,화,1,0,0,차대사람,횡단중,횡단중,단일로,기타단일로,승용차,보행자
2018.10.9 12:35,주,화,1,0,0,차량단독,도로이탈,도로이탈 추락,교차로,교차로부근,사륜오토바이(ATV),없음
2018.10.20 12:25,주,토,1,0,0,차량단독,전도,전도,교차로,교차로부근,농기계,없음
2018.12.31 6:55,주,월,1,0,0,차대사람,횡단중,횡단중,교차로,교차로부근,승용차,보행자
2018.5.20 20:08,야,일,1,0,1,차대차,추돌,추돌,단일로,기타단일로,승용차,농기계
2018.2.7 2:19,야,수,1,0,1,차량단독,전도,전도,단일로,기타단일로,승용차,없음
2018.3.15 15:57,주,목,1,1,0,차대차,정면충돌,정면충돌,단일로,기타단일로,승용차,화물차
2018.6.25 8:10,주,월,2,1,0,차대차,정면충돌,정면충돌,단일로,기타단일로,승용차,화물차
2018.12.21 11:30,주,금,1,0,0,차량단독,기타,기타,단일로,기타단일로,화물차,없음
2018.9.8 22:00,야,토,1,0,0,차대사람,횡단중,횡단중,단일로,기타단일로,승용차,보행자
2018.8.18 18:40,야,토,1,0,0,차량단독,도로이탈,도로이탈 추락,단일로,기타단일로,이륜차,없음
2018.5.16 11:35,주,수,1,0,0,차대사람,차도통행중,차도통행중,단일로,기타단일로,승용차,보행자
2018.11.14 14:30,주,수,1,0,0,차량단독,전도,전도,단일로,기타단일로,사륜오토바이(ATV),없음
2018.9.17 19:10,야,월,1,0,0,차대사람,차도통행중,차도통행중,단일로,기타단일로,화물차,보행자
2018.8.15 6:24,주,수,1,0,0,차대차,기타,기타,단일로,기타단일로,화물차,불명
2018.6.7 11:30,주,목,1,0,0,차량단독,공작물충돌,공작물충돌,단일로,기타단일로,승용차,없음
2018.7.19 23:39,야,목,1,1,0,차량단독,기타,기타,단일로,기타단일로,원동기장치자전거,없음
2018.4.26 8:45,주,목,1,0,0,차량단독,공작물충돌,공작물충돌,단일로,기타단일로,승용차,없음
2018.10.20 7:00,주,토,1,0,0,차대사람,횡단중,횡단중,단일로,기타단일로,화물차,보행자
2018.1.23 11:00,주,화,1,0,0,차대차,기타,기타,교차로,교차로내,화물차,원동기장치자전거
2018.7.28 10:10,주,토,1,0,0,차대차,정면충돌,정면충돌,단일로,기타단일로,이륜차,건설기계
2018.11.13 16:10,주,화,1,0,0,차량단독,공작물충돌,공작물충돌,단일로,기타단일로,사륜오토바이(ATV),없음
2018.10.30 16:40,주,화,1,0,0,차대차,측면충돌,측면충돌,교차로,교차로내,화물차,이륜차
2018.9.23 17:30,주,일,1,0,0,차량단독,기타,기타,단일로,기타단일로,자전거,없음
2018.11.7 7:00,주,수,1,1,0,차대차,측면충돌,측면충돌,단일로,기타단일로,승용차,화물차
2018.2.22 9:40,주,목,1,0,0,차대사람,횡단중,횡단중,단일로,기타단일로,승용차,보행자
2018.9.13 10:45,주,목,1,0,0,차대차,기타,기타,교차로,교차로내,사륜오토바이(ATV),화물차
2018.8.22 4:45,야,수,1,0,0,차대차,측면충돌,측면충돌,단일로,기타단일로,승용차,특수차
2018.8.2 23:45,야,목,1,1,0,차량단독,공작물충돌,공작물충돌,교차로,교차로내,승용차,없음
2018.2.8 12:48,주,목,1,0,0,차량단독,공작물충돌,공작물충돌,단일로,기타단일로,화물차,없음
2018.3.17 19:48,야,토,1,0,0,차대사람,기타,기타,단일로,기타단일로,승용차,보행자
2018.5.7 19:00,야,월,1,0,0,차대차,측면충돌,측면충돌,단일로,기타단일로,원동기장치자전거,승합차
2018.8.20 20:50,야,월,1,1,0,차대차,정면충돌,정면충돌,단일로,기타단일로,승용차,화물차
2018.9.3 5:40,야,월,1,0,0,차대사람,횡단중,횡단중,교차로,교차로내,승용차,보행자
2018.1.11 19:30,야,목,1,0,0,차대차,추돌,추돌,단일로,기타단일로,승용차,이륜차
2018.11.20 16:35,주,화,1,0,0,차량단독,전도,전도,교차로,교차로부근,농기계,없음
2018.12.2 11:00,주,일,1,0,0,차대사람,횡단중,횡단중,교차로,교차로내,화물차,보행자
2018.5.8 17:00,주,화,1,0,0,차대사람,횡단중,횡단중,단일로,기타단일로,화물차,보행자
2018.10.5 8:52,주,금,1,0,0,차량단독,도로이탈,도로이탈 추락,단일로,기타단일로,승용차,없음
2018.8.25 3:40,야,토,1,1,0,차대차,추돌,추돌,단일로,교량위,승용차,농기계
2018.10.10 17:10,주,수,1,0,0,차대차,측면충돌,측면충돌,단일로,기타단일로,이륜차,화물차
2018.10.11 12:30,주,목,1,2,0,차대차,정면충돌,정면충돌,기타,기타,이륜차,승용차
2018.8.3 23:15,야,금,1,0,0,차대사람,기타,기타,단일로,기타단일로,승용차,보행자
2018.8.17 11:03,주,금,1,0,0,차량단독,공작물충돌,공작물충돌,단일로,기타단일로,건설기계,없음
2018.1.17 21:30,야,수,1,0,0,차대사람,길가장자리구역통행중,길가장자리구역통행중,단일로,기타단일로,승용차,보행자
2018.10.9 4:35,야,화,1,0,0,차대차,추돌,추돌,단일로,기타단일로,승용차,화물차
2018.8.29 14:25,주,수,2,0,0,차량단독,기타,기타,단일로,기타단일로,화물차,없음
2018.12.23 15:20,주,일,1,0,0,차대차,측면충돌,측면충돌,단일로,기타단일로,화물차,이륜차
2018.4.5 21:31,야,목,1,0,0,차대사람,횡단중,횡단중,단일로,기타단일로,승용차,보행자
2018.1.11 19:14,야,목,1,1,2,차대차,기타,기타,단일로,기타단일로,승용차,승용차
2018.2.24 15:15,주,토,1,0,0,차량단독,공작물충돌,공작물충돌,단일로,기타단일로,화물차,없음
2018.9.23 18:54,야,일,1,0,0,차대사람,횡단중,횡단중,교차로,교차로내,화물차,보행자
2018.4.28 5:55,야,토,1,0,0,차대차,정면충돌,정면충돌,교차로,교차로내,이륜차,승용차
2018.10.26 11:40,주,금,1,0,0,차대차,기타,기타,단일로,기타단일로,자전거,승용차
2018.3.26 11:09,주,월,1,0,0,차대차,측면충돌,측면충돌,교차로,교차로내,승용차,건설기계
2018.10.26 23:50,야,금,1,1,0,차대사람,기타,기타,단일로,기타단일로,승용차,보행자
2018.11.25 16:10,주,일,1,2,0,차대차,측면충돌,측면충돌,교차로,교차로내,화물차,화물차
2018.12.17 21:00,야,월,1,0,0,차량단독,도로이탈,도로이탈 추락,단일로,기타단일로,이륜차,없음
2018.7.27 20:20,야,금,1,0,0,차대사람,기타,기타,단일로,기타단일로,승용차,보행자
2018.5.4 21:50,야,금,1,0,0,차량단독,전도,전도,단일로,기타단일로,이륜차,없음
2018.5.24 20:20,야,목,1,0,0,차대차,정면충돌,정면충돌,단일로,기타단일로,원동기장치자전거,화물차
2018.11.10 15:20,주,토,1,0,0,차량단독,도로이탈,도로이탈 기타,교차로,교차로부근,화물차,없음
2018.11.19 17:35,주,월,1,0,0,차대사람,횡단중,횡단중,단일로,기타단일로,승용차,보행자
2018.5.6 20:26,야,일,1,3,5,차대차,정면충돌,정면충돌,단일로,기타단일로,승용차,승용차
2018.10.8 23:10,야,월,1,0,0,차대사람,횡단중,횡단중,단일로,기타단일로,승용차,보행자
2018.5.19 23:02,야,토,2,0,2,차대사람,횡단중,횡단중,단일로,기타단일로,승합차,보행자
2018.7.10 19:43,야,화,1,0,0,차대차,측면충돌,측면충돌,교차로,교차로부근,화물차,자전거
2018.5.8 10:08,주,화,1,0,0,차대차,기타,기타,단일로,교량위,건설기계,원동기장치자전거
2018.3.3 4:33,야,토,1,0,0,차량단독,기타,기타,단일로,기타단일로,이륜차,없음
2018.10.14 8:14,주,일,1,0,1,차대사람,횡단중,횡단중,교차로,교차로내,승용차,보행자
2018.10.20 4:20,야,토,1,0,0,차대차,기타,기타,교차로,교차로횡단보도내,승용차,화물차
2018.7.13 0:02,야,금,1,0,4,차대차,기타,기타,단일로,기타단일로,불명,화물차
2018.6.17 1:36,야,일,1,1,2,차량단독,기타,기타,단일로,기타단일로,승용차,없음
2018.3.18 17:00,주,일,1,1,1,차대차,측면충돌,측면충돌,단일로,기타단일로,화물차,화물차
2018.4.21 2:05,야,토,1,0,0,차량단독,공작물충돌,공작물충돌,단일로,기타단일로,특수차,없음
2018.4.20 15:00,주,금,1,2,3,차대차,추돌,추돌,단일로,기타단일로,화물차,승용차
2018.5.14 10:37,주,월,1,0,0,차대차,정면충돌,정면충돌,단일로,기타단일로,이륜차,승용차
2018.10.15 20:04,야,월,2,8,2,차대차,추돌,추돌,단일로,기타단일로,화물차,승합차
2018.11.26 22:50,야,월,1,0,0,차대사람,횡단중,횡단중,교차로,교차로내,승합차,보행자
2018.6.9 4:31,야,토,1,0,1,차대차,측면충돌,측면충돌,교차로,교차로내,승용차,승용차
2018.7.2 19:55,야,월,1,0,0,차대사람,횡단중,횡단중,교차로,교차로내,승합차,보행자
2018.12.17 4:45,야,월,1,1,0,차대차,기타,기타,단일로,기타단일로,화물차,승용차
2018.11.17 20:10,야,토,1,0,0,차대사람,횡단중,횡단중,교차로,교차로내,이륜차,보행자
2018.5.15 11:20,주,화,1,0,0,차대차,측면충돌,측면충돌,교차로,교차로내,원동기장치자전거,화물차
2018.8.7 19:24,야,화,1,0,0,차대사람,횡단중,횡단중,교차로,교차로횡단보도내,승용차,보행자
2018.10.12 22:20,야,금,1,0,0,차대사람,횡단중,횡단중,교차로,교차로부근,승용차,보행자
2018.3.14 12:35,주,수,1,0,0,차대사람,기타,기타,단일로,기타단일로,승용차,보행자
2018.12.20 6:51,주,목,1,0,0,차대사람,길가장자리구역통행중,길가장자리구역통행중,단일로,기타단일로,승용차,보행자
2018.5.4 16:55,주,금,1,0,0,차대사람,길가장자리구역통행중,길가장자리구역통행중,단일로,기타단일로,화물차,보행자
2018.7.17 11:05,주,화,1,0,0,차대사람,차도통행중,차도통행중,단일로,기타단일로,화물차,보행자
2018.11.20 9:50,주,화,1,0,0,차대차,측면충돌,측면충돌,교차로,교차로내,이륜차,승용차
2018.9.6 10:20,주,목,1,0,0,차대사람,횡단중,횡단중,교차로,교차로횡단보도내,화물차,보행자
2018.8.4 16:16,주,토,1,0,3,차량단독,공작물충돌,공작물충돌,단일로,기타단일로,승용차,없음
2018.2.5 19:20,야,월,1,0,0,차대사람,길가장자리구역통행중,길가장자리구역통행중,단일로,기타단일로,승용차,보행자
2018.4.17 19:15,야,화,1,0,0,차량단독,공작물충돌,공작물충돌,교차로,교차로내,화물차,없음
2018.3.29 18:50,야,목,1,0,0,차대사람,차도통행중,차도통행중,단일로,기타단일로,화물차,보행자
2018.4.18 13:45,주,수,2,0,0,차량단독,공작물충돌,공작물충돌,단일로,기타단일로,승용차,없음
2018.10.17 18:08,야,수,1,0,0,차대사람,횡단중,횡단중,단일로,기타단일로,승용차,보행자
2018.12.10 6:35,주,월,1,0,0,차대사람,기타,기타,교차로,교차로내,화물차,보행자
2018.3.12 11:50,주,월,1,0,0,차대차,정면충돌,정면충돌,교차로,교차로부근,화물차,자전거
2018.6.29 22:03,야,금,1,0,0,차량단독,공작물충돌,공작물충돌,단일로,기타단일로,이륜차,없음
2018.4.14 17:45,주,토,1,0,0,차대차,기타,기타,단일로,기타단일로,승용차,이륜차
2018.4.27 8:14,주,금,1,0,0,차량단독,도로이탈,도로이탈 추락,단일로,기타단일로,화물차,없음
2018.7.27 20:00,야,금,1,0,0,차량단독,공작물충돌,공작물충돌,단일로,기타단일로,화물차,없음
2018.3.12 9:10,주,월,1,0,1,차대차,추돌,추돌,단일로,기타단일로,승용차,농기계
2018.1.20 21:45,야,토,1,0,0,차량단독,공작물충돌,공작물충돌,단일로,기타단일로,승용차,없음
2018.7.26 22:15,야,목,1,0,0,차대차,추돌,추돌,단일로,기타단일로,승용차,자전거
2018.11.15 20:05,야,목,1,0,0,차대사람,차도통행중,차도통행중,단일로,기타단일로,승용차,보행자
2018.4.18 13:38,주,수,1,0,0,차대차,측면충돌,측면충돌,교차로,교차로내,이륜차,화물차
2018.2.12 19:08,야,월,1,0,0,차대사람,차도통행중,차도통행중,단일로,기타단일로,승용차,보행자
2018.6.27 17:25,주,수,1,0,0,차대차,측면충돌,측면충돌,교차로,교차로부근,원동기장치자전거,승용차
2018.4.15 12:50,주,일,1,0,0,차대차,기타,기타,단일로,기타단일로,원동기장치자전거,승용차
2018.8.11 17:01,주,토,1,0,0,차량단독,공작물충돌,공작물충돌,단일로,기타단일로,이륜차,없음
2018.6.29 5:35,야,금,1,0,0,차대사람,기타,기타,교차로,교차로내,승용차,보행자
2018.7.30 23:00,야,월,1,0,0,차대사람,횡단중,횡단중,단일로,기타단일로,승용차,보행자
2018.8.1 23:45,야,수,1,0,0,차대사람,기타,기타,단일로,기타단일로,승용차,보행자
2018.9.2 16:50,주,일,2,0,4,차대차,추돌,추돌,단일로,기타단일로,특수차,승용차
2018.2.1 12:01,주,목,1,0,0,차대사람,기타,기타,단일로,기타단일로,화물차,보행자
2018.2.25 6:34,주,일,1,0,0,차대사람,횡단중,횡단중,단일로,기타단일로,승용차,보행자
2018.11.21 10:25,주,수,1,0,0,차대차,추돌,추돌,단일로,기타단일로,승용차,이륜차
2018.9.2 19:42,야,일,1,0,1,차대차,측면충돌,측면충돌,교차로,교차로내,이륜차,승용차
2018.8.22 1:18,야,수,1,0,0,차량단독,기타,기타,기타,기타,사륜오토바이(ATV),없음
2018.7.29 22:50,야,일,1,0,0,차대사람,기타,기타,교차로,교차로부근,승용차,보행자
2018.7.17 21:10,야,화,1,0,0,차대사람,횡단중,횡단중,교차로,교차로횡단보도내,승용차,보행자
2018.6.18 17:25,주,월,1,0,0,차량단독,기타,기타,단일로,기타단일로,화물차,없음
2018.10.12 20:30,야,금,1,0,0,차대차,기타,기타,단일로,기타단일로,이륜차,승용차
2018.2.24 21:04,야,토,1,0,0,차대사람,횡단중,횡단중,단일로,기타단일로,승합차,보행자
2018.1.18 12:35,주,목,1,0,0,차대차,기타,기타,교차로,교차로내,승용차,이륜차
2018.1.4 15:25,주,목,1,0,0,차대차,측면충돌,측면충돌,교차로,교차로내,화물차,원동기장치자전거
2018.10.4 14:39,주,목,1,0,0,차대차,측면충돌,측면충돌,교차로,교차로횡단보도내,승용차,자전거
2018.7.3 6:45,주,화,1,0,0,차량단독,공작물충돌,공작물충돌,단일로,기타단일로,승용차,없음
2018.1.8 9:59,주,월,1,0,0,차대차,추돌,추돌,교차로,교차로내,승합차,자전거
2018.2.1 21:50,야,목,1,0,0,차대사람,횡단중,횡단중,교차로,교차로부근,화물차,보행자
2018.2.27 12:14,주,화,1,0,0,차량단독,공작물충돌,공작물충돌,단일로,기타단일로,이륜차,없음
2018.2.19 9:20,주,월,1,0,0,차대사람,횡단중,횡단중,단일로,기타단일로,승용차,보행자
2018.10.19 8:56,주,금,1,0,1,차대사람,보도통행중,보도통행중,단일로,기타단일로,화물차,보행자
2018.3.3 10:10,주,토,1,0,0,차대차,측면충돌,측면충돌,단일로,기타단일로,건설기계,자전거
2018.6.7 10:15,주,목,1,0,0,차대사람,보도통행중,보도통행중,기타,기타,화물차,보행자
2018.10.13 10:13,주,토,1,0,0,차대사람,기타,기타,교차로,교차로내,화물차,보행자
2018.11.27 16:50,주,화,1,0,0,차대사람,기타,기타,교차로,교차로내,화물차,보행자
2018.5.19 2:00,야,토,2,0,0,차대차,기타,기타,단일로,기타단일로,승용차,건설기계
2018.7.14 22:18,야,토,1,0,2,차대차,추돌,추돌,교차로,교차로부근,승합차,화물차
2018.11.27 6:30,주,화,1,1,0,차대차,추돌,추돌,단일로,기타단일로,화물차,건설기계
2018.9.19 17:00,주,수,1,0,0,차대차,측면충돌,측면충돌,단일로,기타단일로,화물차,이륜차
2018.7.24 16:00,주,화,1,0,2,차대차,추돌,추돌,단일로,기타단일로,화물차,화물차
2018.9.14 5:50,야,금,1,0,0,차대사람,횡단중,횡단중,교차로,교차로횡단보도내,승용차,보행자