발생년월일시,주야,요일,사망자수,중상자수,경상자수,사고유형_대분류,사고유형_중분류,사고유형,도로형태_대분류,도로형태,당사자종별_1당_대분류,당사자종별_2당_대분류
2018.4.26 6:57,주,목,1,0,0,차대차,정면충돌,정면충돌,교차로,교차로횡단보도내,특수차,자전거
2018.5.28 23:21,야,월,1,0,1,차대사람,기타,기타,교차로,교차로내,승용차,보행자
2018.7.30 9:15,주,월,1,0,0,차대사람,횡단중,횡단중,교차로,교차로부근,승용차,보행자
2018.2.7 5:53,야,수,1,0,0,차대사람,횡단중,횡단중,기타,기타,승용차,보행자
2018.1.24 0:15,야,수,1,0,0,차대사람,기타,기타,단일로,기타단일로,승용차,보행자
2018.1.12 2:50,야,금,1,0,0,차대사람,횡단중,횡단중,단일로,기타단일로,승용차,보행자
2018.9.16 0:55,야,일,1,0,0,차대사람,차도통행중,차도통행중,기타,기타,승용차,보행자
2018.7.29 0:45,야,일,1,0,0,차대사람,기타,기타,단일로,기타단일로,승용차,보행자
2018.3.26 3:00,야,월,1,0,0,차대차,추돌,추돌,단일로,기타단일로,승용차,건설기계
2018.2.24 6:40,주,토,1,0,0,차대사람,차도통행중,차도통행중,교차로,교차로내,승합차,보행자
2018.8.19 17:40,주,일,2,0,3,차대차,정면충돌,정면충돌,교차로,교차로내,승용차,이륜차
2018.4.30 17:35,주,월,1,0,0,차대차,측면충돌,측면충돌,교차로,교차로횡단보도내,승합차,자전거
2018.4.12 2:10,야,목,1,0,0,차대사람,횡단중,횡단중,단일로,기타단일로,승용차,보행자
2018.12.26 5:45,야,수,1,0,0,차대차,추돌,추돌,단일로,교량위,화물차,특수차
2018.10.6 7:01,주,토,1,0,0,차량단독,공작물충돌,공작물충돌,단일로,교량위,승용차,없음
2018.9.19 20:45,야,수,1,0,0,차대차,기타,기타,단일로,기타단일로,승용차,화물차
2018.12.27 0:09,야,목,1,0,0,차대사람,횡단중,횡단중,단일로,기타단일로,승용차,보행자
2018.10.16 20:03,야,화,1,0,0,차대사람,차도통행중,차도통행중,단일로,기타단일로,승용차,보행자
2018.1.2 11:40,주,화,1,0,0,차대사람,기타,기타,단일로,기타단일로,승용차,보행자
2018.6.27 1:40,야,수,1,0,0,차대사람,기타,기타,단일로,기타단일로,승용차,보행자
2018.10.16 9:00,주,화,1,0,0,차대사람,횡단중,횡단중,교차로,교차로횡단보도내,승용차,보행자
2018.3.7 5:45,야,수,1,0,0,차대사람,횡단중,횡단중,단일로,기타단일로,승용차,보행자
2018.4.12 18:35,야,목,1,0,0,차대차,측면충돌,측면충돌,단일로,기타단일로,승용차,자전거
2018.2.1 23:47,야,목,1,0,0,차대사람,횡단중,횡단중,단일로,기타단일로,화물차,보행자
2018.7.25 16:30,주,수,1,0,0,차대차,기타,기타,단일로,기타단일로,자전거,화물차
2018.5.22 4:40,야,화,1,0,0,차량단독,도로이탈,도로이탈 추락,단일로,기타단일로,이륜차,없음
2018.4.22 0:35,야,일,1,0,2,차대차,측면충돌,측면충돌,교차로,교차로내,승용차,승용차
2018.12.28 20:03,야,금,1,0,0,차대사람,횡단중,횡단중,교차로,교차로부근,승합차,보행자
2018.5.29 22:15,야,화,1,0,0,차대사람,횡단중,횡단중,단일로,기타단일로,승용차,보행자
2018.4.27 13:55,주,금,1,0,0,차대차,기타,기타,교차로,교차로부근,이륜차,승용차
2018.5.14 5:00,야,월,1,0,0,차대사람,횡단중,횡단중,교차로,교차로횡단보도내,화물차,보행자
2018.3.3 16:37,주,토,1,0,0,차대사람,횡단중,횡단중,단일로,기타단일로,승용차,보행자
2018.7.27 21:15,야,금,1,0,1,차대차,기타,기타,교차로,교차로내,승용차,이륜차
2018.8.10 0:08,야,금,1,0,0,차대차,측면충돌,측면충돌,교차로,교차로내,승용차,승용차
2018.10.14 18:54,야,일,1,0,1,차대차,측면충돌,측면충돌,교차로,교차로내,이륜차,승용차
2018.11.19 19:30,야,월,1,0,0,차대사람,횡단중,횡단중,단일로,기타단일로,승용차,보행자
2018.4.30 4:17,야,월,1,0,0,차량단독,공작물충돌,공작물충돌,단일로,기타단일로,승용차,없음
2018.3.10 4:27,야,토,1,0,0,차대사람,횡단중,횡단중,교차로,교차로횡단보도내,승용차,보행자
2018.5.10 0:32,야,목,1,0,0,차대사람,길가장자리구역통행중,길가장자리구역통행중,단일로,기타단일로,화물차,보행자
2018.3.3 2:22,야,토,1,0,0,차량단독,공작물충돌,공작물충돌,단일로,기타단일로,이륜차,없음
2018.11.8 4:30,야,목,1,0,0,차대사람,횡단중,횡단중,단일로,기타단일로,승합차,보행자
2018.5.12 7:45,주,토,1,0,0,차대사람,횡단중,횡단중,단일로,기타단일로,화물차,보행자
2018.7.24 4:07,야,화,1,1,0,차대사람,횡단중,횡단중,단일로,기타단일로,승용차,보행자
2018.9.19 3:55,야,수,1,0,0,차량단독,공작물충돌,공작물충돌,단일로,기타단일로,이륜차,없음
2018.2.18 8:07,주,일,1,0,0,차량단독,전도,전도,단일로,기타단일로,원동기장치자전거,없음
2018.3.18 4:00,야,일,1,1,0,차대사람,횡단중,횡단중,교차로,교차로횡단보도내,승용차,보행자
2018.5.23 21:00,야,수,1,0,0,차대사람,횡단중,횡단중,단일로,기타단일로,승용차,보행자
2018.2.18 5:10,야,일,1,0,0,차대사람,횡단중,횡단중,단일로,기타단일로,승용차,보행자
2018.8.19 2:20,야,일,1,0,0,차량단독,기타,기타,교차로,교차로부근,이륜차,없음
2018.4.5 9:30,주,목,2,8,29,차대차,측면충돌,측면충돌,단일로,기타단일로,승용차,승합차
2018.10.5 18:40,야,금,1,0,0,차대사람,기타,기타,교차로,교차로횡단보도내,승용차,보행자
2018.8.1 20:25,야,수,1,0,0,차대사람,횡단중,횡단중,단일로,기타단일로,화물차,보행자
2018.10.7 5:39,야,일,1,0,0,차량단독,공작물충돌,공작물충돌,단일로,기타단일로,승용차,없음
2018.1.4 15:15,주,목,1,0,0,차대차,추돌,추돌,단일로,기타단일로,화물차,자전거
2018.12.14 21:20,야,금,1,0,0,차대사람,횡단중,횡단중,교차로,교차로부근,승합차,보행자
2018.2.25 23:52,야,일,1,0,0,차대사람,기타,기타,교차로,교차로내,승용차,보행자
2018.9.9 17:00,주,일,1,0,0,차량단독,공작물충돌,공작물충돌,단일로,기타단일로,농기계,없음
2018.11.3 17:05,주,토,1,0,0,차대사람,횡단중,횡단중,교차로,교차로부근,승합차,보행자
2018.8.25 2:00,야,토,1,0,0,차대사람,기타,기타,교차로,교차로내,승용차,보행자
2018.1.3 23:14,야,수,1,0,1,차대사람,횡단중,횡단중,단일로,기타단일로,이륜차,보행자
2018.1.23 10:04,주,화,1,1,0,차대차,정면충돌,정면충돌,단일로,기타단일로,승용차,화물차
2018.4.24 20:40,야,화,1,0,4,차대차,추돌,추돌,교차로,교차로부근,화물차,승용차
2018.3.27 23:40,야,화,1,0,0,차대사람,횡단중,횡단중,교차로,교차로내,승용차,보행자
2018.9.19 1:40,야,수,1,0,0,차대차,기타,기타,기타,기타,화물차,승용차
2018.8.13 7:30,주,월,1,0,0,차대사람,횡단중,횡단중,교차로,교차로내,승합차,보행자
2018.11.16 18:10,야,금,1,1,1,차대차,측면충돌,측면충돌,교차로,교차로내,이륜차,승용차
2018.12.18 6:48,주,화,1,0,0,차대사람,횡단중,횡단중,교차로,교차로내,화물차,보행자
2018.11.29 17:40,주,목,1,0,0,차대사람,횡단중,횡단중,교차로,교차로횡단보도내,승용차,보행자
2018.5.21 2:20,야,월,1,1,0,차대차,추돌,추돌,교차로,교차로부근,이륜차,승용차
2018.7.28 0:55,야,토,1,0,2,차대차,추돌,추돌,단일로,기타단일로,화물차,화물차
2018.3.21 16:50,주,수,1,0,0,차대사람,횡단중,횡단중,단일로,기타단일로,승용차,보행자
2018.4.25 23:40,야,수,1,0,0,차대차,기타,기타,교차로,교차로내,이륜차,승용차
2018.12.21 23:05,야,금,1,0,0,차량단독,공작물충돌,공작물충돌,교차로,교차로내,승용차,없음
2018.3.23 5:42,야,금,1,0,0,차대사람,횡단중,횡단중,교차로,교차로부근,승용차,보행자
2018.9.29 9:55,주,토,1,0,0,차대사람,횡단중,횡단중,교차로,교차로내,승합차,보행자
2018.8.13 16:15,주,월,1,0,0,차대차,정면충돌,정면충돌,단일로,기타단일로,승용차,이륜차
2018.5.7 0:53,야,월,1,1,0,차량단독,공작물충돌,공작물충돌,교차로,교차로내,승용차,없음
2018.5.10 17:07,주,목,1,0,0,차대사람,횡단중,횡단중,교차로,교차로내,승용차,보행자
2018.9.17 19:30,야,월,1,0,0,차대사람,횡단중,횡단중,단일로,기타단일로,개인형이동수단(PM),보행자
2018.4.6 1:32,야,금,1,0,0,차대사람,횡단중,횡단중,단일로,기타단일로,승용차,보행자
2018.12.29 16:18,주,토,1,2,0,차대차,추돌,추돌,단일로,터널안,승용차,건설기계
2018.7.12 0:13,야,목,1,0,0,차량단독,공작물충돌,공작물충돌,단일로,터널안,이륜차,없음
2018.2.15 18:30,야,목,1,0,0,차대사람,횡단중,횡단중,단일로,기타단일로,승합차,보행자
2018.10.24 15:10,주,수,1,0,0,차대차,기타,기타,교차로,교차로횡단보도내,승용차,자전거
2018.5.31 21:20,야,목,1,0,0,차대사람,차도통행중,차도통행중,단일로,기타단일로,이륜차,보행자
2018.6.19 14:43,주,화,1,0,0,차대차,측면충돌,측면충돌,교차로,교차로내,승용차,이륜차
2018.4.10 21:49,야,화,1,0,0,차대사람,기타,기타,교차로,교차로부근,승용차,보행자
2018.11.17 20:25,야,토,1,0,0,차대사람,기타,기타,단일로,기타단일로,승용차,보행자
2018.3.7 3:35,야,수,1,0,0,차대사람,횡단중,횡단중,교차로,교차로횡단보도내,승용차,보행자
2018.11.5 17:53,주,월,1,1,0,차대차,정면충돌,정면충돌,교차로,교차로부근,이륜차,건설기계
2018.5.14 3:30,야,월,1,0,0,차대차,측면충돌,측면충돌,교차로,교차로부근,승용차,이륜차
2018.10.29 9:50,주,월,1,0,1,차대차,정면충돌,정면충돌,교차로,교차로내,이륜차,승합차
2018.3.15 23:40,야,목,1,0,0,차대사람,횡단중,횡단중,단일로,기타단일로,화물차,보행자
2018.7.3 14:05,주,화,1,0,0,차대사람,차도통행중,차도통행중,교차로,교차로내,건설기계,보행자
2018.7.26 2:37,야,목,1,0,0,차량단독,공작물충돌,공작물충돌,단일로,기타단일로,이륜차,없음
2018.9.13 8:45,주,목,1,0,0,차대사람,횡단중,횡단중,교차로,교차로내,화물차,보행자
2018.4.17 17:10,주,화,1,0,0,차대사람,차도통행중,차도통행중,단일로,기타단일로,승합차,보행자
2018.12.21 6:20,주,금,1,0,0,차대사람,횡단중,횡단중,단일로,기타단일로,화물차,보행자
2018.12.23 22:09,야,일,1,0,0,차대사람,횡단중,횡단중,단일로,기타단일로,승용차,보행자
2018.3.20 4:23,야,화,1,0,0,차대사람,횡단중,횡단중,단일로,기타단일로,승용차,보행자
2018.1.12 3:20,야,금,1,0,0,차대사람,차도통행중,차도통행중,교차로,교차로부근,승용차,보행자
2018.7.23 22:40,야,월,1,0,0,차대사람,기타,기타,단일로,기타단일로,승용차,보행자
2018.1.22 12:50,주,월,1,0,0,차대사람,기타,기타,단일로,기타단일로,승용차,보행자
2018.5.30 11:30,주,수,1,0,0,차대차,측면충돌,측면충돌,단일로,기타단일로,건설기계,이륜차
2018.7.30 4:10,야,월,1,1,0,차대차,측면충돌,측면충돌,교차로,교차로내,승용차,원동기장치자전거
2018.10.29 16:13,주,월,1,0,0,차대사람,차도통행중,차도통행중,기타,기타,승용차,보행자
2018.6.4 9:25,주,월,1,0,0,차대사람,횡단중,횡단중,교차로,교차로내,승합차,보행자
2018.12.20 15:25,주,목,1,0,0,차대사람,기타,기타,교차로,교차로내,건설기계,보행자
2018.11.26 1:56,야,월,1,0,1,차대사람,기타,기타,단일로,기타단일로,승용차,보행자
2018.8.7 4:20,야,화,1,0,0,차대사람,횡단중,횡단중,기타,기타,승용차,보행자
2018.7.19 2:25,야,목,1,0,0,차대사람,횡단중,횡단중,단일로,기타단일로,승용차,보행자
2018.7.18 16:30,주,수,1,0,0,차대사람,차도통행중,차도통행중,단일로,기타단일로,승합차,보행자
2018.4.25 4:02,야,수,1,0,0,차대사람,횡단중,횡단중,교차로,교차로내,승용차,보행자
2018.7.15 21:00,야,일,1,0,0,차대차,정면충돌,정면충돌,단일로,기타단일로,이륜차,승합차
2018.8.13 16:30,주,월,1,0,0,차대사람,보도통행중,보도통행중,단일로,기타단일로,화물차,보행자
2018.12.8 5:38,야,토,1,0,0,차대차,기타,기타,단일로,기타단일로,자전거,화물차
2018.10.21 16:08,주,일,1,0,0,차대차,측면충돌,측면충돌,교차로,교차로부근,이륜차,승용차
2018.10.11 21:10,야,목,1,1,0,차대차,추돌,추돌,교차로,교차로내,승용차,이륜차
2018.2.8 21:00,야,목,1,0,0,차대사람,기타,기타,단일로,기타단일로,승합차,보행자
2018.3.28 14:15,주,수,1,0,0,차대사람,횡단중,횡단중,단일로,기타단일로,건설기계,보행자
2018.1.6 4:30,야,토,1,0,0,차대사람,차도통행중,차도통행중,단일로,기타단일로,승합차,보행자
2018.1.21 16:25,주,일,1,0,0,차대차,측면충돌,측면충돌,단일로,기타단일로,이륜차,승용차
2018.12.10 0:35,야,월,1,0,0,차대차,측면충돌,측면충돌,교차로,교차로내,승용차,이륜차
2018.9.26 19:50,야,수,1,0,0,차대사람,횡단중,횡단중,교차로,교차로횡단보도내,이륜차,보행자
2018.3.17 10:10,주,토,1,0,1,차대차,측면충돌,측면충돌,단일로,지하차도(도로)내,특수차,승용차
2018.7.10 16:15,주,화,1,0,0,차대차,측면충돌,측면충돌,단일로,기타단일로,원동기장치자전거,특수차
2018.7.8 21:40,야,일,1,0,0,차대사람,횡단중,횡단중,단일로,지하차도(도로)내,승용차,보행자
2018.9.20 23:55,야,목,1,0,0,차대사람,보도통행중,보도통행중,단일로,지하차도(도로)내,승용차,보행자
2018.10.13 12:35,주,토,1,0,0,차대차,측면충돌,측면충돌,단일로,지하차도(도로)내,화물차,이륜차
2018.11.7 13:17,주,수,1,0,0,차대차,측면충돌,측면충돌,교차로,교차로내,화물차,자전거
2018.5.7 9:05,주,월,1,4,0,차량단독,공작물충돌,공작물충돌,교차로,교차로내,승용차,없음
2018.9.2 13:55,주,일,1,1,1,차대차,추돌,추돌,단일로,기타단일로,화물차,승용차
2018.10.24 15:20,주,수,1,0,1,차대차,추돌,추돌,단일로,기타단일로,화물차,화물차
2018.11.19 10:15,주,월,1,0,0,차대사람,기타,기타,단일로,기타단일로,승합차,보행자
2018.8.9 9:12,주,목,1,0,0,차대사람,횡단중,횡단중,교차로,교차로내,승용차,보행자
2018.11.27 10:19,주,화,1,3,4,차대차,추돌,추돌,단일로,기타단일로,건설기계,승용차
2018.1.26 20:15,야,금,1,0,1,차대사람,횡단중,횡단중,교차로,교차로내,승용차,보행자
2018.3.15 15:02,주,목,1,0,1,차대차,정면충돌,정면충돌,단일로,기타단일로,승용차,승합차
2018.4.7 15:45,주,토,1,0,0,차대사람,횡단중,횡단중,단일로,기타단일로,화물차,보행자
2018.2.10 6:10,주,토,1,0,0,차대차,추돌,추돌,단일로,기타단일로,승용차,특수차
2018.3.27 15:33,주,화,1,0,0,차량단독,공작물충돌,공작물충돌,단일로,기타단일로,화물차,없음
2018.10.8 22:00,야,월,1,0,1,차대차,측면충돌,측면충돌,교차로,교차로내,화물차,승용차
2018.6.26 15:37,주,화,1,2,0,차대차,정면충돌,정면충돌,단일로,기타단일로,승용차,승용차
2018.11.20 5:50,야,화,1,0,0,차대차,측면충돌,측면충돌,교차로,교차로부근,승용차,자전거
2018.5.2 20:28,야,수,1,2,6,차대차,정면충돌,정면충돌,단일로,기타단일로,화물차,승합차
2018.10.29 5:30,야,월,1,0,0,차대사람,횡단중,횡단중,단일로,기타단일로,승용차,보행자
2018.12.15 13:17,주,토,1,1,2,차대차,기타,기타,단일로,기타단일로,화물차,승용차
2018.10.31 0:03,야,수,1,0,0,차량단독,기타,기타,단일로,기타단일로,이륜차,없음
2018.7.26 9:52,주,목,1,0,1,차대차,기타,기타,기타,기타,승용차,화물차
2018.6.21 7:25,주,목,1,0,0,차대사람,횡단중,횡단중,교차로,교차로내,건설기계,보행자
2018.9.14 22:23,야,금,1,0,0,차대차,측면충돌,측면충돌,교차로,교차로내,승용차,이륜차
2018.1.5 23:10,야,금,1,0,0,차대사람,횡단중,횡단중,단일로,기타단일로,승용차,보행자
2018.7.29 13:30,주,일,1,0,0,차대차,기타,기타,단일로,기타단일로,자전거,화물차
2018.8.11 19:55,야,토,1,0,1,차대차,추돌,추돌,단일로,기타단일로,이륜차,승용차
2018.5.1 7:48,주,화,1,0,0,차대차,기타,기타,교차로,교차로내,자전거,화물차
2018.2.24 6:10,주,토,1,2,0,차대차,추돌,추돌,단일로,기타단일로,승용차,승합차
2018.2.20 18:00,야,화,1,0,0,차대사람,횡단중,횡단중,교차로,교차로횡단보도내,승합차,보행자
2018.3.28 23:25,야,수,1,0,0,차대차,기타,기타,단일로,기타단일로,승용차,승용차
2018.9.19 19:15,야,수,1,0,0,차대사람,기타,기타,단일로,기타단일로,승용차,보행자
2018.1.29 21:55,야,월,1,0,1,차량단독,공작물충돌,공작물충돌,단일로,기타단일로,화물차,없음
2018.4.8 19:10,야,일,1,0,0,차대사람,횡단중,횡단중,단일로,기타단일로,화물차,보행자
2018.6.15 11:02,주,금,1,0,0,차대사람,횡단중,횡단중,단일로,기타단일로,화물차,보행자
2018.11.8 4:55,야,목,1,0,0,차량단독,공작물충돌,공작물충돌,단일로,기타단일로,승용차,없음
2018.10.10 10:50,주,수,1,0,1,차대차,기타,기타,단일로,기타단일로,승용차,승용차
2018.8.27 3:00,야,월,1,0,0,차대사람,차도통행중,차도통행중,단일로,기타단일로,승합차,보행자
2018.6.17 13:40,주,일,1,0,0,차대차,기타,기타,교차로,교차로내,승용차,이륜차
2018.6.28 16:56,주,목,1,0,0,차대사람,기타,기타,단일로,기타단일로,승용차,보행자
2018.1.10 17:10,주,수,1,0,0,차대사람,차도통행중,차도통행중,단일로,기타단일로,승용차,보행자
2018.8.9 15:04,주,목,1,0,1,차대차,추돌,추돌,단일로,기타단일로,화물차,화물차
2018.7.13 23:52,야,금,1,0,0,차대사람,횡단중,횡단중,단일로,기타단일로,승용차,보행자
2018.10.15 17:50,주,월,1,0,1,차대차,측면충돌,측면충돌,교차로,교차로부근,승용차,승용차
2018.7.31 21:15,야,화,1,0,0,차대사람,차도통행중,차도통행중,단일로,기타단일로,승용차,보행자
2018.7.8 20:47,야,일,1,0,0,차대사람,횡단중,횡단중,단일로,기타단일로,승용차,보행자
2018.8.5 4:53,야,일,1,0,0,차대사람,차도통행중,차도통행중,단일로,기타단일로,승용차,보행자
2018.2.27 20:15,야,화,1,0,0,차대사람,횡단중,횡단중,교차로,교차로부근,승용차,보행자
2018.1.29 18:45,야,월,1,0,0,차대차,측면충돌,측면충돌,단일로,기타단일로,승합차,기타
2018.2.28 19:20,야,수,1,0,0,차대사람,보도통행중,보도통행중,교차로,교차로부근,승합차,보행자
2018.12.27 14:00,주,목,1,0,0,차량단독,기타,기타,단일로,기타단일로,승용차,없음
2018.4.14 20:59,야,토,1,0,0,차대차,측면충돌,측면충돌,단일로,기타단일로,승용차,승용차
2018.8.9 5:45,야,목,1,0,1,차대차,추돌,추돌,단일로,기타단일로,화물차,특수차
2018.10.15 1:30,야,월,1,0,0,차량단독,기타,기타,단일로,기타단일로,이륜차,없음
2018.1.12 16:14,주,금,1,0,0,차량단독,공작물충돌,공작물충돌,교차로,교차로내,화물차,없음
2018.10.6 6:40,주,토,1,0,0,차량단독,공작물충돌,공작물충돌,단일로,기타단일로,화물차,없음
2018.7.9 0:08,야,월,1,0,0,차대차,기타,기타,기타,기타,승용차,특수차
2018.2.9 0:04,야,금,1,0,0,차량단독,공작물충돌,공작물충돌,단일로,기타단일로,이륜차,없음
2018.4.2 0:05,야,월,2,0,0,차대차,기타,기타,교차로,교차로부근,승용차,특수차
2018.5.26 6:30,주,토,1,0,0,차대차,측면충돌,측면충돌,교차로,교차로내,자전거,화물차
2018.5.4 13:35,주,금,1,1,2,차대차,기타,기타,단일로,기타단일로,승용차,승용차
2018.5.18 12:59,주,금,1,0,0,차량단독,전도,전도,단일로,기타단일로,이륜차,없음
2018.7.16 13:08,주,월,1,0,0,차대차,측면충돌,측면충돌,교차로,교차로내,이륜차,승용차
2018.8.16 6:25,주,목,1,0,0,차대차,측면충돌,측면충돌,교차로,교차로내,승합차,자전거
2018.8.4 10:20,주,토,1,0,0,차량단독,공작물충돌,공작물충돌,교차로,교차로부근,승용차,없음
2018.4.24 18:05,야,화,1,3,0,차대차,측면충돌,측면충돌,단일로,교량위,화물차,승용차
2018.3.17 19:50,야,토,1,0,0,차대사람,횡단중,횡단중,단일로,기타단일로,승용차,보행자
2018.5.31 23:38,야,목,1,2,0,차대차,정면충돌,정면충돌,단일로,기타단일로,승용차,승용차
2018.12.1 18:19,야,토,1,0,1,차대차,추돌,추돌,단일로,기타단일로,승용차,건설기계
2018.10.7 19:10,야,일,1,0,0,차대사람,차도통행중,차도통행중,단일로,기타단일로,승용차,보행자
2018.4.29 20:10,야,일,1,0,0,차대사람,횡단중,횡단중,교차로,교차로내,화물차,보행자
2018.10.13 14:40,주,토,1,1,0,차량단독,공작물충돌,공작물충돌,단일로,기타단일로,승용차,없음
2018.9.28 11:00,주,금,1,0,0,차량단독,도로이탈,도로이탈 추락,단일로,기타단일로,농기계,없음
2018.7.30 8:55,주,월,1,1,0,차대차,정면충돌,정면충돌,교차로,교차로내,화물차,승용차
2018.8.31 20:00,야,금,1,0,0,차대사람,길가장자리구역통행중,길가장자리구역통행중,단일로,지하차도(도로)내,화물차,보행자
2018.3.9 7:00,주,금,1,3,0,차량단독,공작물충돌,공작물충돌,단일로,기타단일로,승용차,없음
2018.12.23 15:10,주,일,1,0,0,차량단독,공작물충돌,공작물충돌,단일로,기타단일로,화물차,없음
2018.10.21 11:29,주,일,1,0,0,차대차,측면충돌,측면충돌,단일로,기타단일로,이륜차,승용차
2018.1.20 8:06,주,토,1,0,1,차대사람,횡단중,횡단중,교차로,교차로내,승합차,보행자
2018.10.12 0:55,야,금,1,0,0,차량단독,공작물충돌,공작물충돌,단일로,기타단일로,승용차,없음
2018.5.27 14:40,주,일,1,0,0,차대차,측면충돌,측면충돌,단일로,기타단일로,이륜차,이륜차
2018.8.30 15:20,주,목,1,0,0,차량단독,공작물충돌,공작물충돌,단일로,기타단일로,화물차,없음
2018.6.10 16:10,주,일,1,0,0,차량단독,전복,전복,교차로,교차로부근,승용차,없음
2018.9.22 11:27,주,토,1,0,0,차대사람,횡단중,횡단중,단일로,기타단일로,승용차,보행자
2018.8.31 13:00,주,금,1,0,0,차량단독,기타,기타,단일로,기타단일로,화물차,없음
2018.6.12 15:35,주,화,1,0,0,차대차,기타,기타,단일로,기타단일로,화물차,화물차
2018.12.5 17:45,주,수,1,0,0,차대차,정면충돌,정면충돌,기타,기타,이륜차,승용차
2018.5.20 14:10,주,일,1,0,0,차량단독,전도,전도,교차로,교차로부근,사륜오토바이(ATV),없음
2018.9.5 16:15,주,수,1,0,0,차량단독,공작물충돌,공작물충돌,단일로,기타단일로,화물차,없음
2018.4.19 13:10,주,목,1,0,1,차대차,측면충돌,측면충돌,교차로,교차로내,화물차,화물차
2018.6.8 7:05,주,금,1,0,0,차대차,기타,기타,단일로,기타단일로,이륜차,승용차
2018.7.15 10:25,주,일,1,0,0,차량단독,도로이탈,도로이탈 추락,단일로,기타단일로,이륜차,없음
2018.7.16 8:05,주,월,1,0,0,차대사람,횡단중,횡단중,단일로,기타단일로,승용차,보행자
2018.6.16 6:35,주,토,1,0,0,차대차,기타,기타,단일로,기타단일로,화물차,이륜차
2018.9.8 19:25,야,토,1,0,0,차대사람,횡단중,횡단중,단일로,기타단일로,승용차,보행자
2018.2.18 23:35,야,일,1,0,0,차량단독,공작물충돌,공작물충돌,단일로,교량위,화물차,없음
2018.12.6 18:46,야,목,1,0,0,차대차,정면충돌,정면충돌,기타,기타,화물차,이륜차
2018.1.13 7:05,주,토,1,0,0,차대차,정면충돌,정면충돌,단일로,지하차도(도로)내,승용차,화물차
2018.7.13 20:40,야,금,1,1,0,차량단독,전도,전도,단일로,기타단일로,이륜차,없음
2018.11.7 17:50,주,수,1,0,0,차대사람,횡단중,횡단중,교차로,교차로부근,승용차,보행자
2018.11.28 6:02,주,수,1,0,0,차대사람,횡단중,횡단중,교차로,교차로내,승용차,보행자
2018.11.25 13:30,주,일,1,0,0,차량단독,공작물충돌,공작물충돌,단일로,기타단일로,화물차,없음
2018.9.28 18:55,야,금,1,0,0,차대차,추돌,추돌,단일로,기타단일로,승용차,사륜오토바이(ATV)
2018.7.27 20:20,야,금,1,0,0,차대사람,횡단중,횡단중,단일로,기타단일로,승용차,보행자
2018.9.14 21:12,야,금,1,0,0,차대사람,길가장자리구역통행중,길가장자리구역통행중,단일로,기타단일로,승합차,보행자
2018.2.10 23:24,야,토,1,0,4,차대차,정면충돌,정면충돌,단일로,지하차도(도로)내,승용차,승합차
2018.11.23 12:00,주,금,1,0,0,차대차,기타,기타,교차로,교차로내,이륜차,특수차
2018.12.27 18:05,야,목,1,4,0,차대차,측면충돌,측면충돌,교차로,교차로내,승용차,승용차
2018.4.23 19:30,야,월,1,0,0,차대사람,횡단중,횡단중,단일로,지하차도(도로)내,화물차,보행자
2018.4.29 20:35,야,일,1,0,3,차대차,추돌,추돌,교차로,교차로부근,화물차,화물차
2018.3.12 5:25,야,월,1,0,1,차대차,측면충돌,측면충돌,단일로,기타단일로,화물차,화물차
2018.1.14 13:50,주,일,1,3,0,차대차,추돌,추돌,단일로,기타단일로,승용차,승용차
2018.3.22 7:10,주,목,1,2,0,차대차,측면충돌,측면충돌,단일로,기타단일로,화물차,승용차
2018.12.1 15:44,주,토,1,0,0,차량단독,도로이탈,도로이탈 추락,단일로,기타단일로,자전거,없음
2018.5.29 12:30,주,화,1,0,0,차량단독,공작물충돌,공작물충돌,단일로,교량위,이륜차,없음
2018.7.6 21:49,야,금,1,0,0,차대사람,횡단중,횡단중,단일로,기타단일로,승용차,보행자
2018.10.20 19:20,야,토,1,0,0,차대사람,횡단중,횡단중,단일로,기타단일로,화물차,보행자
2018.11.26 23:30,야,월,1,0,0,차량단독,공작물충돌,공작물충돌,단일로,기타단일로,승용차,없음
2018.10.14 16:40,주,일,1,0,0,차량단독,공작물충돌,공작물충돌,단일로,기타단일로,이륜차,없음
2018.11.2 7:50,주,금,1,0,0,차대차,측면충돌,측면충돌,교차로,교차로부근,승용차,원동기장치자전거
2018.10.4 6:08,주,목,1,0,0,차대사람,횡단중,횡단중,교차로,교차로부근,승용차,보행자
2018.2.24 14:20,주,토,1,0,0,차대차,측면충돌,측면충돌,단일로,기타단일로,자전거,화물차
2018.8.13 18:55,야,월,1,0,0,차대차,측면충돌,측면충돌,교차로,교차로내,이륜차,화물차
2018.9.1 0:21,야,토,1,0,0,차량단독,공작물충돌,공작물충돌,단일로,기타단일로,화물차,없음
2018.11.7 18:17,야,수,1,0,0,차대사람,횡단중,횡단중,단일로,기타단일로,화물차,보행자
2018.12.18 6:20,주,화,1,0,0,차대차,추돌,추돌,단일로,기타단일로,화물차,화물차
2018.9.17 14:08,주,월,1,0,0,차대차,기타,기타,교차로,교차로내,건설기계,이륜차
2018.7.28 20:00,야,토,1,0,0,차대차,추돌,추돌,단일로,기타단일로,이륜차,승용차
2018.11.12 4:17,야,월,1,0,0,차량단독,공작물충돌,공작물충돌,기타,기타,승용차,없음
2018.7.18 21:30,야,수,1,0,0,차대차,추돌,추돌,단일로,기타단일로,화물차,건설기계
2018.8.10 19:45,야,금,1,0,0,차대사람,기타,기타,단일로,교량위,승용차,보행자