발생년월일시,주야,요일,사망자수,중상자수,경상자수,사고유형_대분류,사고유형_중분류,사고유형,도로형태_대분류,도로형태,당사자종별_1당_대분류,당사자종별_2당_대분류
2018.3.7 6:30,주,수,1,0,0,차대사람,횡단중,횡단중,교차로,교차로내,화물차,보행자
2018.4.15 13:30,주,일,1,0,0,차량단독,기타,기타,단일로,기타단일로,자전거,없음
2018.11.14 21:54,야,수,1,0,0,차량단독,도로이탈,도로이탈 추락,단일로,기타단일로,원동기장치자전거,없음
2018.10.26 4:30,야,금,1,0,0,차량단독,도로이탈,도로이탈 추락,교차로,교차로내,승용차,없음
2018.9.29 1:25,야,토,1,1,0,차대사람,차도통행중,차도통행중,단일로,기타단일로,승용차,보행자
2018.8.27 11:10,주,월,1,0,0,차량단독,공작물충돌,공작물충돌,단일로,기타단일로,화물차,없음
2018.8.12 18:35,야,일,1,0,0,차량단독,공작물충돌,공작물충돌,단일로,교량위,승용차,없음
2018.12.21 2:56,야,금,1,0,0,차량단독,전도,전도,기타,기타,화물차,없음
2018.1.16 0:10,야,화,2,0,0,차대차,추돌,추돌,단일로,기타단일로,승용차,화물차
2018.4.2 13:25,주,월,1,0,0,차대차,측면충돌,측면충돌,단일로,기타단일로,이륜차,화물차
2018.11.22 7:25,주,목,1,2,4,차대차,측면충돌,측면충돌,단일로,교량위,화물차,화물차
2018.11.18 20:43,야,일,1,0,0,차대차,측면충돌,측면충돌,교차로,교차로내,승용차,이륜차
2018.10.21 7:30,주,일,1,0,1,차대차,추돌,추돌,단일로,기타단일로,화물차,화물차
2018.10.5 11:30,주,금,1,0,0,차대차,정면충돌,정면충돌,교차로,교차로내,승용차,화물차
2018.9.15 7:08,주,토,1,1,4,차대차,추돌,추돌,교차로,교차로부근,승용차,승용차
2018.4.29 11:10,주,일,1,0,0,차대차,추돌,추돌,단일로,기타단일로,이륜차,승용차
2018.4.14 5:30,야,토,1,0,0,차량단독,공작물충돌,공작물충돌,기타,기타,화물차,없음
2018.4.3 16:20,주,화,1,0,0,차대차,기타,기타,교차로,교차로내,이륜차,농기계
2018.9.16 23:00,야,일,1,0,0,차량단독,공작물충돌,공작물충돌,교차로,교차로내,화물차,없음
2018.12.18 18:00,야,화,1,0,0,차대차,정면충돌,정면충돌,단일로,기타단일로,이륜차,승용차
2018.8.24 12:20,주,금,1,0,1,차대차,측면충돌,측면충돌,교차로,교차로내,화물차,화물차
2018.8.24 18:00,야,금,1,0,0,차량단독,기타,기타,단일로,기타단일로,승용차,없음
2018.8.18 11:40,주,토,1,2,2,차대차,측면충돌,측면충돌,교차로,교차로내,승용차,승합차
2018.2.13 19:20,야,화,1,0,0,차대사람,횡단중,횡단중,단일로,기타단일로,승합차,보행자
2018.3.11 19:40,야,일,1,1,0,차대사람,횡단중,횡단중,단일로,기타단일로,승용차,보행자
2018.9.11 17:00,주,화,1,0,0,차량단독,기타,기타,단일로,기타단일로,이륜차,없음
2018.7.30 8:00,주,월,1,0,0,차대차,측면충돌,측면충돌,교차로,교차로내,건설기계,자전거
2018.9.10 9:28,주,월,1,0,0,차대차,기타,기타,기타,기타,이륜차,농기계
2018.10.17 19:00,야,수,1,0,0,차대사람,길가장자리구역통행중,길가장자리구역통행중,교차로,교차로내,승합차,보행자
2018.2.23 11:25,주,금,1,3,0,차대차,측면충돌,측면충돌,교차로,교차로내,화물차,승합차
2018.12.15 10:45,주,토,1,2,8,차대차,추돌,추돌,기타,기타,승용차,승용차
2018.5.31 0:32,야,목,1,0,0,차대차,추돌,추돌,단일로,기타단일로,화물차,화물차
2018.1.14 23:23,야,일,1,0,0,차대사람,차도통행중,차도통행중,단일로,기타단일로,승용차,보행자
2018.5.14 11:35,주,월,1,0,0,차대차,측면충돌,측면충돌,단일로,기타단일로,이륜차,화물차
2018.1.14 12:40,주,일,2,0,2,차대차,측면충돌,측면충돌,교차로,교차로내,승합차,승용차
2018.10.1 6:07,주,월,1,0,0,차대차,측면충돌,측면충돌,교차로,교차로부근,화물차,자전거
2018.12.29 20:30,야,토,1,0,0,차대사람,횡단중,횡단중,교차로,교차로횡단보도내,승용차,보행자
2018.10.30 16:01,주,화,1,0,0,차대사람,횡단중,횡단중,단일로,기타단일로,승용차,보행자
2018.7.24 6:52,주,화,1,0,0,차대차,측면충돌,측면충돌,교차로,교차로횡단보도내,승용차,자전거
2018.9.16 6:00,주,일,1,0,0,차대차,기타,기타,단일로,기타단일로,이륜차,화물차
2018.8.6 11:46,주,월,1,0,0,차량단독,공작물충돌,공작물충돌,단일로,기타단일로,원동기장치자전거,없음
2018.12.17 7:10,주,월,1,1,0,차대사람,기타,기타,단일로,교량위,승용차,보행자
2018.10.6 2:25,야,토,1,0,0,차량단독,공작물충돌,공작물충돌,단일로,기타단일로,승용차,없음
2018.2.3 8:45,주,토,1,0,2,차대차,측면충돌,측면충돌,단일로,기타단일로,승용차,승용차
2018.1.26 13:50,주,금,1,0,0,차대차,측면충돌,측면충돌,단일로,기타단일로,화물차,이륜차
2018.10.4 14:20,주,목,1,0,0,차대사람,차도통행중,차도통행중,교차로,교차로내,화물차,보행자
2018.8.27 1:15,야,월,1,2,2,차대차,측면충돌,측면충돌,교차로,교차로내,승용차,승용차
2018.10.26 18:45,야,금,1,0,0,차대사람,차도통행중,차도통행중,단일로,기타단일로,화물차,보행자
2018.2.28 21:36,야,수,1,0,0,차대사람,기타,기타,단일로,기타단일로,화물차,보행자
2018.7.6 9:50,주,금,1,2,0,차대차,추돌,추돌,단일로,기타단일로,승용차,승용차
2018.9.26 19:35,야,수,2,0,0,차대사람,횡단중,횡단중,단일로,기타단일로,화물차,보행자
2018.7.2 17:05,주,월,1,0,0,차량단독,공작물충돌,공작물충돌,단일로,기타단일로,이륜차,없음
2018.4.13 20:56,야,금,1,0,0,차대사람,횡단중,횡단중,단일로,기타단일로,화물차,보행자
2018.7.17 21:05,야,화,1,1,0,차량단독,전도,전도,교차로,교차로내,이륜차,없음
2018.9.6 15:40,주,목,1,0,0,차대차,추돌,추돌,단일로,기타단일로,화물차,화물차
2018.8.30 9:40,주,목,1,0,0,차대차,측면충돌,측면충돌,교차로,교차로내,화물차,화물차
2018.11.30 7:30,주,금,1,0,0,차대사람,횡단중,횡단중,교차로,교차로부근,승합차,보행자
2018.5.23 10:30,주,수,1,0,0,차량단독,전도,전도,단일로,기타단일로,농기계,없음
2018.3.11 18:50,야,일,2,0,0,차량단독,도로이탈,도로이탈 기타,단일로,기타단일로,화물차,없음
2018.3.18 14:45,주,일,1,3,0,차대차,정면충돌,정면충돌,단일로,기타단일로,화물차,승용차
2018.11.22 11:35,주,목,1,3,0,차대차,정면충돌,정면충돌,단일로,기타단일로,승용차,화물차
2018.4.16 19:20,야,월,1,0,0,차량단독,공작물충돌,공작물충돌,단일로,기타단일로,화물차,없음
2018.11.29 22:51,야,목,1,0,0,차대사람,횡단중,횡단중,단일로,기타단일로,승용차,보행자
2018.4.1 15:50,주,일,1,0,0,차량단독,전도,전도,단일로,기타단일로,승용차,없음
2018.9.27 6:01,주,목,1,0,0,차대사람,횡단중,횡단중,교차로,교차로횡단보도내,승용차,보행자
2018.10.6 15:55,주,토,1,0,0,차대차,측면충돌,측면충돌,단일로,기타단일로,화물차,승용차
2018.8.29 4:30,야,수,1,0,0,차대사람,기타,기타,단일로,기타단일로,승용차,보행자
2018.8.15 19:55,야,수,1,0,2,차대사람,기타,기타,교차로,교차로내,화물차,보행자
2018.5.12 4:50,야,토,1,0,0,차대사람,차도통행중,차도통행중,단일로,기타단일로,화물차,보행자
2018.10.11 17:03,주,목,1,0,0,차대사람,횡단중,횡단중,교차로,교차로내,승용차,보행자
2018.8.6 9:52,주,월,1,1,0,차대차,측면충돌,측면충돌,단일로,기타단일로,화물차,이륜차
2018.7.13 1:00,야,금,1,0,0,차대사람,차도통행중,차도통행중,단일로,기타단일로,화물차,보행자
2018.4.4 5:50,야,수,1,0,0,차대사람,차도통행중,차도통행중,단일로,기타단일로,화물차,보행자
2018.1.19 12:20,주,금,1,0,0,차대차,기타,기타,교차로,교차로내,승용차,이륜차
2018.5.31 8:15,주,목,1,1,0,차대차,정면충돌,정면충돌,단일로,기타단일로,승용차,승용차
2018.9.29 17:34,주,토,1,0,0,차량단독,기타,기타,단일로,기타단일로,자전거,없음
2018.8.11 17:33,주,토,1,0,0,차대차,기타,기타,단일로,기타단일로,건설기계,이륜차
2018.9.6 18:00,야,목,1,0,0,차량단독,도로이탈,도로이탈 기타,단일로,기타단일로,사륜오토바이(ATV),없음
2018.12.3 20:40,야,월,1,1,0,차대사람,기타,기타,교차로,교차로내,승용차,보행자
2018.12.19 9:45,주,수,1,0,0,차량단독,전도,전도,단일로,기타단일로,사륜오토바이(ATV),없음
2018.10.19 11:55,주,금,1,0,0,차대차,측면충돌,측면충돌,교차로,교차로내,화물차,원동기장치자전거
2018.9.12 11:05,주,수,1,2,0,차대차,측면충돌,측면충돌,교차로,교차로내,승용차,승용차
2018.6.16 8:53,주,토,1,0,1,차대차,측면충돌,측면충돌,단일로,기타단일로,승용차,화물차
2018.2.1 18:30,야,목,1,0,0,차대사람,기타,기타,단일로,기타단일로,승용차,보행자
2018.12.23 13:40,주,일,1,0,2,차대사람,기타,기타,교차로,교차로내,화물차,보행자
2018.3.27 15:51,주,화,1,0,0,차대사람,횡단중,횡단중,단일로,기타단일로,승용차,보행자
2018.8.9 18:40,야,목,1,0,0,차량단독,공작물충돌,공작물충돌,단일로,기타단일로,승용차,없음
2018.4.8 19:30,야,일,1,0,0,차대차,추돌,추돌,단일로,기타단일로,화물차,건설기계
2018.12.15 22:50,야,토,1,1,0,차대사람,기타,기타,단일로,기타단일로,승용차,보행자
2018.9.1 22:35,야,토,1,0,0,차대사람,기타,기타,단일로,기타단일로,승용차,보행자
2018.12.5 23:10,야,수,1,0,0,차대사람,길가장자리구역통행중,길가장자리구역통행중,단일로,기타단일로,화물차,보행자
2018.6.1 10:00,주,금,1,0,0,차대사람,길가장자리구역통행중,길가장자리구역통행중,교차로,교차로부근,건설기계,보행자
2018.3.12 8:25,주,월,1,0,1,차대차,정면충돌,정면충돌,단일로,기타단일로,자전거,화물차
2018.2.8 16:33,주,목,1,0,0,차량단독,공작물충돌,공작물충돌,단일로,교량위,화물차,없음
2018.4.28 10:40,주,토,1,0,0,차대차,기타,기타,교차로,교차로내,승용차,원동기장치자전거
2018.4.13 7:40,주,금,1,1,0,차대차,기타,기타,교차로,교차로부근,화물차,사륜오토바이(ATV)
2018.12.15 17:31,주,토,1,0,0,차대차,정면충돌,정면충돌,교차로,교차로내,승용차,이륜차
2018.10.9 19:20,야,화,1,1,1,차대차,추돌,추돌,단일로,기타단일로,승용차,농기계
2018.1.16 12:49,주,화,1,0,0,차량단독,전도,전도,단일로,기타단일로,사륜오토바이(ATV),없음
2018.9.20 13:28,주,목,1,0,1,차대차,측면충돌,측면충돌,단일로,기타단일로,승용차,건설기계
2018.8.1 7:10,주,수,1,0,1,차대차,측면충돌,측면충돌,교차로,교차로내,승용차,화물차
2018.11.8 20:25,야,목,1,0,1,차대차,추돌,추돌,단일로,기타단일로,화물차,화물차
2018.1.23 3:45,야,화,1,0,1,차대차,추돌,추돌,단일로,터널안,화물차,화물차
2018.4.17 23:05,야,화,1,0,0,차대차,추돌,추돌,단일로,기타단일로,화물차,건설기계
2018.2.25 8:40,주,일,2,2,0,차대차,정면충돌,정면충돌,단일로,기타단일로,승용차,승용차
2018.11.14 20:38,야,수,1,0,0,차대사람,길가장자리구역통행중,길가장자리구역통행중,단일로,기타단일로,승용차,보행자
2018.10.23 15:00,주,화,1,0,0,차대차,측면충돌,측면충돌,단일로,기타단일로,승합차,이륜차
2018.6.30 13:35,주,토,2,0,0,차량단독,공작물충돌,공작물충돌,단일로,기타단일로,승용차,없음
2018.8.9 21:45,야,목,1,0,0,차량단독,전도,전도,단일로,기타단일로,사륜오토바이(ATV),없음
2018.10.31 7:50,주,수,1,0,0,차대차,측면충돌,측면충돌,교차로,교차로내,화물차,원동기장치자전거
2018.2.15 19:50,야,목,1,0,0,차량단독,공작물충돌,공작물충돌,단일로,기타단일로,화물차,없음
2018.5.31 22:08,야,목,1,0,0,차대차,측면충돌,측면충돌,단일로,기타단일로,승용차,자전거
2018.8.17 20:10,야,금,1,0,0,차량단독,도로이탈,도로이탈 기타,단일로,기타단일로,이륜차,없음
2018.4.25 17:10,주,수,1,1,0,차량단독,공작물충돌,공작물충돌,단일로,기타단일로,농기계,없음
2018.4.4 21:14,야,수,1,0,0,차량단독,도로이탈,도로이탈 기타,단일로,기타단일로,이륜차,없음
2018.9.14 11:03,주,금,1,1,0,차대차,추돌,추돌,단일로,기타단일로,화물차,화물차
2018.5.11 9:10,주,금,1,0,0,차대사람,길가장자리구역통행중,길가장자리구역통행중,단일로,기타단일로,화물차,보행자
2018.7.25 20:45,야,수,1,0,0,차대사람,횡단중,횡단중,단일로,교량위,승용차,보행자
2018.4.26 15:40,주,목,1,0,0,차대차,추돌,추돌,단일로,교량위,화물차,화물차
2018.8.14 23:15,야,화,1,0,0,차량단독,공작물충돌,공작물충돌,단일로,기타단일로,이륜차,없음
2018.9.5 14:55,주,수,1,0,0,차대사람,횡단중,횡단중,단일로,기타단일로,승용차,보행자
2018.11.18 22:15,야,일,1,0,0,차대차,추돌,추돌,단일로,기타단일로,승용차,화물차
2018.8.8 17:12,주,수,1,0,1,차대차,측면충돌,측면충돌,교차로,교차로내,이륜차,승용차
2018.6.12 21:30,야,화,1,0,0,차대사람,횡단중,횡단중,단일로,기타단일로,승용차,보행자
2018.3.31 22:50,야,토,1,1,0,차대차,추돌,추돌,단일로,기타단일로,승용차,이륜차
2018.1.28 5:55,야,일,1,0,0,차량단독,공작물충돌,공작물충돌,교차로,교차로부근,화물차,없음
2018.4.27 9:50,주,금,1,1,0,차대차,측면충돌,측면충돌,단일로,기타단일로,승용차,화물차
2018.10.24 18:00,야,수,1,0,1,차대차,추돌,추돌,단일로,기타단일로,승용차,농기계
2018.3.26 13:20,주,월,1,0,0,차량단독,전도,전도,교차로,교차로부근,농기계,없음
2018.9.15 22:15,야,토,1,0,0,차대차,추돌,추돌,단일로,기타단일로,승용차,승용차
2018.12.9 19:48,야,일,1,0,0,차대사람,차도통행중,차도통행중,단일로,기타단일로,승용차,보행자
2018.9.19 4:45,야,수,1,0,0,차량단독,도로이탈,도로이탈 추락,단일로,기타단일로,화물차,없음
2018.10.31 12:40,주,수,1,0,0,차대차,측면충돌,측면충돌,단일로,기타단일로,화물차,농기계
2018.6.11 13:35,주,월,1,0,0,차량단독,공작물충돌,공작물충돌,단일로,기타단일로,승용차,없음
2018.1.19 23:20,야,금,1,1,0,차대차,추돌,추돌,단일로,기타단일로,승용차,승용차
2018.7.24 13:58,주,화,1,0,0,차대차,측면충돌,측면충돌,교차로,교차로부근,화물차,이륜차
2018.8.30 17:42,주,목,1,2,0,차대차,정면충돌,정면충돌,교차로,교차로내,화물차,화물차
2018.5.15 4:15,야,화,1,0,1,차대차,기타,기타,단일로,기타단일로,승용차,화물차
2018.4.17 12:35,주,화,1,1,0,차대차,기타,기타,단일로,기타단일로,이륜차,화물차
2018.1.10 8:50,주,수,1,1,0,차대차,추돌,추돌,단일로,기타단일로,화물차,화물차
2018.10.29 10:05,주,월,1,0,0,차량단독,공작물충돌,공작물충돌,단일로,기타단일로,화물차,없음
2018.2.8 2:10,야,목,1,1,1,차대차,추돌,추돌,단일로,기타단일로,화물차,화물차
2018.6.26 9:35,주,화,1,0,0,차대차,추돌,추돌,단일로,기타단일로,화물차,화물차
2018.6.26 23:37,야,화,1,0,0,차대사람,기타,기타,단일로,기타단일로,특수차,보행자
2018.1.31 16:40,주,수,1,0,0,차대차,기타,기타,단일로,기타단일로,화물차,승용차
2018.2.6 7:35,주,화,1,0,0,차량단독,공작물충돌,공작물충돌,단일로,기타단일로,화물차,없음
2018.10.30 17:50,주,화,1,0,0,차대사람,차도통행중,차도통행중,단일로,기타단일로,화물차,보행자
2018.8.31 9:20,주,금,1,0,0,차대사람,기타,기타,교차로,교차로내,특수차,보행자
2018.8.6 4:30,야,월,1,0,0,차대사람,차도통행중,차도통행중,단일로,기타단일로,승용차,보행자
2018.10.6 3:50,야,토,1,0,0,차량단독,공작물충돌,공작물충돌,단일로,기타단일로,승용차,없음
2018.10.28 2:20,야,일,1,0,1,차량단독,공작물충돌,공작물충돌,단일로,기타단일로,승용차,없음
2018.10.30 15:50,주,화,1,0,0,차량단독,기타,기타,단일로,기타단일로,화물차,없음
2018.7.10 14:00,주,화,1,0,0,차대차,측면충돌,측면충돌,교차로,교차로내,화물차,이륜차
2018.1.5 18:00,야,금,1,0,0,차대사람,횡단중,횡단중,단일로,기타단일로,승용차,보행자
2018.8.9 3:55,야,목,1,0,0,차대사람,횡단중,횡단중,단일로,기타단일로,승용차,보행자
2018.10.18 19:15,야,목,1,0,0,차대차,추돌,추돌,교차로,교차로내,승용차,화물차
2018.8.23 17:24,주,목,1,0,0,차대사람,횡단중,횡단중,교차로,교차로내,승용차,보행자
2018.3.12 17:10,주,월,1,0,0,차대차,정면충돌,정면충돌,단일로,기타단일로,승용차,이륜차
2018.10.3 11:38,주,수,1,0,0,차대차,측면충돌,측면충돌,교차로,교차로내,농기계,원동기장치자전거
2018.6.25 11:30,주,월,1,0,1,차대차,측면충돌,측면충돌,교차로,교차로내,화물차,승용차
2018.9.17 1:50,야,월,1,0,0,차량단독,공작물충돌,공작물충돌,교차로,교차로내,원동기장치자전거,없음
2018.5.21 14:50,주,월,1,0,0,차량단독,도로이탈,도로이탈 추락,단일로,기타단일로,화물차,없음
2018.12.31 18:00,야,월,1,1,0,차량단독,공작물충돌,공작물충돌,교차로,교차로내,승용차,없음
2018.8.31 22:24,야,금,1,0,0,차대차,측면충돌,측면충돌,단일로,기타단일로,승용차,승합차
2018.11.12 0:30,야,월,1,1,0,차량단독,공작물충돌,공작물충돌,교차로,교차로내,승용차,없음
2018.5.18 19:50,야,금,1,0,0,차대사람,횡단중,횡단중,단일로,기타단일로,승용차,보행자
2018.8.13 3:58,야,월,1,0,0,차대차,추돌,추돌,단일로,기타단일로,화물차,특수차
2018.12.12 4:11,야,수,1,0,0,차량단독,전복,전복,단일로,기타단일로,화물차,없음
2018.3.20 19:45,야,화,1,0,0,차대사람,차도통행중,차도통행중,단일로,기타단일로,승용차,보행자
2018.12.14 17:55,주,금,1,0,0,차대사람,차도통행중,차도통행중,단일로,기타단일로,승합차,보행자
2018.1.5 16:18,주,금,1,0,0,차대사람,횡단중,횡단중,교차로,교차로내,화물차,보행자
2018.11.7 17:50,주,수,1,0,2,차대차,추돌,추돌,단일로,기타단일로,승합차,농기계
2018.8.21 8:55,주,화,1,0,0,차대차,측면충돌,측면충돌,단일로,기타단일로,농기계,승용차
2018.12.12 19:50,야,수,1,0,0,차대사람,횡단중,횡단중,단일로,기타단일로,화물차,보행자
2018.12.28 23:58,야,금,1,0,0,차량단독,공작물충돌,공작물충돌,단일로,기타단일로,승용차,없음
2018.11.21 10:30,주,수,1,0,0,차대사람,차도통행중,차도통행중,교차로,교차로부근,화물차,보행자
2018.1.23 18:50,야,화,1,0,0,차량단독,공작물충돌,공작물충돌,단일로,기타단일로,화물차,없음
2018.10.13 10:05,주,토,1,0,0,차대사람,횡단중,횡단중,단일로,기타단일로,이륜차,보행자
2018.12.17 3:20,야,월,1,0,0,차량단독,도로이탈,도로이탈 추락,단일로,기타단일로,승용차,없음
2018.5.2 7:55,주,수,1,0,0,차대차,측면충돌,측면충돌,교차로,교차로내,승용차,화물차
2018.10.27 2:17,야,토,1,0,0,차대사람,횡단중,횡단중,교차로,교차로내,승용차,보행자
2018.12.24 20:02,야,월,1,0,0,차대사람,차도통행중,차도통행중,단일로,기타단일로,승용차,보행자
2018.11.30 18:50,야,금,1,0,0,차대사람,횡단중,횡단중,단일로,기타단일로,승용차,보행자
2018.6.15 3:15,야,금,1,0,0,차대사람,차도통행중,차도통행중,단일로,기타단일로,승용차,보행자
2018.3.24 23:55,야,토,1,0,0,차대사람,횡단중,횡단중,단일로,기타단일로,승용차,보행자
2018.2.18 19:15,야,일,1,0,0,차대차,추돌,추돌,단일로,기타단일로,승용차,자전거
2018.8.30 19:45,야,목,1,0,0,차대사람,횡단중,횡단중,교차로,교차로내,승용차,보행자
2018.7.10 10:50,주,화,2,0,1,차대차,추돌,추돌,교차로,교차로부근,이륜차,화물차
2018.11.6 22:50,야,화,1,0,0,차대차,추돌,추돌,단일로,기타단일로,화물차,화물차
2018.2.1 20:00,야,목,1,0,1,차대차,추돌,추돌,단일로,기타단일로,승용차,승용차
2018.4.9 11:10,주,월,1,0,0,차대사람,횡단중,횡단중,단일로,기타단일로,승용차,보행자
2018.1.22 0:35,야,월,1,0,0,차대사람,횡단중,횡단중,교차로,교차로부근,승용차,보행자
2018.10.24 14:05,주,수,1,0,0,차량단독,도로이탈,도로이탈 기타,단일로,기타단일로,자전거,없음
2018.11.21 15:30,주,수,1,0,0,차대차,측면충돌,측면충돌,단일로,기타단일로,화물차,이륜차
2018.10.15 19:50,야,월,1,0,0,차대사람,횡단중,횡단중,단일로,기타단일로,승합차,보행자
2018.8.15 23:10,야,수,1,0,0,차량단독,전도,전도,단일로,기타단일로,이륜차,없음
2018.3.22 21:50,야,목,1,0,0,차대사람,차도통행중,차도통행중,단일로,기타단일로,화물차,보행자
2018.1.29 19:00,야,월,1,1,0,차대사람,횡단중,횡단중,단일로,기타단일로,승용차,보행자
2018.1.11 10:25,주,목,1,0,1,차대차,정면충돌,정면충돌,교차로,교차로내,화물차,화물차
2018.12.30 6:14,주,일,1,0,0,차대사람,횡단중,횡단중,교차로,교차로내,승용차,보행자
2018.12.20 18:15,야,목,1,0,0,차대사람,차도통행중,차도통행중,기타,기타,승용차,보행자
2018.7.19 0:20,야,목,1,0,0,차대사람,횡단중,횡단중,교차로,교차로횡단보도내,승용차,보행자
2018.5.11 7:23,주,금,1,2,0,차대차,측면충돌,측면충돌,교차로,교차로내,승용차,승용차
2018.4.19 20:25,야,목,1,0,0,차대차,측면충돌,측면충돌,교차로,교차로내,승용차,이륜차
2018.3.1 5:10,야,목,3,0,0,차대차,기타,기타,단일로,기타단일로,승용차,원동기장치자전거
2018.2.9 22:05,야,금,1,0,0,차대사람,횡단중,횡단중,교차로,교차로부근,승용차,보행자
2018.5.4 2:30,야,금,1,0,0,차대사람,기타,기타,단일로,기타단일로,승용차,보행자
2018.6.21 1:30,야,목,1,0,0,차량단독,기타,기타,단일로,지하차도(도로)내,이륜차,없음
2018.12.6 22:32,야,목,1,0,0,차대사람,횡단중,횡단중,단일로,기타단일로,승용차,보행자
2018.5.1 1:50,야,화,1,0,0,차대차,기타,기타,단일로,기타단일로,원동기장치자전거,건설기계
2018.12.31 14:30,주,월,1,2,2,차대차,정면충돌,정면충돌,교차로,교차로부근,승용차,승용차
2018.2.1 23:25,야,목,1,0,1,차대사람,횡단중,횡단중,단일로,기타단일로,승용차,보행자
2018.2.13 15:07,주,화,1,0,0,차대사람,보도통행중,보도통행중,기타,기타,화물차,보행자
2018.8.20 4:10,야,월,1,0,0,차대사람,기타,기타,기타,기타,화물차,보행자
2018.12.5 6:17,주,수,1,0,0,차대사람,횡단중,횡단중,단일로,기타단일로,승용차,보행자
2018.7.4 19:11,야,수,1,0,0,차대사람,기타,기타,교차로,교차로부근,화물차,보행자
2018.9.19 7:38,주,수,1,0,1,차대차,기타,기타,교차로,교차로부근,승용차,승용차
2018.7.21 17:40,주,토,1,0,0,차대사람,보도통행중,보도통행중,교차로,교차로횡단보도내,화물차,보행자
2018.10.1 21:30,야,월,1,0,0,차대사람,차도통행중,차도통행중,단일로,기타단일로,승용차,보행자
2018.12.25 1:37,야,화,1,0,0,차대차,측면충돌,측면충돌,단일로,기타단일로,승용차,화물차
2018.8.6 5:45,야,월,1,0,0,차대사람,차도통행중,차도통행중,단일로,기타단일로,승용차,보행자
2018.11.5 13:10,주,월,1,0,0,차대사람,기타,기타,교차로,교차로내,화물차,보행자
2018.10.19 13:40,주,금,2,0,1,차대차,추돌,추돌,교차로,교차로부근,승용차,화물차
2018.8.12 5:51,야,일,1,0,0,차대사람,횡단중,횡단중,단일로,기타단일로,승합차,보행자
2018.1.13 21:30,야,토,1,0,0,차대차,정면충돌,정면충돌,단일로,기타단일로,승용차,원동기장치자전거
2018.1.4 16:55,주,목,1,0,0,차대차,추돌,추돌,단일로,기타단일로,승용차,화물차
2018.4.20 0:50,야,금,1,1,0,차대사람,횡단중,횡단중,단일로,기타단일로,승용차,보행자
2018.4.14 3:25,야,토,1,0,3,차대사람,횡단중,횡단중,교차로,교차로부근,승용차,보행자
2018.10.10 5:43,야,수,1,0,0,차대사람,횡단중,횡단중,단일로,기타단일로,화물차,보행자
2018.8.1 8:20,주,수,1,0,0,차대사람,횡단중,횡단중,단일로,기타단일로,특수차,보행자
2018.7.17 10:50,주,화,1,0,0,차량단독,기타,기타,단일로,기타단일로,이륜차,없음
2018.6.28 2:03,야,목,1,0,0,차대사람,차도통행중,차도통행중,단일로,기타단일로,승용차,보행자
2018.9.20 9:15,주,목,1,0,0,차대사람,횡단중,횡단중,교차로,교차로내,화물차,보행자
2018.4.3 20:30,야,화,1,1,0,차대사람,횡단중,횡단중,교차로,교차로내,이륜차,보행자
2018.1.29 14:35,주,월,1,0,0,차대사람,횡단중,횡단중,교차로,교차로내,승용차,보행자
2018.6.23 22:33,야,토,1,0,0,차대사람,횡단중,횡단중,단일로,기타단일로,승용차,보행자
2018.4.2 14:35,주,월,1,0,0,차대사람,기타,기타,교차로,교차로횡단보도내,화물차,보행자
2018.1.13 12:20,주,토,1,0,0,차대사람,길가장자리구역통행중,길가장자리구역통행중,단일로,기타단일로,승용차,보행자
2018.10.2 19:56,야,화,1,0,0,차대사람,차도통행중,차도통행중,단일로,기타단일로,승용차,보행자
2018.11.27 10:00,주,화,1,0,0,차량단독,기타,기타,교차로,교차로부근,승합차,없음
2018.9.13 8:30,주,목,1,0,0,차대사람,횡단중,횡단중,교차로,교차로횡단보도내,건설기계,보행자
2018.1.30 6:00,주,화,1,0,0,차대사람,횡단중,횡단중,단일로,기타단일로,승용차,보행자
2018.4.29 11:15,주,일,1,0,0,차대차,측면충돌,측면충돌,단일로,기타단일로,승용차,자전거
2018.1.2 0:10,야,화,1,0,0,차대차,추돌,추돌,기타,기타,승용차,승용차
2018.8.12 21:23,야,일,1,0,0,차대사람,횡단중,횡단중,단일로,기타단일로,승용차,보행자
2018.3.14 6:20,주,수,1,0,0,차대사람,횡단중,횡단중,교차로,교차로횡단보도내,승용차,보행자
2018.2.8 7:10,주,목,1,0,0,차대사람,횡단중,횡단중,교차로,교차로내,승용차,보행자
2018.3.16 10:10,주,금,1,0,0,차대차,측면충돌,측면충돌,단일로,기타단일로,승용차,자전거
2018.3.29 19:10,야,목,1,0,0,차대사람,횡단중,횡단중,교차로,교차로부근,승용차,보행자
2018.6.28 6:05,주,목,1,1,1,차대차,정면충돌,정면충돌,교차로,교차로내,화물차,승용차
2018.9.11 11:15,주,화,1,0,1,차대차,추돌,추돌,교차로,교차로부근,화물차,화물차
2018.10.3 19:15,야,수,1,0,0,차량단독,공작물충돌,공작물충돌,교차로,교차로부근,화물차,없음
2018.8.11 14:22,주,토,1,0,0,차량단독,기타,기타,단일로,기타단일로,사륜오토바이(ATV),없음
2018.4.6 7:00,주,금,1,0,0,차량단독,전도,전도,단일로,기타단일로,승용차,없음
2018.11.16 7:45,주,금,1,0,1,차대차,추돌,추돌,단일로,기타단일로,건설기계,승용차
2018.12.21 5:46,야,금,1,0,0,차대사람,기타,기타,단일로,기타단일로,화물차,보행자
2018.6.20 20:37,야,수,1,0,0,차대사람,차도통행중,차도통행중,단일로,기타단일로,승용차,보행자