발생년월일시,주야,요일,사망자수,중상자수,경상자수,사고유형_대분류,사고유형_중분류,사고유형,도로형태_대분류,도로형태,당사자종별_1당_대분류,당사자종별_2당_대분류
2018.2.27 15:40,주,화,1,0,0,차대차,측면충돌,측면충돌,교차로,교차로내,승용차,자전거
2018.5.17 12:19,주,목,1,0,0,차대사람,기타,기타,단일로,기타단일로,승용차,보행자
2018.10.24 22:00,야,수,1,0,0,차대사람,횡단중,횡단중,단일로,기타단일로,승용차,보행자
2018.9.9 1:40,야,일,1,0,0,차대사람,횡단중,횡단중,단일로,기타단일로,화물차,보행자
2018.8.20 10:20,주,월,1,0,0,차대차,측면충돌,측면충돌,교차로,교차로내,이륜차,승합차
2018.1.2 13:22,주,화,1,0,0,차대사람,횡단중,횡단중,교차로,교차로내,승용차,보행자
2018.12.21 1:00,야,금,1,0,0,차대사람,기타,기타,단일로,기타단일로,승용차,보행자
2018.12.12 18:47,야,수,1,0,0,차대사람,횡단중,횡단중,단일로,기타단일로,승용차,보행자
2018.7.26 7:45,주,목,2,0,1,차대차,기타,기타,단일로,기타단일로,이륜차,화물차
2018.7.15 8:52,주,일,1,0,0,차대사람,횡단중,횡단중,교차로,교차로내,승용차,보행자
2018.8.10 22:34,야,금,1,0,0,차량단독,공작물충돌,공작물충돌,단일로,기타단일로,승용차,없음
2018.2.16 11:40,주,금,1,1,1,차대차,추돌,추돌,단일로,기타단일로,승용차,건설기계
2018.4.2 5:00,야,월,1,0,0,차대사람,횡단중,횡단중,단일로,기타단일로,승용차,보행자
2018.3.29 9:15,주,목,1,1,0,차량단독,공작물충돌,공작물충돌,단일로,기타단일로,이륜차,없음
2018.1.9 21:40,야,화,1,0,0,차대사람,기타,기타,단일로,기타단일로,승합차,보행자
2018.11.16 18:05,야,금,1,0,0,차대차,추돌,추돌,단일로,기타단일로,승용차,농기계
2018.12.18 3:00,야,화,1,0,0,차량단독,전복,전복,단일로,기타단일로,승용차,없음
2018.3.15 18:27,야,목,1,0,0,차대사람,횡단중,횡단중,단일로,기타단일로,화물차,보행자
2018.8.27 22:57,야,월,2,2,0,차대차,추돌,추돌,단일로,기타단일로,승용차,승합차
2018.1.21 7:00,주,일,1,0,0,차량단독,기타,기타,단일로,기타단일로,승용차,없음
2018.3.30 23:10,야,금,1,0,0,차대사람,횡단중,횡단중,단일로,기타단일로,화물차,보행자
2018.3.29 13:20,주,목,1,0,0,차량단독,전도,전도,단일로,기타단일로,사륜오토바이(ATV),없음
2018.8.9 14:27,주,목,1,0,0,차대사람,횡단중,횡단중,단일로,기타단일로,화물차,보행자
2018.4.21 11:10,주,토,1,0,0,차대사람,차도통행중,차도통행중,단일로,기타단일로,승용차,보행자
2018.12.24 20:35,야,월,1,0,0,차대사람,차도통행중,차도통행중,단일로,기타단일로,승합차,보행자
2018.4.13 21:33,야,금,1,0,0,차대사람,횡단중,횡단중,단일로,기타단일로,승용차,보행자
2018.12.31 20:16,야,월,1,0,0,차대사람,기타,기타,단일로,기타단일로,승용차,보행자
2018.1.3 6:05,주,수,2,0,0,차대사람,보도통행중,보도통행중,단일로,기타단일로,화물차,보행자
2018.2.9 1:40,야,금,1,0,0,차량단독,전도,전도,단일로,기타단일로,승용차,없음
2018.11.1 6:08,주,목,1,0,0,차대사람,기타,기타,교차로,교차로내,승용차,보행자
2018.4.1 0:44,야,일,1,0,0,차대사람,기타,기타,교차로,교차로부근,승용차,보행자
2018.4.6 12:57,주,금,1,0,0,차대차,측면충돌,측면충돌,교차로,교차로내,승용차,이륜차
2018.6.22 23:35,야,금,1,0,0,차대차,측면충돌,측면충돌,단일로,기타단일로,화물차,이륜차
2018.11.14 12:27,주,수,1,0,0,차대차,측면충돌,측면충돌,단일로,교량위,자전거,승용차
2018.8.14 0:35,야,화,1,0,0,차량단독,공작물충돌,공작물충돌,기타,기타,이륜차,없음
2018.1.13 1:20,야,토,1,0,2,차대사람,기타,기타,교차로,교차로내,승용차,보행자
2018.11.28 2:20,야,수,1,0,0,차량단독,전복,전복,교차로,교차로내,승용차,없음
2018.6.5 23:10,야,화,1,0,1,차대사람,횡단중,횡단중,단일로,기타단일로,승합차,보행자
2018.5.3 17:06,주,목,1,0,0,차대사람,횡단중,횡단중,단일로,기타단일로,승합차,보행자
2018.3.8 21:40,야,목,1,0,0,차대사람,차도통행중,차도통행중,단일로,기타단일로,화물차,보행자
2018.3.7 20:27,야,수,1,0,0,차대사람,횡단중,횡단중,교차로,교차로횡단보도내,승합차,보행자
2018.1.20 18:10,야,토,1,0,0,차대사람,보도통행중,보도통행중,단일로,기타단일로,승용차,보행자
2018.7.2 1:58,야,월,1,0,0,차대차,기타,기타,기타,기타,화물차,승용차
2018.4.6 1:55,야,금,1,0,0,차대사람,횡단중,횡단중,교차로,교차로부근,승용차,보행자
2018.3.18 7:20,주,일,1,1,1,차대차,정면충돌,정면충돌,교차로,교차로내,이륜차,승합차
2018.12.4 7:30,주,화,1,0,0,차대사람,횡단중,횡단중,교차로,교차로내,특수차,보행자
2018.8.21 16:50,주,화,1,1,1,차대차,측면충돌,측면충돌,교차로,교차로내,이륜차,승합차
2018.6.28 23:00,야,목,1,2,0,차대차,기타,기타,교차로,교차로내,이륜차,승용차
2018.1.6 23:00,야,토,1,1,0,차대차,추돌,추돌,기타,기타,승용차,승용차
2018.7.7 10:30,주,토,1,0,0,차대차,정면충돌,정면충돌,교차로,교차로부근,승용차,자전거
2018.1.22 6:00,주,월,1,4,4,차대차,측면충돌,측면충돌,교차로,교차로내,승용차,승합차
2018.6.1 2:10,야,금,1,0,0,차대차,추돌,추돌,단일로,기타단일로,원동기장치자전거,승용차
2018.1.8 23:58,야,월,1,0,0,차대사람,기타,기타,단일로,기타단일로,승용차,보행자
2018.11.22 22:30,야,목,1,0,0,차대사람,기타,기타,단일로,기타단일로,승용차,보행자
2018.12.6 6:34,주,목,1,0,0,차대사람,기타,기타,교차로,교차로횡단보도내,건설기계,보행자
2018.9.21 4:00,야,금,1,0,0,차대사람,횡단중,횡단중,단일로,기타단일로,승용차,보행자
2018.8.9 6:03,주,목,1,0,1,차대차,추돌,추돌,단일로,기타단일로,화물차,화물차
2018.4.5 22:38,야,목,1,0,0,차대사람,횡단중,횡단중,단일로,기타단일로,화물차,보행자
2018.5.8 19:23,야,화,1,0,0,차대차,측면충돌,측면충돌,교차로,교차로내,이륜차,승합차
2018.9.12 0:02,야,수,1,0,0,차량단독,기타,기타,단일로,기타단일로,이륜차,없음
2018.11.20 15:13,주,화,1,0,0,차대사람,횡단중,횡단중,교차로,교차로횡단보도내,건설기계,보행자
2018.3.26 5:25,야,월,1,0,0,차대사람,횡단중,횡단중,단일로,기타단일로,승용차,보행자
2018.12.25 5:25,야,화,1,0,0,차대사람,차도통행중,차도통행중,단일로,기타단일로,건설기계,보행자
2018.1.22 11:55,주,월,1,0,1,차대차,측면충돌,측면충돌,교차로,교차로내,건설기계,승용차
2018.10.11 16:15,주,목,1,0,0,차대사람,기타,기타,교차로,교차로횡단보도내,승합차,보행자
2018.12.30 10:05,주,일,1,0,0,차량단독,공작물충돌,공작물충돌,단일로,기타단일로,이륜차,없음
2018.2.27 22:01,야,화,1,0,0,차대사람,기타,기타,단일로,기타단일로,승용차,보행자
2018.4.6 3:20,야,금,1,0,0,차량단독,공작물충돌,공작물충돌,교차로,교차로부근,승용차,없음
2018.9.11 3:25,야,화,1,0,0,차대사람,횡단중,횡단중,단일로,기타단일로,화물차,보행자
2018.8.25 5:00,야,토,1,0,0,차대사람,횡단중,횡단중,단일로,기타단일로,승용차,보행자
2018.2.2 5:55,야,금,1,0,0,차대사람,횡단중,횡단중,교차로,교차로내,승용차,보행자
2018.5.12 8:15,주,토,1,0,0,차대사람,횡단중,횡단중,단일로,기타단일로,화물차,보행자
2018.11.2 11:00,주,금,1,0,0,차대사람,차도통행중,차도통행중,단일로,기타단일로,화물차,보행자
2018.5.27 12:52,주,일,1,1,2,차대차,측면충돌,측면충돌,교차로,교차로내,승용차,승용차
2018.3.30 23:10,야,금,1,0,0,차대사람,횡단중,횡단중,단일로,기타단일로,승용차,보행자
2018.1.11 5:20,야,목,1,0,0,차량단독,기타,기타,단일로,터널안,이륜차,없음
2018.12.1 15:45,주,토,1,0,0,차대사람,횡단중,횡단중,교차로,교차로내,승용차,보행자
2018.3.8 6:30,주,목,1,0,0,차대사람,차도통행중,차도통행중,단일로,기타단일로,승용차,보행자
2018.5.22 2:40,야,화,1,1,0,차량단독,공작물충돌,공작물충돌,단일로,기타단일로,승용차,없음
2018.9.5 15:14,주,수,1,0,0,차대차,측면충돌,측면충돌,교차로,교차로내,화물차,원동기장치자전거
2018.2.22 18:43,야,목,1,1,4,차대차,추돌,추돌,교차로,교차로부근,이륜차,화물차
2018.9.13 20:20,야,목,1,0,0,차대사람,기타,기타,교차로,교차로내,승용차,보행자
2018.7.9 9:35,주,월,1,1,0,차대차,기타,기타,단일로,기타단일로,승용차,화물차
2018.10.14 1:20,야,일,1,0,0,차량단독,공작물충돌,공작물충돌,교차로,교차로내,이륜차,없음
2018.10.16 15:39,주,화,1,0,0,차대사람,차도통행중,차도통행중,교차로,교차로부근,승합차,보행자
2018.8.11 4:10,야,토,1,0,1,차대차,기타,기타,단일로,기타단일로,화물차,승용차
2018.7.6 12:35,주,금,1,0,0,차대사람,기타,기타,단일로,기타단일로,승용차,보행자
2018.2.8 17:35,주,목,1,0,0,차대차,측면충돌,측면충돌,교차로,교차로횡단보도내,자전거,승합차
2018.8.31 23:35,야,금,1,0,0,차대사람,차도통행중,차도통행중,교차로,교차로부근,승합차,보행자
2018.1.27 6:07,주,토,1,0,1,차대차,정면충돌,정면충돌,교차로,교차로내,승용차,승용차
2018.6.7 20:30,야,목,1,1,0,차대사람,길가장자리구역통행중,길가장자리구역통행중,교차로,교차로부근,승용차,보행자
2018.9.9 4:00,야,일,1,0,0,차대사람,차도통행중,차도통행중,단일로,기타단일로,화물차,보행자
2018.7.3 4:45,야,화,1,0,0,차대사람,횡단중,횡단중,단일로,교량위,화물차,보행자
2018.7.10 17:11,주,화,1,0,0,차량단독,도로이탈,도로이탈 추락,단일로,기타단일로,이륜차,없음
2018.2.3 14:35,주,토,1,0,0,차대차,측면충돌,측면충돌,단일로,기타단일로,건설기계,원동기장치자전거
2018.9.8 19:20,야,토,1,0,0,차대차,측면충돌,측면충돌,단일로,기타단일로,승용차,자전거
2018.10.4 23:40,야,목,1,0,1,차대차,측면충돌,측면충돌,교차로,교차로내,승용차,승합차
2018.9.1 15:28,주,토,1,0,0,차대차,기타,기타,교차로,교차로내,승용차,자전거
2018.12.20 13:55,주,목,1,0,0,차대차,기타,기타,단일로,기타단일로,승용차,이륜차
2018.9.18 16:12,주,화,1,0,0,차대차,측면충돌,측면충돌,교차로,교차로내,불명,원동기장치자전거
2018.9.11 9:53,주,화,1,0,0,차대사람,횡단중,횡단중,단일로,기타단일로,승용차,보행자
2018.1.26 11:40,주,금,1,0,0,차대차,정면충돌,정면충돌,단일로,기타단일로,승용차,이륜차
2018.6.27 16:50,주,수,1,0,0,차량단독,전도,전도,교차로,교차로부근,농기계,없음
2018.1.29 23:55,야,월,1,0,0,차량단독,공작물충돌,공작물충돌,교차로,교차로부근,화물차,없음
2018.4.29 23:40,야,일,1,2,2,차대차,측면충돌,측면충돌,교차로,교차로내,승용차,승합차
2018.9.14 22:59,야,금,1,0,0,차대사람,횡단중,횡단중,교차로,교차로횡단보도내,승합차,보행자
2018.11.11 21:10,야,일,1,1,0,차대차,정면충돌,정면충돌,단일로,기타단일로,승용차,승용차
2018.12.27 1:56,야,목,1,0,0,차량단독,기타,기타,교차로,교차로내,원동기장치자전거,없음
2018.9.25 3:00,야,화,1,0,0,차대사람,횡단중,횡단중,교차로,교차로내,승용차,보행자
2018.10.21 16:15,주,일,1,0,0,차대사람,기타,기타,교차로,교차로내,화물차,보행자
2018.5.28 17:56,주,월,1,0,0,차대사람,횡단중,횡단중,단일로,기타단일로,승용차,보행자
2018.1.10 15:00,주,수,1,1,1,차대차,측면충돌,측면충돌,교차로,교차로내,화물차,승용차
2018.10.8 3:45,야,월,1,1,1,차대차,기타,기타,교차로,교차로내,이륜차,화물차
2018.3.22 2:00,야,목,1,0,0,차대사람,차도통행중,차도통행중,단일로,기타단일로,승용차,보행자
2018.9.20 21:10,야,목,1,0,0,차대사람,횡단중,횡단중,단일로,기타단일로,화물차,보행자
2018.10.17 3:40,야,수,1,0,0,차량단독,전복,전복,단일로,기타단일로,이륜차,없음
2018.6.20 20:00,야,수,1,0,0,차대사람,기타,기타,단일로,기타단일로,승용차,보행자
2018.9.4 18:09,야,화,1,0,1,차대차,추돌,추돌,단일로,기타단일로,이륜차,승용차
2018.12.24 8:16,주,월,1,0,0,차대사람,횡단중,횡단중,교차로,교차로횡단보도내,화물차,보행자
2018.11.11 3:40,야,일,1,0,0,차대차,추돌,추돌,단일로,기타단일로,승용차,화물차
2018.7.26 1:05,야,목,1,0,0,차대차,측면충돌,측면충돌,교차로,교차로내,이륜차,승용차
2018.2.10 3:20,야,토,1,0,0,차대차,추돌,추돌,기타,기타,승용차,화물차
2018.2.20 5:28,야,화,1,0,1,차대차,추돌,추돌,단일로,기타단일로,승용차,화물차
2018.3.26 16:10,주,월,1,0,0,차대차,추돌,추돌,단일로,기타단일로,화물차,화물차
2018.4.14 16:30,주,토,1,0,0,차량단독,공작물충돌,공작물충돌,단일로,기타단일로,화물차,없음
2018.3.6 23:40,야,화,1,1,1,차대차,기타,기타,단일로,기타단일로,승용차,승용차
2018.10.3 17:23,주,수,1,0,0,차대차,기타,기타,단일로,기타단일로,승용차,승용차
2018.1.1 3:20,야,월,1,2,0,차량단독,공작물충돌,공작물충돌,단일로,기타단일로,승용차,없음
2018.5.31 6:13,주,목,1,0,0,차대차,추돌,추돌,단일로,기타단일로,승용차,이륜차
2018.8.3 22:33,야,금,1,0,0,차대사람,횡단중,횡단중,교차로,교차로부근,승합차,보행자
2018.7.19 7:10,주,목,1,0,0,차대차,측면충돌,측면충돌,기타,기타,화물차,이륜차
2018.1.16 0:00,야,화,1,0,0,차대사람,차도통행중,차도통행중,단일로,기타단일로,승용차,보행자
2018.3.7 19:55,야,수,1,0,0,차대사람,횡단중,횡단중,단일로,기타단일로,승용차,보행자
2018.5.2 19:40,야,수,1,0,0,차대사람,횡단중,횡단중,교차로,교차로횡단보도내,승합차,보행자
2018.10.23 8:23,주,화,1,0,0,차대사람,횡단중,횡단중,교차로,교차로내,화물차,보행자
2018.8.22 5:20,야,수,1,2,0,차대차,추돌,추돌,교차로,교차로부근,건설기계,승용차
2018.7.3 16:15,주,화,1,0,0,차대사람,횡단중,횡단중,교차로,교차로내,승합차,보행자
2018.4.28 22:28,야,토,1,0,0,차대사람,횡단중,횡단중,단일로,기타단일로,승용차,보행자
2018.7.20 13:25,주,금,1,0,0,차량단독,기타,기타,단일로,기타단일로,승용차,없음
2018.3.27 15:24,주,화,1,0,0,차량단독,도로이탈,도로이탈 추락,단일로,기타단일로,이륜차,없음
2018.10.17 16:35,주,수,1,0,0,차대사람,기타,기타,단일로,기타단일로,화물차,보행자
2018.4.16 21:25,야,월,1,0,0,차대사람,횡단중,횡단중,단일로,기타단일로,승합차,보행자
2018.6.19 21:40,야,화,1,0,0,차량단독,전복,전복,단일로,기타단일로,사륜오토바이(ATV),없음
2018.9.29 6:10,주,토,1,0,0,차대차,정면충돌,정면충돌,단일로,기타단일로,화물차,이륜차
2018.6.15 4:25,야,금,1,0,0,차대차,추돌,추돌,교차로,교차로내,승용차,승용차
2018.8.11 23:25,야,토,1,0,0,차대차,추돌,추돌,단일로,기타단일로,승용차,자전거
2018.12.23 12:10,주,일,1,0,0,차대차,후진중충돌,후진중충돌,단일로,기타단일로,승용차,승용차
2018.10.20 19:40,야,토,1,0,0,차대사람,횡단중,횡단중,단일로,기타단일로,승용차,보행자
2018.10.12 15:30,주,금,1,0,0,차량단독,기타,기타,교차로,교차로부근,농기계,없음
2018.2.19 16:00,주,월,1,0,1,차대차,정면충돌,정면충돌,단일로,기타단일로,승용차,건설기계
2018.10.22 13:51,주,월,1,1,0,차량단독,전도,전도,단일로,기타단일로,이륜차,없음
2018.6.23 19:50,야,토,1,0,0,차대차,측면충돌,측면충돌,단일로,지하차도(도로)내,화물차,승용차
2018.5.27 13:25,주,일,1,0,0,차량단독,전복,전복,단일로,기타단일로,화물차,없음
2018.7.25 11:55,주,수,2,1,0,차대차,정면충돌,정면충돌,단일로,교량위,승용차,승용차
2018.4.12 3:16,야,목,1,0,0,차량단독,도로이탈,도로이탈 추락,단일로,지하차도(도로)내,승용차,없음
2018.12.2 17:18,주,일,1,0,0,차량단독,도로이탈,도로이탈 추락,단일로,기타단일로,승용차,없음
2018.10.8 18:35,야,월,1,0,0,차대사람,횡단중,횡단중,교차로,교차로부근,화물차,보행자
2018.2.23 21:00,야,금,1,4,2,차대차,측면충돌,측면충돌,단일로,터널안,승용차,승용차
2018.10.8 19:02,야,월,1,0,0,차대사람,차도통행중,차도통행중,단일로,기타단일로,승용차,보행자
2018.8.11 10:30,주,토,1,0,0,차대차,측면충돌,측면충돌,교차로,교차로부근,자전거,자전거
2018.6.28 9:05,주,목,1,0,0,차대차,측면충돌,측면충돌,교차로,교차로내,원동기장치자전거,승용차
2018.4.4 22:40,야,수,1,2,0,차대사람,횡단중,횡단중,단일로,기타단일로,승합차,보행자
2018.8.14 9:08,주,화,1,0,2,차대차,측면충돌,측면충돌,교차로,교차로내,화물차,승용차
2018.11.23 9:43,주,금,1,0,0,차대사람,횡단중,횡단중,교차로,교차로내,화물차,보행자
2018.5.4 11:27,주,금,1,0,1,차대차,측면충돌,측면충돌,단일로,기타단일로,화물차,건설기계
2018.2.5 7:06,주,월,1,0,0,차대사람,기타,기타,단일로,기타단일로,화물차,보행자
2018.6.12 10:05,주,화,1,0,0,철길건널목,철길건널목,철길건널목,철길건널목,철길건널목,이륜차,기타
2018.10.27 7:00,주,토,1,0,0,차대차,정면충돌,정면충돌,교차로,교차로내,건설기계,승용차
2018.10.18 23:45,야,목,1,0,3,차대차,추돌,추돌,단일로,기타단일로,승합차,승용차
2018.1.30 15:50,주,화,1,0,0,차량단독,기타,기타,기타,기타,건설기계,없음
2018.6.4 18:45,야,월,1,0,0,차량단독,기타,기타,단일로,기타단일로,이륜차,없음
2018.9.3 19:45,야,월,1,0,0,차대차,추돌,추돌,단일로,기타단일로,이륜차,건설기계
2018.9.6 20:30,야,목,1,0,0,차대차,정면충돌,정면충돌,단일로,기타단일로,승용차,승합차
2018.8.18 17:45,주,토,1,0,0,차대차,정면충돌,정면충돌,교차로,교차로내,화물차,이륜차
2018.8.16 16:12,주,목,1,0,0,차량단독,도로이탈,도로이탈 추락,교차로,교차로내,원동기장치자전거,없음
2018.2.20 13:25,주,화,1,2,0,차대차,추돌,추돌,단일로,교량위,화물차,승용차
2018.2.15 2:20,야,목,2,0,0,차대차,정면충돌,정면충돌,단일로,기타단일로,승용차,화물차
2018.2.21 0:28,야,수,1,0,0,차량단독,전도,전도,교차로,교차로부근,승합차,없음
2018.9.13 5:30,야,목,1,2,0,차대차,추돌,추돌,교차로,교차로부근,화물차,화물차
2018.8.8 19:25,야,수,1,0,0,차대사람,기타,기타,기타,기타,화물차,보행자
2018.10.26 6:32,주,금,1,0,0,차대사람,기타,기타,교차로,교차로내,승용차,보행자
2018.7.21 10:18,주,토,1,0,0,차대차,기타,기타,교차로,교차로내,승용차,이륜차
2018.6.4 4:35,야,월,1,2,0,차대차,측면충돌,측면충돌,교차로,교차로내,승용차,화물차
2018.5.1 5:10,야,화,1,0,0,차대사람,횡단중,횡단중,교차로,교차로내,승용차,보행자
2018.4.22 2:00,야,일,1,0,0,차량단독,기타,기타,단일로,기타단일로,승용차,없음
2018.7.25 7:00,주,수,1,0,0,차대차,측면충돌,측면충돌,교차로,교차로내,화물차,이륜차
2018.5.8 13:20,주,화,1,0,0,차대사람,횡단중,횡단중,단일로,기타단일로,화물차,보행자
2018.8.25 15:22,주,토,1,0,0,차대사람,차도통행중,차도통행중,단일로,지하차도(도로)내,승용차,보행자
2018.12.12 21:27,야,수,1,0,0,차량단독,공작물충돌,공작물충돌,교차로,교차로부근,승용차,없음
2018.2.13 0:40,야,화,1,2,0,차대차,추돌,추돌,단일로,기타단일로,특수차,화물차
2018.12.18 7:20,주,화,1,0,0,차대차,추돌,추돌,기타,기타,승합차,화물차
2018.11.16 13:30,주,금,1,2,0,차대차,추돌,추돌,단일로,기타단일로,특수차,승용차
2018.8.10 22:40,야,금,1,0,0,차대차,추돌,추돌,단일로,기타단일로,이륜차,농기계
2018.9.14 18:10,야,금,1,0,0,차대차,측면충돌,측면충돌,단일로,기타단일로,화물차,이륜차
2018.11.7 14:10,주,수,1,0,0,차량단독,도로이탈,도로이탈 기타,단일로,기타단일로,농기계,없음
2018.8.4 16:00,주,토,1,0,0,차량단독,전도,전도,단일로,기타단일로,이륜차,없음
2018.11.24 4:55,야,토,1,0,0,차대사람,횡단중,횡단중,단일로,기타단일로,승용차,보행자
2018.12.12 8:52,주,수,1,0,0,차대사람,기타,기타,교차로,교차로부근,승용차,보행자
2018.3.20 5:55,야,화,1,0,0,차대사람,횡단중,횡단중,교차로,교차로부근,승용차,보행자
2018.7.20 12:40,주,금,1,0,0,차대사람,횡단중,횡단중,교차로,교차로횡단보도내,승용차,보행자
2018.10.21 18:50,야,일,1,0,0,차대차,추돌,추돌,단일로,기타단일로,승용차,건설기계
2018.12.21 7:10,주,금,1,0,0,차대사람,기타,기타,단일로,기타단일로,화물차,보행자
2018.12.4 7:30,주,화,1,0,2,차량단독,공작물충돌,공작물충돌,단일로,기타단일로,승합차,없음
2018.4.15 22:55,야,일,1,0,0,차량단독,공작물충돌,공작물충돌,단일로,기타단일로,승용차,없음
2018.11.7 19:00,야,수,1,0,1,차량단독,기타,기타,교차로,교차로부근,승합차,없음
2018.11.13 4:12,야,화,1,0,0,차대차,기타,기타,교차로,교차로내,승용차,이륜차
2018.5.15 2:10,야,화,1,4,0,차대차,기타,기타,교차로,교차로부근,승용차,승합차
2018.9.10 15:35,주,월,1,0,0,차대차,추돌,추돌,단일로,기타단일로,이륜차,승용차
2018.11.17 13:40,주,토,1,0,0,차량단독,공작물충돌,공작물충돌,단일로,기타단일로,원동기장치자전거,없음
2018.3.29 8:20,주,목,1,0,0,차대차,측면충돌,측면충돌,교차로,교차로내,승용차,이륜차
2018.5.17 17:00,주,목,1,0,0,차량단독,도로이탈,도로이탈 기타,단일로,기타단일로,승용차,없음
2018.10.21 18:20,야,일,1,0,1,차대차,추돌,추돌,단일로,기타단일로,승용차,농기계
2018.11.15 17:50,주,목,1,0,0,차대사람,횡단중,횡단중,단일로,기타단일로,승용차,보행자
2018.9.7 10:15,주,금,1,0,0,차대차,기타,기타,교차로,교차로내,승합차,이륜차
2018.5.12 14:15,주,토,1,0,0,차대차,추돌,추돌,단일로,기타단일로,화물차,특수차
2018.2.6 5:35,야,화,1,0,0,차대사람,횡단중,횡단중,단일로,기타단일로,승용차,보행자
2018.5.27 16:45,주,일,1,2,0,차대차,정면충돌,정면충돌,단일로,기타단일로,승용차,승용차
2018.9.25 2:00,야,화,1,0,0,차대사람,기타,기타,교차로,교차로내,화물차,보행자
2018.3.7 17:50,주,수,2,1,1,차대차,정면충돌,정면충돌,단일로,기타단일로,승용차,승용차
2018.3.9 17:00,주,금,1,0,0,차대차,측면충돌,측면충돌,교차로,교차로내,승용차,이륜차
2018.1.8 18:00,야,월,1,0,0,차대사람,횡단중,횡단중,단일로,기타단일로,승용차,보행자
2018.9.7 7:50,주,금,1,0,0,차량단독,공작물충돌,공작물충돌,단일로,기타단일로,화물차,없음
2018.11.15 7:59,주,목,1,0,0,차량단독,공작물충돌,공작물충돌,교차로,교차로내,승용차,없음
2018.10.8 9:20,주,월,1,0,0,차량단독,전도,전도,단일로,기타단일로,농기계,없음
2018.9.23 19:25,야,일,1,0,0,차대사람,차도통행중,차도통행중,단일로,기타단일로,화물차,보행자
2018.1.5 6:50,주,금,1,0,0,차대사람,기타,기타,단일로,기타단일로,승용차,보행자
2018.2.25 13:30,주,일,1,0,0,차량단독,도로이탈,도로이탈 추락,단일로,기타단일로,이륜차,없음
2018.6.10 10:50,주,일,1,0,0,차대차,추돌,추돌,단일로,기타단일로,이륜차,화물차
2018.4.26 14:05,주,목,1,0,0,차대사람,횡단중,횡단중,단일로,기타단일로,승용차,보행자
2018.7.2 6:25,주,월,1,0,0,차대차,측면충돌,측면충돌,기타,기타,승용차,자전거
2018.5.1 8:20,주,화,1,0,1,차대차,측면충돌,측면충돌,교차로,교차로부근,자전거,이륜차
2018.4.9 17:24,주,월,1,0,0,차대사람,횡단중,횡단중,교차로,교차로내,승용차,보행자
2018.3.30 19:00,야,금,1,0,0,차량단독,공작물충돌,공작물충돌,교차로,교차로부근,화물차,없음
2018.1.16 18:05,야,화,1,0,0,차대사람,횡단중,횡단중,단일로,기타단일로,화물차,보행자
2018.3.4 6:45,주,일,1,0,0,차대사람,횡단중,횡단중,교차로,교차로부근,승용차,보행자
2018.10.19 12:12,주,금,1,0,0,차대사람,기타,기타,단일로,기타단일로,승용차,보행자
2018.9.20 18:49,야,목,1,0,0,차대사람,횡단중,횡단중,단일로,기타단일로,승용차,보행자
2018.6.19 23:20,야,화,1,1,0,차대차,기타,기타,교차로,교차로내,화물차,승합차
2018.12.22 16:40,주,토,1,2,0,차대차,기타,기타,단일로,기타단일로,승합차,승용차
2018.9.13 0:01,야,목,1,1,0,차대사람,기타,기타,기타,기타,화물차,보행자
2018.10.27 15:54,주,토,1,0,0,차대차,추돌,추돌,단일로,기타단일로,화물차,승용차
2018.5.21 22:50,야,월,1,0,1,차대차,추돌,추돌,기타,기타,화물차,승용차
2018.3.15 0:10,야,목,1,0,0,차대차,기타,기타,단일로,기타단일로,승용차,화물차
2018.4.30 4:20,야,월,1,0,1,차대차,측면충돌,측면충돌,교차로,교차로내,승용차,화물차
2018.8.8 23:01,야,수,1,1,1,차대차,측면충돌,측면충돌,교차로,교차로부근,승용차,특수차
2018.10.7 13:50,주,일,1,0,0,차대차,측면충돌,측면충돌,교차로,교차로내,승용차,이륜차
2018.6.25 22:10,야,월,1,0,0,차대사람,횡단중,횡단중,단일로,기타단일로,화물차,보행자
2018.1.25 18:40,야,목,1,0,0,차대사람,차도통행중,차도통행중,단일로,기타단일로,승용차,보행자
2018.3.18 3:15,야,일,1,0,0,차대차,정면충돌,정면충돌,단일로,지하차도(도로)내,자전거,승용차
2018.8.16 12:40,주,목,1,0,0,차량단독,전복,전복,단일로,기타단일로,사륜오토바이(ATV),없음
2018.10.31 18:30,야,수,1,0,0,차대차,추돌,추돌,단일로,기타단일로,이륜차,농기계
2018.7.20 8:20,주,금,1,0,0,차대차,측면충돌,측면충돌,단일로,기타단일로,화물차,자전거
2018.11.21 9:44,주,수,1,0,0,차량단독,기타,기타,교차로,교차로부근,원동기장치자전거,없음
2018.5.12 7:21,주,토,1,0,0,차대사람,횡단중,횡단중,단일로,기타단일로,승용차,보행자
2018.4.17 13:30,주,화,1,0,0,차량단독,공작물충돌,공작물충돌,단일로,기타단일로,화물차,없음
2018.1.18 13:50,주,목,1,0,1,차대차,정면충돌,정면충돌,교차로,교차로부근,화물차,승합차
2018.5.10 8:37,주,목,1,0,0,차대차,측면충돌,측면충돌,단일로,기타단일로,자전거,승용차
2018.5.14 16:49,주,월,1,0,0,차대차,추돌,추돌,단일로,기타단일로,승용차,이륜차
2018.9.20 14:25,주,목,1,0,0,차량단독,공작물충돌,공작물충돌,단일로,기타단일로,이륜차,없음
2018.8.11 5:20,야,토,1,0,0,차대차,추돌,추돌,단일로,기타단일로,승용차,자전거