발생년월일시,주야,요일,사망자수,중상자수,경상자수,사고유형_대분류,사고유형_중분류,사고유형,도로형태_대분류,도로형태,당사자종별_1당_대분류,당사자종별_2당_대분류
2018.8.24 14:08,주,금,1,0,0,차대차,측면충돌,측면충돌,교차로,교차로내,개인형이동수단(PM),화물차
2018.10.21 16:10,주,일,1,0,0,차대사람,기타,기타,단일로,기타단일로,화물차,보행자
2018.10.19 16:13,주,금,1,0,0,차대사람,기타,기타,기타,기타,승용차,보행자
2018.10.9 12:50,주,화,1,0,0,차대사람,횡단중,횡단중,교차로,교차로부근,화물차,보행자
2018.8.4 10:40,주,토,1,0,4,차대차,정면충돌,정면충돌,단일로,기타단일로,승용차,승용차
2018.7.19 11:20,주,목,1,0,0,차대차,측면충돌,측면충돌,교차로,교차로내,자전거,승용차
2018.12.19 17:53,주,수,2,0,0,차대차,추돌,추돌,교차로,교차로내,승합차,화물차
2018.6.14 12:25,주,목,1,0,0,차대사람,횡단중,횡단중,단일로,기타단일로,화물차,보행자
2018.10.19 18:40,야,금,1,1,0,차대차,추돌,추돌,단일로,기타단일로,화물차,농기계
2018.11.29 5:00,야,목,1,0,0,차량단독,공작물충돌,공작물충돌,교차로,교차로부근,화물차,없음
2018.5.6 6:10,주,일,1,0,0,차량단독,도로이탈,도로이탈 기타,단일로,기타단일로,승용차,없음
2018.3.8 9:50,주,목,1,0,0,차량단독,도로이탈,도로이탈 추락,단일로,지하차도(도로)내,농기계,없음
2018.1.27 6:45,주,토,1,2,3,차대차,추돌,추돌,단일로,기타단일로,화물차,화물차
2018.6.8 7:15,주,금,1,0,0,차량단독,전도,전도,기타,기타,특수차,없음
2018.7.21 4:20,야,토,1,1,0,차대차,기타,기타,교차로,교차로횡단보도내,자전거,이륜차
2018.8.18 8:30,주,토,1,0,0,차대사람,기타,기타,단일로,기타단일로,승용차,보행자
2018.3.17 11:50,주,토,1,0,0,차대사람,기타,기타,교차로,교차로내,화물차,보행자
2018.5.22 11:07,주,화,1,0,0,차량단독,도로이탈,도로이탈 추락,단일로,기타단일로,농기계,없음
2018.8.23 10:08,주,목,1,0,2,차대차,추돌,추돌,교차로,교차로내,승용차,승용차
2018.12.13 17:50,주,목,1,0,0,차대사람,횡단중,횡단중,단일로,기타단일로,화물차,보행자
2018.4.11 22:20,야,수,1,0,0,차대사람,횡단중,횡단중,단일로,기타단일로,승용차,보행자
2018.4.28 21:29,야,토,1,0,0,차대차,측면충돌,측면충돌,교차로,교차로내,원동기장치자전거,승용차
2018.1.23 10:30,주,화,1,2,6,차대차,측면충돌,측면충돌,단일로,기타단일로,승용차,승합차
2018.12.23 4:40,야,일,1,0,0,차대사람,기타,기타,단일로,기타단일로,승용차,보행자
2018.5.3 5:49,야,목,1,0,1,차대차,기타,기타,단일로,기타단일로,승용차,승용차
2018.8.10 5:46,야,금,1,0,0,차대사람,횡단중,횡단중,교차로,교차로횡단보도내,승용차,보행자
2018.11.5 19:45,야,월,1,0,0,차대사람,길가장자리구역통행중,길가장자리구역통행중,단일로,기타단일로,화물차,보행자
2018.8.4 15:47,주,토,1,0,0,차대차,측면충돌,측면충돌,단일로,기타단일로,화물차,이륜차
2018.3.2 19:58,야,금,1,0,1,차대사람,기타,기타,단일로,기타단일로,승용차,보행자
2018.1.26 19:00,야,금,1,0,0,차대사람,횡단중,횡단중,교차로,교차로횡단보도내,승합차,보행자
2018.1.26 18:40,야,금,1,0,0,차량단독,공작물충돌,공작물충돌,단일로,기타단일로,승용차,없음
2018.9.17 9:55,주,월,1,0,1,차량단독,기타,기타,단일로,기타단일로,사륜오토바이(ATV),없음
2018.9.6 7:04,주,목,1,0,0,차대차,측면충돌,측면충돌,단일로,기타단일로,승합차,사륜오토바이(ATV)
2018.11.9 11:00,주,금,1,0,0,차대차,정면충돌,정면충돌,교차로,교차로내,화물차,자전거
2018.3.17 9:40,주,토,1,0,0,차대사람,횡단중,횡단중,단일로,기타단일로,승합차,보행자
2018.4.17 19:51,야,화,1,0,2,차대차,추돌,추돌,단일로,기타단일로,승용차,농기계
2018.2.26 13:30,주,월,1,1,0,차량단독,도로이탈,도로이탈 추락,단일로,교량위,승용차,없음
2018.6.20 9:35,주,수,1,0,0,차대사람,차도통행중,차도통행중,단일로,교량위,화물차,보행자
2018.1.28 18:00,야,일,1,0,0,차량단독,도로이탈,도로이탈 추락,단일로,기타단일로,원동기장치자전거,없음
2018.12.29 19:10,야,토,1,0,0,차대차,기타,기타,교차로,교차로내,승합차,원동기장치자전거
2018.5.2 13:17,주,수,1,0,0,차량단독,기타,기타,단일로,기타단일로,사륜오토바이(ATV),없음
2018.9.6 5:30,야,목,1,0,0,차대사람,횡단중,횡단중,단일로,기타단일로,승용차,보행자
2018.6.1 14:05,주,금,1,0,0,차대차,기타,기타,단일로,기타단일로,승용차,자전거
2018.12.22 18:30,야,토,1,0,0,차대사람,길가장자리구역통행중,길가장자리구역통행중,단일로,기타단일로,화물차,보행자
2018.12.7 18:37,야,금,1,0,0,차대사람,차도통행중,차도통행중,단일로,기타단일로,승용차,보행자
2018.11.24 23:12,야,토,1,0,0,차량단독,공작물충돌,공작물충돌,단일로,기타단일로,이륜차,없음
2018.8.25 21:20,야,토,1,1,2,차대차,정면충돌,정면충돌,단일로,기타단일로,승용차,승용차
2018.9.20 19:00,야,목,1,0,0,차량단독,전도,전도,단일로,기타단일로,원동기장치자전거,없음
2018.2.13 9:55,주,화,1,0,0,차대사람,횡단중,횡단중,단일로,기타단일로,화물차,보행자
2018.7.14 10:00,주,토,1,0,0,차량단독,전도,전도,단일로,기타단일로,화물차,없음
2018.7.1 10:05,주,일,1,0,0,차량단독,도로이탈,도로이탈 기타,단일로,기타단일로,화물차,없음
2018.10.31 23:30,야,수,1,0,0,차량단독,공작물충돌,공작물충돌,교차로,교차로부근,승용차,없음
2018.8.21 19:17,야,화,1,0,0,차량단독,기타,기타,단일로,기타단일로,화물차,없음
2018.10.23 20:20,야,화,1,0,0,차량단독,기타,기타,단일로,기타단일로,이륜차,없음
2018.12.27 18:47,야,목,1,0,0,차대사람,기타,기타,단일로,기타단일로,승용차,보행자
2018.2.19 16:40,주,월,1,0,0,차량단독,기타,기타,단일로,기타단일로,사륜오토바이(ATV),없음
2018.4.20 15:00,주,금,1,0,0,차량단독,전복,전복,기타,기타,이륜차,없음
2018.11.12 6:30,주,월,1,0,0,차대차,기타,기타,단일로,기타단일로,승용차,화물차
2018.4.9 13:27,주,월,1,0,0,차대차,측면충돌,측면충돌,교차로,교차로부근,화물차,기타
2018.7.18 20:38,야,수,1,2,0,차대차,정면충돌,정면충돌,단일로,기타단일로,승용차,승합차
2018.7.5 16:42,주,목,1,0,0,차대차,측면충돌,측면충돌,교차로,교차로횡단보도내,이륜차,승합차
2018.12.26 15:02,주,수,1,3,0,차대차,정면충돌,정면충돌,단일로,터널안,화물차,승용차
2018.8.7 2:24,야,화,1,1,0,차량단독,공작물충돌,공작물충돌,단일로,지하차도(도로)내,화물차,없음
2018.9.26 18:00,야,수,1,0,0,차량단독,공작물충돌,공작물충돌,단일로,기타단일로,화물차,없음
2018.8.23 5:20,야,목,1,0,0,차대사람,기타,기타,교차로,교차로내,승용차,보행자
2018.9.6 4:35,야,목,1,0,0,차대사람,횡단중,횡단중,단일로,기타단일로,승용차,보행자
2018.1.22 7:18,주,월,1,0,0,차대사람,횡단중,횡단중,단일로,기타단일로,승용차,보행자
2018.2.13 4:16,야,화,1,0,0,차량단독,공작물충돌,공작물충돌,단일로,기타단일로,승용차,없음
2018.10.26 12:20,주,금,1,0,0,차대차,추돌,추돌,단일로,기타단일로,승용차,농기계
2018.7.13 17:37,주,금,1,1,1,차량단독,도로이탈,도로이탈 추락,단일로,기타단일로,화물차,없음
2018.9.24 12:35,주,월,1,0,0,차량단독,도로이탈,도로이탈 추락,단일로,기타단일로,이륜차,없음
2018.6.28 16:10,주,목,1,0,0,차대차,측면충돌,측면충돌,단일로,기타단일로,화물차,건설기계
2018.11.3 16:50,주,토,1,0,0,차량단독,전복,전복,교차로,교차로내,이륜차,없음
2018.11.30 6:20,주,금,1,0,0,차대사람,길가장자리구역통행중,길가장자리구역통행중,교차로,교차로내,화물차,보행자
2018.2.13 13:48,주,화,1,1,0,차대차,추돌,추돌,단일로,기타단일로,화물차,화물차
2018.2.23 4:30,야,금,1,0,0,차대차,추돌,추돌,단일로,기타단일로,화물차,특수차
2018.2.27 8:58,주,화,1,0,0,차대사람,횡단중,횡단중,단일로,기타단일로,화물차,보행자
2018.5.25 14:28,주,금,1,1,0,차대차,측면충돌,측면충돌,교차로,교차로내,특수차,이륜차
2018.10.8 10:00,주,월,1,0,0,차대사람,횡단중,횡단중,단일로,기타단일로,승용차,보행자
2018.1.29 14:55,주,월,1,0,0,차대차,측면충돌,측면충돌,교차로,교차로부근,이륜차,화물차
2018.9.19 20:25,야,수,1,0,0,차대사람,횡단중,횡단중,교차로,교차로부근,승용차,보행자
2018.9.25 12:05,주,화,1,0,0,차량단독,전도,전도,단일로,기타단일로,이륜차,없음
2018.8.31 16:26,주,금,1,0,0,차대사람,횡단중,횡단중,교차로,교차로횡단보도내,승용차,보행자
2018.11.1 11:40,주,목,1,0,1,차대차,정면충돌,정면충돌,단일로,기타단일로,이륜차,승용차
2018.12.10 4:50,야,월,1,0,0,차량단독,전복,전복,교차로,교차로부근,화물차,없음
2018.12.15 11:30,주,토,1,0,0,차대사람,차도통행중,차도통행중,교차로,교차로내,화물차,보행자
2018.3.13 9:55,주,화,1,0,0,차대차,측면충돌,측면충돌,교차로,교차로내,화물차,이륜차
2018.11.27 14:19,주,화,1,0,0,차대차,정면충돌,정면충돌,단일로,교량위,승합차,화물차
2018.10.23 6:05,주,화,1,0,0,차대사람,횡단중,횡단중,교차로,교차로내,승용차,보행자
2018.12.25 18:25,야,화,1,0,0,차대차,측면충돌,측면충돌,교차로,교차로부근,승용차,화물차
2018.3.16 18:59,야,금,1,0,0,차대사람,횡단중,횡단중,단일로,기타단일로,승합차,보행자
2018.1.16 11:49,주,화,1,1,0,차대차,기타,기타,교차로,교차로내,승용차,승용차
2018.1.26 10:47,주,금,1,0,1,차대차,정면충돌,정면충돌,단일로,기타단일로,승용차,승합차
2018.2.11 18:59,야,일,1,0,0,차대사람,차도통행중,차도통행중,단일로,기타단일로,승용차,보행자
2018.12.22 13:35,주,토,1,1,0,차대차,정면충돌,정면충돌,교차로,교차로부근,화물차,화물차
2018.2.1 22:29,야,목,3,1,0,차대차,정면충돌,정면충돌,단일로,기타단일로,승용차,승용차
2018.11.4 13:10,주,일,1,0,0,차량단독,도로이탈,도로이탈 추락,단일로,기타단일로,승용차,없음
2018.7.28 11:25,주,토,1,2,5,차대차,정면충돌,정면충돌,단일로,기타단일로,화물차,승합차
2018.12.6 6:50,주,목,1,2,0,차대차,기타,기타,단일로,기타단일로,화물차,건설기계
2018.7.1 5:11,야,일,1,0,0,차대사람,횡단중,횡단중,단일로,기타단일로,승용차,보행자
2018.12.19 12:00,주,수,1,0,0,차대차,측면충돌,측면충돌,단일로,기타단일로,화물차,자전거
2018.5.30 23:26,야,수,1,0,0,차량단독,기타,기타,단일로,기타단일로,이륜차,없음
2018.12.13 13:30,주,목,1,0,0,차대사람,횡단중,횡단중,교차로,교차로내,승합차,보행자
2018.1.7 14:38,주,일,1,0,0,차량단독,공작물충돌,공작물충돌,교차로,교차로부근,승용차,없음
2018.3.6 22:40,야,화,1,0,0,차대사람,횡단중,횡단중,단일로,기타단일로,승용차,보행자
2018.1.17 6:35,주,수,1,0,0,차대사람,횡단중,횡단중,단일로,기타단일로,화물차,보행자
2018.5.10 9:33,주,목,1,0,0,차대사람,차도통행중,차도통행중,단일로,기타단일로,승용차,보행자
2018.9.12 2:44,야,수,1,0,0,차대사람,기타,기타,단일로,기타단일로,승용차,보행자
2018.8.14 1:20,야,화,1,1,0,차대사람,기타,기타,단일로,기타단일로,승용차,보행자
2018.10.1 8:25,주,월,1,0,1,차량단독,공작물충돌,공작물충돌,단일로,기타단일로,화물차,없음
2018.12.26 5:58,야,수,1,0,0,차대차,기타,기타,단일로,기타단일로,특수차,승용차
2018.6.4 18:35,야,월,1,1,0,차대차,기타,기타,단일로,기타단일로,승용차,화물차
2018.12.18 5:10,야,화,1,0,0,차대차,추돌,추돌,단일로,기타단일로,화물차,화물차
2018.5.18 19:30,야,금,1,0,0,차대차,기타,기타,기타,기타,이륜차,승용차
2018.9.2 9:45,주,일,1,0,0,차대차,측면충돌,측면충돌,단일로,기타단일로,승용차,이륜차
2018.10.29 11:20,주,월,1,1,0,차대차,추돌,추돌,단일로,기타단일로,화물차,승용차
2018.10.19 15:50,주,금,1,0,0,차대차,기타,기타,교차로,교차로부근,승용차,이륜차
2018.8.3 10:10,주,금,1,0,0,차대차,정면충돌,정면충돌,단일로,기타단일로,화물차,화물차
2018.3.23 14:05,주,금,1,0,0,차대사람,횡단중,횡단중,단일로,기타단일로,승합차,보행자
2018.7.16 16:47,주,월,1,0,0,차대사람,길가장자리구역통행중,길가장자리구역통행중,단일로,기타단일로,승합차,보행자
2018.9.28 20:40,야,금,1,0,0,차량단독,공작물충돌,공작물충돌,교차로,교차로부근,특수차,없음
2018.3.15 15:20,주,목,1,0,0,차대사람,보도통행중,보도통행중,교차로,교차로횡단보도내,특수차,보행자
2018.12.2 14:20,주,일,1,0,0,차대차,기타,기타,단일로,기타단일로,승용차,이륜차
2018.7.17 4:30,야,화,1,0,0,차대사람,기타,기타,단일로,기타단일로,화물차,보행자
2018.6.3 21:10,야,일,1,0,1,차대사람,횡단중,횡단중,교차로,교차로횡단보도내,승용차,보행자
2018.3.30 17:30,주,금,1,0,0,차대차,측면충돌,측면충돌,교차로,교차로내,이륜차,승용차
2018.6.3 4:26,야,일,1,0,0,차대사람,횡단중,횡단중,교차로,교차로횡단보도내,승용차,보행자
2018.4.12 10:00,주,목,1,0,0,차대사람,횡단중,횡단중,기타,기타,화물차,보행자
2018.1.4 9:13,주,목,1,0,0,차대사람,길가장자리구역통행중,길가장자리구역통행중,단일로,기타단일로,승용차,보행자
2018.1.22 23:29,야,월,1,0,0,차대차,추돌,추돌,단일로,기타단일로,승용차,자전거
2018.3.31 12:53,주,토,1,2,4,차대차,정면충돌,정면충돌,단일로,기타단일로,승용차,승합차
2018.10.11 18:59,야,목,1,0,0,차대차,측면충돌,측면충돌,교차로,교차로내,화물차,화물차
2018.5.7 16:40,주,월,2,0,0,차량단독,공작물충돌,공작물충돌,단일로,기타단일로,화물차,없음
2018.6.14 13:00,주,목,1,2,0,차대차,추돌,추돌,단일로,기타단일로,승용차,승용차
2018.3.11 19:05,야,일,1,0,0,차대사람,기타,기타,단일로,기타단일로,화물차,보행자
2018.11.3 17:50,주,토,1,0,0,차대사람,횡단중,횡단중,단일로,기타단일로,승용차,보행자
2018.12.9 17:50,주,일,1,0,0,차대차,기타,기타,단일로,기타단일로,승용차,화물차
2018.9.19 5:47,야,수,1,0,0,차대사람,차도통행중,차도통행중,단일로,기타단일로,승합차,보행자
2018.7.11 18:05,야,수,1,1,1,차량단독,도로이탈,도로이탈 추락,단일로,기타단일로,화물차,없음
2018.6.10 20:24,야,일,1,0,0,차대사람,횡단중,횡단중,단일로,기타단일로,승용차,보행자
2018.4.30 14:55,주,월,1,0,1,차대차,측면충돌,측면충돌,단일로,기타단일로,화물차,화물차
2018.6.4 8:50,주,월,1,1,0,차대차,측면충돌,측면충돌,교차로,교차로부근,화물차,승용차
2018.1.16 11:59,주,화,1,0,0,차대차,기타,기타,단일로,기타단일로,화물차,승합차
2018.8.13 10:05,주,월,1,0,0,차대차,측면충돌,측면충돌,단일로,기타단일로,승용차,이륜차
2018.9.5 0:15,야,수,1,0,0,차대차,추돌,추돌,단일로,기타단일로,이륜차,건설기계
2018.12.12 21:30,야,수,1,0,0,차대사람,차도통행중,차도통행중,교차로,교차로내,화물차,보행자
2018.9.28 19:00,야,금,1,0,0,차대사람,기타,기타,단일로,기타단일로,화물차,보행자
2018.10.26 18:50,야,금,1,0,0,차대사람,차도통행중,차도통행중,단일로,기타단일로,승용차,보행자
2018.12.1 9:30,주,토,1,0,0,차대차,측면충돌,측면충돌,교차로,교차로내,이륜차,화물차
2018.4.20 4:46,야,금,1,0,0,차대사람,차도통행중,차도통행중,단일로,기타단일로,승용차,보행자
2018.7.23 21:40,야,월,1,1,2,차대차,추돌,추돌,교차로,교차로부근,화물차,승합차
2018.4.12 19:58,야,목,1,0,0,차대사람,횡단중,횡단중,교차로,교차로부근,화물차,보행자
2018.1.22 18:45,야,월,1,0,0,차대사람,횡단중,횡단중,교차로,교차로부근,승용차,보행자
2018.7.29 3:58,야,일,1,0,0,차대사람,횡단중,횡단중,교차로,교차로부근,승용차,보행자
2018.10.30 13:05,주,화,1,0,0,차대사람,차도통행중,차도통행중,단일로,기타단일로,화물차,보행자
2018.3.19 3:45,야,월,1,0,0,차량단독,공작물충돌,공작물충돌,교차로,교차로부근,승용차,없음
2018.10.1 18:28,야,월,1,0,0,차대사람,횡단중,횡단중,교차로,교차로횡단보도내,승용차,보행자
2018.12.17 6:50,주,월,1,0,0,차대차,기타,기타,단일로,기타단일로,화물차,화물차
2018.7.26 18:05,야,목,1,1,1,차대차,추돌,추돌,단일로,터널안,화물차,승용차
2018.9.21 8:50,주,금,1,0,0,차대차,기타,기타,단일로,기타단일로,화물차,특수차
2018.9.9 14:20,주,일,1,0,0,차대차,측면충돌,측면충돌,단일로,기타단일로,화물차,화물차
2018.12.23 11:58,주,일,1,0,0,차대차,기타,기타,교차로,교차로부근,승용차,이륜차
2018.6.13 3:45,야,수,1,0,0,차대사람,기타,기타,교차로,교차로내,승용차,보행자
2018.2.1 0:10,야,목,1,0,2,차량단독,공작물충돌,공작물충돌,단일로,기타단일로,화물차,없음
2018.6.13 4:03,야,수,1,0,0,차량단독,공작물충돌,공작물충돌,단일로,기타단일로,승용차,없음
2018.4.8 18:20,야,일,1,0,0,차대차,기타,기타,단일로,기타단일로,이륜차,승용차
2018.12.20 19:00,야,목,1,0,0,차대사람,횡단중,횡단중,교차로,교차로내,승용차,보행자
2018.1.8 8:20,주,월,1,0,0,차대사람,기타,기타,교차로,교차로내,승용차,보행자
2018.7.6 17:25,주,금,1,1,0,차대차,정면충돌,정면충돌,단일로,기타단일로,승용차,승용차
2018.10.15 18:36,야,월,1,0,0,차량단독,기타,기타,단일로,기타단일로,원동기장치자전거,없음
2018.11.4 11:19,주,일,1,0,0,차대차,기타,기타,단일로,기타단일로,이륜차,승합차
2018.12.20 18:55,야,목,1,0,0,차대사람,기타,기타,단일로,기타단일로,승용차,보행자
2018.10.24 17:27,주,수,1,0,0,차대차,측면충돌,측면충돌,교차로,교차로내,화물차,이륜차
2018.4.22 18:34,야,일,1,0,0,차량단독,도로이탈,도로이탈 기타,단일로,기타단일로,승용차,없음
2018.3.5 20:09,야,월,1,0,0,차대사람,기타,기타,교차로,교차로부근,승용차,보행자
2018.1.3 4:55,야,수,1,0,0,차대차,측면충돌,측면충돌,교차로,교차로횡단보도내,자전거,승용차
2018.4.6 0:17,야,금,1,0,0,차대사람,길가장자리구역통행중,길가장자리구역통행중,단일로,기타단일로,승용차,보행자
2018.10.7 5:40,야,일,1,0,0,차대사람,횡단중,횡단중,기타,기타,승용차,보행자
2018.1.19 8:35,주,금,1,0,0,차대차,측면충돌,측면충돌,교차로,교차로부근,화물차,이륜차
2018.1.17 5:07,야,수,1,0,0,차대사람,횡단중,횡단중,단일로,기타단일로,승용차,보행자
2018.8.20 21:25,야,월,1,0,0,차대사람,횡단중,횡단중,단일로,기타단일로,승용차,보행자
2018.2.19 9:00,주,월,1,0,0,차량단독,전도,전도,단일로,기타단일로,이륜차,없음
2018.1.7 7:15,주,일,1,1,0,차대차,추돌,추돌,단일로,기타단일로,승용차,농기계
2018.5.29 13:30,주,화,1,0,0,차량단독,공작물충돌,공작물충돌,단일로,기타단일로,승용차,없음
2018.9.4 0:10,야,화,1,0,0,차대사람,횡단중,횡단중,교차로,교차로부근,승용차,보행자
2018.2.25 3:50,야,일,1,1,0,차대차,정면충돌,정면충돌,교차로,교차로내,이륜차,승용차
2018.2.15 19:15,야,목,1,0,0,차대차,측면충돌,측면충돌,교차로,교차로부근,승용차,자전거
2018.11.12 18:00,야,월,1,0,0,차대사람,기타,기타,기타,기타,화물차,보행자
2018.12.2 4:40,야,일,1,0,0,차량단독,공작물충돌,공작물충돌,단일로,기타단일로,이륜차,없음
2018.12.12 4:55,야,수,1,0,0,차량단독,기타,기타,단일로,기타단일로,화물차,없음
2018.2.4 8:45,주,일,1,0,0,차대차,측면충돌,측면충돌,교차로,교차로내,이륜차,승합차
2018.2.26 10:10,주,월,1,0,0,차대차,측면충돌,측면충돌,단일로,기타단일로,화물차,자전거
2018.1.22 17:25,주,월,1,0,0,차대사람,기타,기타,단일로,기타단일로,승합차,보행자
2018.10.5 11:48,주,금,1,0,0,차대차,기타,기타,단일로,기타단일로,화물차,특수차
2018.8.12 11:16,주,일,1,0,0,차대사람,횡단중,횡단중,교차로,교차로횡단보도내,승합차,보행자
2018.3.3 15:50,주,토,1,0,2,차대차,정면충돌,정면충돌,교차로,교차로내,승합차,승용차
2018.2.24 23:28,야,토,1,0,0,차대사람,차도통행중,차도통행중,단일로,기타단일로,승용차,보행자
2018.9.26 2:00,야,수,1,0,0,차대사람,횡단중,횡단중,단일로,기타단일로,승용차,보행자
2018.9.12 9:09,주,수,1,0,0,차량단독,공작물충돌,공작물충돌,단일로,기타단일로,승용차,없음
2018.10.24 13:10,주,수,1,0,0,차대차,측면충돌,측면충돌,기타,기타,농기계,승합차
2018.10.29 19:27,야,월,1,0,0,차대사람,횡단중,횡단중,교차로,교차로부근,승합차,보행자
2018.7.10 10:10,주,화,1,2,3,차대차,추돌,추돌,단일로,기타단일로,화물차,승합차
2018.8.7 12:50,주,화,2,0,0,차대차,추돌,추돌,단일로,기타단일로,화물차,화물차
2018.2.12 17:22,주,월,1,4,1,차대차,측면충돌,측면충돌,단일로,교량위,승용차,승용차
2018.7.12 19:30,야,목,1,0,3,차대차,기타,기타,교차로,교차로내,이륜차,승용차
2018.9.18 12:10,주,화,1,0,0,차대사람,기타,기타,단일로,기타단일로,승합차,보행자
2018.12.24 6:59,주,월,1,0,0,차대사람,횡단중,횡단중,단일로,기타단일로,화물차,보행자
2018.5.19 12:40,주,토,1,0,0,차대차,측면충돌,측면충돌,교차로,교차로부근,승용차,이륜차
2018.2.22 22:58,야,목,1,0,0,차대사람,기타,기타,단일로,기타단일로,승용차,보행자
2018.5.29 23:15,야,화,1,0,1,차대사람,횡단중,횡단중,단일로,기타단일로,승용차,보행자
2018.3.20 11:35,주,화,1,0,1,차대차,추돌,추돌,단일로,기타단일로,원동기장치자전거,승용차
2018.5.21 21:20,야,월,1,0,0,차대차,추돌,추돌,단일로,기타단일로,승용차,자전거
2018.1.20 6:45,주,토,1,0,0,차대사람,횡단중,횡단중,단일로,기타단일로,승용차,보행자
2018.1.17 10:55,주,수,1,1,2,차대차,정면충돌,정면충돌,교차로,교차로내,승용차,승용차
2018.12.28 16:29,주,금,1,0,0,차대사람,기타,기타,교차로,교차로횡단보도내,승용차,보행자
2018.1.18 21:20,야,목,1,0,0,차대차,기타,기타,교차로,교차로내,승용차,이륜차
2018.1.27 23:11,야,토,1,0,0,차대사람,횡단중,횡단중,단일로,기타단일로,승용차,보행자
2018.4.17 5:25,야,화,1,0,0,차대사람,차도통행중,차도통행중,단일로,기타단일로,승용차,보행자
2018.10.17 12:00,주,수,1,0,0,차대차,기타,기타,단일로,기타단일로,이륜차,승용차
2018.10.24 10:20,주,수,1,0,3,차대차,기타,기타,단일로,기타단일로,승용차,승용차
2018.1.19 1:43,야,금,1,0,0,차대사람,횡단중,횡단중,교차로,교차로횡단보도내,승용차,보행자
2018.9.16 7:40,주,일,1,1,1,차대차,정면충돌,정면충돌,교차로,교차로부근,승용차,승용차
2018.3.28 20:00,야,수,1,0,0,차대사람,횡단중,횡단중,단일로,기타단일로,승용차,보행자
2018.6.27 18:25,야,수,1,0,0,차량단독,기타,기타,기타,기타,자전거,없음
2018.5.5 2:20,야,토,1,0,0,차량단독,전도,전도,단일로,기타단일로,승용차,없음
2018.7.6 0:28,야,금,1,0,0,차대사람,횡단중,횡단중,단일로,기타단일로,승용차,보행자
2018.1.7 20:40,야,일,1,0,0,차대사람,횡단중,횡단중,교차로,교차로내,승용차,보행자
2018.12.1 21:38,야,토,1,0,0,차대사람,횡단중,횡단중,교차로,교차로부근,승용차,보행자
2018.9.7 5:50,야,금,1,0,0,차대사람,횡단중,횡단중,단일로,기타단일로,승용차,보행자
2018.12.11 16:20,주,화,1,0,0,차대사람,기타,기타,단일로,기타단일로,화물차,보행자
2018.8.20 11:55,주,월,1,0,1,차대차,측면충돌,측면충돌,교차로,교차로내,원동기장치자전거,화물차
2018.3.24 2:10,야,토,1,0,0,차량단독,전도,전도,단일로,기타단일로,이륜차,없음
2018.11.8 20:30,야,목,1,0,0,차대차,기타,기타,교차로,교차로내,이륜차,승용차
2018.7.27 5:30,야,금,1,0,0,차대차,측면충돌,측면충돌,교차로,교차로내,승용차,이륜차
2018.3.12 20:55,야,월,1,0,0,차대사람,횡단중,횡단중,교차로,교차로부근,승용차,보행자
2018.12.10 5:10,야,월,1,0,0,차대차,기타,기타,단일로,기타단일로,승용차,이륜차
2018.2.10 15:10,주,토,1,0,0,차대차,기타,기타,단일로,기타단일로,원동기장치자전거,승용차
2018.12.20 20:17,야,목,1,0,0,차대사람,횡단중,횡단중,교차로,교차로부근,화물차,보행자
2018.12.3 17:50,주,월,1,0,0,차대사람,기타,기타,교차로,교차로횡단보도내,화물차,보행자
2018.8.10 20:17,야,금,1,0,0,차대사람,차도통행중,차도통행중,단일로,기타단일로,승용차,보행자
2018.6.22 13:50,주,금,1,0,0,차대사람,횡단중,횡단중,교차로,교차로횡단보도내,승용차,보행자
2018.12.15 18:00,야,토,1,0,0,차대사람,차도통행중,차도통행중,교차로,교차로부근,승용차,보행자
2018.1.16 7:00,주,화,1,1,1,차대차,추돌,추돌,단일로,기타단일로,승용차,승용차
2018.11.2 10:10,주,금,1,0,0,차대사람,보도통행중,보도통행중,교차로,교차로횡단보도내,화물차,보행자
2018.12.22 17:50,주,토,1,0,1,차대사람,횡단중,횡단중,교차로,교차로부근,화물차,보행자
2018.7.26 6:10,주,목,1,0,0,차량단독,기타,기타,단일로,기타단일로,자전거,없음
2018.12.28 0:52,야,금,1,1,1,차대차,정면충돌,정면충돌,교차로,교차로내,승용차,승합차
2018.10.2 19:20,야,화,1,0,0,차대사람,횡단중,횡단중,단일로,기타단일로,승용차,보행자
2018.2.5 19:38,야,월,1,0,0,차대사람,횡단중,횡단중,단일로,기타단일로,승용차,보행자
2018.1.29 7:15,주,월,1,0,0,차대차,추돌,추돌,단일로,기타단일로,승용차,건설기계
2018.10.13 10:20,주,토,1,1,1,차대차,정면충돌,정면충돌,교차로,교차로내,승용차,건설기계
2018.9.11 21:00,야,화,1,0,0,차대사람,기타,기타,단일로,기타단일로,승용차,보행자
2018.7.15 20:05,야,일,1,0,0,차대사람,차도통행중,차도통행중,단일로,기타단일로,화물차,보행자
2018.5.21 3:55,야,월,1,0,0,차량단독,공작물충돌,공작물충돌,단일로,기타단일로,승용차,없음
2018.6.8 8:43,주,금,1,0,0,차대차,추돌,추돌,단일로,기타단일로,화물차,농기계
2018.1.20 10:15,주,토,1,0,0,차량단독,공작물충돌,공작물충돌,단일로,기타단일로,승용차,없음
2018.2.3 21:05,야,토,1,0,0,차대차,정면충돌,정면충돌,단일로,기타단일로,승용차,승용차
2018.12.3 10:05,주,월,1,0,1,차대차,측면충돌,측면충돌,단일로,교량위,승용차,승용차